Expedition,Staline,StaNo,Event_No,Location,latitude,longitude,SampleDate,StartTime,EndTime,MinDepth,MaxDepth,Net,Size_Fr,Mesh,Tow,Fixative,Preservative,Cruise,cruise_site,site,year,month,season,Lon_deg_r,Lat_deg_r,year_site,year_season_site
CALCOFI 0211,76.7,49,NA,"35.083, -120.783",35.083,-120.783,11/24/02,23:11,23:17,0,55,CALBOBL,NA,0.505,OBLIQUE,ethanol,ethanol,200211,200211:76.7_49,76.7_49,2002,11,Fall,-120.8,35.1,2002:76.7_49,2002:Fall_76.7_49
CALCOFI 0211,76.7,55,NA,"34.883, -121.200",34.883,-121.2,11/24/02,17:02,17:23,0,220,CALBOBL,NA,0.505,OBLIQUE,ethanol,ethanol,200211,200211:76.7_55,76.7_55,2002,11,Fall,-121.2,34.9,2002:76.7_55,2002:Fall_76.7_55
CALCOFI 0211,76.7,60,NA,"34.717, -121.550",34.717,-121.55,11/24/02,12:34,12:56,0,213,CALBOBL,NA,0.505,OBLIQUE,ethanol,ethanol,200211,200211:76.7_60,76.7_60,2002,11,Fall,-121.6,34.7,2002:76.7_60,2002:Fall_76.7_60
CALCOFI 0211,80,60,NA,"34.150, -121.150",34.15,-121.15,11/22/02,3:08,3:29,0,212,CALBOBL,NA,0.505,OBLIQUE,ethanol,ethanol,200211,200211:80_60,80_60,2002,11,Fall,-121.2,34.1,2002:80_60,2002:Fall_80_60
CALCOFI 0211,80,55,NA,"34.317, -120.800",34.317,-120.8,11/21/02,22:43,23:04,0,205,CALBOBL,NA,0.505,OBLIQUE,ethanol,ethanol,200211,200211:80_55,80_55,2002,11,Fall,-120.8,34.3,2002:80_55,2002:Fall_80_55
CALCOFI 0211,81.8,46.9,NA,"34.283, -120.033",34.283,-120.033,11/21/02,15:27,15:48,0,213,CALBOBL,NA,0.505,OBLIQUE,ethanol,ethanol,200211,200211:81.8_46.9,81.8_46.9,2002,11,Fall,-120,34.3,2002:81.8_46.9,2002:Fall_81.8_46.9
CALCOFI 0211,83.3,40.6,NA,"34.217, -119.417",34.217,-119.417,11/21/02,7:45,7:48,0,26,CALBOBL,NA,0.505,OBLIQUE,ethanol,ethanol,200211,200211:83.3_40.6,83.3_40.6,2002,11,Fall,-119.4,34.2,2002:83.3_40.6,2002:Fall_83.3_40.6
CALCOFI 0211,83.3,51,NA,"33.883, -120.133",33.883,-120.133,11/21/02,1:42,1:48,0,53,CALBOBL,NA,0.505,OBLIQUE,ethanol,ethanol,200211,200211:83.3_51,83.3_51,2002,11,Fall,-120.1,33.9,2002:83.3_51,2002:Fall_83.3_51
CALCOFI 0211,83.3,55,NA,"33.750, -120.417",33.75,-120.417,11/20/02,22:21,22:42,0,202,CALBOBL,NA,0.505,OBLIQUE,ethanol,ethanol,200211,200211:83.3_55,83.3_55,2002,11,Fall,-120.4,33.8,2002:83.3_55,2002:Fall_83.3_55
CALCOFI 0211,86.7,45,NA,"33.483, -119.317",33.483,-119.317,11/17/02,7:12,7:33,0,209,CALBOBL,NA,0.505,OBLIQUE,ethanol,ethanol,200211,200211:86.7_45,86.7_45,2002,11,Fall,-119.3,33.5,2002:86.7_45,2002:Fall_86.7_45
CALCOFI 0211,86.7,40,NA,"33.650, -118.967",33.65,-118.967,11/17/02,3:18,3:39,0,205,CALBOBL,NA,0.505,OBLIQUE,ethanol,ethanol,200211,200211:86.7_40,86.7_40,2002,11,Fall,-119,33.6,2002:86.7_40,2002:Fall_86.7_40
CALCOFI 0211,86.7,33,NA,"33.883, -118.500",33.883,-118.5,11/16/02,20:40,20:48,0,72,CALBOBL,NA,0.505,OBLIQUE,ethanol,ethanol,200211,200211:86.7_33,86.7_33,2002,11,Fall,-118.5,33.9,2002:86.7_33,2002:Fall_86.7_33
CALCOFI 0211,90,28,NA,"33.483, -117.767",33.483,-117.767,11/16/02,14:43,15:04,0,216,CALBOBL,NA,0.505,OBLIQUE,ethanol,ethanol,200211,200211:90_28,90_28,2002,11,Fall,-117.8,33.5,2002:90_28,2002:Fall_90_28
CALCOFI 0211,90,35,NA,"33.250, -118.250",33.25,-118.25,11/16/02,6:44,7:05,0,213,CALBOBL,NA,0.505,OBLIQUE,ethanol,ethanol,200211,200211:90_35,90_35,2002,11,Fall,-118.2,33.2,2002:90_35,2002:Fall_90_35
CALCOFI 0211,90,45,NA,"32.917, -118.933",32.917,-118.933,11/15/02,22:02,22:23,0,196,CALBOBL,NA,0.505,OBLIQUE,ethanol,ethanol,200211,200211:90_45,90_45,2002,11,Fall,-118.9,32.9,2002:90_45,2002:Fall_90_45
CALCOFI 0211,90,37,NA,"33.183, -118.383",33.183,-118.383,11/16/02,3:21,3:42,0,210,CALBOBL,NA,0.505,OBLIQUE,ethanol,ethanol,200211,200211:90_37,90_37,2002,11,Fall,-118.4,33.2,2002:90_37,2002:Fall_90_37
CALCOFI 0211,90,60,NA,"32.417, -119.967",32.417,-119.967,11/15/02,12:06,12:27,0,204,CALBOBL,NA,0.505,OBLIQUE,ethanol,ethanol,200211,200211:90_60,90_60,2002,11,Fall,-120,32.4,2002:90_60,2002:Fall_90_60
CALCOFI 0211,93.3,40,NA,"32.517, -118.217",32.517,-118.217,11/11/02,5:14,5:35,0,212,CALBOBL,NA,0.505,OBLIQUE,ethanol,ethanol,200211,200211:93.3_40,93.3_40,2002,11,Fall,-118.2,32.5,2002:93.3_40,2002:Fall_93.3_40
CALCOFI 0211,93.3,35,NA,"32.683, -117.867",32.683,-117.867,11/11/02,0:04,0:24,0,219,CALBOBL,NA,0.505,OBLIQUE,ethanol,ethanol,200211,200211:93.3_35,93.3_35,2002,11,Fall,-117.9,32.7,2002:93.3_35,2002:Fall_93.3_35
CALCOFI 0211,93.3,30,NA,"32.850, -117.533",32.85,-117.533,11/10/02,19:56,20:17,0,206,CALBOBL,NA,0.505,OBLIQUE,ethanol,ethanol,200211,200211:93.3_30,93.3_30,2002,11,Fall,-117.5,32.9,2002:93.3_30,2002:Fall_93.3_30
CALCOFI 0211,93.3,26.7,NA,"32.950, -117.300",32.95,-117.3,11/10/02,13:44,14:04,0,204,CALBOBL,NA,0.505,OBLIQUE,ethanol,ethanol,200211,200211:93.3_26.7,93.3_26.7,2002,11,Fall,-117.3,33,2002:93.3_26.7,2002:Fall_93.3_26.7
CALCOFI 0010,93.3,26.7,NA,"32.950, -117.950",32.95,-117.95,10/12/00,13:48,13:58,0,93,CALBOBL,NA,0.505,OBLIQUE,ethanol,ethanol,200010,200010:93.3_26.7,93.3_26.7,2000,10,Fall,-118,33,2000:93.3_26.7,2000:Fall_93.3_26.7
CALCOFI 0010,93.3,30,NA,"32.850, -117.850",32.85,-117.85,10/12/00,19:36,19:57,0,213,CALBOBL,NA,0.505,OBLIQUE,ethanol,ethanol,200010,200010:93.3_30,93.3_30,2000,10,Fall,-117.8,32.9,2000:93.3_30,2000:Fall_93.3_30
CALCOFI 0010,93.3,35,NA,"32.683, -117.683",32.683,-117.683,10/13/00,7:33,7:54,0,208,CALBOBL,NA,0.505,OBLIQUE,ethanol,ethanol,200010,200010:93.3_35,93.3_35,2000,10,Fall,-117.7,32.7,2000:93.3_35,2000:Fall_93.3_35
CALCOFI 0010,93.3,40,NA,"32.517, -118.517",32.517,-118.517,10/13/00,14:38,14:59,0,212,CALBOBL,NA,0.505,OBLIQUE,ethanol,ethanol,200010,200010:93.3_40,93.3_40,2000,10,Fall,-118.5,32.5,2000:93.3_40,2000:Fall_93.3_40
CALCOFI 0010,90,60,NA,"32.417, -119.417",32.417,-119.417,10/17/00,21:38,21:59,0,217,CALBOBL,NA,0.505,OBLIQUE,ethanol,ethanol,200010,200010:90_60,90_60,2000,10,Fall,-119.4,32.4,2000:90_60,2000:Fall_90_60
CALCOFI 0010,90,45,NA,"32.917, -118.917",32.917,-118.917,10/18/00,8:38,8:59,0,207,CALBOBL,NA,0.505,OBLIQUE,ethanol,ethanol,200010,200010:90_45,90_45,2000,10,Fall,-118.9,32.9,2000:90_45,2000:Fall_90_45
CALCOFI 0010,90,37,NA,"33.183, -118.183",33.183,-118.183,10/18/00,19:01,19:22,0,207,CALBOBL,NA,0.505,OBLIQUE,ethanol,ethanol,200010,200010:90_37,90_37,2000,10,Fall,-118.2,33.2,2000:90_37,2000:Fall_90_37
CALCOFI 0010,90,35,NA,"33.250, -118.250",33.25,-118.25,10/18/00,21:46,22:07,0,203,CALBOBL,NA,0.505,OBLIQUE,ethanol,ethanol,200010,200010:90_35,90_35,2000,10,Fall,-118.2,33.2,2000:90_35,2000:Fall_90_35
CALCOFI 0010,90,28,NA,"33.483, -117.483",33.483,-117.483,10/19/00,9:52,9:58,0,47,CALBOBL,NA,0.505,OBLIQUE,ethanol,ethanol,200010,200010:90_28,90_28,2000,10,Fall,-117.5,33.5,2000:90_28,2000:Fall_90_28
CALCOFI 0010,86.7,33,NA,"33.883, -118.883",33.883,-118.883,10/19/00,16:34,16:38,0,38,CALBOBL,NA,0.505,OBLIQUE,ethanol,ethanol,200010,200010:86.7_33,86.7_33,2000,10,Fall,-118.9,33.9,2000:86.7_33,2000:Fall_86.7_33
CALCOFI 0010,86.7,40,NA,"33.650, -118.650",33.65,-118.65,10/20/00,2:26,2:47,0,209,CALBOBL,NA,0.505,OBLIQUE,ethanol,ethanol,200010,200010:86.7_40,86.7_40,2000,10,Fall,-118.7,33.6,2000:86.7_40,2000:Fall_86.7_40
CALCOFI 0010,86.7,45,NA,"33.500, -119.500",33.5,-119.5,10/20/00,6:28,6:49,0,198,CALBOBL,NA,0.505,OBLIQUE,ethanol,ethanol,200010,200010:86.7_45,86.7_45,2000,10,Fall,-119.5,33.5,2000:86.7_45,2000:Fall_86.7_45
CALCOFI 0010,83.3,55,NA,"33.750, -120.750",33.75,-120.75,10/25/00,5:43,6:04,0,197,CALBOBL,NA,0.505,OBLIQUE,ethanol,ethanol,200010,200010:83.3_55,83.3_55,2000,10,Fall,-120.8,33.8,2000:83.3_55,2000:Fall_83.3_55
CALCOFI 0010,83.3,51,NA,"33.883, -120.883",33.883,-120.883,10/25/00,9:06,9:14,0,85,CALBOBL,NA,0.505,OBLIQUE,ethanol,ethanol,200010,200010:83.3_51,83.3_51,2000,10,Fall,-120.9,33.9,2000:83.3_51,2000:Fall_83.3_51
CALCOFI 0010,83.3,40.6,NA,"34.233, -119.233",34.233,-119.233,10/25/00,22:38,22:41,0,21,CALBOBL,NA,0.505,OBLIQUE,ethanol,ethanol,200010,200010:83.3_40.6,83.3_40.6,2000,10,Fall,-119.2,34.2,2000:83.3_40.6,2000:Fall_83.3_40.6
CALCOFI 0010,81.8,46.9,NA,"34.283, -120.283",34.283,-120.283,10/26/00,3:49,4:10,0,197,CALBOBL,NA,0.505,OBLIQUE,ethanol,ethanol,200010,200010:81.8_46.9,81.8_46.9,2000,10,Fall,-120.3,34.3,2000:81.8_46.9,2000:Fall_81.8_46.9
CALCOFI 0010,80,55,NA,"34.317, -120.317",34.317,-120.317,10/26/00,14:44,15:05,0,209,CALBOBL,NA,0.505,OBLIQUE,ethanol,ethanol,200010,200010:80_55,80_55,2000,10,Fall,-120.3,34.3,2000:80_55,2000:Fall_80_55
CALCOFI 0010,80,60,NA,"34.150, -121.150",34.15,-121.15,10/26/00,18:48,19:09,0,206,CALBOBL,NA,0.505,OBLIQUE,ethanol,ethanol,200010,200010:80_60,80_60,2000,10,Fall,-121.2,34.1,2000:80_60,2000:Fall_80_60
CALCOFI 0010,76.7,60,NA,"34.717, -121.717",34.717,-121.717,10/29/00,10:48,11:09,0,207,CALBOBL,NA,0.505,OBLIQUE,ethanol,ethanol,200010,200010:76.7_60,76.7_60,2000,10,Fall,-121.7,34.7,2000:76.7_60,2000:Fall_76.7_60
CALCOFI 0010,76.7,55,NA,"34.883, -121.883",34.883,-121.883,10/29/00,15:12,15:33,0,194,CALBOBL,NA,0.505,OBLIQUE,ethanol,ethanol,200010,200010:76.7_55,76.7_55,2000,10,Fall,-121.9,34.9,2000:76.7_55,2000:Fall_76.7_55
CALCOFI 0104,93.3,26.7,NA,"32.300, -117.300",32.3,-117.3,4/6/01,13:17,13:22,0,46,CALBOBL,NA,0.505,OBLIQUE,ethanol,ethanol,200104,200104:93.3_26.7,93.3_26.7,2001,4,Spring,-117.3,32.3,2001:93.3_26.7,2001:Spring_93.3_26.7
CALCOFI 0104,93.3,30,NA,"32.533, -117.533",32.533,-117.533,4/6/01,18:45,19:06,0,214,CALBOBL,NA,0.505,OBLIQUE,ethanol,ethanol,200104,200104:93.3_30,93.3_30,2001,4,Spring,-117.5,32.5,2001:93.3_30,2001:Spring_93.3_30
CALCOFI 0104,93.3,35,NA,"32.867, -117.867",32.867,-117.867,4/6/01,22:51,23:12,0,213,CALBOBL,NA,0.505,OBLIQUE,ethanol,ethanol,200104,200104:93.3_35,93.3_35,2001,4,Spring,-117.9,32.9,2001:93.3_35,2001:Spring_93.3_35
CALCOFI 0104,93.3,40,NA,"32.217, -118.217",32.217,-118.217,4/7/01,3:18,3:39,0,217,CALBOBL,NA,0.505,OBLIQUE,ethanol,ethanol,200104,200104:93.3_40,93.3_40,2001,4,Spring,-118.2,32.2,2001:93.3_40,2001:Spring_93.3_40
CALCOFI 0104,90,60,NA,"32.967, -119.967",32.967,-119.967,4/11/01,23:23,23:44,0,207,CALBOBL,NA,0.505,OBLIQUE,ethanol,ethanol,200104,200104:90_60,90_60,2001,4,Spring,-120,33,2001:90_60,2001:Spring_90_60
CALCOFI 0104,90,45,NA,"32.933, -118.933",32.933,-118.933,4/12/01,11:55,12:16,0,217,CALBOBL,NA,0.505,OBLIQUE,ethanol,ethanol,200104,200104:90_45,90_45,2001,4,Spring,-118.9,32.9,2001:90_45,2001:Spring_90_45
CALCOFI 0104,90,37,NA,"33.383, -118.383",33.383,-118.383,4/12/01,17:20,17:41,0,217,CALBOBL,NA,0.505,OBLIQUE,ethanol,ethanol,200104,200104:90_37,90_37,2001,4,Spring,-118.4,33.4,2001:90_37,2001:Spring_90_37
CALCOFI 0104,90,35,NA,"33.250, -118.250",33.25,-118.25,4/12/01,19:56,20:17,0,203,CALBOBL,NA,0.505,OBLIQUE,ethanol,ethanol,200104,200104:90_35,90_35,2001,4,Spring,-118.2,33.2,2001:90_35,2001:Spring_90_35
CALCOFI 0104,90,28,NA,"33.767, -117.767",33.767,-117.767,4/13/01,3:06,3:27,0,214,CALBOBL,NA,0.505,OBLIQUE,ethanol,ethanol,200104,200104:90_28,90_28,2001,4,Spring,-117.8,33.8,2001:90_28,2001:Spring_90_28
CALCOFI 0104,86.7,33,NA,"33.483, -118.483",33.483,-118.483,4/13/01,13:27,13:31,0,38,CALBOBL,NA,0.505,OBLIQUE,ethanol,ethanol,200104,200104:86.7_33,86.7_33,2001,4,Spring,-118.5,33.5,2001:86.7_33,2001:Spring_86.7_33
CALCOFI 0104,86.7,40,NA,"33.967, -118.967",33.967,-118.967,4/13/01,21:08,21:29,0,215,CALBOBL,NA,0.505,OBLIQUE,ethanol,ethanol,200104,200104:86.7_40,86.7_40,2001,4,Spring,-119,34,2001:86.7_40,2001:Spring_86.7_40
CALCOFI 0104,86.7,45,NA,"33.317, -119.317",33.317,-119.317,4/14/01,1:31,1:52,0,212,CALBOBL,NA,0.505,OBLIQUE,ethanol,ethanol,200104,200104:86.7_45,86.7_45,2001,4,Spring,-119.3,33.3,2001:86.7_45,2001:Spring_86.7_45
CALCOFI 0104,83.3,55,NA,"33.417, -120.417",33.417,-120.417,4/17/01,16:15,16:36,0,207,CALBOBL,NA,0.505,OBLIQUE,ethanol,ethanol,200104,200104:83.3_55,83.3_55,2001,4,Spring,-120.4,33.4,2001:83.3_55,2001:Spring_83.3_55
CALCOFI 0104,83.3,51,NA,"33.133, -120.133",33.133,-120.133,4/17/01,19:29,19:40,0,114,CALBOBL,NA,0.505,OBLIQUE,ethanol,ethanol,200104,200104:83.3_51,83.3_51,2001,4,Spring,-120.1,33.1,2001:83.3_51,2001:Spring_83.3_51
CALCOFI 0104,81.8,46.9,NA,"34.033, -120.033",34.033,-120.033,4/18/01,1:14,1:35,0,218,CALBOBL,NA,0.505,OBLIQUE,ethanol,ethanol,200104,200104:81.8_46.9,81.8_46.9,2001,4,Spring,-120,34,2001:81.8_46.9,2001:Spring_81.8_46.9
CALCOFI 0104,83.3,40.6,NA,"34.417, -119.417",34.417,-119.417,4/18/01,5:39,5:42,0,24,CALBOBL,NA,0.505,OBLIQUE,ethanol,ethanol,200104,200104:83.3_40.6,83.3_40.6,2001,4,Spring,-119.4,34.4,2001:83.3_40.6,2001:Spring_83.3_40.6
CALCOFI 0104,80,55,NA,"34.800, -120.800",34.8,-120.8,4/19/01,22:46,23:07,0,214,CALBOBL,NA,0.505,OBLIQUE,ethanol,ethanol,200104,200104:80_55,80_55,2001,4,Spring,-120.8,34.8,2001:80_55,2001:Spring_80_55
CALCOFI 0104,80,60,NA,"34.150, -121.150",34.15,-121.15,4/20/01,2:43,3:04,0,210,CALBOBL,NA,0.505,OBLIQUE,ethanol,ethanol,200104,200104:80_60,80_60,2001,4,Spring,-121.2,34.1,2001:80_60,2001:Spring_80_60
CALCOFI 0104,76.7,60,NA,"34.550, -121.550",34.55,-121.55,4/23/01,0:17,0:38,0,201,CALBOBL,NA,0.505,OBLIQUE,ethanol,ethanol,200104,200104:76.7_60,76.7_60,2001,4,Spring,-121.6,34.5,2001:76.7_60,2001:Spring_76.7_60
CALCOFI 0104,76.7,55,NA,"34.200, -121.200",34.2,-121.2,4/23/01,4:52,5:13,0,212,CALBOBL,NA,0.505,OBLIQUE,ethanol,ethanol,200104,200104:76.7_55,76.7_55,2001,4,Spring,-121.2,34.2,2001:76.7_55,2001:Spring_76.7_55
CALCOFI 0104,76.7,49,NA,"35.783, -120.783",35.783,-120.783,4/23/01,10:14,10:21,0,63,CALBOBL,NA,0.505,OBLIQUE,ethanol,ethanol,200104,200104:76.7_49,76.7_49,2001,4,Spring,-120.8,35.8,2001:76.7_49,2001:Spring_76.7_49
CALCOFI 9904,93.3,26.7,NA,"32.950, -117.300",32.95,-117.3,4/1/99,13:31,13:38,0,62,CALBOBL,NA,0.505,OBLIQUE,ethanol,ethanol,199904,199904:93.3_26.7,93.3_26.7,1999,4,Spring,-117.3,33,1999:93.3_26.7,1999:Spring_93.3_26.7
CALCOFI 9904,93.3,30,NA,"32.850, -117.533",32.85,-117.533,4/1/99,19:38,20:00,0,212,CALBOBL,NA,0.505,OBLIQUE,ethanol,ethanol,199904,199904:93.3_30,93.3_30,1999,4,Spring,-117.5,32.9,1999:93.3_30,1999:Spring_93.3_30
CALCOFI 9904,93.3,35,NA,"32.683, -117.867",32.683,-117.867,4/1/99,23:42,0:03,0,218,CALBOBL,NA,0.505,OBLIQUE,ethanol,ethanol,199904,199904:93.3_35,93.3_35,1999,4,Spring,-117.9,32.7,1999:93.3_35,1999:Spring_93.3_35
CALCOFI 9904,93.3,40,NA,"32.517, -118.217",32.517,-118.217,4/2/99,3:55,4:16,0,212,CALBOBL,NA,0.505,OBLIQUE,ethanol,ethanol,199904,199904:93.3_40,93.3_40,1999,4,Spring,-118.2,32.5,1999:93.3_40,1999:Spring_93.3_40
CALCOFI 9904,90,60,NA,"32.417, -119.967",32.417,-119.967,4/6/99,11:15,11:36,0,214,CALBOBL,NA,0.505,OBLIQUE,ethanol,ethanol,199904,199904:90_60,90_60,1999,4,Spring,-120,32.4,1999:90_60,1999:Spring_90_60
CALCOFI 9904,90,45,NA,"32.917, -118.933",32.917,-118.933,4/6/99,20:53,21:14,0,212,CALBOBL,NA,0.505,OBLIQUE,ethanol,ethanol,199904,199904:90_45,90_45,1999,4,Spring,-118.9,32.9,1999:90_45,1999:Spring_90_45
CALCOFI 9904,90,37,NA,"33.183, -118.383",33.183,-118.383,4/7/99,1:43,2:04,0,211,CALBOBL,NA,0.505,OBLIQUE,ethanol,ethanol,199904,199904:90_37,90_37,1999,4,Spring,-118.4,33.2,1999:90_37,1999:Spring_90_37
CALCOFI 9904,90,35,NA,"33.250, -118.250",33.25,-118.25,4/7/99,4:25,4:44,0,193,CALBOBL,NA,0.505,OBLIQUE,ethanol,ethanol,199904,199904:90_35,90_35,1999,4,Spring,-118.2,33.2,1999:90_35,1999:Spring_90_35
CALCOFI 9904,90,28,NA,"33.483, -117.767",33.483,-117.767,4/7/99,10:02,10:08,0,59,CALBOBL,NA,0.505,OBLIQUE,ethanol,ethanol,199904,199904:90_28,90_28,1999,4,Spring,-117.8,33.5,1999:90_28,1999:Spring_90_28
CALCOFI 9904,86.7,33,NA,"33.883, -118.483",33.883,-118.483,4/7/99,18:25,18:30,0,41,CALBOBL,NA,0.505,OBLIQUE,ethanol,ethanol,199904,199904:86.7_33,86.7_33,1999,4,Spring,-118.5,33.9,1999:86.7_33,1999:Spring_86.7_33
CALCOFI 9904,86.7,40,NA,"33.650, -118.967",33.65,-118.967,4/8/99,1:23,1:44,0,215,CALBOBL,NA,0.505,OBLIQUE,ethanol,ethanol,199904,199904:86.7_40,86.7_40,1999,4,Spring,-119,33.6,1999:86.7_40,1999:Spring_86.7_40
CALCOFI 9904,86.7,45,NA,"33.483, -119.317",33.483,-119.317,4/8/99,5:06,5:27,0,212,CALBOBL,NA,0.505,OBLIQUE,ethanol,ethanol,199904,199904:86.7_45,86.7_45,1999,4,Spring,-119.3,33.5,1999:86.7_45,1999:Spring_86.7_45
CALCOFI 9904,83.3,55,NA,"33.750, -120.417",33.75,-120.417,4/11/99,19:55,20:16,0,202,CALBOBL,NA,0.505,OBLIQUE,ethanol,ethanol,199904,199904:83.3_55,83.3_55,1999,4,Spring,-120.4,33.8,1999:83.3_55,1999:Spring_83.3_55
CALCOFI 9904,83.3,51,NA,"33.883, -120.133",33.883,-120.133,4/11/99,23:15,23:23,0,85,CALBOBL,NA,0.505,OBLIQUE,ethanol,ethanol,199904,199904:83.3_51,83.3_51,1999,4,Spring,-120.1,33.9,1999:83.3_51,1999:Spring_83.3_51
CALCOFI 9904,83.3,40.6,NA,"34.233, -119.417",34.233,-119.417,4/12/99,6:54,6:57,0,24,CALBOBL,NA,0.505,OBLIQUE,ethanol,ethanol,199904,199904:83.3_40.6,83.3_40.6,1999,4,Spring,-119.4,34.2,1999:83.3_40.6,1999:Spring_83.3_40.6
CALCOFI 9904,81.8,46.9,NA,"34.283, -120.033",34.283,-120.033,4/12/99,11:48,12:09,0,211,CALBOBL,NA,0.505,OBLIQUE,ethanol,ethanol,199904,199904:81.8_46.9,81.8_46.9,1999,4,Spring,-120,34.3,1999:81.8_46.9,1999:Spring_81.8_46.9
CALCOFI 9904,80,55,NA,"34.317, -120.800",34.317,-120.8,4/12/99,19:58,20:19,0,213,CALBOBL,NA,0.505,OBLIQUE,ethanol,ethanol,199904,199904:80_55,80_55,1999,4,Spring,-120.8,34.3,1999:80_55,1999:Spring_80_55
CALCOFI 9904,80,60,NA,"34.150, -121.150",34.15,-121.15,4/13/99,0:09,0:30,0,214,CALBOBL,NA,0.505,OBLIQUE,ethanol,ethanol,199904,199904:80_60,80_60,1999,4,Spring,-121.2,34.1,1999:80_60,1999:Spring_80_60
CALCOFI 9904,80,80,NA,"33.483, -122.533",33.483,-122.533,4/13/99,12:02,12:23,0,212,CALBOBL,NA,0.505,OBLIQUE,ethanol,ethanol,199904,199904:80_80,80_80,1999,4,Spring,-122.5,33.5,1999:80_80,1999:Spring_80_80
CALCOFI 9904,76.7,60,NA,"34.717, -121.550",34.717,-121.55,4/15/99,5:22,5:43,0,208,CALBOBL,NA,0.505,OBLIQUE,ethanol,ethanol,199904,199904:76.7_60,76.7_60,1999,4,Spring,-121.6,34.7,1999:76.7_60,1999:Spring_76.7_60
CALCOFI 9904,76.7,55,NA,"34.883, -121.200",34.883,-121.2,4/15/99,8:45,9:06,0,209,CALBOBL,NA,0.505,OBLIQUE,ethanol,ethanol,199904,199904:76.7_55,76.7_55,1999,4,Spring,-121.2,34.9,1999:76.7_55,1999:Spring_76.7_55
CALCOFI 9910,93.3,26.7,NA,"32.950, -117.300",32.95,-117.3,10/3/99,15:11,15:20,0,82,CALBOBL,NA,0.505,OBLIQUE,ethanol,ethanol,199910,199910:93.3_26.7,93.3_26.7,1999,10,Fall,-117.3,33,1999:93.3_26.7,1999:Fall_93.3_26.7
CALCOFI 9910,93.3,30,NA,"32.850, -117.533",32.85,-117.533,10/3/99,18:18,18:39,0,212,CALBOBL,NA,0.505,OBLIQUE,ethanol,ethanol,199910,199910:93.3_30,93.3_30,1999,10,Fall,-117.5,32.9,1999:93.3_30,1999:Fall_93.3_30
CALCOFI 9910,93.3,35,NA,"32.683, -117.867",32.683,-117.867,10/3/99,22:14,22:34,0,213,CALBOBL,NA,0.505,OBLIQUE,ethanol,ethanol,199910,199910:93.3_35,93.3_35,1999,10,Fall,-117.9,32.7,1999:93.3_35,1999:Fall_93.3_35
CALCOFI 9910,93.3,40,NA,"32.517, -118.200",32.517,-118.2,10/4/99,2:09,2:30,0,209,CALBOBL,NA,0.505,OBLIQUE,ethanol,ethanol,199910,199910:93.3_40,93.3_40,1999,10,Fall,-118.2,32.5,1999:93.3_40,1999:Fall_93.3_40
CALCOFI 9910,90,60,NA,"32.400, -119.950",32.4,-119.95,10/8/99,9:16,9:35,0,197,CALBOBL,NA,0.505,OBLIQUE,ethanol,ethanol,199910,199910:90_60,90_60,1999,10,Fall,-120,32.4,1999:90_60,1999:Fall_90_60
CALCOFI 9910,90,45,NA,"32.917, -118.933",32.917,-118.933,10/8/99,21:17,21:37,0,209,CALBOBL,NA,0.505,OBLIQUE,ethanol,ethanol,199910,199910:90_45,90_45,1999,10,Fall,-118.9,32.9,1999:90_45,1999:Fall_90_45
CALCOFI 9910,90,37,NA,"33.183, -118.400",33.183,-118.4,10/9/99,2:37,2:58,0,196,CALBOBL,NA,0.505,OBLIQUE,ethanol,ethanol,199910,199910:90_37,90_37,1999,10,Fall,-118.4,33.2,1999:90_37,1999:Fall_90_37
CALCOFI 9910,90,35,NA,"33.250, -118.250",33.25,-118.25,10/9/99,5:33,5:54,0,203,CALBOBL,NA,0.505,OBLIQUE,ethanol,ethanol,199910,199910:90_35,90_35,1999,10,Fall,-118.2,33.2,1999:90_35,1999:Fall_90_35
CALCOFI 9910,90,28,NA,"33.483, -117.767",33.483,-117.767,10/9/99,14:02,14:09,0,68,CALBOBL,NA,0.505,OBLIQUE,ethanol,ethanol,199910,199910:90_28,90_28,1999,10,Fall,-117.8,33.5,1999:90_28,1999:Fall_90_28
CALCOFI 9910,86.7,33,NA,"33.883, -118.483",33.883,-118.483,10/9/99,20:02,20:07,0,64,CALBOBL,NA,0.505,OBLIQUE,ethanol,ethanol,199910,199910:86.7_33,86.7_33,1999,10,Fall,-118.5,33.9,1999:86.7_33,1999:Fall_86.7_33
CALCOFI 9910,86.7,40,NA,"33.667, -118.967",33.667,-118.967,10/10/99,7:04,7:25,0,209,CALBOBL,NA,0.505,OBLIQUE,ethanol,ethanol,199910,199910:86.7_40,86.7_40,1999,10,Fall,-119,33.7,1999:86.7_40,1999:Fall_86.7_40
CALCOFI 9910,86.7,45,NA,"33.483, -119.317",33.483,-119.317,10/10/99,11:54,12:16,0,198,CALBOBL,NA,0.505,OBLIQUE,ethanol,ethanol,199910,199910:86.7_45,86.7_45,1999,10,Fall,-119.3,33.5,1999:86.7_45,1999:Fall_86.7_45
CALCOFI 9910,83.3,55,NA,"33.733, -120.417",33.733,-120.417,10/14/99,14:23,14:44,0,210,CALBOBL,NA,0.505,OBLIQUE,ethanol,ethanol,199910,199910:83.3_55,83.3_55,1999,10,Fall,-120.4,33.7,1999:83.3_55,1999:Fall_83.3_55
CALCOFI 9910,83.3,51,NA,"33.883, -120.133",33.883,-120.133,10/14/99,19:07,19:14,0,74,CALBOBL,NA,0.505,OBLIQUE,ethanol,ethanol,199910,199910:83.3_51,83.3_51,1999,10,Fall,-120.1,33.9,1999:83.3_51,1999:Fall_83.3_51
CALCOFI 9910,83.3,40.6,NA,"34.233, -119.417",34.233,-119.417,10/15/99,8:14,8:16,0,20,CALBOBL,NA,0.505,OBLIQUE,ethanol,ethanol,199910,199910:83.3_40.6,83.3_40.6,1999,10,Fall,-119.4,34.2,1999:83.3_40.6,1999:Fall_83.3_40.6
CALCOFI 9910,81.8,46.9,NA,"34.267, -120.017",34.267,-120.017,10/15/99,17:53,18:14,0,213,CALBOBL,NA,0.505,OBLIQUE,ethanol,ethanol,199910,199910:81.8_46.9,81.8_46.9,1999,10,Fall,-120,34.3,1999:81.8_46.9,1999:Fall_81.8_46.9
CALCOFI 9910,80,55,NA,"34.317, -120.800",34.317,-120.8,10/16/99,2:23,2:44,0,200,CALBOBL,NA,0.505,OBLIQUE,ethanol,ethanol,199910,199910:80_55,80_55,1999,10,Fall,-120.8,34.3,1999:80_55,1999:Fall_80_55
CALCOFI 9910,80,60,NA,"34.150, -121.150",34.15,-121.15,10/16/99,8:59,9:19,0,198,CALBOBL,NA,0.505,OBLIQUE,ethanol,ethanol,199910,199910:80_60,80_60,1999,10,Fall,-121.2,34.1,1999:80_60,1999:Fall_80_60
CALCOFI 9910,76.7,60,NA,"34.717, -121.550",34.717,-121.55,10/18/99,18:53,19:14,0,213,CALBOBL,NA,0.505,OBLIQUE,ethanol,ethanol,199910,199910:76.7_60,76.7_60,1999,10,Fall,-121.6,34.7,1999:76.7_60,1999:Fall_76.7_60
CALCOFI 9910,76.7,55,NA,"34.883, -121.200",34.883,-121.2,10/18/99,22:47,23:06,0,206,CALBOBL,NA,0.505,OBLIQUE,ethanol,ethanol,199910,199910:76.7_55,76.7_55,1999,10,Fall,-121.2,34.9,1999:76.7_55,1999:Fall_76.7_55
CALCOFI 9910,76.7,49,NA,"35.083, -120.783",35.083,-120.783,10/19/99,5:02,5:08,0,59,CALBOBL,NA,0.505,OBLIQUE,ethanol,ethanol,199910,199910:76.7_49,76.7_49,1999,10,Fall,-120.8,35.1,1999:76.7_49,1999:Fall_76.7_49
CALCOFI 0204,93.3,26.7,NA,"32.950, -117.300",32.95,-117.3,3/28/02,12:52,12:57,0,42,CALBOBL,NA,0.505,OBLIQUE,ethanol,ethanol,200204,200204:93.3_26.7,93.3_26.7,2002,3,Spring,-117.3,33,2002:93.3_26.7,2002:Spring_93.3_26.7
CALCOFI 0204,93.3,30,NA,"32.850, -117.533",32.85,-117.533,3/28/02,18:23,18:44,0,213,CALBOBL,NA,0.505,OBLIQUE,ethanol,ethanol,200204,200204:93.3_30,93.3_30,2002,3,Spring,-117.5,32.9,2002:93.3_30,2002:Spring_93.3_30
CALCOFI 0204,93.3,35,NA,"32.683, -117.867",32.683,-117.867,3/28/02,22:17,22:38,0,214,CALBOBL,NA,0.505,OBLIQUE,ethanol,ethanol,200204,200204:93.3_35,93.3_35,2002,3,Spring,-117.9,32.7,2002:93.3_35,2002:Spring_93.3_35
CALCOFI 0204,93.3,40,NA,"32.517, -118.217",32.517,-118.217,3/29/02,3:57,4:18,0,214,CALBOBL,NA,0.505,OBLIQUE,ethanol,ethanol,200204,200204:93.3_40,93.3_40,2002,3,Spring,-118.2,32.5,2002:93.3_40,2002:Spring_93.3_40
CALCOFI 0204,90,60,NA,"32.417, -119.967",32.417,-119.967,4/2/02,5:53,6:14,0,211,CALBOBL,NA,0.505,OBLIQUE,ethanol,ethanol,200204,200204:90_60,90_60,2002,4,Spring,-120,32.4,2002:90_60,2002:Spring_90_60
CALCOFI 0204,90,45,NA,"32.917, -118.933",32.917,-118.933,4/2/02,16:18,16:39,0,211,CALBOBL,NA,0.505,OBLIQUE,ethanol,ethanol,200204,200204:90_45,90_45,2002,4,Spring,-118.9,32.9,2002:90_45,2002:Spring_90_45
CALCOFI 0204,90,37,NA,"33.183, -118.383",33.183,-118.383,4/2/02,21:18,21:39,0,214,CALBOBL,NA,0.505,OBLIQUE,ethanol,ethanol,200204,200204:90_37,90_37,2002,4,Spring,-118.4,33.2,2002:90_37,2002:Spring_90_37
CALCOFI 0204,90,35,NA,"33.250, -118.250",33.25,-118.25,4/2/02,23:58,0:19,0,210,CALBOBL,NA,0.505,OBLIQUE,ethanol,ethanol,200204,200204:90_35,90_35,2002,4,Spring,-118.2,33.2,2002:90_35,2002:Spring_90_35
CALCOFI 0204,90,28,NA,"33.483, -117.767",33.483,-117.767,4/3/02,5:50,5:55,0,57,CALBOBL,NA,0.505,OBLIQUE,ethanol,ethanol,200204,200204:90_28,90_28,2002,4,Spring,-117.8,33.5,2002:90_28,2002:Spring_90_28
CALCOFI 0204,86.7,33,NA,"33.883, -118.483",33.883,-118.483,4/3/02,14:43,14:47,0,40,CALBOBL,NA,0.505,OBLIQUE,ethanol,ethanol,200204,200204:86.7_33,86.7_33,2002,4,Spring,-118.5,33.9,2002:86.7_33,2002:Spring_86.7_33
CALCOFI 0204,86.7,40,NA,"33.667, -118.967",33.667,-118.967,4/3/02,22:00,22:21,0,214,CALBOBL,NA,0.505,OBLIQUE,ethanol,ethanol,200204,200204:86.7_40,86.7_40,2002,4,Spring,-119,33.7,2002:86.7_40,2002:Spring_86.7_40
CALCOFI 0204,86.7,45,NA,"33.500, -119.317",33.5,-119.317,4/4/02,1:54,2:15,0,212,CALBOBL,NA,0.505,OBLIQUE,ethanol,ethanol,200204,200204:86.7_45,86.7_45,2002,4,Spring,-119.3,33.5,2002:86.7_45,2002:Spring_86.7_45
CALCOFI 0204,83.3,55,NA,"33.750, -120.417",33.75,-120.417,4/7/02,22:56,23:17,0,211,CALBOBL,NA,0.505,OBLIQUE,ethanol,ethanol,200204,200204:83.3_55,83.3_55,2002,4,Spring,-120.4,33.8,2002:83.3_55,2002:Spring_83.3_55
CALCOFI 0204,83.3,51,NA,"33.883, -120.133",33.883,-120.133,4/8/02,2:12,2:21,0,92,CALBOBL,NA,0.505,OBLIQUE,ethanol,ethanol,200204,200204:83.3_51,83.3_51,2002,4,Spring,-120.1,33.9,2002:83.3_51,2002:Spring_83.3_51
CALCOFI 0204,83.3,40.6,NA,"34.233, -119.417",34.233,-119.417,4/8/02,9:57,10:00,0,27,CALBOBL,NA,0.505,OBLIQUE,ethanol,ethanol,200204,200204:83.3_40.6,83.3_40.6,2002,4,Spring,-119.4,34.2,2002:83.3_40.6,2002:Spring_83.3_40.6
CALCOFI 0204,81.8,46.9,NA,"34.283, -120.033",34.283,-120.033,4/8/02,15:30,15:51,0,213,CALBOBL,NA,0.505,OBLIQUE,ethanol,ethanol,200204,200204:81.8_46.9,81.8_46.9,2002,4,Spring,-120,34.3,2002:81.8_46.9,2002:Spring_81.8_46.9
CALCOFI 0204,80,55,NA,"34.317, -120.800",34.317,-120.8,4/8/02,23:11,23:32,0,206,CALBOBL,NA,0.505,OBLIQUE,ethanol,ethanol,200204,200204:80_55,80_55,2002,4,Spring,-120.8,34.3,2002:80_55,2002:Spring_80_55
CALCOFI 0204,80,60,NA,"34.150, -121.150",34.15,-121.15,4/9/02,2:49,3:10,0,212,CALBOBL,NA,0.505,OBLIQUE,ethanol,ethanol,200204,200204:80_60,80_60,2002,4,Spring,-121.2,34.1,2002:80_60,2002:Spring_80_60
CALCOFI 0204,76.7,60,NA,"34.717, -121.550",34.717,-121.55,4/11/02,23:25,23:46,0,204,CALBOBL,NA,0.505,OBLIQUE,ethanol,ethanol,200204,200204:76.7_60,76.7_60,2002,4,Spring,-121.6,34.7,2002:76.7_60,2002:Spring_76.7_60
CALCOFI 0204,76.7,55,NA,"34.883, -121.200",34.883,-121.2,4/12/02,3:45,4:06,0,207,CALBOBL,NA,0.505,OBLIQUE,ethanol,ethanol,200204,200204:76.7_55,76.7_55,2002,4,Spring,-121.2,34.9,2002:76.7_55,2002:Spring_76.7_55
CALCOFI 0204,76.7,49,NA,"35.083, -120.767",35.083,-120.767,4/12/02,9:23,9:30,0,71,CALBOBL,NA,0.505,OBLIQUE,ethanol,ethanol,200204,200204:76.7_49,76.7_49,2002,4,Spring,-120.8,35.1,2002:76.7_49,2002:Spring_76.7_49
CALCOFI 0004,93.3,30,NA,"32.850, -117.533",32.85,-117.533,4/7/00,21:07,21:28,0,208,CALBOBL,NA,0.505,OBLIQUE,ethanol,ethanol,200004,200004:93.3_30,93.3_30,2000,4,Spring,-117.5,32.9,2000:93.3_30,2000:Spring_93.3_30
CALCOFI 0004,93.3,35,NA,"32.683, -117.867",32.683,-117.867,4/8/00,1:13,1:34,0,213,CALBOBL,NA,0.505,OBLIQUE,ethanol,ethanol,200004,200004:93.3_35,93.3_35,2000,4,Spring,-117.9,32.7,2000:93.3_35,2000:Spring_93.3_35
CALCOFI 0004,93.3,40,NA,"32.517, -118.217",32.517,-118.217,4/8/00,5:28,5:49,0,212,CALBOBL,NA,0.505,OBLIQUE,ethanol,ethanol,200004,200004:93.3_40,93.3_40,2000,4,Spring,-118.2,32.5,2000:93.3_40,2000:Spring_93.3_40
CALCOFI 0004,90,60,NA,"32.417, -119.967",32.417,-119.967,4/12/00,16:16,16:37,0,213,CALBOBL,NA,0.505,OBLIQUE,ethanol,ethanol,200004,200004:90_60,90_60,2000,4,Spring,-120,32.4,2000:90_60,2000:Spring_90_60
CALCOFI 0004,90,45,NA,"32.917, -118.933",32.917,-118.933,4/13/00,2:40,3:01,0,210,CALBOBL,NA,0.505,OBLIQUE,ethanol,ethanol,200004,200004:90_45,90_45,2000,4,Spring,-118.9,32.9,2000:90_45,2000:Spring_90_45
CALCOFI 0004,90,37,NA,"33.183, -118.383",33.183,-118.383,4/13/00,8:07,8:28,0,212,CALBOBL,NA,0.505,OBLIQUE,ethanol,ethanol,200004,200004:90_37,90_37,2000,4,Spring,-118.4,33.2,2000:90_37,2000:Spring_90_37
CALCOFI 0004,90,35,NA,"33.250, -118.250",33.25,-118.25,4/13/00,11:40,12:01,0,214,CALBOBL,NA,0.505,OBLIQUE,ethanol,ethanol,200004,200004:90_35,90_35,2000,4,Spring,-118.2,33.2,2000:90_35,2000:Spring_90_35
CALCOFI 0004,90,28,NA,"33.483, -117.767",33.483,-117.767,4/13/00,20:23,20:44,0,211,CALBOBL,NA,0.505,OBLIQUE,ethanol,ethanol,200004,200004:90_28,90_28,2000,4,Spring,-117.8,33.5,2000:90_28,2000:Spring_90_28
CALCOFI 0004,86.7,33,NA,"33.883, -118.483",33.883,-118.483,4/14/00,3:31,3:36,0,48,CALBOBL,NA,0.505,OBLIQUE,ethanol,ethanol,200004,200004:86.7_33,86.7_33,2000,4,Spring,-118.5,33.9,2000:86.7_33,2000:Spring_86.7_33
CALCOFI 0004,86.7,40,NA,"33.650, -118.983",33.65,-118.983,4/14/00,9:07,9:28,0,215,CALBOBL,NA,0.505,OBLIQUE,ethanol,ethanol,200004,200004:86.7_40,86.7_40,2000,4,Spring,-119,33.6,2000:86.7_40,2000:Spring_86.7_40
CALCOFI 0004,86.7,45,NA,"33.500, -119.317",33.5,-119.317,4/14/00,15:27,15:48,0,214,CALBOBL,NA,0.505,OBLIQUE,ethanol,ethanol,200004,200004:86.7_45,86.7_45,2000,4,Spring,-119.3,33.5,2000:86.7_45,2000:Spring_86.7_45
CALCOFI 0004,83.3,55,NA,"33.750, -120.417",33.75,-120.417,4/18/00,8:14,8:35,0,216,CALBOBL,NA,0.505,OBLIQUE,ethanol,ethanol,200004,200004:83.3_55,83.3_55,2000,4,Spring,-120.4,33.8,2000:83.3_55,2000:Spring_83.3_55
CALCOFI 0004,83.3,51,NA,"33.883, -120.133",33.883,-120.133,4/18/00,12:09,12:30,0,215,CALBOBL,NA,0.505,OBLIQUE,ethanol,ethanol,200004,200004:83.3_51,83.3_51,2000,4,Spring,-120.1,33.9,2000:83.3_51,2000:Spring_83.3_51
CALCOFI 0004,83.3,40.6,NA,"34.233, -119.417",34.233,-119.417,4/18/00,18:30,18:32,0,21,CALBOBL,NA,0.505,OBLIQUE,ethanol,ethanol,200004,200004:83.3_40.6,83.3_40.6,2000,4,Spring,-119.4,34.2,2000:83.3_40.6,2000:Spring_83.3_40.6
CALCOFI 0004,81.8,46.9,NA,"34.283, -120.033",34.283,-120.033,4/19/00,1:14,1:35,0,213,CALBOBL,NA,0.505,OBLIQUE,ethanol,ethanol,200004,200004:81.8_46.9,81.8_46.9,2000,4,Spring,-120,34.3,2000:81.8_46.9,2000:Spring_81.8_46.9
CALCOFI 0004,80,55,NA,"34.317, -120.817",34.317,-120.817,4/19/00,8:24,8:45,0,189,CALBOBL,NA,0.505,OBLIQUE,ethanol,ethanol,200004,200004:80_55,80_55,2000,4,Spring,-120.8,34.3,2000:80_55,2000:Spring_80_55
CALCOFI 0004,80,60,NA,"34.150, -120.150",34.15,-120.15,4/19/00,14:23,14:43,0,199,CALBOBL,NA,0.505,OBLIQUE,ethanol,ethanol,200004,200004:80_60,80_60,2000,4,Spring,-120.2,34.1,2000:80_60,2000:Spring_80_60
CALCOFI 0004,76.7,60,NA,"34.717, -121.550",34.717,-121.55,4/22/00,1:15,1:36,0,216,CALBOBL,NA,0.505,OBLIQUE,ethanol,ethanol,200004,200004:76.7_60,76.7_60,2000,4,Spring,-121.6,34.7,2000:76.7_60,2000:Spring_76.7_60
CALCOFI 0004,76.7,55,NA,"34.883, -121.200",34.883,-121.2,4/22/00,5:24,5:45,0,209,CALBOBL,NA,0.505,OBLIQUE,ethanol,ethanol,200004,200004:76.7_55,76.7_55,2000,4,Spring,-121.2,34.9,2000:76.7_55,2000:Spring_76.7_55
CALCOFI 0004,76.7,49,NA,"35.083, -120.783",35.083,-120.783,4/22/00,13:22,13:28,0,63,CALBOBL,NA,0.505,OBLIQUE,ethanol,ethanol,200004,200004:76.7_49,76.7_49,2000,4,Spring,-120.8,35.1,2000:76.7_49,2000:Spring_76.7_49
CALCOFI 9604,76.7,49,NA,"35.083, -120.783",35.083,-120.783,5/1/96,2:25,2:31,0,55,CALBOBL,NA,0.505,OBLIQUE,ethanol,ethanol,199604,199604:76.7_49,76.7_49,1996,5,Spring,-120.8,35.1,1996:76.7_49,1996:Spring_76.7_49
CALCOFI 9604,76.7,55,NA,"34.883, -121.200",34.883,-121.2,4/30/96,20:10,20:31,0,208,CALBOBL,NA,0.505,OBLIQUE,ethanol,ethanol,199604,199604:76.7_55,76.7_55,1996,4,Spring,-121.2,34.9,1996:76.7_55,1996:Spring_76.7_55
CALCOFI 9604,76.7,60,NA,"34.717, -121.550",34.717,-121.55,4/30/96,16:26,16:47,0,213,CALBOBL,NA,0.505,OBLIQUE,ethanol,ethanol,199604,199604:76.7_60,76.7_60,1996,4,Spring,-121.6,34.7,1996:76.7_60,1996:Spring_76.7_60
CALCOFI 9604,80,55,NA,"34.317, -120.800",34.317,-120.8,4/27/96,23:28,23:49,0,213,CALBOBL,NA,0.505,OBLIQUE,ethanol,ethanol,199604,199604:80_55,80_55,1996,4,Spring,-120.8,34.3,1996:80_55,1996:Spring_80_55
CALCOFI 9604,80,60,NA,"34.150, -121.150",34.15,-121.15,4/28/96,3:45,4:06,0,211,CALBOBL,NA,0.505,OBLIQUE,ethanol,ethanol,199604,199604:80_60,80_60,1996,4,Spring,-121.2,34.1,1996:80_60,1996:Spring_80_60
CALCOFI 9604,81.8,46.9,NA,"34.283, -120.033",34.283,-120.033,4/27/96,15:43,16:04,0,211,CALBOBL,NA,0.505,OBLIQUE,ethanol,ethanol,199604,199604:81.8_46.9,81.8_46.9,1996,4,Spring,-120,34.3,1996:81.8_46.9,1996:Spring_81.8_46.9
CALCOFI 9604,86.7,33,NA,"33.883, -118.483",33.883,-118.483,4/22/96,16:41,16:46,0,49,CALBOBL,NA,0.505,OBLIQUE,ethanol,ethanol,199604,199604:86.7_33,86.7_33,1996,4,Spring,-118.5,33.9,1996:86.7_33,1996:Spring_86.7_33
CALCOFI 9604,86.7,40,NA,"33.650, -118.983",33.65,-118.983,4/22/96,22:49,23:10,0,212,CALBOBL,NA,0.505,OBLIQUE,ethanol,ethanol,199604,199604:86.7_40,86.7_40,1996,4,Spring,-119,33.6,1996:86.7_40,1996:Spring_86.7_40
CALCOFI 9604,86.7,45,NA,"33.483, -119.317",33.483,-119.317,4/23/96,2:27,2:48,0,213,CALBOBL,NA,0.505,OBLIQUE,ethanol,ethanol,199604,199604:86.7_45,86.7_45,1996,4,Spring,-119.3,33.5,1996:86.7_45,1996:Spring_86.7_45
CALCOFI 9604,90,28,NA,"33.483, -117.767",33.483,-117.767,4/22/96,7:50,7:57,0,70,CALBOBL,NA,0.505,OBLIQUE,ethanol,ethanol,199604,199604:90_28,90_28,1996,4,Spring,-117.8,33.5,1996:90_28,1996:Spring_90_28
CALCOFI 9604,90,35,NA,"33.250, -118.250",33.25,-118.25,4/22/96,2:20,2:41,0,215,CALBOBL,NA,0.505,OBLIQUE,ethanol,ethanol,199604,199604:90_35,90_35,1996,4,Spring,-118.2,33.2,1996:90_35,1996:Spring_90_35
CALCOFI 9604,90,37,NA,"33.183, -118.383",33.183,-118.383,4/21/96,23:45,0:06,0,211,CALBOBL,NA,0.505,OBLIQUE,ethanol,ethanol,199604,199604:90_37,90_37,1996,4,Spring,-118.4,33.2,1996:90_37,1996:Spring_90_37
CALCOFI 9604,90,45,NA,"32.917, -118.933",32.917,-118.933,4/21/96,18:48,19:09,0,211,CALBOBL,NA,0.505,OBLIQUE,ethanol,ethanol,199604,199604:90_45,90_45,1996,4,Spring,-118.9,32.9,1996:90_45,1996:Spring_90_45
CALCOFI 9604,93.3,26.7,NA,"32.950, -117.300",32.95,-117.3,4/15/96,12:30,12:33,0,34,CALBOBL,NA,0.505,OBLIQUE,ethanol,ethanol,199604,199604:93.3_26.7,93.3_26.7,1996,4,Spring,-117.3,33,1996:93.3_26.7,1996:Spring_93.3_26.7
CALCOFI 9604,93.3,30,NA,"32.850, -117.533",32.85,-117.533,4/15/96,18:59,19:20,0,224,CALBOBL,NA,0.505,OBLIQUE,ethanol,ethanol,199604,199604:93.3_30,93.3_30,1996,4,Spring,-117.5,32.9,1996:93.3_30,1996:Spring_93.3_30
CALCOFI 9604,93.3,35,NA,"32.683, -117.867",32.683,-117.867,4/15/96,23:01,23:22,0,207,CALBOBL,NA,0.505,OBLIQUE,ethanol,ethanol,199604,199604:93.3_35,93.3_35,1996,4,Spring,-117.9,32.7,1996:93.3_35,1996:Spring_93.3_35
CALCOFI 9604,83.3,40.6,NA,"34.233, -119.417",34.233,-119.417,4/27/96,9:27,9:30,0,27,CALBOBL,NA,0.505,OBLIQUE,ethanol,ethanol,199604,199604:83.3_40.6,83.3_40.6,1996,4,Spring,-119.4,34.2,1996:83.3_40.6,1996:Spring_83.3_40.6
CALCOFI 9604,83.3,51,NA,"33.883, -120.133",33.883,-120.133,4/27/96,1:57,2:06,0,91,CALBOBL,NA,0.505,OBLIQUE,ethanol,ethanol,199604,199604:83.3_51,83.3_51,1996,4,Spring,-120.1,33.9,1996:83.3_51,1996:Spring_83.3_51
CALCOFI 9604,83.3,55,NA,"33.750, -120.417",33.75,-120.417,4/26/96,22:37,22:58,0,212,CALBOBL,NA,0.505,OBLIQUE,ethanol,ethanol,199604,199604:83.3_55,83.3_55,1996,4,Spring,-120.4,33.8,1996:83.3_55,1996:Spring_83.3_55
CALCOFI 0004,93.3,26.7,NA,"32.950, -117.300",32.95,-117.3,4/7/00,15:35,15:39,0,33,CALBOBL,NA,0.505,OBLIQUE,ethanol,ethanol,200004,200004:93.3_26.7,93.3_26.7,2000,4,Spring,-117.3,33,2000:93.3_26.7,2000:Spring_93.3_26.7
CALCOFI 0304,70,55,NA,"36.050, -122.017",36.05,-122.017,4/19/03,4:46,5:07,0,211,CALBOBL,NA,0.505,OBLIQUE,ethanol,ethanol,200304,200304:70_55,70_55,2003,4,Spring,-122,36,2003:70_55,2003:Spring_70_55
CALCOFI 0304,73.3,50,NA,"35.650, -121.250",35.65,-121.25,4/17/03,0:59,1:20,0,207,CALBOBL,NA,0.505,OBLIQUE,ethanol,ethanol,200304,200304:73.3_50,73.3_50,2003,4,Spring,-121.2,35.6,2003:73.3_50,2003:Spring_73.3_50
CALCOFI 0304,73.3,55,NA,"35.483, -121.600",35.483,-121.6,4/16/03,21:22,21:43,0,211,CALBOBL,NA,0.505,OBLIQUE,ethanol,ethanol,200304,200304:73.3_55,73.3_55,2003,4,Spring,-121.6,35.5,2003:73.3_55,2003:Spring_73.3_55
CALCOFI 0304,73.3,60,NA,"35.317, -121.967",35.317,-121.967,4/16/03,16:00,16:21,0,212,CALBOBL,NA,0.505,OBLIQUE,ethanol,ethanol,200304,200304:73.3_60,73.3_60,2003,4,Spring,-122,35.3,2003:73.3_60,2003:Spring_73.3_60
CALCOFI 0304,76.7,49,NA,"35.083, -120.783",35.083,-120.783,4/19/03,5:07,5:12,0,44,CALBOBL,NA,0.505,OBLIQUE,ethanol,ethanol,200304,200304:76.7_49,76.7_49,2003,4,Spring,-120.8,35.1,2003:76.7_49,2003:Spring_76.7_49
CALCOFI 0304,76.7,55,NA,"34.883, -121.200",34.883,-121.2,4/18/03,21:53,22:15,0,207,CALBOBL,NA,0.505,OBLIQUE,ethanol,ethanol,200304,200304:76.7_55,76.7_55,2003,4,Spring,-121.2,34.9,2003:76.7_55,2003:Spring_76.7_55
CALCOFI 0304,76.7,60,NA,"34.717, -121.550",34.717,-121.55,4/18/03,16:58,17:20,0,211,CALBOBL,NA,0.505,OBLIQUE,ethanol,ethanol,200304,200304:76.7_60,76.7_60,2003,4,Spring,-121.6,34.7,2003:76.7_60,2003:Spring_76.7_60
CALCOFI 0304,80,55,NA,"34.317, -120.800",34.317,-120.8,4/16/03,4:12,4:33,0,212,CALBOBL,NA,0.505,OBLIQUE,ethanol,ethanol,200304,200304:80_55,80_55,2003,4,Spring,-120.8,34.3,2003:80_55,2003:Spring_80_55
CALCOFI 0304,80,60,NA,"34.150, -121.133",34.15,-121.133,4/16/03,8:23,8:44,0,179,CALBOBL,NA,0.505,OBLIQUE,ethanol,ethanol,200304,200304:80_60,80_60,2003,4,Spring,-121.1,34.1,2003:80_60,2003:Spring_80_60
CALCOFI 0304,81.8,46.9,NA,"34.283, -119.983",34.283,-119.983,4/15/03,20:42,21:03,0,191,CALBOBL,NA,0.505,OBLIQUE,ethanol,ethanol,200304,200304:81.8_46.9,81.8_46.9,2003,4,Spring,-120,34.3,2003:81.8_46.9,2003:Spring_81.8_46.9
CALCOFI 0304,83.3,40.6,NA,"34.233, -119.417",34.233,-119.417,4/15/03,15:08,15:11,0,29,CALBOBL,NA,0.505,OBLIQUE,ethanol,ethanol,200304,200304:83.3_40.6,83.3_40.6,2003,4,Spring,-119.4,34.2,2003:83.3_40.6,2003:Spring_83.3_40.6
CALCOFI 0304,83.3,55,NA,"33.750, -120.417",33.75,-120.417,4/15/03,2:11,2:32,0,205,CALBOBL,NA,0.505,OBLIQUE,ethanol,ethanol,200304,200304:83.3_55,83.3_55,2003,4,Spring,-120.4,33.8,2003:83.3_55,2003:Spring_83.3_55
CALCOFI 0304,86.7,33,NA,"33.900, -118.483",33.9,-118.483,4/10/03,17:55,18:00,0,48,CALBOBL,NA,0.505,OBLIQUE,ethanol,ethanol,200304,200304:86.7_33,86.7_33,2003,4,Spring,-118.5,33.9,2003:86.7_33,2003:Spring_86.7_33
CALCOFI 0304,86.7,40,NA,"33.650, -118.967",33.65,-118.967,4/11/03,0:51,1:12,0,206,CALBOBL,NA,0.505,OBLIQUE,ethanol,ethanol,200304,200304:86.7_40,86.7_40,2003,4,Spring,-119,33.6,2003:86.7_40,2003:Spring_86.7_40
CALCOFI 0304,86.7,45,NA,"33.483, -119.317",33.483,-119.317,4/11/03,4:35,4:56,0,214,CALBOBL,NA,0.505,OBLIQUE,ethanol,ethanol,200304,200304:86.7_45,86.7_45,2003,4,Spring,-119.3,33.5,2003:86.7_45,2003:Spring_86.7_45
CALCOFI 0304,90,35,NA,"33.250, -118.250",33.25,-118.25,4/10/03,2:19,2:40,0,204,CALBOBL,NA,0.505,OBLIQUE,ethanol,ethanol,200304,200304:90_35,90_35,2003,4,Spring,-118.2,33.2,2003:90_35,2003:Spring_90_35
CALCOFI 0304,90,37,NA,"33.183, -118.383",33.183,-118.383,4/9/03,23:24,23:46,0,191,CALBOBL,NA,0.505,OBLIQUE,ethanol,ethanol,200304,200304:90_37,90_37,2003,4,Spring,-118.4,33.2,2003:90_37,2003:Spring_90_37
CALCOFI 0304,90,45,NA,"32.917, -118.933",32.917,-118.933,4/9/03,18:12,18:33,0,208,CALBOBL,NA,0.505,OBLIQUE,ethanol,ethanol,200304,200304:90_45,90_45,2003,4,Spring,-118.9,32.9,2003:90_45,2003:Spring_90_45
CALCOFI 0304,90,60,NA,"32.417, -119.967",32.417,-119.967,4/9/03,6:08,6:29,0,203,CALBOBL,NA,0.505,OBLIQUE,ethanol,ethanol,200304,200304:90_60,90_60,2003,4,Spring,-120,32.4,2003:90_60,2003:Spring_90_60
CALCOFI 0304,93.3,26.7,NA,"32.950, -117.300",32.95,-117.3,4/4/03,13:01,13:12,0,104,CALBOBL,NA,0.505,OBLIQUE,ethanol,ethanol,200304,200304:93.3_26.7,93.3_26.7,2003,4,Spring,-117.3,33,2003:93.3_26.7,2003:Spring_93.3_26.7
CALCOFI 0304,93.3,30,NA,"32.850, -117.533",32.85,-117.533,4/4/03,20:14,20:35,0,218,CALBOBL,NA,0.505,OBLIQUE,ethanol,ethanol,200304,200304:93.3_30,93.3_30,2003,4,Spring,-117.5,32.9,2003:93.3_30,2003:Spring_93.3_30
CALCOFI 0304,93.3,40,NA,"32.517, -118.217",32.517,-118.217,4/5/03,5:28,5:49,0,207,CALBOBL,NA,0.505,OBLIQUE,ethanol,ethanol,200304,200304:93.3_40,93.3_40,2003,4,Spring,-118.2,32.5,2003:93.3_40,2003:Spring_93.3_40
CALCOFI 0310,76.7,49,NA,"35.083, -120.783",35.083,-120.783,11/3/03,9:33,9:38,0,45,CALBOBL,NA,0.505,OBLIQUE,ethanol,ethanol,200310,200310:76.7_49,76.7_49,2003,11,Fall,-120.8,35.1,2003:76.7_49,2003:Fall_76.7_49
CALCOFI 0310,76.7,60,NA,"34.717, -121.550",34.717,-121.55,11/3/03,0:17,0:38,0,208,CALBOBL,NA,0.505,OBLIQUE,ethanol,ethanol,200310,200310:76.7_60,76.7_60,2003,11,Fall,-121.6,34.7,2003:76.7_60,2003:Fall_76.7_60
CALCOFI 0310,80,55,NA,"34.317, -120.800",34.317,-120.8,10/31/03,15:27,15:48,0,198,CALBOBL,NA,0.505,OBLIQUE,ethanol,ethanol,200310,200310:80_55,80_55,2003,10,Fall,-120.8,34.3,2003:80_55,2003:Fall_80_55
CALCOFI 0310,80,60,NA,"34.150, -121.150",34.15,-121.15,10/31/03,19:30,19:51,0,210,CALBOBL,NA,0.505,OBLIQUE,ethanol,ethanol,200310,200310:80_60,80_60,2003,10,Fall,-121.2,34.1,2003:80_60,2003:Fall_80_60
CALCOFI 0310,81.8,46.9,NA,"34.283, -120.017",34.283,-120.017,10/31/03,8:01,8:22,0,203,CALBOBL,NA,0.505,OBLIQUE,ethanol,ethanol,200310,200310:81.8_46.9,81.8_46.9,2003,10,Fall,-120,34.3,2003:81.8_46.9,2003:Fall_81.8_46.9
CALCOFI 0310,83.3,40.6,NA,"34.233, -119.417",34.233,-119.417,10/31/03,3:15,3:17,0,22,CALBOBL,NA,0.505,OBLIQUE,ethanol,ethanol,200310,200310:83.3_40.6,83.3_40.6,2003,10,Fall,-119.4,34.2,2003:83.3_40.6,2003:Fall_83.3_40.6
CALCOFI 0310,83.3,51,NA,"33.883, -120.133",33.883,-120.133,10/30/03,19:08,19:20,0,108,CALBOBL,NA,0.505,OBLIQUE,ethanol,ethanol,200310,200310:83.3_51,83.3_51,2003,10,Fall,-120.1,33.9,2003:83.3_51,2003:Fall_83.3_51
CALCOFI 0310,83.3,55,NA,"33.750, -120.417",33.75,-120.417,10/30/03,15:08,15:30,0,217,CALBOBL,NA,0.505,OBLIQUE,ethanol,ethanol,200310,200310:83.3_55,83.3_55,2003,10,Fall,-120.4,33.8,2003:83.3_55,2003:Fall_83.3_55
CALCOFI 0310,86.7,33,NA,"33.883, -118.483",33.883,-118.483,10/26/03,16:22,16:27,0,47,CALBOBL,NA,0.505,OBLIQUE,ethanol,ethanol,200310,200310:86.7_33,86.7_33,2003,10,Fall,-118.5,33.9,2003:86.7_33,2003:Fall_86.7_33
CALCOFI 0310,86.7,40,NA,"33.667, -118.967",33.667,-118.967,10/26/03,23:19,23:40,0,200,CALBOBL,NA,0.505,OBLIQUE,ethanol,ethanol,200310,200310:86.7_40,86.7_40,2003,10,Fall,-119,33.7,2003:86.7_40,2003:Fall_86.7_40
CALCOFI 0310,86.7,45,NA,"33.500, -119.317",33.5,-119.317,10/27/03,3:36,3:57,0,197,CALBOBL,NA,0.505,OBLIQUE,ethanol,ethanol,200310,200310:86.7_45,86.7_45,2003,10,Fall,-119.3,33.5,2003:86.7_45,2003:Fall_86.7_45
CALCOFI 0310,90,28,NA,"33.483, -117.767",33.483,-117.767,10/26/03,3:22,3:35,0,124,CALBOBL,NA,0.505,OBLIQUE,ethanol,ethanol,200310,200310:90_28,90_28,2003,10,Fall,-117.8,33.5,2003:90_28,2003:Fall_90_28
CALCOFI 0310,90,35,NA,"33.250, -118.250",33.25,-118.25,10/26/03,9:07,9:27,0,210,CALBOBL,NA,0.505,OBLIQUE,ethanol,ethanol,200310,200310:90_35,90_35,2003,10,Fall,-118.2,33.2,2003:90_35,2003:Fall_90_35
CALCOFI 0310,90,37,NA,"33.183, -118.383",33.183,-118.383,10/25/03,21:06,21:27,0,206,CALBOBL,NA,0.505,OBLIQUE,ethanol,ethanol,200310,200310:90_37,90_37,2003,10,Fall,-118.4,33.2,2003:90_37,2003:Fall_90_37
CALCOFI 0310,90,45,NA,"32.917, -118.933",32.917,-118.933,10/25/03,15:18,15:39,0,200,CALBOBL,NA,0.505,OBLIQUE,ethanol,ethanol,200310,200310:90_45,90_45,2003,10,Fall,-118.9,32.9,2003:90_45,2003:Fall_90_45
CALCOFI 0310,90,60,NA,"32.417, -119.967",32.417,-119.967,10/25/03,4:52,5:14,0,212,CALBOBL,NA,0.505,OBLIQUE,ethanol,ethanol,200310,200310:90_60,90_60,2003,10,Fall,-120,32.4,2003:90_60,2003:Fall_90_60
CALCOFI 0310,93.3,26.7,NA,"32.950, -117.300",32.95,-117.3,10/20/03,12:13,12:34,0,193,CALBOBL,NA,0.505,OBLIQUE,ethanol,ethanol,200310,200310:93.3_26.7,93.3_26.7,2003,10,Fall,-117.3,33,2003:93.3_26.7,2003:Fall_93.3_26.7
CALCOFI 0310,93.3,30,NA,"32.850, -117.533",32.85,-117.533,10/20/03,18:38,18:59,0,212,CALBOBL,NA,0.505,OBLIQUE,ethanol,ethanol,200310,200310:93.3_30,93.3_30,2003,10,Fall,-117.5,32.9,2003:93.3_30,2003:Fall_93.3_30
CALCOFI 0310,93.3,35,NA,"32.683, -117.883",32.683,-117.883,10/20/03,22:38,22:59,0,209,CALBOBL,NA,0.505,OBLIQUE,ethanol,ethanol,200310,200310:93.3_35,93.3_35,2003,10,Fall,-117.9,32.7,2003:93.3_35,2003:Fall_93.3_35
CALCOFI 0310,93.3,40,NA,"32.517, -118.217",32.517,-118.217,10/21/03,2:35,2:56,0,202,CALBOBL,NA,0.505,OBLIQUE,ethanol,ethanol,200310,200310:93.3_40,93.3_40,2003,10,Fall,-118.2,32.5,2003:93.3_40,2003:Fall_93.3_40
CALCOFI 0404,70,51,NA,"36.183, -121.733",36.183,-121.733,4/16/04,2:34,2:55,0,211,CALBOBL,NA,0.505,OBLIQUE,ethanol,ethanol,200404,200404:70_51,70_51,2004,4,Spring,-121.7,36.2,2004:70_51,2004:Spring_70_51
CALCOFI 0404,70,55,NA,"36.050, -122.017",36.05,-122.017,4/16/04,6:04,6:25,0,205,CALBOBL,NA,0.505,OBLIQUE,ethanol,ethanol,200404,200404:70_55,70_55,2004,4,Spring,-122,36,2004:70_55,2004:Spring_70_55
CALCOFI 0404,70,60,NA,"35.883, -122.367",35.883,-122.367,4/16/04,10:14,10:35,0,202,CALBOBL,NA,0.505,OBLIQUE,ethanol,ethanol,200404,200404:70_60,70_60,2004,4,Spring,-122.4,35.9,2004:70_60,2004:Spring_70_60
CALCOFI 0404,73.3,50,NA,"35.650, -121.250",35.65,-121.25,4/15/04,20:28,20:31,0,28,CALBOBL,NA,0.505,OBLIQUE,ethanol,ethanol,200404,200404:73.3_50,73.3_50,2004,4,Spring,-121.2,35.6,2004:73.3_50,2004:Spring_73.3_50
CALCOFI 0404,73.3,55,NA,"35.483, -121.600",35.483,-121.6,4/15/04,17:01,17:22,0,199,CALBOBL,NA,0.505,OBLIQUE,ethanol,ethanol,200404,200404:73.3_55,73.3_55,2004,4,Spring,-121.6,35.5,2004:73.3_55,2004:Spring_73.3_55
CALCOFI 0404,73.3,60,NA,"35.317, -121.967",35.317,-121.967,4/15/04,13:05,13:26,0,214,CALBOBL,NA,0.505,OBLIQUE,ethanol,ethanol,200404,200404:73.3_60,73.3_60,2004,4,Spring,-122,35.3,2004:73.3_60,2004:Spring_73.3_60
CALCOFI 0404 ,76.7,49,NA,"35.083, -120.783",35.083,-120.783,4/8/04,8:56,9:03,0,63,CALBOBL,NA,0.505,OBLIQUE,ethanol,ethanol,200404,200404:76.7_49,76.7_49,2004,4,Spring,-120.8,35.1,2004:76.7_49,2004:Spring_76.7_49
CALCOFI 0404 ,76.7,55,NA,"34.883, -121.200",34.883,-121.2,4/8/04,3:17,3:39,0,191,CALBOBL,NA,0.505,OBLIQUE,ethanol,ethanol,200404,200404:76.7_55,76.7_55,2004,4,Spring,-121.2,34.9,2004:76.7_55,2004:Spring_76.7_55
CALCOFI 0404 ,76.7,60,NA,"34.717, -121.550",34.717,-121.55,4/7/04,22:47,23:08,0,213,CALBOBL,NA,0.505,OBLIQUE,ethanol,ethanol,200404,200404:76.7_60,76.7_60,2004,4,Spring,-121.6,34.7,2004:76.7_60,2004:Spring_76.7_60
CALCOFI 0404 ,80,55,NA,"34.317, -120.800",34.317,-120.8,4/4/04,1:05,1:27,0,202,CALBOBL,NA,0.505,OBLIQUE,ethanol,ethanol,200404,200404:80_55,80_55,2004,4,Spring,-120.8,34.3,2004:80_55,2004:Spring_80_55
CALCOFI 0404 ,80,60,NA,"34.150, -121.150",34.15,-121.15,4/4/04,5:06,5:27,0,208,CALBOBL,NA,0.505,OBLIQUE,ethanol,ethanol,200404,200404:80_60,80_60,2004,4,Spring,-121.2,34.1,2004:80_60,2004:Spring_80_60
CALCOFI 0404 ,81.8,46.9,NA,"34.283, -120.033",34.283,-120.033,4/3/04,16:37,16:58,0,207,CALBOBL,NA,0.505,OBLIQUE,ethanol,ethanol,200404,200404:81.8_46.9,81.8_46.9,2004,4,Spring,-120,34.3,2004:81.8_46.9,2004:Spring_81.8_46.9
CALCOFI 0404 ,83.3,40.6,NA,"34.233, -119.417",34.233,-119.417,4/3/04,11:30,11:32,0,21,CALBOBL,NA,0.505,OBLIQUE,ethanol,ethanol,200404,200404:83.3_40.6,83.3_40.6,2004,4,Spring,-119.4,34.2,2004:83.3_40.6,2004:Spring_83.3_40.6
CALCOFI 0404 ,83.3,51,NA,"33.883, -120.133",33.883,-120.133,4/3/04,3:52,4:00,0,76,CALBOBL,NA,0.505,OBLIQUE,ethanol,ethanol,200404,200404:83.3_51,83.3_51,2004,4,Spring,-120.1,33.9,2004:83.3_51,2004:Spring_83.3_51
CALCOFI 0404 ,83.3,55,NA,"33.750, -120.417",33.75,-120.417,4/3/04,0:16,0:37,0,208,CALBOBL,NA,0.505,OBLIQUE,ethanol,ethanol,200404,200404:83.3_55,83.3_55,2004,4,Spring,-120.4,33.8,2004:83.3_55,2004:Spring_83.3_55
CALCOFI 0404 ,86.7,33,NA,"33.883, -118.483",33.883,-118.483,3/29/04,17:35,17:40,0,49,CALBOBL,NA,0.505,OBLIQUE,ethanol,ethanol,200404,200404:86.7_33,86.7_33,2004,3,Spring,-118.5,33.9,2004:86.7_33,2004:Spring_86.7_33
CALCOFI 0404 ,86.7,40,NA,"33.650, -118.967",33.65,-118.967,3/30/04,0:31,0:52,0,200,CALBOBL,NA,0.505,OBLIQUE,ethanol,ethanol,200404,200404:86.7_40,86.7_40,2004,3,Spring,-119,33.6,2004:86.7_40,2004:Spring_86.7_40
CALCOFI 0404 ,86.7,45,NA,"33.483, -119.317",33.483,-119.317,3/30/04,4:37,4:58,0,206,CALBOBL,NA,0.505,OBLIQUE,ethanol,ethanol,200404,200404:86.7_45,86.7_45,2004,3,Spring,-119.3,33.5,2004:86.7_45,2004:Spring_86.7_45
CALCOFI 0404 ,90,28,NA,"33.483, -117.767",33.483,-117.767,3/29/04,9:38,9:47,0,92,CALBOBL,NA,0.505,OBLIQUE,ethanol,ethanol,200404,200404:90_28,90_28,2004,3,Spring,-117.8,33.5,2004:90_28,2004:Spring_90_28
CALCOFI 0404 ,90,35,NA,"33.250, -118.250",33.25,-118.25,3/29/04,3:04,3:25,0,200,CALBOBL,NA,0.505,OBLIQUE,ethanol,ethanol,200404,200404:90_35,90_35,2004,3,Spring,-118.2,33.2,2004:90_35,2004:Spring_90_35
CALCOFI 0404 ,90,37,NA,"33.183, -118.383",33.183,-118.383,3/28/04,23:55,0:17,0,216,CALBOBL,NA,0.505,OBLIQUE,ethanol,ethanol,200404,200404:90_37,90_37,2004,3,Spring,-118.4,33.2,2004:90_37,2004:Spring_90_37
CALCOFI 0404 ,90,45,NA,"32.917, -118.933",32.917,-118.933,3/28/04,18:04,18:25,0,208,CALBOBL,NA,0.505,OBLIQUE,ethanol,ethanol,200404,200404:90_45,90_45,2004,3,Spring,-118.9,32.9,2004:90_45,2004:Spring_90_45
CALCOFI 0404 ,90,60,NA,"32.417, -119.967",32.417,-119.967,3/28/04,6:33,6:54,0,212,CALBOBL,NA,0.505,OBLIQUE,ethanol,ethanol,200404,200404:90_60,90_60,2004,3,Spring,-120,32.4,2004:90_60,2004:Spring_90_60
CALCOFI 0404 ,93.3,26.7,NA,"32.950, -117.300",32.95,-117.3,3/23/04,12:51,12:55,0,34,CALBOBL,NA,0.505,OBLIQUE,ethanol,ethanol,200404,200404:93.3_26.7,93.3_26.7,2004,3,Spring,-117.3,33,2004:93.3_26.7,2004:Spring_93.3_26.7
CALCOFI 0404 ,93.3,30,NA,"32.850, -117.533",32.85,-117.533,3/23/04,18:55,19:16,0,212,CALBOBL,NA,0.505,OBLIQUE,ethanol,ethanol,200404,200404:93.3_30,93.3_30,2004,3,Spring,-117.5,32.9,2004:93.3_30,2004:Spring_93.3_30
CALCOFI 0404 ,93.3,35,NA,"32.683, -117.867",32.683,-117.867,3/23/04,23:01,23:22,0,206,CALBOBL,NA,0.505,OBLIQUE,ethanol,ethanol,200404,200404:93.3_35,93.3_35,2004,3,Spring,-117.9,32.7,2004:93.3_35,2004:Spring_93.3_35
CALCOFI 0404 ,93.3,40,NA,"32.517, -118.217",32.517,-118.217,3/24/04,3:13,3:35,0,213,CALBOBL,NA,0.505,OBLIQUE,ethanol,ethanol,200404,200404:93.3_40,93.3_40,2004,3,Spring,-118.2,32.5,2004:93.3_40,2004:Spring_93.3_40
CALCOFI 0504,70,51,NA,"36.150, -121.800",36.15,-121.8,4/15/05,2:02,2:23,0,189,CALBOBL,NA,0.505,OBLIQUE,ethanol,ethanol,200504,200504:70_51,70_51,2005,4,Spring,-121.8,36.1,2005:70_51,2005:Spring_70_51
CALCOFI 0504,70,55,NA,"36.050, -122.017",36.05,-122.017,4/15/05,6:25,6:46,0,219,CALBOBL,NA,0.505,OBLIQUE,ethanol,ethanol,200504,200504:70_55,70_55,2005,4,Spring,-122,36,2005:70_55,2005:Spring_70_55
CALCOFI 0504,70,60,NA,"35.883, -122.367",35.883,-122.367,4/15/05,10:41,11:02,0,189,CALBOBL,NA,0.505,OBLIQUE,ethanol,ethanol,200504,200504:70_60,70_60,2005,4,Spring,-122.4,35.9,2005:70_60,2005:Spring_70_60
CALCOFI 0504,76.7,49,NA,"35.083, -120.783",35.083,-120.783,4/30/05,6:30,6:35,0,51,CALBOBL,NA,0.505,OBLIQUE,ethanol,ethanol,200504,200504:76.7_49,76.7_49,2005,4,Spring,-120.8,35.1,2005:76.7_49,2005:Spring_76.7_49
CALCOFI 0504,76.7,55,NA,"34.883, -121.200",34.883,-121.2,4/30/05,1:34,1:55,0,202,CALBOBL,NA,0.505,OBLIQUE,ethanol,ethanol,200504,200504:76.7_55,76.7_55,2005,4,Spring,-121.2,34.9,2005:76.7_55,2005:Spring_76.7_55
CALCOFI 0504,76.7,60,NA,"34.717, -121.550",34.717,-121.55,4/29/05,21:27,21:46,0,207,CALBOBL,NA,0.505,OBLIQUE,ethanol,ethanol,200504,200504:76.7_60,76.7_60,2005,4,Spring,-121.6,34.7,2005:76.7_60,2005:Spring_76.7_60
CALCOFI 0504,80,50.5,NA,"34.467, -120.500",34.467,-120.5,4/27/05,2:25,2:28,0,27,CALBOBL,NA,0.505,OBLIQUE,ethanol,ethanol,200504,200504:80_50.5,80_50.5,2005,4,Spring,-120.5,34.5,2005:80_50.5,2005:Spring_80_50.5
CALCOFI 0504,80,55,NA,"34.317, -120.800",34.317,-120.8,4/27/05,7:11,7:32,0,209,CALBOBL,NA,0.505,OBLIQUE,ethanol,ethanol,200504,200504:80_55,80_55,2005,4,Spring,-120.8,34.3,2005:80_55,2005:Spring_80_55
CALCOFI 0504,80,60,NA,"34.150, -121.150",34.15,-121.15,4/27/05,11:47,12:08,0,212,CALBOBL,NA,0.505,OBLIQUE,ethanol,ethanol,200504,200504:80_60,80_60,2005,4,Spring,-121.2,34.1,2005:80_60,2005:Spring_80_60
CALCOFI 0504,81.7,43.5,NA,"34.400, -119.783",34.4,-119.783,4/26/05,19:29,19:32,0,19,CALBOBL,NA,0.505,OBLIQUE,ethanol,ethanol,200504,200504:81.7_43.5,81.7_43.5,2005,4,Spring,-119.8,34.4,2005:81.7_43.5,2005:Spring_81.7_43.5
CALCOFI 0504,81.8,46.9,NA,"34.267, -120.033",34.267,-120.033,4/26/05,22:56,23:15,0,206,CALBOBL,NA,0.505,OBLIQUE,ethanol,ethanol,200504,200504:81.8_46.9,81.8_46.9,2005,4,Spring,-120,34.3,2005:81.8_46.9,2005:Spring_81.8_46.9
CALCOFI 0504,83.3,39.4,NA,"34.250, -119.333",34.25,-119.333,4/26/05,16:32,16:34,0,15,CALBOBL,NA,0.505,OBLIQUE,ethanol,ethanol,200504,200504:83.3_39.4,83.3_39.4,2005,4,Spring,-119.3,34.2,2005:83.3_39.4,2005:Spring_83.3_39.4
CALCOFI 0504,83.3,40.6,NA,"34.233, -119.400",34.233,-119.4,4/26/05,15:27,15:29,0,20,CALBOBL,NA,0.505,OBLIQUE,ethanol,ethanol,200504,200504:83.3_40.6,83.3_40.6,2005,4,Spring,-119.4,34.2,2005:83.3_40.6,2005:Spring_83.3_40.6
CALCOFI 0504,83.3,51,NA,"33.883, -120.133",33.883,-120.133,4/22/05,19:04,19:11,0,64,CALBOBL,NA,0.505,OBLIQUE,ethanol,ethanol,200504,200504:83.3_51,83.3_51,2005,4,Spring,-120.1,33.9,2005:83.3_51,2005:Spring_83.3_51
CALCOFI 0504,83.3,55,NA,"33.750, -120.400",33.75,-120.4,4/22/05,22:19,22:38,0,211,CALBOBL,NA,0.505,OBLIQUE,ethanol,ethanol,200504,200504:83.3_55,83.3_55,2005,4,Spring,-120.4,33.8,2005:83.3_55,2005:Spring_83.3_55
CALCOFI 0504,85.4,35.8,NA,"34.017, -118.833",34.017,-118.833,4/30/05,19:24,19:27,0,28,CALBOBL,NA,0.505,OBLIQUE,ethanol,ethanol,200504,200504:85.4_35.8,85.4_35.8,2005,4,Spring,-118.8,34,2005:85.4_35.8,2005:Spring_85.4_35.8
CALCOFI 0504,86.7,33,NA,"33.883, -118.500",33.883,-118.5,4/21/05,23:43,23:48,0,46,CALBOBL,NA,0.505,OBLIQUE,ethanol,ethanol,200504,200504:86.7_33,86.7_33,2005,4,Spring,-118.5,33.9,2005:86.7_33,2005:Spring_86.7_33
CALCOFI 0504,86.7,40,NA,"33.650, -118.967",33.65,-118.967,4/22/05,7:23,7:43,0,206,CALBOBL,NA,0.505,OBLIQUE,ethanol,ethanol,200504,200504:86.7_40,86.7_40,2005,4,Spring,-119,33.6,2005:86.7_40,2005:Spring_86.7_40
CALCOFI 0504,86.7,45,NA,"33.483, -119.317",33.483,-119.317,4/22/05,11:41,12:02,0,195,CALBOBL,NA,0.505,OBLIQUE,ethanol,ethanol,200504,200504:86.7_45,86.7_45,2005,4,Spring,-119.3,33.5,2005:86.7_45,2005:Spring_86.7_45
CALCOFI 0504,86.8,32.5,NA,"33.883, -118.433",33.883,-118.433,4/21/05,22:08,22:10,0,19,CALBOBL,NA,0.505,OBLIQUE,ethanol,ethanol,200504,200504:86.8_32.5,86.8_32.5,2005,4,Spring,-118.4,33.9,2005:86.8_32.5,2005:Spring_86.8_32.5
CALCOFI 0504,88.5,30.1,NA,"33.667, -118.100",33.667,-118.1,4/21/05,18:45,18:47,0,14,CALBOBL,NA,0.505,OBLIQUE,ethanol,ethanol,200504,200504:88.5_30.1,88.5_30.1,2005,4,Spring,-118.1,33.7,2005:88.5_30.1,2005:Spring_88.5_30.1
CALCOFI 0504,90,28,NA,"33.483, -117.767",33.483,-117.767,4/21/05,14:47,15:08,0,212,CALBOBL,NA,0.505,OBLIQUE,ethanol,ethanol,200504,200504:90_28,90_28,2005,4,Spring,-117.8,33.5,2005:90_28,2005:Spring_90_28
CALCOFI 0504,90,35,NA,"33.250, -118.250",33.25,-118.25,4/21/05,8:00,8:19,0,196,CALBOBL,NA,0.505,OBLIQUE,ethanol,ethanol,200504,200504:90_35,90_35,2005,4,Spring,-118.2,33.2,2005:90_35,2005:Spring_90_35
CALCOFI 0504,90,37,NA,"33.183, -118.383",33.183,-118.383,4/21/05,4:50,5:11,0,207,CALBOBL,NA,0.505,OBLIQUE,ethanol,ethanol,200504,200504:90_37,90_37,2005,4,Spring,-118.4,33.2,2005:90_37,2005:Spring_90_37
CALCOFI 0504,90,45,NA,"32.917, -118.933",32.917,-118.933,4/20/05,22:57,23:16,0,207,CALBOBL,NA,0.505,OBLIQUE,ethanol,ethanol,200504,200504:90_45,90_45,2005,4,Spring,-118.9,32.9,2005:90_45,2005:Spring_90_45
CALCOFI 0504,90,60,NA,"32.417, -119.967",32.417,-119.967,4/20/05,11:23,11:42,0,200,CALBOBL,NA,0.505,OBLIQUE,ethanol,ethanol,200504,200504:90_60,90_60,2005,4,Spring,-120,32.4,2005:90_60,2005:Spring_90_60
CALCOFI 0504,91.7,26.4,NA,"33.250, -117.467",33.25,-117.467,4/15/05,15:26,15:28,0,8,CALBOBL,NA,0.505,OBLIQUE,ethanol,ethanol,200504,200504:91.7_26.4,91.7_26.4,2005,4,Spring,-117.5,33.2,2005:91.7_26.4,2005:Spring_91.7_26.4
CALCOFI 0504,93.3,26.7,NA,"32.967, -117.300",32.967,-117.3,4/15/05,11:14,11:34,0,206,CALBOBL,NA,0.505,OBLIQUE,ethanol,ethanol,200504,200504:93.3_26.7,93.3_26.7,2005,4,Spring,-117.3,33,2005:93.3_26.7,2005:Spring_93.3_26.7
CALCOFI 0504,93.3,30,NA,"32.850, -117.533",32.85,-117.533,4/15/05,22:42,23:02,0,202,CALBOBL,NA,0.505,OBLIQUE,ethanol,ethanol,200504,200504:93.3_30,93.3_30,2005,4,Spring,-117.5,32.9,2005:93.3_30,2005:Spring_93.3_30
CALCOFI 0504,93.3,35,NA,"32.683, -117.867",32.683,-117.867,4/16/05,2:34,2:54,0,206,CALBOBL,NA,0.505,OBLIQUE,ethanol,ethanol,200504,200504:93.3_35,93.3_35,2005,4,Spring,-117.9,32.7,2005:93.3_35,2005:Spring_93.3_35
CALCOFI 0504,93.3,40,NA,"32.517, -118.217",32.517,-118.217,4/16/05,6:45,7:06,0,197,CALBOBL,NA,0.505,OBLIQUE,ethanol,ethanol,200504,200504:93.3_40,93.3_40,2005,4,Spring,-118.2,32.5,2005:93.3_40,2005:Spring_93.3_40
CALCOFI 0504,93.4,26.4,NA,"32.950, -117.283",32.95,-117.283,4/15/05,12:43,12:44,0,10,CALBOBL,NA,0.505,OBLIQUE,ethanol,ethanol,200504,200504:93.4_26.4,93.4_26.4,2005,4,Spring,-117.3,33,2005:93.4_26.4,2005:Spring_93.4_26.4
CALCOFI 0411,93.3,26.7,NA,"32.950, -117.300",32.95,-117.3,11/2/04,13:30,13:48,0,161,CALBOBL,NA,0.505,OBLIQUE,ethanol,ethanol,200411,200411:93.3_26.7,93.3_26.7,2004,11,Fall,-117.3,33,2004:93.3_26.7,2004:Fall_93.3_26.7
CALCOFI 0411,93.4,26.4,NA,"32.950, -117.283",32.95,-117.283,11/2/04,15:34,15:35,0,14,CALBOBL,NA,0.505,OBLIQUE,ethanol,ethanol,200411,200411:93.4_26.4,93.4_26.4,2004,11,Fall,-117.3,33,2004:93.4_26.4,2004:Fall_93.4_26.4
CALCOFI 0411,93.3,30,NA,"32.850, -117.533",32.85,-117.533,11/2/04,22:47,23:09,0,192,CALBOBL,NA,0.505,OBLIQUE,ethanol,ethanol,200411,200411:93.3_30,93.3_30,2004,11,Fall,-117.5,32.9,2004:93.3_30,2004:Fall_93.3_30
CALCOFI 0411,93.3,35,NA,"32.683, -117.867",32.683,-117.867,11/3/04,2:44,3:05,0,191,CALBOBL,NA,0.505,OBLIQUE,ethanol,ethanol,200411,200411:93.3_35,93.3_35,2004,11,Fall,-117.9,32.7,2004:93.3_35,2004:Fall_93.3_35
CALCOFI 0411,93.3,40,NA,"32.517, -118.217",32.517,-118.217,11/3/04,6:26,6:47,0,219,CALBOBL,NA,0.505,OBLIQUE,ethanol,ethanol,200411,200411:93.3_40,93.3_40,2004,11,Fall,-118.2,32.5,2004:93.3_40,2004:Fall_93.3_40
CALCOFI 0411,90,60,NA,"32.417, -119.967",32.417,-119.967,11/8/04,6:44,7:05,0,210,CALBOBL,NA,0.505,OBLIQUE,ethanol,ethanol,200411,200411:90_60,90_60,2004,11,Fall,-120,32.4,2004:90_60,2004:Fall_90_60
CALCOFI 0411,90,45,NA,"32.917, -118.933",32.917,-118.933,11/8/04,19:12,19:33,0,219,CALBOBL,NA,0.505,OBLIQUE,ethanol,ethanol,200411,200411:90_45,90_45,2004,11,Fall,-118.9,32.9,2004:90_45,2004:Fall_90_45
CALCOFI 0411,90,37,NA,"33.183, -118.383",33.183,-118.383,11/9/04,0:53,1:14,0,204,CALBOBL,NA,0.505,OBLIQUE,ethanol,ethanol,200411,200411:90_37,90_37,2004,11,Fall,-118.4,33.2,2004:90_37,2004:Fall_90_37
CALCOFI 0411,90,35,NA,"33.250, -118.250",33.25,-118.25,11/9/04,4:08,4:29,0,211,CALBOBL,NA,0.505,OBLIQUE,ethanol,ethanol,200411,200411:90_35,90_35,2004,11,Fall,-118.2,33.2,2004:90_35,2004:Fall_90_35
CALCOFI 0411,90,28,NA,"33.483, -117.767",33.483,-117.767,11/9/04,10:53,11:00,0,64,CALBOBL,NA,0.505,OBLIQUE,ethanol,ethanol,200411,200411:90_28,90_28,2004,11,Fall,-117.8,33.5,2004:90_28,2004:Fall_90_28
CALCOFI 0411,88.5,30.1,NA,"33.667, -118.100",33.667,-118.1,11/9/04,15:30,15:32,0,14,CALBOBL,NA,0.505,OBLIQUE,ethanol,ethanol,200411,200411:88.5_30.1,88.5_30.1,2004,11,Fall,-118.1,33.7,2004:88.5_30.1,2004:Fall_88.5_30.1
CALCOFI 0411,86.7,33,NA,"33.883, -118.483",33.883,-118.483,11/9/04,20:06,20:11,0,42,CALBOBL,NA,0.505,OBLIQUE,ethanol,ethanol,200411,200411:86.7_33,86.7_33,2004,11,Fall,-118.5,33.9,2004:86.7_33,2004:Fall_86.7_33
CALCOFI 0411,86.7,40,NA,"33.667, -118.967",33.667,-118.967,11/10/04,3:37,3:58,0,216,CALBOBL,NA,0.505,OBLIQUE,ethanol,ethanol,200411,200411:86.7_40,86.7_40,2004,11,Fall,-119,33.7,2004:86.7_40,2004:Fall_86.7_40
CALCOFI 0411,86.7,45,NA,"33.483, -119.317",33.483,-119.317,11/10/04,7:08,7:29,0,190,CALBOBL,NA,0.505,OBLIQUE,ethanol,ethanol,200411,200411:86.7_45,86.7_45,2004,11,Fall,-119.3,33.5,2004:86.7_45,2004:Fall_86.7_45
CALCOFI 0411,83.3,55,NA,"33.750, -120.417",33.75,-120.417,11/13/04,23:40,12:01,0,205,CALBOBL,NA,0.505,OBLIQUE,ethanol,ethanol,200411,200411:83.3_55,83.3_55,2004,11,Fall,-120.4,33.8,2004:83.3_55,2004:Fall_83.3_55
CALCOFI 0411,83.3,51,NA,"33.883, -120.133",33.883,-120.133,11/14/04,3:15,3:22,0,47,CALBOBL,NA,0.505,OBLIQUE,ethanol,ethanol,200411,200411:83.3_51,83.3_51,2004,11,Fall,-120.1,33.9,2004:83.3_51,2004:Fall_83.3_51
CALCOFI 0411,83.3,40.6,NA,"34.233, -119.417",34.233,-119.417,11/14/04,11:24,11:27,0,30,CALBOBL,NA,0.505,OBLIQUE,ethanol,ethanol,200411,200411:83.3_40.6,83.3_40.6,2004,11,Fall,-119.4,34.2,2004:83.3_40.6,2004:Fall_83.3_40.6
CALCOFI 0411,83.3,39.4,NA,"34.267, -119.317",34.267,-119.317,11/14/04,13:33,13:35,0,14,CALBOBL,NA,0.505,OBLIQUE,ethanol,ethanol,200411,200411:83.3_39.4,83.3_39.4,2004,11,Fall,-119.3,34.3,2004:83.3_39.4,2004:Fall_83.3_39.4
CALCOFI 0411,81.7,43.5,NA,"34.400, -119.800",34.4,-119.8,11/14/04,17:36,17:38,0,13,CALBOBL,NA,0.505,OBLIQUE,ethanol,ethanol,200411,200411:81.7_43.5,81.7_43.5,2004,11,Fall,-119.8,34.4,2004:81.7_43.5,2004:Fall_81.7_43.5
CALCOFI 0411,81.8,46.9,NA,"34.283, -120.033",34.283,-120.033,11/14/04,22:23,22:45,0,201,CALBOBL,NA,0.505,OBLIQUE,ethanol,ethanol,200411,200411:81.8_46.9,81.8_46.9,2004,11,Fall,-120,34.3,2004:81.8_46.9,2004:Fall_81.8_46.9
CALCOFI 0411,80,50.5,NA,"34.467, -120.483",34.467,-120.483,11/15/04,2:57,2:58,0,14,CALBOBL,NA,0.505,OBLIQUE,ethanol,ethanol,200411,200411:80_50.5,80_50.5,2004,11,Fall,-120.5,34.5,2004:80_50.5,2004:Fall_80_50.5
CALCOFI 0411,80,55,NA,"34.317, -120.800",34.317,-120.8,11/15/04,8:21,8:42,0,216,CALBOBL,NA,0.505,OBLIQUE,ethanol,ethanol,200411,200411:80_55,80_55,2004,11,Fall,-120.8,34.3,2004:80_55,2004:Fall_80_55
CALCOFI 0411,80,60,NA,"34.150, -121.150",34.15,-121.15,11/15/04,12:54,13:15,0,185,CALBOBL,NA,0.505,OBLIQUE,ethanol,ethanol,200411,200411:80_60,80_60,2004,11,Fall,-121.2,34.1,2004:80_60,2004:Fall_80_60
CALCOFI 0411,76.7,60,NA,"34.717, -121.550",34.717,-121.55,11/17/04,23:44,12:05,0,199,CALBOBL,NA,0.505,OBLIQUE,ethanol,ethanol,200411,200411:76.7_60,76.7_60,2004,11,Fall,-121.6,34.7,2004:76.7_60,2004:Fall_76.7_60
CALCOFI 0411,76.7,55,NA,"34.883, -121.200",34.883,-121.2,11/18/04,5:04,5:25,0,211,CALBOBL,NA,0.505,OBLIQUE,ethanol,ethanol,200411,200411:76.7_55,76.7_55,2004,11,Fall,-121.2,34.9,2004:76.7_55,2004:Fall_76.7_55
CALCOFI 0411,76.7,49,NA,"35.083, -120.783",35.083,-120.783,11/18/04,11:57,12:02,0,41,CALBOBL,NA,0.505,OBLIQUE,ethanol,ethanol,200411,200411:76.7_49,76.7_49,2004,11,Fall,-120.8,35.1,2004:76.7_49,2004:Fall_76.7_49
CALCOFI 0411,85.4,35.8,NA,"34.000, -118.833",34,-118.833,11/18/04,23:49,23:52,0,20,CALBOBL,NA,0.505,OBLIQUE,ethanol,ethanol,200411,200411:85.4_35.8,85.4_35.8,2004,11,Fall,-118.8,34,2004:85.4_35.8,2004:Fall_85.4_35.8
CALCOFI 0411,86.8,32.5,NA,"33.883, -118.433",33.883,-118.433,11/19/04,2:24,2:26,0,12,CALBOBL,NA,0.505,OBLIQUE,ethanol,ethanol,200411,200411:86.8_32.5,86.8_32.5,2004,11,Fall,-118.4,33.9,2004:86.8_32.5,2004:Fall_86.8_32.5
CALCOFI 0411,91.7,26.4,NA,"33.250, -117.467",33.25,-117.467,11/19/04,8:32,8:33,0,12,CALBOBL,NA,0.505,OBLIQUE,ethanol,ethanol,200411,200411:91.7_26.4,91.7_26.4,2004,11,Fall,-117.5,33.2,2004:91.7_26.4,2004:Fall_91.7_26.4
CALCOFI 0511,76.7,49,NA,"35.083, -120.783",35.083,-120.783,11/20/05,4:01,4:07,0,48,CALBOBL,NA,0.505,OBLIQUE,ethanol,ethanol,200511,200511:76.7_49,76.7_49,2005,11,Fall,-120.8,35.1,2005:76.7_49,2005:Fall_76.7_49
CALCOFI 0511,76.7,55,NA,"34.883, -121.200",34.883,-121.2,11/19/05,22:13,22:34,0,206,CALBOBL,NA,0.505,OBLIQUE,ethanol,ethanol,200511,200511:76.7_55,76.7_55,2005,11,Fall,-121.2,34.9,2005:76.7_55,2005:Fall_76.7_55
CALCOFI 0511,76.7,60,NA,"34.733, -121.550",34.733,-121.55,11/19/05,18:31,18:51,0,202,CALBOBL,NA,0.505,OBLIQUE,ethanol,ethanol,200511,200511:76.7_60,76.7_60,2005,11,Fall,-121.6,34.7,2005:76.7_60,2005:Fall_76.7_60
CALCOFI 0511,80,50.5,NA,"34.467, -120.483",34.467,-120.483,11/17/05,0:25,0:26,0,19,CALBOBL,NA,0.505,OBLIQUE,ethanol,ethanol,200511,200511:80_50.5,80_50.5,2005,11,Fall,-120.5,34.5,2005:80_50.5,2005:Fall_80_50.5
CALCOFI 0511,80,55,NA,"34.317, -120.800",34.317,-120.8,11/17/05,6:13,6:36,0,205,CALBOBL,NA,0.505,OBLIQUE,ethanol,ethanol,200511,200511:80_55,80_55,2005,11,Fall,-120.8,34.3,2005:80_55,2005:Fall_80_55
CALCOFI 0511,80,60,NA,"34.150, -121.150",34.15,-121.15,11/17/05,9:28,9:49,0,201,CALBOBL,NA,0.505,OBLIQUE,ethanol,ethanol,200511,200511:80_60,80_60,2005,11,Fall,-121.2,34.1,2005:80_60,2005:Fall_80_60
CALCOFI 0511,81.7,43.5,NA,"34.400, -119.800",34.4,-119.8,11/16/05,17:06,17:09,0,19,CALBOBL,NA,0.505,OBLIQUE,ethanol,ethanol,200511,200511:81.7_43.5,81.7_43.5,2005,11,Fall,-119.8,34.4,2005:81.7_43.5,2005:Fall_81.7_43.5
CALCOFI 0511,81.8,46.9,NA,"34.283, -120.017",34.283,-120.017,11/16/05,20:40,21:01,0,210,CALBOBL,NA,0.505,OBLIQUE,ethanol,ethanol,200511,200511:81.8_46.9,81.8_46.9,2005,11,Fall,-120,34.3,2005:81.8_46.9,2005:Fall_81.8_46.9
CALCOFI 0511,83.3,39.4,NA,"34.250, -119.350",34.25,-119.35,11/16/05,13:46,13:48,0,15,CALBOBL,NA,0.505,OBLIQUE,ethanol,ethanol,200511,200511:83.3_39.4,83.3_39.4,2005,11,Fall,-119.3,34.2,2005:83.3_39.4,2005:Fall_83.3_39.4
CALCOFI 0511,83.3,40.6,NA,"34.233, -119.400",34.233,-119.4,11/16/05,12:07,12:09,0,20,CALBOBL,NA,0.505,OBLIQUE,ethanol,ethanol,200511,200511:83.3_40.6,83.3_40.6,2005,11,Fall,-119.4,34.2,2005:83.3_40.6,2005:Fall_83.3_40.6
CALCOFI 0511,83.3,51,NA,"33.883, -120.133",33.883,-120.133,11/16/05,3:13,3:22,0,77,CALBOBL,NA,0.505,OBLIQUE,ethanol,ethanol,200511,200511:83.3_51,83.3_51,2005,11,Fall,-120.1,33.9,2005:83.3_51,2005:Fall_83.3_51
CALCOFI 0511,83.3,55,NA,"33.750, -120.417",33.75,-120.417,11/15/05,23:17,23:38,0,207,CALBOBL,NA,0.505,OBLIQUE,ethanol,ethanol,200511,200511:83.3_55,83.3_55,2005,11,Fall,-120.4,33.8,2005:83.3_55,2005:Fall_83.3_55
CALCOFI 0511,85.4,35.8,NA,"34.017, -118.833",34.017,-118.833,11/20/05,17:57,18:00,0,22,CALBOBL,NA,0.505,OBLIQUE,ethanol,ethanol,200511,200511:85.4_35.8,85.4_35.8,2005,11,Fall,-118.8,34,2005:85.4_35.8,2005:Fall_85.4_35.8
CALCOFI 0511,86.7,33,NA,"33.883, -118.483",33.883,-118.483,11/11/05,2:33,2:38,0,39,CALBOBL,NA,0.505,OBLIQUE,ethanol,ethanol,200511,200511:86.7_33,86.7_33,2005,11,Fall,-118.5,33.9,2005:86.7_33,2005:Fall_86.7_33
CALCOFI 0511,86.7,40,NA,"33.650, -118.967",33.65,-118.967,11/11/05,11:11,11:32,0,205,CALBOBL,NA,0.505,OBLIQUE,ethanol,ethanol,200511,200511:86.7_40,86.7_40,2005,11,Fall,-119,33.6,2005:86.7_40,2005:Fall_86.7_40
CALCOFI 0511,86.7,45,NA,"33.500, -119.317",33.5,-119.317,11/11/05,15:22,15:44,0,206,CALBOBL,NA,0.505,OBLIQUE,ethanol,ethanol,200511,200511:86.7_45,86.7_45,2005,11,Fall,-119.3,33.5,2005:86.7_45,2005:Fall_86.7_45
CALCOFI 0511,86.8,32.5,NA,"33.883, -118.450",33.883,-118.45,11/11/05,1:21,1:23,0,20,CALBOBL,NA,0.505,OBLIQUE,ethanol,ethanol,200511,200511:86.8_32.5,86.8_32.5,2005,11,Fall,-118.4,33.9,2005:86.8_32.5,2005:Fall_86.8_32.5
CALCOFI 0511,88.5,30.1,NA,"33.667, -118.083",33.667,-118.083,11/10/05,21:40,21:42,0,17,CALBOBL,NA,0.505,OBLIQUE,ethanol,ethanol,200511,200511:88.5_30.1,88.5_30.1,2005,11,Fall,-118.1,33.7,2005:88.5_30.1,2005:Fall_88.5_30.1
CALCOFI 0511,90,28,NA,"33.483, -117.767",33.483,-117.767,11/10/05,18:59,19:11,0,112,CALBOBL,NA,0.505,OBLIQUE,ethanol,ethanol,200511,200511:90_28,90_28,2005,11,Fall,-117.8,33.5,2005:90_28,2005:Fall_90_28
CALCOFI 0511,90,35,NA,"33.250, -118.250",33.25,-118.25,11/10/05,11:10,11:30,0,197,CALBOBL,NA,0.505,OBLIQUE,ethanol,ethanol,200511,200511:90_35,90_35,2005,11,Fall,-118.2,33.2,2005:90_35,2005:Fall_90_35
CALCOFI 0511,90,37,NA,"33.183, -118.383",33.183,-118.383,11/10/05,8:16,8:37,0,202,CALBOBL,NA,0.505,OBLIQUE,ethanol,ethanol,200511,200511:90_37,90_37,2005,11,Fall,-118.4,33.2,2005:90_37,2005:Fall_90_37
CALCOFI 0511,90,45,NA,"32.917, -118.933",32.917,-118.933,11/10/05,2:55,3:16,0,198,CALBOBL,NA,0.505,OBLIQUE,ethanol,ethanol,200511,200511:90_45,90_45,2005,11,Fall,-118.9,32.9,2005:90_45,2005:Fall_90_45
CALCOFI 0511,90,60,NA,"32.417, -119.967",32.417,-119.967,11/9/05,16:47,17:08,0,199,CALBOBL,NA,0.505,OBLIQUE,ethanol,ethanol,200511,200511:90_60,90_60,2005,11,Fall,-120,32.4,2005:90_60,2005:Fall_90_60
CALCOFI 0511,91.7,26.4,NA,"33.250, -117.467",33.25,-117.467,11/4/05,17:15,17:17,0,16,CALBOBL,NA,0.505,OBLIQUE,ethanol,ethanol,200511,200511:91.7_26.4,91.7_26.4,2005,11,Fall,-117.5,33.2,2005:91.7_26.4,2005:Fall_91.7_26.4
CALCOFI 0511,93.3,26.7,NA,"32.950, -117.300",32.95,-117.3,11/4/05,12:48,13:08,0,214,CALBOBL,NA,0.505,OBLIQUE,ethanol,ethanol,200511,200511:93.3_26.7,93.3_26.7,2005,11,Fall,-117.3,33,2005:93.3_26.7,2005:Fall_93.3_26.7
CALCOFI 0511,93.3,30,NA,"32.850, -117.533",32.85,-117.533,11/5/05,0:27,0:48,0,195,CALBOBL,NA,0.505,OBLIQUE,ethanol,ethanol,200511,200511:93.3_30,93.3_30,2005,11,Fall,-117.5,32.9,2005:93.3_30,2005:Fall_93.3_30
CALCOFI 0511,93.3,35,NA,"32.683, -117.867",32.683,-117.867,11/5/05,4:24,4:44,0,185,CALBOBL,NA,0.505,OBLIQUE,ethanol,ethanol,200511,200511:93.3_35,93.3_35,2005,11,Fall,-117.9,32.7,2005:93.3_35,2005:Fall_93.3_35
CALCOFI 0511,93.3,40,NA,"32.517, -118.217",32.517,-118.217,11/5/05,8:27,8:48,0,204,CALBOBL,NA,0.505,OBLIQUE,ethanol,ethanol,200511,200511:93.3_40,93.3_40,2005,11,Fall,-118.2,32.5,2005:93.3_40,2005:Fall_93.3_40
CALCOFI 0511,93.4,26.4,NA,"32.950, -117.283",32.95,-117.283,11/4/05,14:26,14:28,0,14,CALBOBL,NA,0.505,OBLIQUE,ethanol,ethanol,200511,200511:93.4_26.4,93.4_26.4,2005,11,Fall,-117.3,33,2005:93.4_26.4,2005:Fall_93.4_26.4
CALCOFI 0604,76.7,49,NA,"35.083, -120.767",35.083,-120.767,4/16/06,21:39,21:45,0,54,CALBOBL,NA,0.505,OBLIQUE,ethanol,ethanol,200604,200604:76.7_49,76.7_49,2006,4,Spring,-120.8,35.1,2006:76.7_49,2006:Spring_76.7_49
CALCOFI 0604,76.7,55,NA,"34.883, -121.200",34.883,-121.2,4/16/06,15:33,15:54,0,204,CALBOBL,NA,0.505,OBLIQUE,ethanol,ethanol,200604,200604:76.7_55,76.7_55,2006,4,Spring,-121.2,34.9,2006:76.7_55,2006:Spring_76.7_55
CALCOFI 0604,76.7,60,NA,"34.717, -121.550",34.717,-121.55,4/16/06,11:13,11:34,0,204,CALBOBL,NA,0.505,OBLIQUE,ethanol,ethanol,200604,200604:76.7_60,76.7_60,2006,4,Spring,-121.6,34.7,2006:76.7_60,2006:Spring_76.7_60
CALCOFI 0604,80,50.5,NA,"34.467, -120.483",34.467,-120.483,4/13/06,15:53,15:55,0,13,CALBOBL,NA,0.505,OBLIQUE,ethanol,ethanol,200604,200604:80_50.5,80_50.5,2006,4,Spring,-120.5,34.5,2006:80_50.5,2006:Spring_80_50.5
CALCOFI 0604,80,55,NA,"34.317, -120.800",34.317,-120.8,4/13/06,21:40,22:01,0,198,CALBOBL,NA,0.505,OBLIQUE,ethanol,ethanol,200604,200604:80_55,80_55,2006,4,Spring,-120.8,34.3,2006:80_55,2006:Spring_80_55
CALCOFI 0604,80,60,NA,"34.150, -121.150",34.15,-121.15,4/14/06,1:55,2:16,0,212,CALBOBL,NA,0.505,OBLIQUE,ethanol,ethanol,200604,200604:80_60,80_60,2006,4,Spring,-121.2,34.1,2006:80_60,2006:Spring_80_60
CALCOFI 0604,81.7,43.5,NA,"34.400, -119.800",34.4,-119.8,4/13/06,8:19,8:20,0,10,CALBOBL,NA,0.505,OBLIQUE,ethanol,ethanol,200604,200604:81.7_43.5,81.7_43.5,2006,4,Spring,-119.8,34.4,2006:81.7_43.5,2006:Spring_81.7_43.5
CALCOFI 0604,81.8,46.9,NA,"34.283, -120.033",34.283,-120.033,4/13/06,12:10,12:31,0,202,CALBOBL,NA,0.505,OBLIQUE,ethanol,ethanol,200604,200604:81.8_46.9,81.8_46.9,2006,4,Spring,-120,34.3,2006:81.8_46.9,2006:Spring_81.8_46.9
CALCOFI 0604,83.3,39.4,NA,"34.250, -119.333",34.25,-119.333,4/13/06,5:08,5:10,0,12,CALBOBL,NA,0.505,OBLIQUE,ethanol,ethanol,200604,200604:83.3_39.4,83.3_39.4,2006,4,Spring,-119.3,34.2,2006:83.3_39.4,2006:Spring_83.3_39.4
CALCOFI 0604,83.3,40.6,NA,"34.217, -119.417",34.217,-119.417,4/13/06,4:02,4:04,0,21,CALBOBL,NA,0.505,OBLIQUE,ethanol,ethanol,200604,200604:83.3_40.6,83.3_40.6,2006,4,Spring,-119.4,34.2,2006:83.3_40.6,2006:Spring_83.3_40.6
CALCOFI 0604,83.3,51,NA,"33.883, -120.133",33.883,-120.133,4/12/06,20:02,20:10,0,80,CALBOBL,NA,0.505,OBLIQUE,ethanol,ethanol,200604,200604:83.3_51,83.3_51,2006,4,Spring,-120.1,33.9,2006:83.3_51,2006:Spring_83.3_51
CALCOFI 0604,83.3,55,NA,"33.750, -120.417",33.75,-120.417,4/12/06,16:50,17:11,0,198,CALBOBL,NA,0.505,OBLIQUE,ethanol,ethanol,200604,200604:83.3_55,83.3_55,2006,4,Spring,-120.4,33.8,2006:83.3_55,2006:Spring_83.3_55
CALCOFI 0604,85.4,35.8,NA,"34.017, -118.833",34.017,-118.833,4/17/06,18:57,18:59,0,13,CALBOBL,NA,0.505,OBLIQUE,ethanol,ethanol,200604,200604:85.4_35.8,85.4_35.8,2006,4,Spring,-118.8,34,2006:85.4_35.8,2006:Spring_85.4_35.8
CALCOFI 0604,86.7,33,NA,"33.883, -118.483",33.883,-118.483,4/8/06,12:09,12:14,0,43,CALBOBL,NA,0.505,OBLIQUE,ethanol,ethanol,200604,200604:86.7_33,86.7_33,2006,4,Spring,-118.5,33.9,2006:86.7_33,2006:Spring_86.7_33
CALCOFI 0604,86.7,40,NA,"33.650, -118.967",33.65,-118.967,4/8/06,21:06,21:27,0,210,CALBOBL,NA,0.505,OBLIQUE,ethanol,ethanol,200604,200604:86.7_40,86.7_40,2006,4,Spring,-119,33.6,2006:86.7_40,2006:Spring_86.7_40
CALCOFI 0604,86.7,45,NA,"33.483, -119.317",33.483,-119.317,4/9/06,1:54,2:15,0,216,CALBOBL,NA,0.505,OBLIQUE,ethanol,ethanol,200604,200604:86.7_45,86.7_45,2006,4,Spring,-119.3,33.5,2006:86.7_45,2006:Spring_86.7_45
CALCOFI 0604,86.8,32.5,NA,"33.883, -118.433",33.883,-118.433,4/8/06,13:05,13:07,0,14,CALBOBL,NA,0.505,OBLIQUE,ethanol,ethanol,200604,200604:86.8_32.5,86.8_32.5,2006,4,Spring,-118.4,33.9,2006:86.8_32.5,2006:Spring_86.8_32.5
CALCOFI 0604,88.5,30.1,NA,"33.667, -118.083",33.667,-118.083,4/8/06,7:26,7:28,0,13,CALBOBL,NA,0.505,OBLIQUE,ethanol,ethanol,200604,200604:88.5_30.1,88.5_30.1,2006,4,Spring,-118.1,33.7,2006:88.5_30.1,2006:Spring_88.5_30.1
CALCOFI 0604,90,28,NA,"33.483, -117.767",33.483,-117.767,4/8/06,1:31,1:52,0,212,CALBOBL,NA,0.505,OBLIQUE,ethanol,ethanol,200604,200604:90_28,90_28,2006,4,Spring,-117.8,33.5,2006:90_28,2006:Spring_90_28
CALCOFI 0604,90,35,NA,"33.250, -118.250",33.25,-118.25,4/7/06,19:35,19:56,0,210,CALBOBL,NA,0.505,OBLIQUE,ethanol,ethanol,200604,200604:90_35,90_35,2006,4,Spring,-118.2,33.2,2006:90_35,2006:Spring_90_35
CALCOFI 0604,90,37,NA,"33.183, -118.383",33.183,-118.383,4/7/06,16:25,16:46,0,210,CALBOBL,NA,0.505,OBLIQUE,ethanol,ethanol,200604,200604:90_37,90_37,2006,4,Spring,-118.4,33.2,2006:90_37,2006:Spring_90_37
CALCOFI 0604,90,45,NA,"32.917, -118.933",32.917,-118.933,4/7/06,9:30,9:50,0,208,CALBOBL,NA,0.505,OBLIQUE,ethanol,ethanol,200604,200604:90_45,90_45,2006,4,Spring,-118.9,32.9,2006:90_45,2006:Spring_90_45
CALCOFI 0604,90,60,NA,"32.417, -119.967",32.417,-119.967,4/6/06,23:42,12:03,0,212,CALBOBL,NA,0.505,OBLIQUE,ethanol,ethanol,200604,200604:90_60,90_60,2006,4,Spring,-120,32.4,2006:90_60,2006:Spring_90_60
CALCOFI 0604,91.7,26.4,NA,"33.250, -117.467",33.25,-117.467,4/1/06,16:55,16:57,0,14,CALBOBL,NA,0.505,OBLIQUE,ethanol,ethanol,200604,200604:91.7_26.4,91.7_26.4,2006,4,Spring,-117.5,33.2,2006:91.7_26.4,2006:Spring_91.7_26.4
CALCOFI 0604,93.3,26.7,NA,"32.967, -117.300",32.967,-117.3,4/1/06,12:46,12:52,0,72,CALBOBL,NA,0.505,OBLIQUE,ethanol,ethanol,200604,200604:93.3_26.7,93.3_26.7,2006,4,Spring,-117.3,33,2006:93.3_26.7,2006:Spring_93.3_26.7
CALCOFI 0604,93.3,30,NA,"32.850, -117.533",32.85,-117.533,4/2/06,0:43,1:03,0,215,CALBOBL,NA,0.505,OBLIQUE,ethanol,ethanol,200604,200604:93.3_30,93.3_30,2006,4,Spring,-117.5,32.9,2006:93.3_30,2006:Spring_93.3_30
CALCOFI 0604,93.3,35,NA,"32.683, -117.867",32.683,-117.867,4/2/06,4:49,5:09,0,206,CALBOBL,NA,0.505,OBLIQUE,ethanol,ethanol,200604,200604:93.3_35,93.3_35,2006,4,Spring,-117.9,32.7,2006:93.3_35,2006:Spring_93.3_35
CALCOFI 0604,93.3,40,NA,"32.517, -118.200",32.517,-118.2,4/2/06,8:23,8:44,0,209,CALBOBL,NA,0.505,OBLIQUE,ethanol,ethanol,200604,200604:93.3_40,93.3_40,2006,4,Spring,-118.2,32.5,2006:93.3_40,2006:Spring_93.3_40
CALCOFI 0604,93.4,26.4,NA,"32.950, -117.283",32.95,-117.283,4/1/06,13:50,13:52,0,13,CALBOBL,NA,0.505,OBLIQUE,ethanol,ethanol,200604,200604:93.4_26.4,93.4_26.4,2006,4,Spring,-117.3,33,2006:93.4_26.4,2006:Spring_93.4_26.4
CALCOFI 0610,76.7,49,NA,"35.083, -120.783",35.083,-120.783,11/5/06,3:38,3:44,0,54,CALBOBL,NA,0.505,OBLIQUE,ethanol,ethanol,200610,200610:76.7_49,76.7_49,2006,11,Fall,-120.8,35.1,2006:76.7_49,2006:Fall_76.7_49
CALCOFI 0610,76.7,55,NA,"34.883, -121.200",34.883,-121.2,11/4/06,20:34,20:57,0,245,CALBOBL,NA,0.505,OBLIQUE,ethanol,ethanol,200610,200610:76.7_55,76.7_55,2006,11,Fall,-121.2,34.9,2006:76.7_55,2006:Fall_76.7_55
CALCOFI 0610,76.7,60,NA,"34.717, -121.550",34.717,-121.55,11/4/06,16:24,16:46,0,224,CALBOBL,NA,0.505,OBLIQUE,ethanol,ethanol,200610,200610:76.7_60,76.7_60,2006,11,Fall,-121.6,34.7,2006:76.7_60,2006:Fall_76.7_60
CALCOFI 0610,80,50.5,NA,"34.467, -120.483",34.467,-120.483,11/1/06,20:53,20:55,0,14,CALBOBL,NA,0.505,OBLIQUE,ethanol,ethanol,200610,200610:80_50.5,80_50.5,2006,11,Fall,-120.5,34.5,2006:80_50.5,2006:Fall_80_50.5
CALCOFI 0610,80,55,NA,"34.317, -120.800",34.317,-120.8,11/2/06,2:46,3:09,0,217,CALBOBL,NA,0.505,OBLIQUE,ethanol,ethanol,200610,200610:80_55,80_55,2006,11,Fall,-120.8,34.3,2006:80_55,2006:Fall_80_55
CALCOFI 0610,80,60,NA,"34.150, -121.150",34.15,-121.15,11/2/06,6:57,7:18,0,211,CALBOBL,NA,0.505,OBLIQUE,ethanol,ethanol,200610,200610:80_60,80_60,2006,11,Fall,-121.2,34.1,2006:80_60,2006:Fall_80_60
CALCOFI 0610,81.7,43.5,NA,"34.400, -119.800",34.4,-119.8,11/1/06,14:06,14:07,0,14,CALBOBL,NA,0.505,OBLIQUE,ethanol,ethanol,200610,200610:81.7_43.5,81.7_43.5,2006,11,Fall,-119.8,34.4,2006:81.7_43.5,2006:Fall_81.7_43.5
CALCOFI 0610,81.8,46.9,NA,"34.283, -120.017",34.283,-120.017,11/1/06,17:21,17:42,0,206,CALBOBL,NA,0.505,OBLIQUE,ethanol,ethanol,200610,200610:81.8_46.9,81.8_46.9,2006,11,Fall,-120,34.3,2006:81.8_46.9,2006:Fall_81.8_46.9
CALCOFI 0610,83.3,39.4,NA,"34.267, -119.333",34.267,-119.333,11/1/06,11:09,11:10,0,15,CALBOBL,NA,0.505,OBLIQUE,ethanol,ethanol,200610,200610:83.3_39.4,83.3_39.4,2006,11,Fall,-119.3,34.3,2006:83.3_39.4,2006:Fall_83.3_39.4
CALCOFI 0610,83.3,40.6,NA,"34.233, -119.417",34.233,-119.417,11/1/06,9:13,9:15,0,22,CALBOBL,NA,0.505,OBLIQUE,ethanol,ethanol,200610,200610:83.3_40.6,83.3_40.6,2006,11,Fall,-119.4,34.2,2006:83.3_40.6,2006:Fall_83.3_40.6
CALCOFI 0610,83.3,51,NA,"33.883, -120.133",33.883,-120.133,10/31/06,19:55,20:04,0,77,CALBOBL,NA,0.505,OBLIQUE,ethanol,ethanol,200610,200610:83.3_51,83.3_51,2006,10,Fall,-120.1,33.9,2006:83.3_51,2006:Fall_83.3_51
CALCOFI 0610,83.3,55,NA,"33.750, -120.417",33.75,-120.417,10/31/06,16:08,16:29,0,214,CALBOBL,NA,0.505,OBLIQUE,ethanol,ethanol,200610,200610:83.3_55,83.3_55,2006,10,Fall,-120.4,33.8,2006:83.3_55,2006:Fall_83.3_55
CALCOFI 0610,85.4,35.8,NA,"34.017, -118.850",34.017,-118.85,11/1/06,2:36,2:38,0,15,CALBOBL,NA,0.505,OBLIQUE,ethanol,ethanol,200610,200610:85.4_35.8,85.4_35.8,2006,11,Fall,-118.8,34,2006:85.4_35.8,2006:Fall_85.4_35.8
CALCOFI 0610,86.7,33,NA,"33.883, -118.483",33.883,-118.483,10/27/06,17:19,17:23,0,43,CALBOBL,NA,0.505,OBLIQUE,ethanol,ethanol,200610,200610:86.7_33,86.7_33,2006,10,Fall,-118.5,33.9,2006:86.7_33,2006:Fall_86.7_33
CALCOFI 0610,86.7,40,NA,"33.650, -118.967",33.65,-118.967,10/28/06,0:42,1:03,0,205,CALBOBL,NA,0.505,OBLIQUE,ethanol,ethanol,200610,200610:86.7_40,86.7_40,2006,10,Fall,-119,33.6,2006:86.7_40,2006:Fall_86.7_40
CALCOFI 0610,86.7,45,NA,"33.483, -119.317",33.483,-119.317,10/28/06,5:11,5:32,0,203,CALBOBL,NA,0.505,OBLIQUE,ethanol,ethanol,200610,200610:86.7_45,86.7_45,2006,10,Fall,-119.3,33.5,2006:86.7_45,2006:Fall_86.7_45
CALCOFI 0610,86.8,32.5,NA,"33.883, -118.450",33.883,-118.45,10/27/06,15:49,15:51,0,16,CALBOBL,NA,0.505,OBLIQUE,ethanol,ethanol,200610,200610:86.8_32.5,86.8_32.5,2006,10,Fall,-118.4,33.9,2006:86.8_32.5,2006:Fall_86.8_32.5
CALCOFI 0610,88.5,30.1,NA,"33.667, -118.083",33.667,-118.083,10/27/06,12:47,12:49,0,12,CALBOBL,NA,0.505,OBLIQUE,ethanol,ethanol,200610,200610:88.5_30.1,88.5_30.1,2006,10,Fall,-118.1,33.7,2006:88.5_30.1,2006:Fall_88.5_30.1
CALCOFI 0610,90,28,NA,"33.483, -117.767",33.483,-117.767,10/27/06,9:17,9:38,0,214,CALBOBL,NA,0.505,OBLIQUE,ethanol,ethanol,200610,200610:90_28,90_28,2006,10,Fall,-117.8,33.5,2006:90_28,2006:Fall_90_28
CALCOFI 0610,90,35,NA,"33.250, -118.250",33.25,-118.25,10/27/06,1:24,1:45,0,207,CALBOBL,NA,0.505,OBLIQUE,ethanol,ethanol,200610,200610:90_35,90_35,2006,10,Fall,-118.2,33.2,2006:90_35,2006:Fall_90_35
CALCOFI 0610,90,37,NA,"33.183, -118.383",33.183,-118.383,10/26/06,22:08,22:29,0,222,CALBOBL,NA,0.505,OBLIQUE,ethanol,ethanol,200610,200610:90_37,90_37,2006,10,Fall,-118.4,33.2,2006:90_37,2006:Fall_90_37
CALCOFI 0610,90,45,NA,"32.917, -118.933",32.917,-118.933,10/26/06,16:41,17:02,0,208,CALBOBL,NA,0.505,OBLIQUE,ethanol,ethanol,200610,200610:90_45,90_45,2006,10,Fall,-118.9,32.9,2006:90_45,2006:Fall_90_45
CALCOFI 0610,90,60,NA,"32.417, -119.967",32.417,-119.967,10/26/06,5:14,5:35,0,207,CALBOBL,NA,0.505,OBLIQUE,ethanol,ethanol,200610,200610:90_60,90_60,2006,10,Fall,-120,32.4,2006:90_60,2006:Fall_90_60
CALCOFI 0610,91.7,26.4,NA,"33.233, -117.467",33.233,-117.467,10/21/06,15:45,15:47,0,12,CALBOBL,NA,0.505,OBLIQUE,ethanol,ethanol,200610,200610:91.7_26.4,91.7_26.4,2006,10,Fall,-117.5,33.2,2006:91.7_26.4,2006:Fall_91.7_26.4
CALCOFI 0610,93.3,26.7,NA,"32.950, -117.300",32.95,-117.3,10/21/06,11:45,11:49,0,40,CALBOBL,NA,0.505,OBLIQUE,ethanol,ethanol,200610,200610:93.3_26.7,93.3_26.7,2006,10,Fall,-117.3,33,2006:93.3_26.7,2006:Fall_93.3_26.7
CALCOFI 0610,93.3,30,NA,"32.867, -117.533",32.867,-117.533,10/21/06,23:25,23:46,0,222,CALBOBL,NA,0.505,OBLIQUE,ethanol,ethanol,200610,200610:93.3_30,93.3_30,2006,10,Fall,-117.5,32.9,2006:93.3_30,2006:Fall_93.3_30
CALCOFI 0610,93.3,35,NA,"32.683, -117.867",32.683,-117.867,10/22/06,4:50,5:11,0,205,CALBOBL,NA,0.505,OBLIQUE,ethanol,ethanol,200610,200610:93.3_35,93.3_35,2006,10,Fall,-117.9,32.7,2006:93.3_35,2006:Fall_93.3_35
CALCOFI 0610,93.3,40,NA,"32.517, -118.217",32.517,-118.217,10/22/06,7:33,7:54,0,229,CALBOBL,NA,0.505,OBLIQUE,ethanol,ethanol,200610,200610:93.3_40,93.3_40,2006,10,Fall,-118.2,32.5,2006:93.3_40,2006:Fall_93.3_40
CALCOFI 0610,93.4,26.4,NA,"32.950, -117.283",32.95,-117.283,10/21/06,13:14,13:16,0,16,CALBOBL,NA,0.505,OBLIQUE,ethanol,ethanol,200610,200610:93.4_26.4,93.4_26.4,2006,10,Fall,-117.3,33,2006:93.4_26.4,2006:Fall_93.4_26.4
CALCOFI 0704,76.7,49,NA,"35.083, -120.783",35.083,-120.783,4/23/07,17:46,17:53,0,64,CALBOBL,NA,0.505,OBLIQUE,ethanol,ethanol,200704,200704:76.7_49,76.7_49,2007,4,Spring,-120.8,35.1,2007:76.7_49,2007:Spring_76.7_49
CALCOFI 0704,76.7,55,NA,"34.883, -121.200",34.883,-121.2,4/23/07,23:48,12:09,0,213,CALBOBL,NA,0.505,OBLIQUE,ethanol,ethanol,200704,200704:76.7_55,76.7_55,2007,4,Spring,-121.2,34.9,2007:76.7_55,2007:Spring_76.7_55
CALCOFI 0704,76.7,60,NA,"34.717, -121.550",34.717,-121.55,4/24/07,3:59,4:20,0,208,CALBOBL,NA,0.505,OBLIQUE,ethanol,ethanol,200704,200704:76.7_60,76.7_60,2007,4,Spring,-121.6,34.7,2007:76.7_60,2007:Spring_76.7_60
CALCOFI 0704,80,55,NA,"34.317, -120.800",34.317,-120.8,4/13/07,21:05,21:26,0,200,CALBOBL,NA,0.505,OBLIQUE,ethanol,ethanol,200704,200704:80_55,80_55,2007,4,Spring,-120.8,34.3,2007:80_55,2007:Spring_80_55
CALCOFI 0704,80,60,NA,"34.150, -121.150",34.15,-121.15,4/14/07,1:13,1:34,0,212,CALBOBL,NA,0.505,OBLIQUE,ethanol,ethanol,200704,200704:80_60,80_60,2007,4,Spring,-121.2,34.1,2007:80_60,2007:Spring_80_60
CALCOFI 0704,81.8,46.9,NA,"34.283, -120.033",34.283,-120.033,4/13/07,12:05,12:26,0,214,CALBOBL,NA,0.505,OBLIQUE,ethanol,ethanol,200704,200704:81.8_46.9,81.8_46.9,2007,4,Spring,-120,34.3,2007:81.8_46.9,2007:Spring_81.8_46.9
CALCOFI 0704,86.7,33,NA,"33.883, -118.483",33.883,-118.483,4/7/07,4:55,5:00,0,47,CALBOBL,NA,0.505,OBLIQUE,ethanol,ethanol,200704,200704:86.7_33,86.7_33,2007,4,Spring,-118.5,33.9,2007:86.7_33,2007:Spring_86.7_33
CALCOFI 0704,86.7,40,NA,"33.650, -118.967",33.65,-118.967,4/7/07,13:03,13:24,0,212,CALBOBL,NA,0.505,OBLIQUE,ethanol,ethanol,200704,200704:86.7_40,86.7_40,2007,4,Spring,-119,33.6,2007:86.7_40,2007:Spring_86.7_40
CALCOFI 0704,86.7,45,NA,"33.500, -119.317",33.5,-119.317,4/7/07,17:39,18:00,0,205,CALBOBL,NA,0.505,OBLIQUE,ethanol,ethanol,200704,200704:86.7_45,86.7_45,2007,4,Spring,-119.3,33.5,2007:86.7_45,2007:Spring_86.7_45
CALCOFI 0704,86.8,32.5,NA,"33.883, -118.450",33.883,-118.45,4/7/07,3:25,3:26,0,13,CALBOBL,NA,0.505,OBLIQUE,ethanol,ethanol,200704,200704:86.8_32.5,86.8_32.5,2007,4,Spring,-118.4,33.9,2007:86.8_32.5,2007:Spring_86.8_32.5
CALCOFI 0704,88.5,30.1,NA,"33.667, -118.083",33.667,-118.083,4/6/07,23:43,23:44,0,12,CALBOBL,NA,0.505,OBLIQUE,ethanol,ethanol,200704,200704:88.5_30.1,88.5_30.1,2007,4,Spring,-118.1,33.7,2007:88.5_30.1,2007:Spring_88.5_30.1
CALCOFI 0704,90,28,NA,"33.483, -117.767",33.483,-117.767,4/6/07,20:00,20:07,0,65,CALBOBL,NA,0.505,OBLIQUE,ethanol,ethanol,200704,200704:90_28,90_28,2007,4,Spring,-117.8,33.5,2007:90_28,2007:Spring_90_28
CALCOFI 0704,90,35,NA,"33.250, -118.250",33.25,-118.25,4/6/07,12:42,13:03,0,213,CALBOBL,NA,0.505,OBLIQUE,ethanol,ethanol,200704,200704:90_35,90_35,2007,4,Spring,-118.2,33.2,2007:90_35,2007:Spring_90_35
CALCOFI 0704,90,37,NA,"33.183, -118.383",33.183,-118.383,4/6/07,8:37,8:58,0,207,CALBOBL,NA,0.505,OBLIQUE,ethanol,ethanol,200704,200704:90_37,90_37,2007,4,Spring,-118.4,33.2,2007:90_37,2007:Spring_90_37
CALCOFI 0704,90,45,NA,"32.917, -118.933",32.917,-118.933,4/6/07,3:25,3:46,0,216,CALBOBL,NA,0.505,OBLIQUE,ethanol,ethanol,200704,200704:90_45,90_45,2007,4,Spring,-118.9,32.9,2007:90_45,2007:Spring_90_45
CALCOFI 0704,90,60,NA,"32.417, -119.967",32.417,-119.967,4/5/07,16:07,16:28,0,209,CALBOBL,NA,0.505,OBLIQUE,ethanol,ethanol,200704,200704:90_60,90_60,2007,4,Spring,-120,32.4,2007:90_60,2007:Spring_90_60
CALCOFI 0704,91.7,26.4,NA,"33.233, -117.450",33.233,-117.45,3/28/07,1:17,1:19,0,20,CALBOBL,NA,0.505,OBLIQUE,ethanol,ethanol,200704,200704:91.7_26.4,91.7_26.4,2007,3,Spring,-117.4,33.2,2007:91.7_26.4,2007:Spring_91.7_26.4
CALCOFI 0704,93.3,30,NA,"32.850, -117.533",32.85,-117.533,3/28/07,8:30,8:51,0,215,CALBOBL,NA,0.505,OBLIQUE,ethanol,ethanol,200704,200704:93.3_30,93.3_30,2007,3,Spring,-117.5,32.9,2007:93.3_30,2007:Spring_93.3_30
CALCOFI 0704,93.3,35,NA,"32.683, -117.867",32.683,-117.867,3/28/07,13:11,13:32,0,214,CALBOBL,NA,0.505,OBLIQUE,ethanol,ethanol,200704,200704:93.3_35,93.3_35,2007,3,Spring,-117.9,32.7,2007:93.3_35,2007:Spring_93.3_35
CALCOFI 0704,93.3,40,NA,"32.517, -118.217",32.517,-118.217,3/28/07,17:58,18:19,0,210,CALBOBL,NA,0.505,OBLIQUE,ethanol,ethanol,200704,200704:93.3_40,93.3_40,2007,3,Spring,-118.2,32.5,2007:93.3_40,2007:Spring_93.3_40
CALCOFI 0711 ,93.3,26.7,NA,"32.950, -117.317",32.95,-117.317,11/3/07,0:41,0:59,0,173,CALBOBL,NA,0.505,OBLIQUE,ethanol,ethanol,200711,200711:93.3_26.7,93.3_26.7,2007,11,Fall,-117.3,33,2007:93.3_26.7,2007:Fall_93.3_26.7
CALCOFI 0711 ,93.4,26.4,NA,"32.950, -117.283",32.95,-117.283,11/3/07,2:23,2:25,0,15,CALBOBL,NA,0.505,OBLIQUE,ethanol,ethanol,200711,200711:93.4_26.4,93.4_26.4,2007,11,Fall,-117.3,33,2007:93.4_26.4,2007:Fall_93.4_26.4
CALCOFI 0711 ,93.3,30,NA,"32.850, -117.533",32.85,-117.533,11/3/07,8:31,8:52,0,208,CALBOBL,NA,0.505,OBLIQUE,ethanol,ethanol,200711,200711:93.3_30,93.3_30,2007,11,Fall,-117.5,32.9,2007:93.3_30,2007:Fall_93.3_30
CALCOFI 0711 ,93.3,35,NA,"32.683, -117.867",32.683,-117.867,11/3/07,13:09,13:30,0,218,CALBOBL,NA,0.505,OBLIQUE,ethanol,ethanol,200711,200711:93.3_35,93.3_35,2007,11,Fall,-117.9,32.7,2007:93.3_35,2007:Fall_93.3_35
CALCOFI 0711 ,93.3,40,NA,"32.517, -118.217",32.517,-118.217,11/3/07,18:47,19:08,0,208,CALBOBL,NA,0.505,OBLIQUE,ethanol,ethanol,200711,200711:93.3_40,93.3_40,2007,11,Fall,-118.2,32.5,2007:93.3_40,2007:Fall_93.3_40
CALCOFI 0711 ,90,60,NA,"32.417, -119.967",32.417,-119.967,11/8/07,6:37,6:58,0,210,CALBOBL,NA,0.505,OBLIQUE,ethanol,ethanol,200711,200711:90_60,90_60,2007,11,Fall,-120,32.4,2007:90_60,2007:Fall_90_60
CALCOFI 0711 ,90,45,NA,"32.917, -118.933",32.917,-118.933,11/8/07,17:31,17:52,0,208,CALBOBL,NA,0.505,OBLIQUE,ethanol,ethanol,200711,200711:90_45,90_45,2007,11,Fall,-118.9,32.9,2007:90_45,2007:Fall_90_45
CALCOFI 0711 ,90,37,NA,"33.183, -118.383",33.183,-118.383,11/8/07,23:08,23:30,0,212,CALBOBL,NA,0.505,OBLIQUE,ethanol,ethanol,200711,200711:90_37,90_37,2007,11,Fall,-118.4,33.2,2007:90_37,2007:Fall_90_37
CALCOFI 0711 ,90,35,NA,"33.250, -118.250",33.25,-118.25,11/9/07,2:16,2:37,0,210,CALBOBL,NA,0.505,OBLIQUE,ethanol,ethanol,200711,200711:90_35,90_35,2007,11,Fall,-118.2,33.2,2007:90_35,2007:Fall_90_35
CALCOFI 0711 ,90,28,NA,"33.483, -117.767",33.483,-117.767,11/9/07,9:33,9:39,0,56,CALBOBL,NA,0.505,OBLIQUE,ethanol,ethanol,200711,200711:90_28,90_28,2007,11,Fall,-117.8,33.5,2007:90_28,2007:Fall_90_28
CALCOFI 0711 ,88.5,30.1,NA,"33.667, -118.083",33.667,-118.083,11/9/07,14:29,14:31,0,14,CALBOBL,NA,0.505,OBLIQUE,ethanol,ethanol,200711,200711:88.5_30.1,88.5_30.1,2007,11,Fall,-118.1,33.7,2007:88.5_30.1,2007:Fall_88.5_30.1
CALCOFI 0711 ,86.7,33,NA,"33.883, -118.500",33.883,-118.5,11/9/07,18:45,18:49,0,42,CALBOBL,NA,0.505,OBLIQUE,ethanol,ethanol,200711,200711:86.7_33,86.7_33,2007,11,Fall,-118.5,33.9,2007:86.7_33,2007:Fall_86.7_33
CALCOFI 0711 ,86.7,40,NA,"33.650, -118.967",33.65,-118.967,11/10/07,1:47,2:09,0,221,CALBOBL,NA,0.505,OBLIQUE,ethanol,ethanol,200711,200711:86.7_40,86.7_40,2007,11,Fall,-119,33.6,2007:86.7_40,2007:Fall_86.7_40
CALCOFI 0711 ,86.7,45,NA,"33.483, -119.317",33.483,-119.317,11/10/07,5:43,6:04,0,208,CALBOBL,NA,0.505,OBLIQUE,ethanol,ethanol,200711,200711:86.7_45,86.7_45,2007,11,Fall,-119.3,33.5,2007:86.7_45,2007:Fall_86.7_45
CALCOFI 0711 ,83.3,55,NA,"33.750, -120.417",33.75,-120.417,11/14/07,1:48,2:12,0,202,CALBOBL,NA,0.505,OBLIQUE,ethanol,ethanol,200711,200711:83.3_55,83.3_55,2007,11,Fall,-120.4,33.8,2007:83.3_55,2007:Fall_83.3_55
CALCOFI 0711 ,83.3,51,NA,"33.883, -120.133",33.883,-120.133,11/14/07,5:11,5:19,0,67,CALBOBL,NA,0.505,OBLIQUE,ethanol,ethanol,200711,200711:83.3_51,83.3_51,2007,11,Fall,-120.1,33.9,2007:83.3_51,2007:Fall_83.3_51
CALCOFI 0711 ,83.3,40.6,NA,"34.233, -119.417",34.233,-119.417,11/14/07,15:23,15:26,0,27,CALBOBL,NA,0.505,OBLIQUE,ethanol,ethanol,200711,200711:83.3_40.6,83.3_40.6,2007,11,Fall,-119.4,34.2,2007:83.3_40.6,2007:Fall_83.3_40.6
CALCOFI 0711 ,83.3,39.4,NA,"34.250, -119.317",34.25,-119.317,11/14/07,16:47,16:49,0,14,CALBOBL,NA,0.505,OBLIQUE,ethanol,ethanol,200711,200711:83.3_39.4,83.3_39.4,2007,11,Fall,-119.3,34.2,2007:83.3_39.4,2007:Fall_83.3_39.4
CALCOFI 0711 ,81.8,46.9,NA,"34.283, -120.033",34.283,-120.033,11/15/07,3:31,3:53,0,208,CALBOBL,NA,0.505,OBLIQUE,ethanol,ethanol,200711,200711:81.8_46.9,81.8_46.9,2007,11,Fall,-120,34.3,2007:81.8_46.9,2007:Fall_81.8_46.9
CALCOFI 0711 ,80,55,NA,"34.317, -120.800",34.317,-120.8,11/15/07,11:25,11:48,0,190,CALBOBL,NA,0.505,OBLIQUE,ethanol,ethanol,200711,200711:80_55,80_55,2007,11,Fall,-120.8,34.3,2007:80_55,2007:Fall_80_55
CALCOFI 0711 ,80,60,NA,"34.150, -121.150",34.15,-121.15,11/15/07,16:06,16:28,0,210,CALBOBL,NA,0.505,OBLIQUE,ethanol,ethanol,200711,200711:80_60,80_60,2007,11,Fall,-121.2,34.1,2007:80_60,2007:Fall_80_60
CALCOFI 0711 ,76.7,60,NA,"34.717, -121.550",34.717,-121.55,11/17/07,13:48,14:10,0,210,CALBOBL,NA,0.505,OBLIQUE,ethanol,ethanol,200711,200711:76.7_60,76.7_60,2007,11,Fall,-121.6,34.7,2007:76.7_60,2007:Fall_76.7_60
CALCOFI 0711 ,76.7,55,NA,"34.883, -121.200",34.883,-121.2,11/17/07,18:29,18:52,0,201,CALBOBL,NA,0.505,OBLIQUE,ethanol,ethanol,200711,200711:76.7_55,76.7_55,2007,11,Fall,-121.2,34.9,2007:76.7_55,2007:Fall_76.7_55
CALCOFI 0804,93.3,26.7,NA,"32.950, -117.300",32.95,-117.3,3/24/08,19:53,20:02,0,81,CALBOBL,NA,0.505,OBLIQUE,ethanol,ethanol,200804,200804:93.3_26.7,93.3_26.7,2008,3,Spring,-117.3,33,2008:93.3_26.7,2008:Spring_93.3_26.7
CALCOFI 0804,93.4,26.4,NA,"32.950, -117.283",32.95,-117.283,3/24/08,21:30,21:32,0,15,CALBOBL,NA,0.505,OBLIQUE,ethanol,ethanol,200804,200804:93.4_26.4,93.4_26.4,2008,3,Spring,-117.3,33,2008:93.4_26.4,2008:Spring_93.4_26.4
CALCOFI 0804,91.7,26.4,NA,"33.250, -117.467",33.25,-117.467,3/25/08,0:37,0:39,0,10,CALBOBL,NA,0.505,OBLIQUE,ethanol,ethanol,200804,200804:91.7_26.4,91.7_26.4,2008,3,Spring,-117.5,33.2,2008:91.7_26.4,2008:Spring_91.7_26.4
CALCOFI 0804,93.3,30,NA,"32.850, -117.533",32.85,-117.533,3/25/08,7:52,8:13,0,208,CALBOBL,NA,0.505,OBLIQUE,ethanol,ethanol,200804,200804:93.3_30,93.3_30,2008,3,Spring,-117.5,32.9,2008:93.3_30,2008:Spring_93.3_30
CALCOFI 0804,93.3,35,NA,"32.683, -117.867",32.683,-117.867,3/25/08,12:22,12:43,0,209,CALBOBL,NA,0.505,OBLIQUE,ethanol,ethanol,200804,200804:93.3_35,93.3_35,2008,3,Spring,-117.9,32.7,2008:93.3_35,2008:Spring_93.3_35
CALCOFI 0804,93.3,40,NA,"32.517, -118.217",32.517,-118.217,3/25/08,16:49,17:10,0,223,CALBOBL,NA,0.505,OBLIQUE,ethanol,ethanol,200804,200804:93.3_40,93.3_40,2008,3,Spring,-118.2,32.5,2008:93.3_40,2008:Spring_93.3_40
CALCOFI 0804,90,60,NA,"32.417, -119.967",32.417,-119.967,3/30/08,12:56,13:17,0,216,CALBOBL,NA,0.505,OBLIQUE,ethanol,ethanol,200804,200804:90_60,90_60,2008,3,Spring,-120,32.4,2008:90_60,2008:Spring_90_60
CALCOFI 0804,90,37,NA,"33.183, -118.383",33.183,-118.383,3/31/08,6:37,6:58,0,213,CALBOBL,NA,0.505,OBLIQUE,ethanol,ethanol,200804,200804:90_37,90_37,2008,3,Spring,-118.4,33.2,2008:90_37,2008:Spring_90_37
CALCOFI 0804,90,35,NA,"33.250, -118.250",33.25,-118.25,3/31/08,9:05,9:26,0,215,CALBOBL,NA,0.505,OBLIQUE,ethanol,ethanol,200804,200804:90_35,90_35,2008,3,Spring,-118.2,33.2,2008:90_35,2008:Spring_90_35
CALCOFI 0804,90,28,NA,"33.483, -117.767",33.483,-117.767,3/31/08,18:12,18:25,0,129,CALBOBL,NA,0.505,OBLIQUE,ethanol,ethanol,200804,200804:90_28,90_28,2008,3,Spring,-117.8,33.5,2008:90_28,2008:Spring_90_28
CALCOFI 0804,86.7,33,NA,"33.883, -118.500",33.883,-118.5,4/1/08,1:02,1:07,0,34,CALBOBL,NA,0.505,OBLIQUE,ethanol,ethanol,200804,200804:86.7_33,86.7_33,2008,4,Spring,-118.5,33.9,2008:86.7_33,2008:Spring_86.7_33
CALCOFI 0804,86.7,40,NA,"33.667, -118.967",33.667,-118.967,4/1/08,8:14,8:35,0,208,CALBOBL,NA,0.505,OBLIQUE,ethanol,ethanol,200804,200804:86.7_40,86.7_40,2008,4,Spring,-119,33.7,2008:86.7_40,2008:Spring_86.7_40
CALCOFI 0804,86.7,45,NA,"33.483, -119.317",33.483,-119.317,4/1/08,12:33,12:54,0,215,CALBOBL,NA,0.505,OBLIQUE,ethanol,ethanol,200804,200804:86.7_45,86.7_45,2008,4,Spring,-119.3,33.5,2008:86.7_45,2008:Spring_86.7_45
CALCOFI 0804,83.3,51,NA,"33.883, -120.133",33.883,-120.133,4/5/08,11:20,11:41,0,219,CALBOBL,NA,0.505,OBLIQUE,ethanol,ethanol,200804,200804:83.3_51,83.3_51,2008,4,Spring,-120.1,33.9,2008:83.3_51,2008:Spring_83.3_51
CALCOFI 0804,83.3,40.6,NA,"34.233, -119.417",34.233,-119.417,4/5/08,20:13,20:16,0,26,CALBOBL,NA,0.505,OBLIQUE,ethanol,ethanol,200804,200804:83.3_40.6,83.3_40.6,2008,4,Spring,-119.4,34.2,2008:83.3_40.6,2008:Spring_83.3_40.6
CALCOFI 0804,81.8,46.9,NA,"34.283, -120.033",34.283,-120.033,4/6/08,1:52,2:13,0,213,CALBOBL,NA,0.505,OBLIQUE,ethanol,ethanol,200804,200804:81.8_46.9,81.8_46.9,2008,4,Spring,-120,34.3,2008:81.8_46.9,2008:Spring_81.8_46.9
CALCOFI 0804,76.7,49,NA,"35.083, -120.783",35.083,-120.783,4/6/08,18:23,18:30,0,70,CALBOBL,NA,0.505,OBLIQUE,ethanol,ethanol,200804,200804:76.7_49,76.7_49,2008,4,Spring,-120.8,35.1,2008:76.7_49,2008:Spring_76.7_49
CALCOFI 0804,76.7,55,NA,"34.883, -121.200",34.883,-121.2,4/23/08,17:21,17:42,0,212,CALBOBL,NA,0.505,OBLIQUE,ethanol,ethanol,200804,200804:76.7_55,76.7_55,2008,4,Spring,-121.2,34.9,2008:76.7_55,2008:Spring_76.7_55
CALCOFI 0804,76.7,60,NA,"34.717, -121.550",34.717,-121.55,4/23/08,21:43,22:05,0,204,CALBOBL,NA,0.505,OBLIQUE,ethanol,ethanol,200804,200804:76.7_60,76.7_60,2008,4,Spring,-121.6,34.7,2008:76.7_60,2008:Spring_76.7_60
CALCOFI 0804,73.3,80,NA,"34.650, -123.367",34.65,-123.367,4/26/08,6:48,7:09,0,211,CALBOBL,NA,0.505,OBLIQUE,ethanol,ethanol,200804,200804:73.3_80,73.3_80,2008,4,Spring,-123.4,34.6,2008:73.3_80,2008:Spring_73.3_80
CALCOFI 0804,73.3,60,NA,"35.317, -121.967",35.317,-121.967,4/26/08,20:15,20:36,0,215,CALBOBL,NA,0.505,OBLIQUE,ethanol,ethanol,200804,200804:73.3_60,73.3_60,2008,4,Spring,-122,35.3,2008:73.3_60,2008:Spring_73.3_60
CALCOFI 0804,73.3,55,NA,"35.483, -121.617",35.483,-121.617,4/27/08,2:30,2:51,0,206,CALBOBL,NA,0.505,OBLIQUE,ethanol,ethanol,200804,200804:73.3_55,73.3_55,2008,4,Spring,-121.6,35.5,2008:73.3_55,2008:Spring_73.3_55
CALCOFI 0804,70,55,NA,"36.050, -122.017",36.05,-122.017,4/27/08,11:57,12:18,0,216,CALBOBL,NA,0.505,OBLIQUE,ethanol,ethanol,200804,200804:70_55,70_55,2008,4,Spring,-122,36,2008:70_55,2008:Spring_70_55
CALCOFI 0804,70,60,NA,"35.883, -122.367",35.883,-122.367,4/27/08,16:09,16:30,0,162,CALBOBL,NA,0.505,OBLIQUE,ethanol,ethanol,200804,200804:70_60,70_60,2008,4,Spring,-122.4,35.9,2008:70_60,2008:Spring_70_60
CALCOFI 0810,93.3,26.7,NA,"32.950, -117.300",32.95,-117.3,10/14/08,12:20,12:33,0,146,CALBOBL,NA,0.505,OBLIQUE,ethanol,ethanol,200810,200810:93.3_26.7,93.3_26.7,2008,10,Fall,-117.3,33,2008:93.3_26.7,2008:Fall_93.3_26.7
CALCOFI 0810,93.4,26.4,NA,"32.950, -117.267",32.95,-117.267,10/14/08,13:43,13:45,0,22,CALBOBL,NA,0.505,OBLIQUE,ethanol,ethanol,200810,200810:93.4_26.4,93.4_26.4,2008,10,Fall,-117.3,33,2008:93.4_26.4,2008:Fall_93.4_26.4
CALCOFI 0810,93.3,30,NA,"32.867, -117.517",32.867,-117.517,10/14/08,19:52,20:13,0,214,CALBOBL,NA,0.505,OBLIQUE,ethanol,ethanol,200810,200810:93.3_30,93.3_30,2008,10,Fall,-117.5,32.9,2008:93.3_30,2008:Fall_93.3_30
CALCOFI 0810,93.3,35,NA,"32.683, -117.867",32.683,-117.867,10/15/08,0:01,0:22,0,207,CALBOBL,NA,0.505,OBLIQUE,ethanol,ethanol,200810,200810:93.3_35,93.3_35,2008,10,Fall,-117.9,32.7,2008:93.3_35,2008:Fall_93.3_35
CALCOFI 0810,93.3,40,NA,"32.517, -118.217",32.517,-118.217,10/15/08,4:04,4:25,0,198,CALBOBL,NA,0.505,OBLIQUE,ethanol,ethanol,200810,200810:93.3_40,93.3_40,2008,10,Fall,-118.2,32.5,2008:93.3_40,2008:Fall_93.3_40
CALCOFI 0810,90,60,NA,"32.417, -119.967",32.417,-119.967,10/19/08,11:03,11:24,0,217,CALBOBL,NA,0.505,OBLIQUE,ethanol,ethanol,200810,200810:90_60,90_60,2008,10,Fall,-120,32.4,2008:90_60,2008:Fall_90_60
CALCOFI 0810,90,37,NA,"33.183, -118.383",33.183,-118.383,10/20/08,2:08,2:29,0,212,CALBOBL,NA,0.505,OBLIQUE,ethanol,ethanol,200810,200810:90_37,90_37,2008,10,Fall,-118.4,33.2,2008:90_37,2008:Fall_90_37
CALCOFI 0810,90,35,NA,"33.250, -118.250",33.25,-118.25,10/20/08,5:15,5:36,0,211,CALBOBL,NA,0.505,OBLIQUE,ethanol,ethanol,200810,200810:90_35,90_35,2008,10,Fall,-118.2,33.2,2008:90_35,2008:Fall_90_35
CALCOFI 0810,90,28,NA,"33.483, -117.767",33.483,-117.767,10/20/08,12:05,12:09,0,39,CALBOBL,NA,0.505,OBLIQUE,ethanol,ethanol,200810,200810:90_28,90_28,2008,10,Fall,-117.8,33.5,2008:90_28,2008:Fall_90_28
CALCOFI 0810,88.5,30.1,NA,"33.667, -118.083",33.667,-118.083,10/20/08,15:40,15:42,0,14,CALBOBL,NA,0.505,OBLIQUE,ethanol,ethanol,200810,200810:88.5_30.1,88.5_30.1,2008,10,Fall,-118.1,33.7,2008:88.5_30.1,2008:Fall_88.5_30.1
CALCOFI 0810,86.8,32.5,NA,"33.883, -118.450",33.883,-118.45,10/20/08,19:28,19:30,0,13,CALBOBL,NA,0.505,OBLIQUE,ethanol,ethanol,200810,200810:86.8_32.5,86.8_32.5,2008,10,Fall,-118.4,33.9,2008:86.8_32.5,2008:Fall_86.8_32.5
CALCOFI 0810,86.7,33,NA,"33.883, -118.483",33.883,-118.483,10/20/08,21:05,21:09,0,34,CALBOBL,NA,0.505,OBLIQUE,ethanol,ethanol,200810,200810:86.7_33,86.7_33,2008,10,Fall,-118.5,33.9,2008:86.7_33,2008:Fall_86.7_33
CALCOFI 0810,86.7,40,NA,"33.650, -118.983",33.65,-118.983,10/21/08,4:53,5:14,0,215,CALBOBL,NA,0.505,OBLIQUE,ethanol,ethanol,200810,200810:86.7_40,86.7_40,2008,10,Fall,-119,33.6,2008:86.7_40,2008:Fall_86.7_40
CALCOFI 0810,86.7,45,NA,"33.500, -119.300",33.5,-119.3,10/21/08,8:28,8:49,0,217,CALBOBL,NA,0.505,OBLIQUE,ethanol,ethanol,200810,200810:86.7_45,86.7_45,2008,10,Fall,-119.3,33.5,2008:86.7_45,2008:Fall_86.7_45
CALCOFI 0810,83.3,55,NA,"33.750, -120.400",33.75,-120.4,10/25/08,0:20,0:41,0,217,CALBOBL,NA,0.505,OBLIQUE,ethanol,ethanol,200810,200810:83.3_55,83.3_55,2008,10,Fall,-120.4,33.8,2008:83.3_55,2008:Fall_83.3_55
CALCOFI 0810,83.3,51,NA,"33.883, -120.133",33.883,-120.133,10/25/08,3:59,4:08,0,88,CALBOBL,NA,0.505,OBLIQUE,ethanol,ethanol,200810,200810:83.3_51,83.3_51,2008,10,Fall,-120.1,33.9,2008:83.3_51,2008:Fall_83.3_51
CALCOFI 0810,83.3,40.6,NA,"34.233, -119.417",34.233,-119.417,10/25/08,12:30,12:32,0,19,CALBOBL,NA,0.505,OBLIQUE,ethanol,ethanol,200810,200810:83.3_40.6,83.3_40.6,2008,10,Fall,-119.4,34.2,2008:83.3_40.6,2008:Fall_83.3_40.6
CALCOFI 0810,83.3,39.4,NA,"34.267, -119.333",34.267,-119.333,10/25/08,13:37,13:39,0,13,CALBOBL,NA,0.505,OBLIQUE,ethanol,ethanol,200810,200810:83.3_39.4,83.3_39.4,2008,10,Fall,-119.3,34.3,2008:83.3_39.4,2008:Fall_83.3_39.4
CALCOFI 0810,81.7,43.5,NA,"34.400, -119.800",34.4,-119.8,10/25/08,16:52,16:54,0,14,CALBOBL,NA,0.505,OBLIQUE,ethanol,ethanol,200810,200810:81.7_43.5,81.7_43.5,2008,10,Fall,-119.8,34.4,2008:81.7_43.5,2008:Fall_81.7_43.5
CALCOFI 0810,81.8,46.9,NA,"34.283, -120.017",34.283,-120.017,10/25/08,20:19,20:40,0,211,CALBOBL,NA,0.505,OBLIQUE,ethanol,ethanol,200810,200810:81.8_46.9,81.8_46.9,2008,10,Fall,-120,34.3,2008:81.8_46.9,2008:Fall_81.8_46.9
CALCOFI 0810,80,55,NA,"34.317, -120.800",34.317,-120.8,10/26/08,4:22,4:43,0,200,CALBOBL,NA,0.505,OBLIQUE,ethanol,ethanol,200810,200810:80_55,80_55,2008,10,Fall,-120.8,34.3,2008:80_55,2008:Fall_80_55
CALCOFI 0810,80,60,NA,"34.150, -121.150",34.15,-121.15,10/26/08,8:15,8:36,0,208,CALBOBL,NA,0.505,OBLIQUE,ethanol,ethanol,200810,200810:80_60,80_60,2008,10,Fall,-121.2,34.1,2008:80_60,2008:Fall_80_60
CALCOFI 0810,76.7,60,NA,"34.717, -121.550",34.717,-121.55,10/28/08,18:49,19:10,0,206,CALBOBL,NA,0.505,OBLIQUE,ethanol,ethanol,200810,200810:76.7_60,76.7_60,2008,10,Fall,-121.6,34.7,2008:76.7_60,2008:Fall_76.7_60
CALCOFI 0810,76.7,55,NA,"34.883, -121.200",34.883,-121.2,10/28/08,23:05,23:26,0,205,CALBOBL,NA,0.505,OBLIQUE,ethanol,ethanol,200810,200810:76.7_55,76.7_55,2008,10,Fall,-121.2,34.9,2008:76.7_55,2008:Fall_76.7_55
CALCOFI 0810,76.7,49,NA,"35.083, -120.783",35.083,-120.783,10/29/08,5:24,5:29,0,45,CALBOBL,NA,0.505,OBLIQUE,ethanol,ethanol,200810,200810:76.7_49,76.7_49,2008,10,Fall,-120.8,35.1,2008:76.7_49,2008:Fall_76.7_49
CALCOFI 0810,80,50.5,NA,"34.467, -120.483",34.467,-120.483,10/29/08,11:22,11:24,0,12,CALBOBL,NA,0.505,OBLIQUE,ethanol,ethanol,200810,200810:80_50.5,80_50.5,2008,10,Fall,-120.5,34.5,2008:80_50.5,2008:Fall_80_50.5
CALCOFI 0810,90,45,NA,"32.917, -118.933",32.917,-118.933,10/30/08,1:53,2:14,0,214,CALBOBL,NA,0.505,OBLIQUE,ethanol,ethanol,200810,200810:90_45,90_45,2008,10,Fall,-118.9,32.9,2008:90_45,2008:Fall_90_45
CALCOFI 0903,93.3,26.7,NA,"32.950, -117.300",32.95,-117.3,3/7/09,18:47,18:53,0,63,CALBOBL,NA,0.505,OBLIQUE,ethanol,ethanol,200903,200903:93.3_26.7,93.3_26.7,2009,3,Spring,-117.3,33,2009:93.3_26.7,2009:Spring_93.3_26.7
CALCOFI 0903,93.4,26.4,NA,"32.950, -117.283",32.95,-117.283,3/7/09,19:55,19:56,0,13,CALBOBL,NA,0.505,OBLIQUE,ethanol,ethanol,200903,200903:93.4_26.4,93.4_26.4,2009,3,Spring,-117.3,33,2009:93.4_26.4,2009:Spring_93.4_26.4
CALCOFI 0903,91.7,26.4,NA,"33.250, -117.467",33.25,-117.467,3/7/09,22:50,22:52,0,12,CALBOBL,NA,0.505,OBLIQUE,ethanol,ethanol,200903,200903:91.7_26.4,91.7_26.4,2009,3,Spring,-117.5,33.2,2009:91.7_26.4,2009:Spring_91.7_26.4
CALCOFI 0903,93.3,30,NA,"32.850, -117.533",32.85,-117.533,3/8/09,5:27,5:50,0,235,CALBOBL,NA,0.505,OBLIQUE,ethanol,ethanol,200903,200903:93.3_30,93.3_30,2009,3,Spring,-117.5,32.9,2009:93.3_30,2009:Spring_93.3_30
CALCOFI 0903,93.3,35,NA,"32.683, -117.867",32.683,-117.867,3/8/09,8:59,9:22,0,197,CALBOBL,NA,0.505,OBLIQUE,ethanol,ethanol,200903,200903:93.3_35,93.3_35,2009,3,Spring,-117.9,32.7,2009:93.3_35,2009:Spring_93.3_35
CALCOFI 0903,93.3,40,NA,"32.517, -118.217",32.517,-118.217,3/8/09,15:07,15:28,0,227,CALBOBL,NA,0.505,OBLIQUE,ethanol,ethanol,200903,200903:93.3_40,93.3_40,2009,3,Spring,-118.2,32.5,2009:93.3_40,2009:Spring_93.3_40
CALCOFI 0903,90,60,NA,"32.417, -119.967",32.417,-119.967,3/12/09,21:40,22:01,0,212,CALBOBL,NA,0.505,OBLIQUE,ethanol,ethanol,200903,200903:90_60,90_60,2009,3,Spring,-120,32.4,2009:90_60,2009:Spring_90_60
CALCOFI 0903,90,45,NA,"32.917, -118.933",32.917,-118.933,3/13/09,7:35,7:56,0,209,CALBOBL,NA,0.505,OBLIQUE,ethanol,ethanol,200903,200903:90_45,90_45,2009,3,Spring,-118.9,32.9,2009:90_45,2009:Spring_90_45
CALCOFI 0903,90,37,NA,"33.183, -118.383",33.183,-118.383,3/13/09,14:23,14:44,0,213,CALBOBL,NA,0.505,OBLIQUE,ethanol,ethanol,200903,200903:90_37,90_37,2009,3,Spring,-118.4,33.2,2009:90_37,2009:Spring_90_37
CALCOFI 0903,90,28,NA,"33.483, -117.767",33.483,-117.767,3/13/09,21:46,22:07,0,206,CALBOBL,NA,0.505,OBLIQUE,ethanol,ethanol,200903,200903:90_28,90_28,2009,3,Spring,-117.8,33.5,2009:90_28,2009:Spring_90_28
CALCOFI 0903,90,35,NA,"33.250, -118.250",33.25,-118.25,3/14/09,4:47,5:08,0,208,CALBOBL,NA,0.505,OBLIQUE,ethanol,ethanol,200903,200903:90_35,90_35,2009,3,Spring,-118.2,33.2,2009:90_35,2009:Spring_90_35
CALCOFI 0903,86.8,32.5,NA,"33.883, -118.450",33.883,-118.45,3/14/09,10:21,10:23,0,12,CALBOBL,NA,0.505,OBLIQUE,ethanol,ethanol,200903,200903:86.8_32.5,86.8_32.5,2009,3,Spring,-118.4,33.9,2009:86.8_32.5,2009:Spring_86.8_32.5
CALCOFI 0903,86.7,33,NA,"33.883, -118.483",33.883,-118.483,3/14/09,11:55,11:59,0,40,CALBOBL,NA,0.505,OBLIQUE,ethanol,ethanol,200903,200903:86.7_33,86.7_33,2009,3,Spring,-118.5,33.9,2009:86.7_33,2009:Spring_86.7_33
CALCOFI 0903,85.4,35.8,NA,"34.017, -118.833",34.017,-118.833,3/14/09,14:54,14:57,0,28,CALBOBL,NA,0.505,OBLIQUE,ethanol,ethanol,200903,200903:85.4_35.8,85.4_35.8,2009,3,Spring,-118.8,34,2009:85.4_35.8,2009:Spring_85.4_35.8
CALCOFI 0903,86.7,40,NA,"33.650, -118.967",33.65,-118.967,3/14/09,22:38,22:59,0,212,CALBOBL,NA,0.505,OBLIQUE,ethanol,ethanol,200903,200903:86.7_40,86.7_40,2009,3,Spring,-119,33.6,2009:86.7_40,2009:Spring_86.7_40
CALCOFI 0903,86.7,45,NA,"33.500, -119.317",33.5,-119.317,3/15/09,3:06,3:27,0,211,CALBOBL,NA,0.505,OBLIQUE,ethanol,ethanol,200903,200903:86.7_45,86.7_45,2009,3,Spring,-119.3,33.5,2009:86.7_45,2009:Spring_86.7_45
CALCOFI 0903,83.3,55,NA,"33.750, -120.417",33.75,-120.417,3/18/09,20:17,20:38,0,217,CALBOBL,NA,0.505,OBLIQUE,ethanol,ethanol,200903,200903:83.3_55,83.3_55,2009,3,Spring,-120.4,33.8,2009:83.3_55,2009:Spring_83.3_55
CALCOFI 0903,83.3,51,NA,"33.883, -120.133",33.883,-120.133,3/18/09,23:47,23:54,0,65,CALBOBL,NA,0.505,OBLIQUE,ethanol,ethanol,200903,200903:83.3_51,83.3_51,2009,3,Spring,-120.1,33.9,2009:83.3_51,2009:Spring_83.3_51
CALCOFI 0903,83.3,39.4,NA,"34.267, -119.333",34.267,-119.333,3/19/09,5:50,5:51,0,10,CALBOBL,NA,0.505,OBLIQUE,ethanol,ethanol,200903,200903:83.3_39.4,83.3_39.4,2009,3,Spring,-119.3,34.3,2009:83.3_39.4,2009:Spring_83.3_39.4
CALCOFI 0903,83.3,40.6,NA,"34.233, -119.417",34.233,-119.417,3/19/09,7:42,7:44,0,17,CALBOBL,NA,0.505,OBLIQUE,ethanol,ethanol,200903,200903:83.3_40.6,83.3_40.6,2009,3,Spring,-119.4,34.2,2009:83.3_40.6,2009:Spring_83.3_40.6
CALCOFI 0903,81.7,43.5,NA,"34.400, -119.800",34.4,-119.8,3/19/09,13:17,13:21,0,33,CALBOBL,NA,0.505,OBLIQUE,ethanol,ethanol,200903,200903:81.7_43.5,81.7_43.5,2009,3,Spring,-119.8,34.4,2009:81.7_43.5,2009:Spring_81.7_43.5
CALCOFI 0903,81.8,46.9,NA,"34.283, -120.033",34.283,-120.033,3/19/09,16:35,16:56,0,207,CALBOBL,NA,0.505,OBLIQUE,ethanol,ethanol,200903,200903:81.8_46.9,81.8_46.9,2009,3,Spring,-120,34.3,2009:81.8_46.9,2009:Spring_81.8_46.9
CALCOFI 0903,80,50.5,NA,"34.467, -120.500",34.467,-120.5,3/19/09,20:07,20:10,0,25,CALBOBL,NA,0.505,OBLIQUE,ethanol,ethanol,200903,200903:80_50.5,80_50.5,2009,3,Spring,-120.5,34.5,2009:80_50.5,2009:Spring_80_50.5
CALCOFI 0903,80,55,NA,"34.317, -120.800",34.317,-120.8,3/20/09,1:22,1:43,0,216,CALBOBL,NA,0.505,OBLIQUE,ethanol,ethanol,200903,200903:80_55,80_55,2009,3,Spring,-120.8,34.3,2009:80_55,2009:Spring_80_55
CALCOFI 0903,80,60,NA,"34.150, -121.150",34.15,-121.15,3/20/09,6:05,6:26,0,213,CALBOBL,NA,0.505,OBLIQUE,ethanol,ethanol,200903,200903:80_60,80_60,2009,3,Spring,-121.2,34.1,2009:80_60,2009:Spring_80_60
CALCOFI 0903,80,80,NA,"33.483, -122.533",33.483,-122.533,3/20/09,18:56,19:17,0,212,CALBOBL,NA,0.505,OBLIQUE,ethanol,ethanol,200903,200903:80_80,80_80,2009,3,Spring,-122.5,33.5,2009:80_80,2009:Spring_80_80
CALCOFI 0911,93.3,26.7,NA,"32.967, -117.300",32.967,-117.3,11/6/09,12:35,12:42,0,71,CALBOBL,NA,0.505,OBLIQUE,ethanol,ethanol,200911,200911:93.3_26.7,93.3_26.7,2009,11,Fall,-117.3,33,2009:93.3_26.7,2009:Fall_93.3_26.7
CALCOFI 0911,93.4,26.4,NA,"32.950, -117.283",32.95,-117.283,11/6/09,13:25,13:27,0,13,CALBOBL,NA,0.505,OBLIQUE,ethanol,ethanol,200911,200911:93.4_26.4,93.4_26.4,2009,11,Fall,-117.3,33,2009:93.4_26.4,2009:Fall_93.4_26.4
CALCOFI 0911,91.7,26.4,NA,"33.250, -117.467",33.25,-117.467,11/6/09,16:15,16:16,0,13,CALBOBL,NA,0.505,OBLIQUE,ethanol,ethanol,200911,200911:91.7_26.4,91.7_26.4,2009,11,Fall,-117.5,33.2,2009:91.7_26.4,2009:Fall_91.7_26.4
CALCOFI 0911,93.3,30,NA,"32.850, -117.533",32.85,-117.533,11/6/09,23:42,0:03,0,198,CALBOBL,NA,0.505,OBLIQUE,ethanol,ethanol,200911,200911:93.3_30,93.3_30,2009,11,Fall,-117.5,32.9,2009:93.3_30,2009:Fall_93.3_30
CALCOFI 0911,93.3,35,NA,"32.683, -117.867",32.683,-117.867,11/7/09,3:46,4:07,0,215,CALBOBL,NA,0.505,OBLIQUE,ethanol,ethanol,200911,200911:93.3_35,93.3_35,2009,11,Fall,-117.9,32.7,2009:93.3_35,2009:Fall_93.3_35
CALCOFI 0911,93.3,40,NA,"32.517, -118.200",32.517,-118.2,11/7/09,7:59,8:22,0,215,CALBOBL,NA,0.505,OBLIQUE,ethanol,ethanol,200911,200911:93.3_40,93.3_40,2009,11,Fall,-118.2,32.5,2009:93.3_40,2009:Fall_93.3_40
CALCOFI 0911,90,60,NA,"32.417, -119.967",32.417,-119.967,11/11/09,15:54,16:15,0,215,CALBOBL,NA,0.505,OBLIQUE,ethanol,ethanol,200911,200911:90_60,90_60,2009,11,Fall,-120,32.4,2009:90_60,2009:Fall_90_60
CALCOFI 0911,90,45,NA,"32.917, -118.933",32.917,-118.933,11/12/09,2:39,3:01,0,210,CALBOBL,NA,0.505,OBLIQUE,ethanol,ethanol,200911,200911:90_45,90_45,2009,11,Fall,-118.9,32.9,2009:90_45,2009:Fall_90_45
CALCOFI 0911,90,37,NA,"33.183, -118.383",33.183,-118.383,11/12/09,8:00,8:21,0,211,CALBOBL,NA,0.505,OBLIQUE,ethanol,ethanol,200911,200911:90_37,90_37,2009,11,Fall,-118.4,33.2,2009:90_37,2009:Fall_90_37
CALCOFI 0911,90,35,NA,"33.250, -118.250",33.25,-118.25,11/12/09,11:16,11:37,0,212,CALBOBL,NA,0.505,OBLIQUE,ethanol,ethanol,200911,200911:90_35,90_35,2009,11,Fall,-118.2,33.2,2009:90_35,2009:Fall_90_35
CALCOFI 0911,90,28,NA,"33.483, -117.767",33.483,-117.767,11/12/09,16:39,16:45,0,56,CALBOBL,NA,0.505,OBLIQUE,ethanol,ethanol,200911,200911:90_28,90_28,2009,11,Fall,-117.8,33.5,2009:90_28,2009:Fall_90_28
CALCOFI 0911,88.5,30.1,NA,"33.667, -118.100",33.667,-118.1,11/12/09,22:05,22:07,0,13,CALBOBL,NA,0.505,OBLIQUE,ethanol,ethanol,200911,200911:88.5_30.1,88.5_30.1,2009,11,Fall,-118.1,33.7,2009:88.5_30.1,2009:Fall_88.5_30.1
CALCOFI 0911,86.8,32.5,NA,"33.883, -118.450",33.883,-118.45,11/13/09,1:50,1:53,0,23,CALBOBL,NA,0.505,OBLIQUE,ethanol,ethanol,200911,200911:86.8_32.5,86.8_32.5,2009,11,Fall,-118.4,33.9,2009:86.8_32.5,2009:Fall_86.8_32.5
CALCOFI 0911,86.7,33,NA,"33.883, -118.500",33.883,-118.5,11/13/09,3:26,3:32,0,51,CALBOBL,NA,0.505,OBLIQUE,ethanol,ethanol,200911,200911:86.7_33,86.7_33,2009,11,Fall,-118.5,33.9,2009:86.7_33,2009:Fall_86.7_33
CALCOFI 0911,85.4,35.8,NA,"34.017, -118.833",34.017,-118.833,11/13/09,6:37,6:39,0,20,CALBOBL,NA,0.505,OBLIQUE,ethanol,ethanol,200911,200911:85.4_35.8,85.4_35.8,2009,11,Fall,-118.8,34,2009:85.4_35.8,2009:Fall_85.4_35.8
CALCOFI 0911,86.7,40,NA,"33.650, -118.967",33.65,-118.967,11/13/09,15:05,15:26,0,207,CALBOBL,NA,0.505,OBLIQUE,ethanol,ethanol,200911,200911:86.7_40,86.7_40,2009,11,Fall,-119,33.6,2009:86.7_40,2009:Fall_86.7_40
CALCOFI 0911,83.3,55,NA,"33.733, -120.417",33.733,-120.417,11/17/09,15:42,16:03,0,211,CALBOBL,NA,0.505,OBLIQUE,ethanol,ethanol,200911,200911:83.3_55,83.3_55,2009,11,Fall,-120.4,33.7,2009:83.3_55,2009:Fall_83.3_55
CALCOFI 0911,83.3,51,NA,"33.883, -120.133",33.883,-120.133,11/17/09,19:15,19:24,0,94,CALBOBL,NA,0.505,OBLIQUE,ethanol,ethanol,200911,200911:83.3_51,83.3_51,2009,11,Fall,-120.1,33.9,2009:83.3_51,2009:Fall_83.3_51
CALCOFI 0911,83.3,40.6,NA,"34.217, -119.417",34.217,-119.417,11/18/09,3:49,3:51,0,20,CALBOBL,NA,0.505,OBLIQUE,ethanol,ethanol,200911,200911:83.3_40.6,83.3_40.6,2009,11,Fall,-119.4,34.2,2009:83.3_40.6,2009:Fall_83.3_40.6
CALCOFI 0911,83.3,39.4,NA,"34.267, -119.333",34.267,-119.333,11/18/09,4:47,4:49,0,17,CALBOBL,NA,0.505,OBLIQUE,ethanol,ethanol,200911,200911:83.3_39.4,83.3_39.4,2009,11,Fall,-119.3,34.3,2009:83.3_39.4,2009:Fall_83.3_39.4
CALCOFI 0911,81.7,43.5,NA,"34.400, -119.800",34.4,-119.8,11/18/09,7:46,7:48,0,13,CALBOBL,NA,0.505,OBLIQUE,ethanol,ethanol,200911,200911:81.7_43.5,81.7_43.5,2009,11,Fall,-119.8,34.4,2009:81.7_43.5,2009:Fall_81.7_43.5
CALCOFI 0911,81.8,46.9,NA,"34.283, -120.033",34.283,-120.033,11/18/09,11:13,11:34,0,211,CALBOBL,NA,0.505,OBLIQUE,ethanol,ethanol,200911,200911:81.8_46.9,81.8_46.9,2009,11,Fall,-120,34.3,2009:81.8_46.9,2009:Fall_81.8_46.9
CALCOFI 0911,76.7,55,NA,"34.900, -121.200",34.9,-121.2,11/22/09,5:56,6:17,0,212,CALBOBL,NA,0.505,OBLIQUE,ethanol,ethanol,200911,200911:76.7_55,76.7_55,2009,11,Fall,-121.2,34.9,2009:76.7_55,2009:Fall_76.7_55
CALCOFI 0911,76.7,49,NA,"35.083, -120.783",35.083,-120.783,11/22/09,12:08,12:15,0,65,CALBOBL,NA,0.505,OBLIQUE,ethanol,ethanol,200911,200911:76.7_49,76.7_49,2009,11,Fall,-120.8,35.1,2009:76.7_49,2009:Fall_76.7_49
CALCOFI 0911,80,50.5,NA,"34.467, -120.483",34.467,-120.483,11/22/09,17:21,17:23,0,14,CALBOBL,NA,0.505,OBLIQUE,ethanol,ethanol,200911,200911:80_50.5,80_50.5,2009,11,Fall,-120.5,34.5,2009:80_50.5,2009:Fall_80_50.5
CALCOFI 1004,73.3,80,NA,"34.650, -123.367",34.65,-123.367,4/16/10,18:41,19:01,0,210,CALBOBL,NA,0.505,OBLIQUE,Ethanol,Ethanol,201004,201004:73.3_80,73.3_80,2010,4,Spring,-123.4,34.6,2010:73.3_80,2010:Spring_73.3_80
CALCOFI 1004,73.3,60,NA,"35.317, -121.967",35.317,-121.967,4/17/10,14:33,14:54,0,213,CALBOBL,NA,0.505,OBLIQUE,Ethanol,Ethanol,201004,201004:73.3_60,73.3_60,2010,4,Spring,-122,35.3,2010:73.3_60,2010:Spring_73.3_60
CALCOFI 1004,73.3,55,NA,"35.483, -121.617",35.483,-121.617,4/17/10,19:00,19:19,0,209,CALBOBL,NA,0.505,OBLIQUE,Ethanol,Ethanol,201004,201004:73.3_55,73.3_55,2010,4,Spring,-121.6,35.5,2010:73.3_55,2010:Spring_73.3_55
CALCOFI 1004,93.4,26.4,NA,"32.950, -117.283",32.95,-117.283,4/26/10,18:50,18:52,0,19,CALBOBL,NA,0.505,OBLIQUE,Ethanol,Ethanol,201004,201004:93.4_26.4,93.4_26.4,2010,4,Spring,-117.3,33,2010:93.4_26.4,2010:Spring_93.4_26.4
CALCOFI 1004,91.7,26.4,NA,"33.233, -117.467",33.233,-117.467,4/26/10,21:08,21:10,0,21,CALBOBL,NA,0.505,OBLIQUE,Ethanol,Ethanol,201004,201004:91.7_26.4,91.7_26.4,2010,4,Spring,-117.5,33.2,2010:91.7_26.4,2010:Spring_91.7_26.4
CALCOFI 1004,93.3,26.7,NA,"32.950, -117.300",32.95,-117.3,4/27/10,0:14,0:36,0,221,CALBOBL,NA,0.505,OBLIQUE,Ethanol,Ethanol,201004,201004:93.3_26.7,93.3_26.7,2010,4,Spring,-117.3,33,2010:93.3_26.7,2010:Spring_93.3_26.7
CALCOFI 1004,93.3,30,NA,"32.850, -117.533",32.85,-117.533,4/27/10,5:12,5:33,0,211,CALBOBL,NA,0.505,OBLIQUE,Ethanol,Ethanol,201004,201004:93.3_30,93.3_30,2010,4,Spring,-117.5,32.9,2010:93.3_30,2010:Spring_93.3_30
CALCOFI 1004,93.3,35,NA,"32.683, -117.867",32.683,-117.867,4/27/10,9:00,9:19,0,215,CALBOBL,NA,0.505,OBLIQUE,Ethanol,Ethanol,201004,201004:93.3_35,93.3_35,2010,4,Spring,-117.9,32.7,2010:93.3_35,2010:Spring_93.3_35
CALCOFI 1004,93.3,40,NA,"32.517, -118.217",32.517,-118.217,4/27/10,13:37,13:58,0,212,CALBOBL,NA,0.505,OBLIQUE,Ethanol,Ethanol,201004,201004:93.3_40,93.3_40,2010,4,Spring,-118.2,32.5,2010:93.3_40,2010:Spring_93.3_40
CALCOFI 1004,90,45,NA,"32.917, -118.933",32.917,-118.933,5/1/10,19:52,20:13,0,209,CALBOBL,NA,0.505,OBLIQUE,Ethanol,Ethanol,201004,201004:90_45,90_45,2010,5,Spring,-118.9,32.9,2010:90_45,2010:Spring_90_45
CALCOFI 1004,90,37,NA,"33.200, -118.383",33.2,-118.383,5/2/10,0:57,1:15,0,213,CALBOBL,NA,0.505,OBLIQUE,Ethanol,Ethanol,201004,201004:90_37,90_37,2010,5,Spring,-118.4,33.2,2010:90_37,2010:Spring_90_37
CALCOFI 1004,90,35,NA,"33.250, -118.233",33.25,-118.233,5/2/10,4:12,4:32,0,207,CALBOBL,NA,0.505,OBLIQUE,Ethanol,Ethanol,201004,201004:90_35,90_35,2010,5,Spring,-118.2,33.2,2010:90_35,2010:Spring_90_35
CALCOFI 1004,90,28,NA,"33.483, -117.767",33.483,-117.767,5/2/10,10:50,11:01,0,90,CALBOBL,NA,0.505,OBLIQUE,Ethanol,Ethanol,201004,201004:90_28,90_28,2010,5,Spring,-117.8,33.5,2010:90_28,2010:Spring_90_28
CALCOFI 1004,88.5,30.1,NA,"33.667, -118.083",33.667,-118.083,5/2/10,13:25,13:26,0,20,CALBOBL,NA,0.505,OBLIQUE,Ethanol,Ethanol,201004,201004:88.5_30.1,88.5_30.1,2010,5,Spring,-118.1,33.7,2010:88.5_30.1,2010:Spring_88.5_30.1
CALCOFI 1004,86.8,32.5,NA,"33.883, -118.450",33.883,-118.45,5/2/10,17:00,17:03,0,16,CALBOBL,NA,0.505,OBLIQUE,Ethanol,Ethanol,201004,201004:86.8_32.5,86.8_32.5,2010,5,Spring,-118.4,33.9,2010:86.8_32.5,2010:Spring_86.8_32.5
CALCOFI 1004,86.7,33,NA,"33.883, -118.500",33.883,-118.5,5/2/10,18:51,18:56,0,47,CALBOBL,NA,0.505,OBLIQUE,Ethanol,Ethanol,201004,201004:86.7_33,86.7_33,2010,5,Spring,-118.5,33.9,2010:86.7_33,2010:Spring_86.7_33
CALCOFI 1004,86.7,40,NA,"33.650, -118.967",33.65,-118.967,5/3/10,0:55,1:16,0,213,CALBOBL,NA,0.505,OBLIQUE,Ethanol,Ethanol,201004,201004:86.7_40,86.7_40,2010,5,Spring,-119,33.6,2010:86.7_40,2010:Spring_86.7_40
CALCOFI 1004,86.7,45,NA,"33.483, -119.317",33.483,-119.317,5/3/10,5:32,5:52,0,204,CALBOBL,NA,0.505,OBLIQUE,Ethanol,Ethanol,201004,201004:86.7_45,86.7_45,2010,5,Spring,-119.3,33.5,2010:86.7_45,2010:Spring_86.7_45
CALCOFI 1004,90,60,NA,"32.417, -119.950",32.417,-119.95,5/4/10,0:15,0:35,0,219,CALBOBL,NA,0.505,OBLIQUE,Ethanol,Ethanol,201004,201004:90_60,90_60,2010,5,Spring,-120,32.4,2010:90_60,2010:Spring_90_60
CALCOFI 1004,83.3,40.6,NA,"34.233, -119.417",34.233,-119.417,5/13/10,11:47,11:50,0,24,CALBOBL,NA,0.505,OBLIQUE,Ethanol,Ethanol,201004,201004:83.3_40.6,83.3_40.6,2010,5,Spring,-119.4,34.2,2010:83.3_40.6,2010:Spring_83.3_40.6
CALCOFI 1004,81.8,46.9,NA,"34.267, -120.017",34.267,-120.017,5/13/10,17:15,17:36,0,215,CALBOBL,NA,0.505,OBLIQUE,Ethanol,Ethanol,201004,201004:81.8_46.9,81.8_46.9,2010,5,Spring,-120,34.3,2010:81.8_46.9,2010:Spring_81.8_46.9
CALCOFI 1004,83.3,51,NA,"33.883, -120.133",33.883,-120.133,5/13/10,23:01,23:09,0,78,CALBOBL,NA,0.505,OBLIQUE,Ethanol,Ethanol,201004,201004:83.3_51,83.3_51,2010,5,Spring,-120.1,33.9,2010:83.3_51,2010:Spring_83.3_51
CALCOFI 1004,83.3,55,NA,"33.733, -120.400",33.733,-120.4,5/14/10,2:15,2:36,0,213,CALBOBL,NA,0.505,OBLIQUE,Ethanol,Ethanol,201004,201004:83.3_55,83.3_55,2010,5,Spring,-120.4,33.7,2010:83.3_55,2010:Spring_83.3_55
CALCOFI 1004,80,80,NA,"33.500, -122.533",33.5,-122.533,5/14/10,23:49,0:09,0,215,CALBOBL,NA,0.505,OBLIQUE,Ethanol,Ethanol,201004,201004:80_80,80_80,2010,5,Spring,-122.5,33.5,2010:80_80,2010:Spring_80_80
CALCOFI 1004,76.7,60,NA,"34.717, -121.550",34.717,-121.55,5/16/10,3:34,3:54,0,210,CALBOBL,NA,0.505,OBLIQUE,Ethanol,Ethanol,201004,201004:76.7_60,76.7_60,2010,5,Spring,-121.6,34.7,2010:76.7_60,2010:Spring_76.7_60
CALCOFI 1004,76.7,55,NA,"34.883, -121.200",34.883,-121.2,5/16/10,7:15,7:36,0,210,CALBOBL,NA,0.505,OBLIQUE,Ethanol,Ethanol,201004,201004:76.7_55,76.7_55,2010,5,Spring,-121.2,34.9,2010:76.7_55,2010:Spring_76.7_55
CALCOFI 1004,76.7,49,NA,"35.083, -120.767",35.083,-120.767,5/16/10,12:36,12:41,0,46,CALBOBL,NA,0.505,OBLIQUE,Ethanol,Ethanol,201004,201004:76.7_49,76.7_49,2010,5,Spring,-120.8,35.1,2010:76.7_49,2010:Spring_76.7_49
CALCOFI 1004,80,60,NA,"34.150, -121.150",34.15,-121.15,5/16/10,19:08,19:29,0,218,CALBOBL,NA,0.505,OBLIQUE,Ethanol,Ethanol,201004,201004:80_60,80_60,2010,5,Spring,-121.2,34.1,2010:80_60,2010:Spring_80_60
CALCOFI 1004,80,55,NA,"34.317, -120.783",34.317,-120.783,5/16/10,22:59,23:20,0,209,CALBOBL,NA,0.505,OBLIQUE,Ethanol,Ethanol,201004,201004:80_55,80_55,2010,5,Spring,-120.8,34.3,2010:80_55,2010:Spring_80_55
CALCOFI 1104,70,51,NA,"36.183, -121.733",36.183,-121.733,4/13/11,22:42,23:09,0,152,CALBOBL,NA,0.505,OBLIQUE,Ethanol,Ethanol,201104,201104:70_51,70_51,2011,4,Spring,-121.7,36.2,2011:70_51,2011:Spring_70_51
CALCOFI 1104,70,55,NA,"36.050, -122.000",36.05,-122,4/14/11,8:13,8:34,0,170,CALBOBL,NA,0.505,OBLIQUE,Ethanol,Ethanol,201104,201104:70_55,70_55,2011,4,Spring,-122,36,2011:70_55,2011:Spring_70_55
CALCOFI 1104,70,60,NA,"35.900, -122.367",35.9,-122.367,4/14/11,12:12,12:30,0,172,CALBOBL,NA,0.505,OBLIQUE,Ethanol,Ethanol,201104,201104:70_60,70_60,2011,4,Spring,-122.4,35.9,2011:70_60,2011:Spring_70_60
CALCOFI 1104,70,80,NA,"35.217, -123.783",35.217,-123.783,4/15/11,10:52,11:11,0,164,CALBOBL,NA,0.505,OBLIQUE,Ethanol,Ethanol,201104,201104:70_80,70_80,2011,4,Spring,-123.8,35.2,2011:70_80,2011:Spring_70_80
CALCOFI 1104,73.3,80,NA,"34.650, -123.367",34.65,-123.367,4/16/11,20:58,21:22,0,191,CALBOBL,NA,0.505,OBLIQUE,Ethanol,Ethanol,201104,201104:73.3_80,73.3_80,2011,4,Spring,-123.4,34.6,2011:73.3_80,2011:Spring_73.3_80
CALCOFI 1104,73.3,60,NA,"35.283, -122.033",35.283,-122.033,4/17/11,17:20,17:45,0,186,CALBOBL,NA,0.505,OBLIQUE,Ethanol,Ethanol,201104,201104:73.3_60,73.3_60,2011,4,Spring,-122,35.3,2011:73.3_60,2011:Spring_73.3_60
CALCOFI 1104,73.3,55,NA,"35.450, -121.683",35.45,-121.683,4/17/11,20:41,21:04,0,186,CALBOBL,NA,0.505,OBLIQUE,Ethanol,Ethanol,201104,201104:73.3_55,73.3_55,2011,4,Spring,-121.7,35.5,2011:73.3_55,2011:Spring_73.3_55
CALCOFI 1104,70,80,NA,"35.217, -123.783",35.217,-123.783,4/5/11,17:37,17:57,0,205,CALBOBL,NA,0.505,OBLIQUE,Ethanol,Ethanol,201104,201104:70_80,70_80,2011,4,Spring,-123.8,35.2,2011:70_80,2011:Spring_70_80
CALCOFI 1104,93.3,26.7,NA,"32.950, -117.300",32.95,-117.3,4/9/11,12:09,12:13,0,40,CALBOBL,NA,0.505,OBLIQUE,Ethanol,Ethanol,201104,201104:93.3_26.7,93.3_26.7,2011,4,Spring,-117.3,33,2011:93.3_26.7,2011:Spring_93.3_26.7
CALCOFI 1104,93.4,26.4,NA,"32.950, -117.283",32.95,-117.283,4/9/11,13:04,13:06,0,13,CALBOBL,NA,0.505,OBLIQUE,Ethanol,Ethanol,201104,201104:93.4_26.4,93.4_26.4,2011,4,Spring,-117.3,33,2011:93.4_26.4,2011:Spring_93.4_26.4
CALCOFI 1104,91.7,26.4,NA,"33.250, -117.467",33.25,-117.467,4/9/11,15:42,15:43,0,11,CALBOBL,NA,0.505,OBLIQUE,Ethanol,Ethanol,201104,201104:91.7_26.4,91.7_26.4,2011,4,Spring,-117.5,33.2,2011:91.7_26.4,2011:Spring_91.7_26.4
CALCOFI 1104,93.3,30,NA,"32.850, -117.533",32.85,-117.533,4/10/11,2:48,3:07,0,212,CALBOBL,NA,0.505,OBLIQUE,Ethanol,Ethanol,201104,201104:93.3_30,93.3_30,2011,4,Spring,-117.5,32.9,2011:93.3_30,2011:Spring_93.3_30
CALCOFI 1104,93.3,35,NA,"32.683, -117.867",32.683,-117.867,4/10/11,6:53,7:14,0,210,CALBOBL,NA,0.505,OBLIQUE,Ethanol,Ethanol,201104,201104:93.3_35,93.3_35,2011,4,Spring,-117.9,32.7,2011:93.3_35,2011:Spring_93.3_35
CALCOFI 1104,93.3,40,NA,"32.517, -118.217",32.517,-118.217,4/10/11,11:16,11:35,0,209,CALBOBL,NA,0.505,OBLIQUE,Ethanol,Ethanol,201104,201104:93.3_40,93.3_40,2011,4,Spring,-118.2,32.5,2011:93.3_40,2011:Spring_93.3_40
CALCOFI 1104,90,60,NA,"32.417, -119.967",32.417,-119.967,4/15/11,19:47,20:10,0,213,CALBOBL,NA,0.505,OBLIQUE,Ethanol,Ethanol,201104,201104:90_60,90_60,2011,4,Spring,-120,32.4,2011:90_60,2011:Spring_90_60
CALCOFI 1104,90,45,NA,"32.917, -118.933",32.917,-118.933,4/16/11,12:06,12:26,0,209,CALBOBL,NA,0.505,OBLIQUE,Ethanol,Ethanol,201104,201104:90_45,90_45,2011,4,Spring,-118.9,32.9,2011:90_45,2011:Spring_90_45
CALCOFI 1104,90,37,NA,"33.183, -118.383",33.183,-118.383,4/16/11,18:10,18:31,0,219,CALBOBL,NA,0.505,OBLIQUE,Ethanol,Ethanol,201104,201104:90_37,90_37,2011,4,Spring,-118.4,33.2,2011:90_37,2011:Spring_90_37
CALCOFI 1104,90,35,NA,"33.250, -118.250",33.25,-118.25,4/16/11,23:20,23:41,0,215,CALBOBL,NA,0.505,OBLIQUE,Ethanol,Ethanol,201104,201104:90_35,90_35,2011,4,Spring,-118.2,33.2,2011:90_35,2011:Spring_90_35
CALCOFI 1104,90,28,NA,"33.483, -117.767",33.483,-117.767,4/17/11,7:23,7:27,0,29,CALBOBL,NA,0.505,OBLIQUE,Ethanol,Ethanol,201104,201104:90_28,90_28,2011,4,Spring,-117.8,33.5,2011:90_28,2011:Spring_90_28
CALCOFI 1104,86.7,33,NA,"33.883, -118.500",33.883,-118.5,4/17/11,14:43,14:47,0,39,CALBOBL,NA,0.505,OBLIQUE,Ethanol,Ethanol,201104,201104:86.7_33,86.7_33,2011,4,Spring,-118.5,33.9,2011:86.7_33,2011:Spring_86.7_33
CALCOFI 1104,86.8,32.5,NA,"33.883, -118.450",33.883,-118.45,4/17/11,15:53,15:55,0,23,CALBOBL,NA,0.505,OBLIQUE,Ethanol,Ethanol,201104,201104:86.8_32.5,86.8_32.5,2011,4,Spring,-118.4,33.9,2011:86.8_32.5,2011:Spring_86.8_32.5
CALCOFI 1104,86.7,40,NA,"33.650, -118.967",33.65,-118.967,4/18/11,2:05,2:26,0,212,CALBOBL,NA,0.505,OBLIQUE,Ethanol,Ethanol,201104,201104:86.7_40,86.7_40,2011,4,Spring,-119,33.6,2011:86.7_40,2011:Spring_86.7_40
CALCOFI 1104,86.7,45,NA,"33.500, -119.317",33.5,-119.317,4/18/11,6:19,6:40,0,209,CALBOBL,NA,0.505,OBLIQUE,Ethanol,Ethanol,201104,201104:86.7_45,86.7_45,2011,4,Spring,-119.3,33.5,2011:86.7_45,2011:Spring_86.7_45
CALCOFI 1104,83.3,55,NA,"33.750, -120.417",33.75,-120.417,4/21/11,22:45,23:06,0,212,CALBOBL,NA,0.505,OBLIQUE,Ethanol,Ethanol,201104,201104:83.3_55,83.3_55,2011,4,Spring,-120.4,33.8,2011:83.3_55,2011:Spring_83.3_55
CALCOFI 1104,83.3,51,NA,"33.883, -120.133",33.883,-120.133,4/22/11,4:08,4:15,0,72,CALBOBL,NA,0.505,OBLIQUE,Ethanol,Ethanol,201104,201104:83.3_51,83.3_51,2011,4,Spring,-120.1,33.9,2011:83.3_51,2011:Spring_83.3_51
CALCOFI 1104,83.3,40.6,NA,"34.217, -119.417",34.217,-119.417,4/22/11,12:49,12:52,0,27,CALBOBL,NA,0.505,OBLIQUE,Ethanol,Ethanol,201104,201104:83.3_40.6,83.3_40.6,2011,4,Spring,-119.4,34.2,2011:83.3_40.6,2011:Spring_83.3_40.6
CALCOFI 1104,83.3,39.4,NA,"34.233, -119.383",34.233,-119.383,4/22/11,13:44,13:46,0,20,CALBOBL,NA,0.505,OBLIQUE,Ethanol,Ethanol,201104,201104:83.3_39.4,83.3_39.4,2011,4,Spring,-119.4,34.2,2011:83.3_39.4,2011:Spring_83.3_39.4
CALCOFI 1104,81.7,43.5,NA,"34.383, -119.817",34.383,-119.817,4/22/11,17:04,17:06,0,27,CALBOBL,NA,0.505,OBLIQUE,Ethanol,Ethanol,201104,201104:81.7_43.5,81.7_43.5,2011,4,Spring,-119.8,34.4,2011:81.7_43.5,2011:Spring_81.7_43.5
CALCOFI 1104,81.8,46.9,NA,"34.283, -120.033",34.283,-120.033,4/22/11,20:23,20:44,0,198,CALBOBL,NA,0.505,OBLIQUE,Ethanol,Ethanol,201104,201104:81.8_46.9,81.8_46.9,2011,4,Spring,-120,34.3,2011:81.8_46.9,2011:Spring_81.8_46.9
CALCOFI 1104,80,55,NA,"34.317, -120.800",34.317,-120.8,4/23/11,6:19,6:39,0,209,CALBOBL,NA,0.505,OBLIQUE,Ethanol,Ethanol,201104,201104:80_55,80_55,2011,4,Spring,-120.8,34.3,2011:80_55,2011:Spring_80_55
CALCOFI 1104,80,60,NA,"34.150, -121.150",34.15,-121.15,4/23/11,10:55,11:14,0,209,CALBOBL,NA,0.505,OBLIQUE,Ethanol,Ethanol,201104,201104:80_60,80_60,2011,4,Spring,-121.2,34.1,2011:80_60,2011:Spring_80_60
CALCOFI 1104,80,80,NA,"33.483, -122.533",33.483,-122.533,4/24/11,3:15,3:36,0,217,CALBOBL,NA,0.505,OBLIQUE,Ethanol,Ethanol,201104,201104:80_80,80_80,2011,4,Spring,-122.5,33.5,2011:80_80,2011:Spring_80_80
CALCOFI 1004,70,51,NA,"36.183, -121.733",36.183,-121.733,4/24/10,15:29,15:42,0,132,CALBOBL,NA,0.505,OBLIQUE                          ,Ethanol,Ethanol,201004,201004:70_51,70_51,2010,4,Spring,-121.7,36.2,2010:70_51,2010:Spring_70_51
CALCOFI 1004,70,55,NA,"36.050, -122.017",36.05,-122.017,4/24/10,18:02,18:16,0,136,CALBOBL,NA,0.505,OBLIQUE                          ,Ethanol,Ethanol,201004,201004:70_55,70_55,2010,4,Spring,-122,36,2010:70_55,2010:Spring_70_55
CALCOFI 1004,70,60,NA,"35.883, -122.367",35.883,-122.367,4/24/10,21:12,21:26,0,136,CALBOBL,NA,0.505,OBLIQUE                          ,Ethanol,Ethanol,201004,201004:70_60,70_60,2010,4,Spring,-122.4,35.9,2010:70_60,2010:Spring_70_60
CALCOFI 1004,70,80,NA,"35.217, -123.783",35.217,-123.783,4/25/10,11:08,11:22,0,192,CALBOBL,NA,0.505,OBLIQUE                          ,Ethanol,Ethanol,201004,201004:70_80,70_80,2010,4,Spring,-123.8,35.2,2010:70_80,2010:Spring_70_80
CALCOFI 1110,93.3,26.7,NA,"32.950, -117.300",32.95,-117.3,10/16/11,16:45,16:49,0,38,CALBOBL,NA,0.505,,Ethanol,Ethanol,201110,201110:93.3_26.7,93.3_26.7,2011,10,Fall,-117.3,33,2011:93.3_26.7,2011:Fall_93.3_26.7
CALCOFI 1110,93.4,26.4,NA,"32.950, -117.283",32.95,-117.283,10/16/11,17:43,17:44,0,14,CALBOBL,NA,0.505,,Ethanol,Ethanol,201110,201110:93.4_26.4,93.4_26.4,2011,10,Fall,-117.3,33,2011:93.4_26.4,2011:Fall_93.4_26.4
CALCOFI 1110,91.7,26.4,NA,"33.250, -117.467",33.25,-117.467,10/16/11,20:41,20:42,0,10,CALBOBL,NA,0.505,,Ethanol,Ethanol,201110,201110:91.7_26.4,91.7_26.4,2011,10,Fall,-117.5,33.2,2011:91.7_26.4,2011:Fall_91.7_26.4
CALCOFI 1110,93.3,30,NA,"32.850, -117.533",32.85,-117.533,10/17/11,5:22,5:43,0,207,CALBOBL,NA,0.505,,Ethanol,Ethanol,201110,201110:93.3_30,93.3_30,2011,10,Fall,-117.5,32.9,2011:93.3_30,2011:Fall_93.3_30
CALCOFI 1110,93.3,35,NA,"32.683, -117.867",32.683,-117.867,10/17/11,8:14,8:37,0,252,CALBOBL,NA,0.505,,Ethanol,Ethanol,201110,201110:93.3_35,93.3_35,2011,10,Fall,-117.9,32.7,2011:93.3_35,2011:Fall_93.3_35
CALCOFI 1110,93.3,40,NA,"32.517, -118.217",32.517,-118.217,10/17/11,13:41,14:03,0,210,CALBOBL,NA,0.505,,Ethanol,Ethanol,201110,201110:93.3_40,93.3_40,2011,10,Fall,-118.2,32.5,2011:93.3_40,2011:Fall_93.3_40
CALCOFI 1110,90,60,NA,"32.417, -119.967",32.417,-119.967,10/21/11,21:11,21:33,0,214,CALBOBL,NA,0.505,,Ethanol,Ethanol,201110,201110:90_60,90_60,2011,10,Fall,-120,32.4,2011:90_60,2011:Fall_90_60
CALCOFI 1110,90,45,NA,"32.917, -118.933",32.917,-118.933,10/22/11,9:25,9:47,0,204,CALBOBL,NA,0.505,,Ethanol,Ethanol,201110,201110:90_45,90_45,2011,10,Fall,-118.9,32.9,2011:90_45,2011:Fall_90_45
CALCOFI 1110,90,37,NA,"33.183, -118.383",33.183,-118.383,10/22/11,17:06,17:28,0,204,CALBOBL,NA,0.505,,Ethanol,Ethanol,201110,201110:90_37,90_37,2011,10,Fall,-118.4,33.2,2011:90_37,2011:Fall_90_37
CALCOFI 1110,90,35,NA,"33.250, -118.250",33.25,-118.25,10/22/11,20:05,20:27,0,209,CALBOBL,NA,0.505,,Ethanol,Ethanol,201110,201110:90_35,90_35,2011,10,Fall,-118.2,33.2,2011:90_35,2011:Fall_90_35
CALCOFI 1110,90,28,NA,"33.483, -117.767",33.483,-117.767,10/23/11,2:58,3:03,0,40,CALBOBL,NA,0.505,,Ethanol,Ethanol,201110,201110:90_28,90_28,2011,10,Fall,-117.8,33.5,2011:90_28,2011:Fall_90_28
CALCOFI 1110,88.5,30.1,NA,"33.667, -118.100",33.667,-118.1,10/23/11,6:37,6:39,0,14,CALBOBL,NA,0.505,,Ethanol,Ethanol,201110,201110:88.5_30.1,88.5_30.1,2011,10,Fall,-118.1,33.7,2011:88.5_30.1,2011:Fall_88.5_30.1
CALCOFI 1110,86.7,33,NA,"33.883, -118.500",33.883,-118.5,10/23/11,10:55,10:59,0,42,CALBOBL,NA,0.505,,Ethanol,Ethanol,201110,201110:86.7_33,86.7_33,2011,10,Fall,-118.5,33.9,2011:86.7_33,2011:Fall_86.7_33
CALCOFI 1110,86.8,32.5,NA,"33.883, -118.450",33.883,-118.45,10/23/11,12:05,12:07,0,20,CALBOBL,NA,0.505,,Ethanol,Ethanol,201110,201110:86.8_32.5,86.8_32.5,2011,10,Fall,-118.4,33.9,2011:86.8_32.5,2011:Fall_86.8_32.5
CALCOFI 1110,85.4,35.8,NA,"34.017, -118.833",34.017,-118.833,10/23/11,14:43,14:45,0,15,CALBOBL,NA,0.505,,Ethanol,Ethanol,201110,201110:85.4_35.8,85.4_35.8,2011,10,Fall,-118.8,34,2011:85.4_35.8,2011:Fall_85.4_35.8
CALCOFI 1110,86.7,40,NA,"33.667, -118.967",33.667,-118.967,10/23/11,23:38,0:00,0,212,CALBOBL,NA,0.505,,Ethanol,Ethanol,201110,201110:86.7_40,86.7_40,2011,10,Fall,-119,33.7,2011:86.7_40,2011:Fall_86.7_40
CALCOFI 1110,86.7,45,NA,"33.500, -119.317",33.5,-119.317,10/24/11,4:12,4:33,0,215,CALBOBL,NA,0.505,,Ethanol,Ethanol,201110,201110:86.7_45,86.7_45,2011,10,Fall,-119.3,33.5,2011:86.7_45,2011:Fall_86.7_45
CALCOFI 1110,83.3,55,NA,"33.750, -120.400",33.75,-120.4,10/27/11,23:59,0:21,0,211,CALBOBL,NA,0.505,,Ethanol,Ethanol,201110,201110:83.3_55,83.3_55,2011,10,Fall,-120.4,33.8,2011:83.3_55,2011:Fall_83.3_55
CALCOFI 1110,83.3,51,NA,"33.883, -120.133",33.883,-120.133,10/28/11,3:27,3:35,0,68,CALBOBL,NA,0.505,,Ethanol,Ethanol,201110,201110:83.3_51,83.3_51,2011,10,Fall,-120.1,33.9,2011:83.3_51,2011:Fall_83.3_51
CALCOFI 1110,83.3,39.4,NA,"34.267, -119.333",34.267,-119.333,10/28/11,8:48,8:49,0,13,CALBOBL,NA,0.505,,Ethanol,Ethanol,201110,201110:83.3_39.4,83.3_39.4,2011,10,Fall,-119.3,34.3,2011:83.3_39.4,2011:Fall_83.3_39.4
CALCOFI 1110,83.3,40.6,NA,"34.233, -119.417",34.233,-119.417,10/28/11,10:04,10:06,0,21,CALBOBL,NA,0.505,,Ethanol,Ethanol,201110,201110:83.3_40.6,83.3_40.6,2011,10,Fall,-119.4,34.2,2011:83.3_40.6,2011:Fall_83.3_40.6
CALCOFI 1110,81.7,43.5,NA,"34.400, -119.800",34.4,-119.8,10/28/11,14:58,15:00,0,14,CALBOBL,NA,0.505,,Ethanol,Ethanol,201110,201110:81.7_43.5,81.7_43.5,2011,10,Fall,-119.8,34.4,2011:81.7_43.5,2011:Fall_81.7_43.5
CALCOFI 1110,81.8,46.9,NA,"34.283, -120.017",34.283,-120.017,10/28/11,18:11,18:32,0,208,CALBOBL,NA,0.505,,Ethanol,Ethanol,201110,201110:81.8_46.9,81.8_46.9,2011,10,Fall,-120,34.3,2011:81.8_46.9,2011:Fall_81.8_46.9
CALCOFI 1110,80,50.5,NA,"34.467, -120.483",34.467,-120.483,10/28/11,22:34,22:36,0,21,CALBOBL,NA,0.505,,Ethanol,Ethanol,201110,201110:80_50.5,80_50.5,2011,10,Fall,-120.5,34.5,2011:80_50.5,2011:Fall_80_50.5
CALCOFI 1110,80,55,NA,"34.317, -120.800",34.317,-120.8,10/29/11,4:06,4:27,0,214,CALBOBL,NA,0.505,,Ethanol,Ethanol,201110,201110:80_55,80_55,2011,10,Fall,-120.8,34.3,2011:80_55,2011:Fall_80_55
CALCOFI 1110,80,60,NA,"34.150, -121.150",34.15,-121.15,10/29/11,11:02,11:24,0,210,CALBOBL,NA,0.505,,Ethanol,Ethanol,201110,201110:80_60,80_60,2011,10,Fall,-121.2,34.1,2011:80_60,2011:Fall_80_60
CALCOFI 1110,76.7,60,NA,"34.717, -121.550",34.717,-121.55,11/1/11,1:41,2:04,0,211,CALBOBL,NA,0.505,,Ethanol,Ethanol,201110,201110:76.7_60,76.7_60,2011,11,Fall,-121.6,34.7,2011:76.7_60,2011:Fall_76.7_60
CALCOFI 1110,76.7,55,NA,"34.883, -121.200",34.883,-121.2,11/1/11,6:04,6:25,0,207,CALBOBL,NA,0.505,,Ethanol,Ethanol,201110,201110:76.7_55,76.7_55,2011,11,Fall,-121.2,34.9,2011:76.7_55,2011:Fall_76.7_55
CALCOFI 1110,76.7,49,NA,"35.083, -120.783",35.083,-120.783,11/1/11,12:04,12:11,0,59,CALBOBL,NA,0.505,,Ethanol,Ethanol,201110,201110:76.7_49,76.7_49,2011,11,Fall,-120.8,35.1,2011:76.7_49,2011:Fall_76.7_49
CALCOFI 1404,93.3,26.7,NA,"32.957, -117.305",32.957,-117.305,3/28/14,20:23,20:27,0,41,CALBOBL,NA,0.505,OBLIQUE,ethanol,ethanol,201404,201404:93.3_26.7,93.3_26.7,2014,3,Spring,-117.3,33,2014:93.3_26.7,2014:Spring_93.3_26.7
CALCOFI 1404,93.4,26.4,NA,"32.950, -117.275",32.95,-117.275,3/28/14,21:23,21:24,0,12,CALBOBL,NA,0.505,OBLIQUE,ethanol,ethanol,201404,201404:93.4_26.4,93.4_26.4,2014,3,Spring,-117.3,33,2014:93.4_26.4,2014:Spring_93.4_26.4
CALCOFI 1404,91.7,26.4,NA,"33.243, -117.465",33.243,-117.465,3/29/14,0:25,0:27,0,15,CALBOBL,NA,0.505,OBLIQUE,ethanol,ethanol,201404,201404:91.7_26.4,91.7_26.4,2014,3,Spring,-117.5,33.2,2014:91.7_26.4,2014:Spring_91.7_26.4
CALCOFI 1404,93.3,30,NA,"32.847, -117.532",32.847,-117.532,4/1/14,21:02,21:17,0,186,CALBOBL,NA,0.505,OBLIQUE,ethanol,ethanol,201404,201404:93.3_30,93.3_30,2014,4,Spring,-117.5,32.8,2014:93.3_30,2014:Spring_93.3_30
CALCOFI 1404,93.3,35,NA,"32.680, -117.873",32.68,-117.873,4/2/14,1:20,1:35,0,208,CALBOBL,NA,0.505,OBLIQUE,ethanol,ethanol,201404,201404:93.3_35,93.3_35,2014,4,Spring,-117.9,32.7,2014:93.3_35,2014:Spring_93.3_35
CALCOFI 1404,93.3,40,NA,"32.510, -118.210",32.51,-118.21,4/2/14,5:51,6:05,0,198,CALBOBL,NA,0.505,OBLIQUE,ethanol,ethanol,201404,201404:93.3_40,93.3_40,2014,4,Spring,-118.2,32.5,2014:93.3_40,2014:Spring_93.3_40
CALCOFI 1404,90,37,NA,"33.190, -118.387",33.19,-118.387,4/7/14,4:03,4:24,0,199,CALBOBL,NA,0.505,OBLIQUE,ethanol,ethanol,201404,201404:90_37,90_37,2014,4,Spring,-118.4,33.2,2014:90_37,2014:Spring_90_37
CALCOFI 1404,90,35,NA,"33.252, -118.250",33.252,-118.25,4/7/14,7:01,7:23,0,207,CALBOBL,NA,0.505,OBLIQUE,ethanol,ethanol,201404,201404:90_35,90_35,2014,4,Spring,-118.2,33.3,2014:90_35,2014:Spring_90_35
CALCOFI 1404,90,28,NA,"33.485, -117.767",33.485,-117.767,4/7/14,13:46,13:51,0,37,CALBOBL,NA,0.505,OBLIQUE,ethanol,ethanol,201404,201404:90_28,90_28,2014,4,Spring,-117.8,33.5,2014:90_28,2014:Spring_90_28
CALCOFI 1404,88.5,30.1,NA,"33.675, -118.085",33.675,-118.085,4/7/14,17:45,17:47,0,13,CALBOBL,NA,0.505,OBLIQUE,ethanol,ethanol,201404,201404:88.5_30.1,88.5_30.1,2014,4,Spring,-118.1,33.7,2014:88.5_30.1,2014:Spring_88.5_30.1
CALCOFI 1404,86.8,32.5,NA,"33.888, -118.445",33.888,-118.445,4/7/14,21:22,21:25,0,18,CALBOBL,NA,0.505,OBLIQUE,ethanol,ethanol,201404,201404:86.8_32.5,86.8_32.5,2014,4,Spring,-118.4,33.9,2014:86.8_32.5,2014:Spring_86.8_32.5
CALCOFI 1404,86.7,33,NA,"33.890, -118.490",33.89,-118.49,4/7/14,22:59,23:04,0,43,CALBOBL,NA,0.505,OBLIQUE,ethanol,ethanol,201404,201404:86.7_33,86.7_33,2014,4,Spring,-118.5,33.9,2014:86.7_33,2014:Spring_86.7_33
CALCOFI 1404,85.4,35.8,NA,"34.020, -118.833",34.02,-118.833,4/8/14,4:55,4:57,0,11,CALBOBL,NA,0.505,OBLIQUE,ethanol,ethanol,201404,201404:85.4_35.8,85.4_35.8,2014,4,Spring,-118.8,34,2014:85.4_35.8,2014:Spring_85.4_35.8
CALCOFI 1404,86.7,40,NA,"33.660, -118.960",33.66,-118.96,4/8/14,9:42,10:03,0,205,CALBOBL,NA,0.505,OBLIQUE,ethanol,ethanol,201404,201404:86.7_40,86.7_40,2014,4,Spring,-119,33.7,2014:86.7_40,2014:Spring_86.7_40
CALCOFI 1404,83.3,55,NA,"33.747, -120.410",33.747,-120.41,4/12/14,5:43,6:05,0,216,CALBOBL,NA,0.505,OBLIQUE,ethanol,ethanol,201404,201404:83.3_55,83.3_55,2014,4,Spring,-120.4,33.7,2014:83.3_55,2014:Spring_83.3_55
CALCOFI 1404,83.3,51,NA,"33.873, -120.142",33.873,-120.142,4/12/14,8:35,8:42,0,67,CALBOBL,NA,0.505,OBLIQUE,ethanol,ethanol,201404,201404:83.3_51,83.3_51,2014,4,Spring,-120.1,33.9,2014:83.3_51,2014:Spring_83.3_51
CALCOFI 1404,83.3,40.6,NA,"34.227, -119.412",34.227,-119.412,4/12/14,17:28,17:31,0,19,CALBOBL,NA,0.505,OBLIQUE,ethanol,ethanol,201404,201404:83.3_40.6,83.3_40.6,2014,4,Spring,-119.4,34.2,2014:83.3_40.6,2014:Spring_83.3_40.6
CALCOFI 1404,83.3,39.4,NA,"34.265, -119.328",34.265,-119.328,4/12/14,18:32,18:34,0,15,CALBOBL,NA,0.505,OBLIQUE,ethanol,ethanol,201404,201404:83.3_39.4,83.3_39.4,2014,4,Spring,-119.3,34.3,2014:83.3_39.4,2014:Spring_83.3_39.4
CALCOFI 1404,81.7,43.5,NA,"34.405, -119.800",34.405,-119.8,4/12/14,21:37,21:39,0,10,CALBOBL,NA,0.505,OBLIQUE,ethanol,ethanol,201404,201404:81.7_43.5,81.7_43.5,2014,4,Spring,-119.8,34.4,2014:81.7_43.5,2014:Spring_81.7_43.5
CALCOFI 1404,81.8,46.9,NA,"34.275, -120.025",34.275,-120.025,4/13/14,1:08,1:29,0,203,CALBOBL,NA,0.505,OBLIQUE,ethanol,ethanol,201404,201404:81.8_46.9,81.8_46.9,2014,4,Spring,-120,34.3,2014:81.8_46.9,2014:Spring_81.8_46.9
CALCOFI 1404,80,50.5,NA,"34.467, -120.488",34.467,-120.488,4/13/14,5:15,5:17,0,13,CALBOBL,NA,0.505,OBLIQUE,ethanol,ethanol,201404,201404:80_50.5,80_50.5,2014,4,Spring,-120.5,34.5,2014:80_50.5,2014:Spring_80_50.5
CALCOFI 1404,80,55,NA,"34.317, -120.803",34.317,-120.803,4/13/14,10:42,11:03,0,210,CALBOBL,NA,0.505,OBLIQUE,ethanol,ethanol,201404,201404:80_55,80_55,2014,4,Spring,-120.8,34.3,2014:80_55,2014:Spring_80_55
CALCOFI 1404,80,60,NA,"34.157, -121.155",34.157,-121.155,4/13/14,15:36,15:57,0,195,CALBOBL,NA,0.505,OBLIQUE,ethanol,ethanol,201404,201404:80_60,80_60,2014,4,Spring,-121.2,34.2,2014:80_60,2014:Spring_80_60
CALCOFI 1404,80,80,NA,"33.483, -122.533",33.483,-122.533,4/14/14,4:10,4:30,0,213,CALBOBL,NA,0.505,OBLIQUE,ethanol,ethanol,201404,201404:80_80,80_80,2014,4,Spring,-122.5,33.5,2014:80_80,2014:Spring_80_80
CALCOFI 1404,93.3,30,NA,"32.845, -117.532",32.845,-117.532,4/23/14,14:40,15:00,0,211,CALBOBL,NA,0.505,OBLIQUE,ethanol,ethanol,201404,201404:93.3_30,93.3_30,2014,4,Spring,-117.5,32.8,2014:93.3_30,2014:Spring_93.3_30
CALCOFI 1404,93.3,40,NA,"32.513, -118.213",32.513,-118.213,4/24/14,0:22,0:44,0,209,CALBOBL,NA,0.505,OBLIQUE,ethanol,ethanol,201404,201404:93.3_40,93.3_40,2014,4,Spring,-118.2,32.5,2014:93.3_40,2014:Spring_93.3_40
CALCOFI 1404,86.7,33,NA,"33.885, -118.490",33.885,-118.49,4/25/14,19:12,19:17,0,39,CALBOBL,NA,0.505,OBLIQUE,ethanol,ethanol,201404,201404:86.7_33,86.7_33,2014,4,Spring,-118.5,33.9,2014:86.7_33,2014:Spring_86.7_33
CALCOFI 1404,86.7,40,NA,"33.657, -118.975",33.657,-118.975,4/27/14,10:07,10:28,0,214,CALBOBL,NA,0.505,OBLIQUE,ethanol,ethanol,201404,201404:86.7_40,86.7_40,2014,4,Spring,-119,33.7,2014:86.7_40,2014:Spring_86.7_40
CALCOFI 1404,83.3,40.6,NA,"34.225, -119.408",34.225,-119.408,4/28/14,7:54,7:57,0,27,CALBOBL,NA,0.505,OBLIQUE,ethanol,ethanol,201404,201404:83.3_40.6,83.3_40.6,2014,4,Spring,-119.4,34.2,2014:83.3_40.6,2014:Spring_83.3_40.6
CALCOFI 1411,93.3,26.7,NA,"32.957, -117.305",32.957,-117.305,11/8/14,13:32,13:56,0,237,CALBOBL,NA,0.505,OBLIQUE,ethanol,ethanol,201411,201411:93.3_26.7,93.3_26.7,2014,11,Fall,-117.3,33,2014:93.3_26.7,2014:Fall_93.3_26.7
CALCOFI 1411,93.4,26.4,NA,"32.953, -117.282",32.953,-117.282,11/8/14,14:50,14:53,0,13,CALBOBL,NA,0.505,OBLIQUE,ethanol,ethanol,201411,201411:93.4_26.4,93.4_26.4,2014,11,Fall,-117.3,33,2014:93.4_26.4,2014:Fall_93.4_26.4
CALCOFI 1411,91.7,26.4,NA,"33.245, -117.465",33.245,-117.465,11/8/14,17:31,17:34,0,12,CALBOBL,NA,0.505,OBLIQUE,ethanol,ethanol,201411,201411:91.7_26.4,91.7_26.4,2014,11,Fall,-117.5,33.2,2014:91.7_26.4,2014:Fall_91.7_26.4
CALCOFI 1411,93.3,30,NA,"32.845, -117.532",32.845,-117.532,11/9/14,0:13,0:35,0,201,CALBOBL,NA,0.505,OBLIQUE,ethanol,ethanol,201411,201411:93.3_30,93.3_30,2014,11,Fall,-117.5,32.8,2014:93.3_30,2014:Fall_93.3_30
CALCOFI 1411,93.3,35,NA,"32.680, -117.873",32.68,-117.873,11/9/14,4:15,4:37,0,213,CALBOBL,NA,0.505,OBLIQUE,ethanol,ethanol,201411,201411:93.3_35,93.3_35,2014,11,Fall,-117.9,32.7,2014:93.3_35,2014:Fall_93.3_35
CALCOFI 1411,93.3,40,NA,"32.513, -118.212",32.513,-118.212,11/9/14,8:17,8:39,0,207,CALBOBL,NA,0.505,OBLIQUE,ethanol,ethanol,201411,201411:93.3_40,93.3_40,2014,11,Fall,-118.2,32.5,2014:93.3_40,2014:Fall_93.3_40
CALCOFI 1411,90,60,NA,"32.418, -119.958",32.418,-119.958,11/13/14,7:41,8:03,0,207,CALBOBL,NA,0.505,OBLIQUE,ethanol,ethanol,201411,201411:90_60,90_60,2014,11,Fall,-120,32.4,2014:90_60,2014:Fall_90_60
CALCOFI 1411,90,45,NA,"32.918, -118.935",32.918,-118.935,11/13/14,20:42,21:03,0,215,CALBOBL,NA,0.505,OBLIQUE,ethanol,ethanol,201411,201411:90_45,90_45,2014,11,Fall,-118.9,32.9,2014:90_45,2014:Fall_90_45
CALCOFI 1411,90,37,NA,"33.185, -118.385",33.185,-118.385,11/14/14,2:04,2:26,0,207,CALBOBL,NA,0.505,OBLIQUE,ethanol,ethanol,201411,201411:90_37,90_37,2014,11,Fall,-118.4,33.2,2014:90_37,2014:Fall_90_37
CALCOFI 1411,90,35,NA,"33.252, -118.250",33.252,-118.25,11/14/14,5:17,5:39,0,213,CALBOBL,NA,0.505,OBLIQUE,ethanol,ethanol,201411,201411:90_35,90_35,2014,11,Fall,-118.2,33.3,2014:90_35,2014:Fall_90_35
CALCOFI 1411,90,28,NA,"33.485, -117.767",33.485,-117.767,11/14/14,12:10,12:16,0,44,CALBOBL,NA,0.505,OBLIQUE,ethanol,ethanol,201411,201411:90_28,90_28,2014,11,Fall,-117.8,33.5,2014:90_28,2014:Fall_90_28
CALCOFI 1411,88.5,30.1,NA,"33.673, -118.093",33.673,-118.093,11/14/14,15:24,15:26,0,15,CALBOBL,NA,0.505,OBLIQUE,ethanol,ethanol,201411,201411:88.5_30.1,88.5_30.1,2014,11,Fall,-118.1,33.7,2014:88.5_30.1,2014:Fall_88.5_30.1
CALCOFI 1411,86.8,32.5,NA,"33.890, -118.442",33.89,-118.442,11/14/14,18:38,18:40,0,14,CALBOBL,NA,0.505,OBLIQUE,ethanol,ethanol,201411,201411:86.8_32.5,86.8_32.5,2014,11,Fall,-118.4,33.9,2014:86.8_32.5,2014:Fall_86.8_32.5
CALCOFI 1411,86.7,33,NA,"33.890, -118.490",33.89,-118.49,11/14/14,20:04,20:09,0,47,CALBOBL,NA,0.505,OBLIQUE,ethanol,ethanol,201411,201411:86.7_33,86.7_33,2014,11,Fall,-118.5,33.9,2014:86.7_33,2014:Fall_86.7_33
CALCOFI 1411,86.7,40,NA,"33.657, -118.975",33.657,-118.975,11/15/14,3:05,3:26,0,211,CALBOBL,NA,0.505,OBLIQUE,ethanol,ethanol,201411,201411:86.7_40,86.7_40,2014,11,Fall,-119,33.7,2014:86.7_40,2014:Fall_86.7_40
CALCOFI 1411,86.7,45,NA,"33.492, -119.318",33.492,-119.318,11/15/14,7:00,7:22,0,217,CALBOBL,NA,0.505,OBLIQUE,ethanol,ethanol,201411,201411:86.7_45,86.7_45,2014,11,Fall,-119.3,33.5,2014:86.7_45,2014:Fall_86.7_45
CALCOFI 1411,83.3,55,NA,"33.745, -120.410",33.745,-120.41,11/18/14,13:18,13:38,0,210,CALBOBL,NA,0.505,OBLIQUE,ethanol,ethanol,201411,201411:83.3_55,83.3_55,2014,11,Fall,-120.4,33.7,2014:83.3_55,2014:Fall_83.3_55
CALCOFI 1411,83.3,51,NA,"33.878, -120.133",33.878,-120.133,11/18/14,16:21,16:29,0,70,CALBOBL,NA,0.505,OBLIQUE,ethanol,ethanol,201411,201411:83.3_51,83.3_51,2014,11,Fall,-120.1,33.9,2014:83.3_51,2014:Fall_83.3_51
CALCOFI 1411,80,55,NA,"34.315, -120.802",34.315,-120.802,11/18/14,22:12,22:33,0,208,CALBOBL,NA,0.505,OBLIQUE,ethanol,ethanol,201411,201411:80_55,80_55,2014,11,Fall,-120.8,34.3,2014:80_55,2014:Fall_80_55
CALCOFI 1411,80,60,NA,"34.150, -121.150",34.15,-121.15,11/19/14,2:12,2:33,0,202,CALBOBL,NA,0.505,OBLIQUE,ethanol,ethanol,201411,201411:80_60,80_60,2014,11,Fall,-121.2,34.1,2014:80_60,2014:Fall_80_60
CALCOFI 1411,76.7,60,NA,"34.712, -121.542",34.712,-121.542,11/21/14,8:27,8:49,0,213,CALBOBL,NA,0.505,OBLIQUE,ethanol,ethanol,201411,201411:76.7_60,76.7_60,2014,11,Fall,-121.5,34.7,2014:76.7_60,2014:Fall_76.7_60
CALCOFI 1411,76.7,55,NA,"34.888, -121.198",34.888,-121.198,11/21/14,13:29,13:50,0,212,CALBOBL,NA,0.505,OBLIQUE,ethanol,ethanol,201411,201411:76.7_55,76.7_55,2014,11,Fall,-121.2,34.9,2014:76.7_55,2014:Fall_76.7_55
CALCOFI 1411,76.7,49,NA,"35.087, -120.780",35.087,-120.78,11/21/14,18:59,19:06,0,58,CALBOBL,NA,0.505,OBLIQUE,ethanol,ethanol,201411,201411:76.7_49,76.7_49,2014,11,Fall,-120.8,35.1,2014:76.7_49,2014:Fall_76.7_49
CALCOFI 1411,80,50.5,NA,"34.462, -120.487",34.462,-120.487,11/22/14,0:05,0:07,0,12,CALBOBL,NA,0.505,OBLIQUE,ethanol,ethanol,201411,201411:80_50.5,80_50.5,2014,11,Fall,-120.5,34.5,2014:80_50.5,2014:Fall_80_50.5
CALCOFI 1411,81.8,46.9,NA,"34.275, -120.027",34.275,-120.027,11/22/14,6:55,7:17,0,213,CALBOBL,NA,0.505,OBLIQUE,ethanol,ethanol,201411,201411:81.8_46.9,81.8_46.9,2014,11,Fall,-120,34.3,2014:81.8_46.9,2014:Fall_81.8_46.9
CALCOFI 1411,81.7,43.5,NA,"34.403, -119.800",34.403,-119.8,11/22/14,9:13,9:15,0,13,CALBOBL,NA,0.505,OBLIQUE,ethanol,ethanol,201411,201411:81.7_43.5,81.7_43.5,2014,11,Fall,-119.8,34.4,2014:81.7_43.5,2014:Fall_81.7_43.5
CALCOFI 1411,83.3,40.6,NA,"34.225, -119.412",34.225,-119.412,11/22/14,14:12,14:15,0,18,CALBOBL,NA,0.505,OBLIQUE,ethanol,ethanol,201411,201411:83.3_40.6,83.3_40.6,2014,11,Fall,-119.4,34.2,2014:83.3_40.6,2014:Fall_83.3_40.6
CALCOFI 1411,83.3,39.4,NA,"34.252, -119.335",34.252,-119.335,11/22/14,15:03,15:05,0,14,CALBOBL,NA,0.505,OBLIQUE,ethanol,ethanol,201411,201411:83.3_39.4,83.3_39.4,2014,11,Fall,-119.3,34.3,2014:83.3_39.4,2014:Fall_83.3_39.4
CALCOFI 1411,85.4,35.8,NA,"34.012, -118.830",34.012,-118.83,11/22/14,18:27,18:29,0,15,CALBOBL,NA,0.505,OBLIQUE,ethanol,ethanol,201411,201411:85.4_35.8,85.4_35.8,2014,11,Fall,-118.8,34,2014:85.4_35.8,2014:Fall_85.4_35.8
CALCOFI 1504,93.3,26.7,NA,"32.955, -117.307",32.955,-117.307,4/4/15,12:16,12:21,0,37,CALBOBL,NA,0.505,OBLIQUE,ethanol,ethanol,201504,201504:93.3_26.7,93.3_26.7,2015,4,Spring,-117.3,33,2015:93.3_26.7,2015:Spring_93.3_26.7
CALCOFI 1504,93.4,26.4,NA,"32.952, -117.273",32.952,-117.273,4/4/15,13:18,13:20,0,14,CALBOBL,NA,0.505,OBLIQUE,ethanol,ethanol,201504,201504:93.4_26.4,93.4_26.4,2015,4,Spring,-117.3,33,2015:93.4_26.4,2015:Spring_93.4_26.4
CALCOFI 1504,91.7,26.4,NA,"33.245, -117.465",33.245,-117.465,4/4/15,15:58,16:00,0,15,CALBOBL,NA,0.505,OBLIQUE,ethanol,ethanol,201504,201504:91.7_26.4,91.7_26.4,2015,4,Spring,-117.5,33.2,2015:91.7_26.4,2015:Spring_91.7_26.4
CALCOFI 1504,93.3,30,NA,"32.843, -117.535",32.843,-117.535,4/4/15,22:20,22:42,0,212,CALBOBL,NA,0.505,OBLIQUE,ethanol,ethanol,201504,201504:93.3_30,93.3_30,2015,4,Spring,-117.5,32.8,2015:93.3_30,2015:Spring_93.3_30
CALCOFI 1504,93.3,35,NA,"32.682, -117.873",32.682,-117.873,4/5/15,2:13,2:37,0,213,CALBOBL,NA,0.505,OBLIQUE,ethanol,ethanol,201504,201504:93.3_35,93.3_35,2015,4,Spring,-117.9,32.7,2015:93.3_35,2015:Spring_93.3_35
CALCOFI 1504,93.3,40,NA,"32.513, -118.215",32.513,-118.215,4/5/15,6:22,6:45,0,216,CALBOBL,NA,0.505,OBLIQUE,ethanol,ethanol,201504,201504:93.3_40,93.3_40,2015,4,Spring,-118.2,32.5,2015:93.3_40,2015:Spring_93.3_40
CALCOFI 1504,90,60,NA,"32.417, -119.957",32.417,-119.957,4/9/15,12:45,13:10,0,202,CALBOBL,NA,0.505,OBLIQUE,ethanol,ethanol,201504,201504:90_60,90_60,2015,4,Spring,-120,32.4,2015:90_60,2015:Spring_90_60
CALCOFI 1504,90,45,NA,"32.920, -118.935",32.92,-118.935,4/10/15,0:03,0:26,0,209,CALBOBL,NA,0.505,OBLIQUE,ethanol,ethanol,201504,201504:90_45,90_45,2015,4,Spring,-118.9,32.9,2015:90_45,2015:Spring_90_45
CALCOFI 1504,90,37,NA,"33.185, -118.387",33.185,-118.387,4/10/15,5:53,6:14,0,214,CALBOBL,NA,0.505,OBLIQUE,ethanol,ethanol,201504,201504:90_37,90_37,2015,4,Spring,-118.4,33.2,2015:90_37,2015:Spring_90_37
CALCOFI 1504,90,35,NA,"33.253, -118.245",33.253,-118.245,4/10/15,7:21,7:43,0,211,CALBOBL,NA,0.505,OBLIQUE,ethanol,ethanol,201504,201504:90_35,90_35,2015,4,Spring,-118.2,33.3,2015:90_35,2015:Spring_90_35
CALCOFI 1504,90,28,NA,"33.483, -117.767",33.483,-117.767,4/10/15,15:18,15:23,0,36,CALBOBL,NA,0.505,OBLIQUE,ethanol,ethanol,201504,201504:90_28,90_28,2015,4,Spring,-117.8,33.5,2015:90_28,2015:Spring_90_28
CALCOFI 1504,88.5,30.1,NA,"33.675, -118.085",33.675,-118.085,4/10/15,18:45,18:47,0,14,CALBOBL,NA,0.505,OBLIQUE,ethanol,ethanol,201504,201504:88.5_30.1,88.5_30.1,2015,4,Spring,-118.1,33.7,2015:88.5_30.1,2015:Spring_88.5_30.1
CALCOFI 1504,86.8,32.5,NA,"33.888, -118.447",33.888,-118.447,4/10/15,22:34,22:37,0,21,CALBOBL,NA,0.505,OBLIQUE,ethanol,ethanol,201504,201504:86.8_32.5,86.8_32.5,2015,4,Spring,-118.4,33.9,2015:86.8_32.5,2015:Spring_86.8_32.5
CALCOFI 1504,86.7,33,NA,"33.890, -118.490",33.89,-118.49,4/11/15,0:23,0:29,0,40,CALBOBL,NA,0.505,OBLIQUE,ethanol,ethanol,201504,201504:86.7_33,86.7_33,2015,4,Spring,-118.5,33.9,2015:86.7_33,2015:Spring_86.7_33
CALCOFI 1504,86.7,40,NA,"33.657, -118.977",33.657,-118.977,4/11/15,7:40,8:02,0,211,CALBOBL,NA,0.505,OBLIQUE,ethanol,ethanol,201504,201504:86.7_40,86.7_40,2015,4,Spring,-119,33.7,2015:86.7_40,2015:Spring_86.7_40
CALCOFI 1504,86.7,45,NA,"33.490, -119.313",33.49,-119.313,4/11/15,12:08,12:31,0,199,CALBOBL,NA,0.505,OBLIQUE,ethanol,ethanol,201504,201504:86.7_45,86.7_45,2015,4,Spring,-119.3,33.5,2015:86.7_45,2015:Spring_86.7_45
CALCOFI 1504,83.3,55,NA,"33.740, -120.410",33.74,-120.41,4/14/15,8:03,8:25,0,207,CALBOBL,NA,0.505,OBLIQUE,ethanol,ethanol,201504,201504:83.3_55,83.3_55,2015,4,Spring,-120.4,33.7,2015:83.3_55,2015:Spring_83.3_55
CALCOFI 1504,83.3,40.6,NA,"34.225, -119.410",34.225,-119.41,4/14/15,19:25,19:28,0,27,CALBOBL,NA,0.505,OBLIQUE,ethanol,ethanol,201504,201504:83.3_40.6,83.3_40.6,2015,4,Spring,-119.4,34.2,2015:83.3_40.6,2015:Spring_83.3_40.6
CALCOFI 1504,83.3,39.4,NA,"34.265, -119.330",34.265,-119.33,4/14/15,20:34,20:36,0,11,CALBOBL,NA,0.505,OBLIQUE,ethanol,ethanol,201504,201504:83.3_39.4,83.3_39.4,2015,4,Spring,-119.3,34.3,2015:83.3_39.4,2015:Spring_83.3_39.4
CALCOFI 1504,85.4,35.8,NA,"34.017, -118.875",34.017,-118.875,4/15/15,0:31,0:34,0,18,CALBOBL,NA,0.505,OBLIQUE,ethanol,ethanol,201504,201504:85.4_35.8,85.4_35.8,2015,4,Spring,-118.9,34,2015:85.4_35.8,2015:Spring_85.4_35.8
CALCOFI 1504,81.7,43.5,NA,"34.405, -119.802",34.405,-119.802,4/15/15,7:44,7:46,0,14,CALBOBL,NA,0.505,OBLIQUE,ethanol,ethanol,201504,201504:81.7_43.5,81.7_43.5,2015,4,Spring,-119.8,34.4,2015:81.7_43.5,2015:Spring_81.7_43.5
CALCOFI 1504,81.8,46.9,NA,"34.275, -120.023",34.275,-120.023,4/15/15,11:21,11:44,0,212,CALBOBL,NA,0.505,OBLIQUE,ethanol,ethanol,201504,201504:81.8_46.9,81.8_46.9,2015,4,Spring,-120,34.3,2015:81.8_46.9,2015:Spring_81.8_46.9
CALCOFI 1504,80,55,NA,"34.313, -120.793",34.313,-120.793,4/16/15,3:29,3:54,0,210,CALBOBL,NA,0.505,OBLIQUE,ethanol,ethanol,201504,201504:80_55,80_55,2015,4,Spring,-120.8,34.3,2015:80_55,2015:Spring_80_55
CALCOFI 1504,80,60,NA,"34.148, -121.147",34.148,-121.147,4/16/15,7:51,8:13,0,202,CALBOBL,NA,0.505,OBLIQUE,ethanol,ethanol,201504,201504:80_60,80_60,2015,4,Spring,-121.1,34.1,2015:80_60,2015:Spring_80_60
CALCOFI 1504,80,80,NA,"33.480, -122.532",33.48,-122.532,4/16/15,20:44,21:06,0,216,CALBOBL,NA,0.505,OBLIQUE,ethanol,ethanol,201504,201504:80_80,80_80,2015,4,Spring,-122.5,33.5,2015:80_80,2015:Spring_80_80
CALCOFI 1504,76.7,60,NA,"34.720, -121.552",34.72,-121.552,4/18/15,17:54,18:17,0,211,CALBOBL,NA,0.505,OBLIQUE,ethanol,ethanol,201504,201504:76.7_60,76.7_60,2015,4,Spring,-121.6,34.7,2015:76.7_60,2015:Spring_76.7_60
CALCOFI 1504,76.7,55,NA,"34.888, -121.193",34.888,-121.193,4/18/15,22:17,22:39,0,206,CALBOBL,NA,0.505,OBLIQUE,ethanol,ethanol,201504,201504:76.7_55,76.7_55,2015,4,Spring,-121.2,34.9,2015:76.7_55,2015:Spring_76.7_55
CALCOFI 1504,76.7,49,NA,"35.087, -120.772",35.087,-120.772,4/19/15,4:38,4:43,0,39,CALBOBL,NA,0.505,OBLIQUE,ethanol,ethanol,201504,201504:76.7_49,76.7_49,2015,4,Spring,-120.8,35.1,2015:76.7_49,2015:Spring_76.7_49
CALCOFI 1504,80,50.5,NA,"34.465, -120.485",34.465,-120.485,4/19/15,9:38,9:40,0,12,CALBOBL,NA,0.505,OBLIQUE,ethanol,ethanol,201504,201504:80_50.5,80_50.5,2015,4,Spring,-120.5,34.5,2015:80_50.5,2015:Spring_80_50.5
CALCOFI 1504,83.3,51,NA,"33.878, -120.130",33.878,-120.13,4/19/15,15:39,15:47,0,59,CALBOBL,NA,0.505,OBLIQUE,ethanol,ethanol,201504,201504:83.3_51,83.3_51,2015,4,Spring,-120.1,33.9,2015:83.3_51,2015:Spring_83.3_51
CALCOFI 1511,91.7,26.4,NA,"33.247, -117.463",33.247,-117.463,10/28/15,16:43,16:45,0,15,CALBOBL,NA,0.505,OBLIQUE,ethanol,ethanol,201511,201511:91.7_26.4,91.7_26.4,2015,10,Fall,-117.5,33.2,2015:91.7_26.4,2015:Fall_91.7_26.4
CALCOFI 1511,93.4,26.4,NA,"32.950, -117.280",32.95,-117.28,10/28/15,19:30,19:32,0,14,CALBOBL,NA,0.505,OBLIQUE,ethanol,ethanol,201511,201511:93.4_26.4,93.4_26.4,2015,10,Fall,-117.3,33,2015:93.4_26.4,2015:Fall_93.4_26.4
CALCOFI 1511,93.3,26.7,NA,"32.957, -117.305",32.957,-117.305,10/28/15,21:06,21:17,0,104,CALBOBL,NA,0.505,OBLIQUE,ethanol,ethanol,201511,201511:93.3_26.7,93.3_26.7,2015,10,Fall,-117.3,33,2015:93.3_26.7,2015:Fall_93.3_26.7
CALCOFI 1511,93.3,30,NA,"32.847, -117.532",32.847,-117.532,10/29/15,2:21,2:43,0,201,CALBOBL,NA,0.505,OBLIQUE,ethanol,ethanol,201511,201511:93.3_30,93.3_30,2015,10,Fall,-117.5,32.8,2015:93.3_30,2015:Fall_93.3_30
CALCOFI 1511,93.3,35,NA,"32.678, -117.873",32.678,-117.873,10/29/15,7:07,7:29,0,206,CALBOBL,NA,0.505,OBLIQUE,ethanol,ethanol,201511,201511:93.3_35,93.3_35,2015,10,Fall,-117.9,32.7,2015:93.3_35,2015:Fall_93.3_35
CALCOFI 1511,93.3,40,NA,"32.513, -118.213",32.513,-118.213,10/29/15,11:50,12:12,0,191,CALBOBL,NA,0.505,OBLIQUE,ethanol,ethanol,201511,201511:93.3_40,93.3_40,2015,10,Fall,-118.2,32.5,2015:93.3_40,2015:Fall_93.3_40
CALCOFI 1511,90,60,NA,"32.418, -119.958",32.418,-119.958,11/1/15,17:53,18:15,0,212,CALBOBL,NA,0.505,OBLIQUE,ethanol,ethanol,201511,201511:90_60,90_60,2015,11,Fall,-120,32.4,2015:90_60,2015:Fall_90_60
CALCOFI 1511,90,45,NA,"32.918, -118.938",32.918,-118.938,11/2/15,8:24,8:47,0,206,CALBOBL,NA,0.505,OBLIQUE,ethanol,ethanol,201511,201511:90_45,90_45,2015,11,Fall,-118.9,32.9,2015:90_45,2015:Fall_90_45
CALCOFI 1511,90,37,NA,"33.183, -118.387",33.183,-118.387,11/2/15,15:11,15:33,0,214,CALBOBL,NA,0.505,OBLIQUE,ethanol,ethanol,201511,201511:90_37,90_37,2015,11,Fall,-118.4,33.2,2015:90_37,2015:Fall_90_37
CALCOFI 1511,90,35,NA,"33.252, -118.250",33.252,-118.25,11/2/15,18:13,18:35,0,202,CALBOBL,NA,0.505,OBLIQUE,ethanol,ethanol,201511,201511:90_35,90_35,2015,11,Fall,-118.2,33.3,2015:90_35,2015:Fall_90_35
CALCOFI 1511,90,28,NA,"33.485, -117.768",33.485,-117.768,11/3/15,1:00,1:10,0,87,CALBOBL,NA,0.505,OBLIQUE,ethanol,ethanol,201511,201511:90_28,90_28,2015,11,Fall,-117.8,33.5,2015:90_28,2015:Fall_90_28
CALCOFI 1511,88.5,30.1,NA,"33.673, -118.085",33.673,-118.085,11/3/15,4:45,4:47,0,14,CALBOBL,NA,0.505,OBLIQUE,ethanol,ethanol,201511,201511:88.5_30.1,88.5_30.1,2015,11,Fall,-118.1,33.7,2015:88.5_30.1,2015:Fall_88.5_30.1
CALCOFI 1511,86.8,32.5,NA,"33.888, -118.445",33.888,-118.445,11/3/15,8:47,8:49,0,14,CALBOBL,NA,0.505,OBLIQUE,ethanol,ethanol,201511,201511:86.8_32.5,86.8_32.5,2015,11,Fall,-118.4,33.9,2015:86.8_32.5,2015:Fall_86.8_32.5
CALCOFI 1511,86.7,33,NA,"33.890, -118.490",33.89,-118.49,11/3/15,10:54,10:59,0,34,CALBOBL,NA,0.505,OBLIQUE,ethanol,ethanol,201511,201511:86.7_33,86.7_33,2015,11,Fall,-118.5,33.9,2015:86.7_33,2015:Fall_86.7_33
CALCOFI 1511,86.7,40,NA,"33.655, -118.973",33.655,-118.973,11/3/15,17:58,18:20,0,218,CALBOBL,NA,0.505,OBLIQUE,ethanol,ethanol,201511,201511:86.7_40,86.7_40,2015,11,Fall,-119,33.7,2015:86.7_40,2015:Fall_86.7_40
CALCOFI 1511,83.3,39.4,NA,"34.265, -119.328",34.265,-119.328,11/4/15,4:04,4:06,0,10,CALBOBL,NA,0.505,OBLIQUE,ethanol,ethanol,201511,201511:83.3_39.4,83.3_39.4,2015,11,Fall,-119.3,34.3,2015:83.3_39.4,2015:Fall_83.3_39.4
CALCOFI 1511,81.7,43.5,NA,"34.403, -119.800",34.403,-119.8,11/4/15,7:17,7:19,0,12,CALBOBL,NA,0.505,OBLIQUE,ethanol,ethanol,201511,201511:81.7_43.5,81.7_43.5,2015,11,Fall,-119.8,34.4,2015:81.7_43.5,2015:Fall_81.7_43.5
CALCOFI 1511,83.3,40.6,NA,"34.217, -119.410",34.217,-119.41,11/4/15,13:18,13:22,0,28,CALBOBL,NA,0.505,OBLIQUE,ethanol,ethanol,201511,201511:83.3_40.6,83.3_40.6,2015,11,Fall,-119.4,34.2,2015:83.3_40.6,2015:Fall_83.3_40.6
CALCOFI 1511,81.8,46.9,NA,"34.273, -120.027",34.273,-120.027,11/4/15,18:39,19:01,0,212,CALBOBL,NA,0.505,OBLIQUE,ethanol,ethanol,201511,201511:81.8_46.9,81.8_46.9,2015,11,Fall,-120,34.3,2015:81.8_46.9,2015:Fall_81.8_46.9
CALCOFI 1511,80,55,NA,"34.317, -120.802",34.317,-120.802,11/5/15,11:29,11:51,0,199,CALBOBL,NA,0.505,OBLIQUE,ethanol,ethanol,201511,201511:80_55,80_55,2015,11,Fall,-120.8,34.3,2015:80_55,2015:Fall_80_55
CALCOFI 1511,80,60,NA,"34.152, -121.150",34.152,-121.15,11/5/15,15:46,16:09,0,208,CALBOBL,NA,0.505,OBLIQUE,ethanol,ethanol,201511,201511:80_60,80_60,2015,11,Fall,-121.2,34.2,2015:80_60,2015:Fall_80_60
CALCOFI 1511,76.7,60,NA,"34.722, -121.548",34.722,-121.548,11/7/15,21:09,21:32,0,214,CALBOBL,NA,0.505,OBLIQUE,ethanol,ethanol,201511,201511:76.7_60,76.7_60,2015,11,Fall,-121.5,34.7,2015:76.7_60,2015:Fall_76.7_60
CALCOFI 1511,76.7,55,NA,"34.888, -121.198",34.888,-121.198,11/8/15,1:03,1:25,0,210,CALBOBL,NA,0.505,OBLIQUE,ethanol,ethanol,201511,201511:76.7_55,76.7_55,2015,11,Fall,-121.2,34.9,2015:76.7_55,2015:Fall_76.7_55
CALCOFI 1511,76.7,49,NA,"35.088, -120.777",35.088,-120.777,11/8/15,6:49,6:55,0,41,CALBOBL,NA,0.505,OBLIQUE,ethanol,ethanol,201511,201511:76.7_49,76.7_49,2015,11,Fall,-120.8,35.1,2015:76.7_49,2015:Fall_76.7_49
CALCOFI 1511,83.3,51,NA,"33.878, -120.133",33.878,-120.133,11/8/15,16:05,16:14,0,88,CALBOBL,NA,0.505,OBLIQUE,ethanol,ethanol,201511,201511:83.3_51,83.3_51,2015,11,Fall,-120.1,33.9,2015:83.3_51,2015:Fall_83.3_51
CALCOFI 1511,83.3,55,NA,"33.745, -120.410",33.745,-120.41,11/8/15,19:44,20:07,0,211,CALBOBL,NA,0.505,OBLIQUE,ethanol,ethanol,201511,201511:83.3_55,83.3_55,2015,11,Fall,-120.4,33.7,2015:83.3_55,2015:Fall_83.3_55
CALCOFI 1511,86.7,45,NA,"33.490, -119.318",33.49,-119.318,11/12/15,5:11,5:33,0,208,CALBOBL,NA,0.505,OBLIQUE,ethanol,ethanol,201511,201511:86.7_45,86.7_45,2015,11,Fall,-119.3,33.5,2015:86.7_45,2015:Fall_86.7_45
CALCOFI 1604,93.3,26.7,NA,"32.955, -117.305",32.955,-117.305,4/1/16,12:50,13:04,0,141,CALBOBL,NA,0.505,OBLIQUE,ethanol,ethanol,201604,201604:93.3_26.7,93.3_26.7,2016,4,Spring,-117.3,33,2016:93.3_26.7,2016:Spring_93.3_26.7
CALCOFI 1604,93.4,26.4,NA,"32.952, -117.288",32.952,-117.288,4/1/16,14:01,14:04,0,20,CALBOBL,NA,0.505,OBLIQUE,ethanol,ethanol,201604,201604:93.4_26.4,93.4_26.4,2016,4,Spring,-117.3,33,2016:93.4_26.4,2016:Spring_93.4_26.4
CALCOFI 1604,91.7,26.4,NA,"33.243, -117.465",33.243,-117.465,4/1/16,16:26,16:28,0,15,CALBOBL,NA,0.505,OBLIQUE,ethanol,ethanol,201604,201604:91.7_26.4,91.7_26.4,2016,4,Spring,-117.5,33.2,2016:91.7_26.4,2016:Spring_91.7_26.4
CALCOFI 1604,93.3,30,NA,"32.843, -117.532",32.843,-117.532,4/1/16,22:41,23:02,0,209,CALBOBL,NA,0.505,OBLIQUE,ethanol,ethanol,201604,201604:93.3_30,93.3_30,2016,4,Spring,-117.5,32.8,2016:93.3_30,2016:Spring_93.3_30
CALCOFI 1604,93.3,35,NA,"32.678, -117.872",32.678,-117.872,4/2/16,2:43,3:05,0,204,CALBOBL,NA,0.505,OBLIQUE,ethanol,ethanol,201604,201604:93.3_35,93.3_35,2016,4,Spring,-117.9,32.7,2016:93.3_35,2016:Spring_93.3_35
CALCOFI 1604,93.3,40,NA,"32.515, -118.213",32.515,-118.213,4/2/16,6:32,6:53,0,209,CALBOBL,NA,0.505,OBLIQUE,ethanol,ethanol,201604,201604:93.3_40,93.3_40,2016,4,Spring,-118.2,32.5,2016:93.3_40,2016:Spring_93.3_40
CALCOFI 1604,90,60,NA,"32.418, -119.958",32.418,-119.958,4/6/16,4:32,4:53,0,210,CALBOBL,NA,0.505,OBLIQUE,ethanol,ethanol,201604,201604:90_60,90_60,2016,4,Spring,-120,32.4,2016:90_60,2016:Spring_90_60
CALCOFI 1604,90,45,NA,"32.918, -118.935",32.918,-118.935,4/6/16,15:21,15:42,0,210,CALBOBL,NA,0.505,OBLIQUE,ethanol,ethanol,201604,201604:90_45,90_45,2016,4,Spring,-118.9,32.9,2016:90_45,2016:Spring_90_45
CALCOFI 1604,90,37,NA,"33.183, -118.387",33.183,-118.387,4/6/16,20:56,21:18,0,212,CALBOBL,NA,0.505,OBLIQUE,ethanol,ethanol,201604,201604:90_37,90_37,2016,4,Spring,-118.4,33.2,2016:90_37,2016:Spring_90_37
CALCOFI 1604,90,35,NA,"33.252, -118.248",33.252,-118.248,4/6/16,23:55,0:17,0,213,CALBOBL,NA,0.505,OBLIQUE,ethanol,ethanol,201604,201604:90_35,90_35,2016,4,Spring,-118.2,33.3,2016:90_35,2016:Spring_90_35
CALCOFI 1604,90,28,NA,"33.483, -117.770",33.483,-117.77,4/7/16,7:36,7:47,0,101,CALBOBL,NA,0.505,OBLIQUE,ethanol,ethanol,201604,201604:90_28,90_28,2016,4,Spring,-117.8,33.5,2016:90_28,2016:Spring_90_28
CALCOFI 1604,88.5,30.1,NA,"33.647, -118.055",33.647,-118.055,4/7/16,10:59,11:01,0,12,CALBOBL,NA,0.505,OBLIQUE,ethanol,ethanol,201604,201604:88.5_30.1,88.5_30.1,2016,4,Spring,-118.1,33.6,2016:88.5_30.1,2016:Spring_88.5_30.1
CALCOFI 1604,86.8,32.5,NA,"33.887, -118.443",33.887,-118.443,4/7/16,14:37,14:40,0,18,CALBOBL,NA,0.505,OBLIQUE,ethanol,ethanol,201604,201604:86.8_32.5,86.8_32.5,2016,4,Spring,-118.4,33.9,2016:86.8_32.5,2016:Spring_86.8_32.5
CALCOFI 1604,86.7,33,NA,"33.888, -118.490",33.888,-118.49,4/7/16,16:06,16:11,0,43,CALBOBL,NA,0.505,OBLIQUE,ethanol,ethanol,201604,201604:86.7_33,86.7_33,2016,4,Spring,-118.5,33.9,2016:86.7_33,2016:Spring_86.7_33
CALCOFI 1604,85.4,35.8,NA,"34.005, -118.835",34.005,-118.835,4/7/16,21:18,21:23,0,43,CALBOBL,NA,0.505,OBLIQUE,ethanol,ethanol,201604,201604:85.4_35.8,85.4_35.8,2016,4,Spring,-118.8,34,2016:85.4_35.8,2016:Spring_85.4_35.8
CALCOFI 1604,83.3,39.4,NA,"34.260, -119.330",34.26,-119.33,4/8/16,1:12,1:14,0,13,CALBOBL,NA,0.505,OBLIQUE,ethanol,ethanol,201604,201604:83.3_39.4,83.3_39.4,2016,4,Spring,-119.3,34.3,2016:83.3_39.4,2016:Spring_83.3_39.4
CALCOFI 1604,83.3,40.6,NA,"34.225, -119.410",34.225,-119.41,4/8/16,2:44,2:46,0,19,CALBOBL,NA,0.505,OBLIQUE,ethanol,ethanol,201604,201604:83.3_40.6,83.3_40.6,2016,4,Spring,-119.4,34.2,2016:83.3_40.6,2016:Spring_83.3_40.6
CALCOFI 1604,86.7,40,NA,"33.655, -118.975",33.655,-118.975,4/8/16,12:22,12:43,0,208,CALBOBL,NA,0.505,OBLIQUE,ethanol,ethanol,201604,201604:86.7_40,86.7_40,2016,4,Spring,-119,33.7,2016:86.7_40,2016:Spring_86.7_40
CALCOFI 1604,86.7,45,NA,"33.488, -119.317",33.488,-119.317,4/8/16,16:32,16:53,0,210,CALBOBL,NA,0.505,OBLIQUE,ethanol,ethanol,201604,201604:86.7_45,86.7_45,2016,4,Spring,-119.3,33.5,2016:86.7_45,2016:Spring_86.7_45
CALCOFI 1604,83.3,55,NA,"33.745, -120.412",33.745,-120.412,4/12/16,2:02,2:24,0,210,CALBOBL,NA,0.505,OBLIQUE,ethanol,ethanol,201604,201604:83.3_55,83.3_55,2016,4,Spring,-120.4,33.7,2016:83.3_55,2016:Spring_83.3_55
CALCOFI 1604,83.3,51,NA,"33.877, -120.133",33.877,-120.133,4/12/16,6:20,6:28,0,76,CALBOBL,NA,0.505,OBLIQUE,ethanol,ethanol,201604,201604:83.3_51,83.3_51,2016,4,Spring,-120.1,33.9,2016:83.3_51,2016:Spring_83.3_51
CALCOFI 1604,81.8,46.9,NA,"34.273, -120.025",34.273,-120.025,4/12/16,12:07,12:28,0,210,CALBOBL,NA,0.505,OBLIQUE,ethanol,ethanol,201604,201604:81.8_46.9,81.8_46.9,2016,4,Spring,-120,34.3,2016:81.8_46.9,2016:Spring_81.8_46.9
CALCOFI 1604,81.7,43.5,NA,"34.402, -119.800",34.402,-119.8,4/12/16,14:31,14:34,0,19,CALBOBL,NA,0.505,OBLIQUE,ethanol,ethanol,201604,201604:81.7_43.5,81.7_43.5,2016,4,Spring,-119.8,34.4,2016:81.7_43.5,2016:Spring_81.7_43.5
CALCOFI 1604,80,50.5,NA,"34.468, -120.492",34.468,-120.492,4/12/16,19:06,19:08,0,12,CALBOBL,NA,0.505,OBLIQUE,ethanol,ethanol,201604,201604:80_50.5,80_50.5,2016,4,Spring,-120.5,34.5,2016:80_50.5,2016:Spring_80_50.5
CALCOFI 1604,76.7,49,NA,"35.088, -120.777",35.088,-120.777,4/13/16,1:48,1:54,0,54,CALBOBL,NA,0.505,OBLIQUE,ethanol,ethanol,201604,201604:76.7_49,76.7_49,2016,4,Spring,-120.8,35.1,2016:76.7_49,2016:Spring_76.7_49
CALCOFI 1604,76.7,55,NA,"34.888, -121.197",34.888,-121.197,4/13/16,7:43,8:04,0,215,CALBOBL,NA,0.505,OBLIQUE,ethanol,ethanol,201604,201604:76.7_55,76.7_55,2016,4,Spring,-121.2,34.9,2016:76.7_55,2016:Spring_76.7_55
CALCOFI 1604,76.7,60,NA,"34.722, -121.548",34.722,-121.548,4/13/16,11:50,12:11,0,211,CALBOBL,NA,0.505,OBLIQUE,ethanol,ethanol,201604,201604:76.7_60,76.7_60,2016,4,Spring,-121.5,34.7,2016:76.7_60,2016:Spring_76.7_60
CALCOFI 1604,80,55,NA,"34.318, -120.808",34.318,-120.808,4/16/16,1:05,1:26,0,213,CALBOBL,NA,0.505,OBLIQUE,ethanol,ethanol,201604,201604:80_55,80_55,2016,4,Spring,-120.8,34.3,2016:80_55,2016:Spring_80_55
CALCOFI 1604,73.3,50,NA,"35.645, -121.263",35.645,-121.263,4/16/16,21:02,21:05,0,24,CALBOBL,NA,0.505,OBLIQUE,ethanol,ethanol,201604,201604:73.3_50,73.3_50,2016,4,Spring,-121.3,35.6,2016:73.3_50,2016:Spring_73.3_50
CALCOFI 1604,73.3,55,NA,"35.480, -121.608",35.48,-121.608,4/17/16,0:15,0:37,0,206,CALBOBL,NA,0.505,OBLIQUE,ethanol,ethanol,201604,201604:73.3_55,73.3_55,2016,4,Spring,-121.6,35.5,2016:73.3_55,2016:Spring_73.3_55
CALCOFI 1604,73.3,60,NA,"35.308, -121.962",35.308,-121.962,4/17/16,3:49,4:10,0,210,CALBOBL,NA,0.505,OBLIQUE,ethanol,ethanol,201604,201604:73.3_60,73.3_60,2016,4,Spring,-122,35.3,2016:73.3_60,2016:Spring_73.3_60
CALCOFI 1604,73.3,80,NA,"34.642, -123.362",34.642,-123.362,4/17/16,14:50,15:11,0,213,CALBOBL,NA,0.505,OBLIQUE,ethanol,ethanol,201604,201604:73.3_80,73.3_80,2016,4,Spring,-123.4,34.6,2016:73.3_80,2016:Spring_73.3_80
CALCOFI 1604,70,80,NA,"35.215, -123.780",35.215,-123.78,4/18/16,6:43,7:04,0,210,CALBOBL,NA,0.505,OBLIQUE,ethanol,ethanol,201604,201604:70_80,70_80,2016,4,Spring,-123.8,35.2,2016:70_80,2016:Spring_70_80
CALCOFI 1604,70,60,NA,"35.883, -122.368",35.883,-122.368,4/18/16,18:24,18:45,0,207,CALBOBL,NA,0.505,OBLIQUE,ethanol,ethanol,201604,201604:70_60,70_60,2016,4,Spring,-122.4,35.9,2016:70_60,2016:Spring_70_60
CALCOFI 1604,70,55,NA,"36.048, -122.010",36.048,-122.01,4/18/16,22:39,23:00,0,209,CALBOBL,NA,0.505,OBLIQUE,ethanol,ethanol,201604,201604:70_55,70_55,2016,4,Spring,-122,36,2016:70_55,2016:Spring_70_55
CALCOFI 1604,70,51,NA,"36.178, -121.730",36.178,-121.73,4/19/16,1:47,2:08,0,208,CALBOBL,NA,0.505,OBLIQUE,ethanol,ethanol,201604,201604:70_51,70_51,2016,4,Spring,-121.7,36.2,2016:70_51,2016:Spring_70_51
CALCOFI 1704,93.3,26.7,NA,"32.958, -117.318",32.958,-117.318,3/28/17,21:11,21:29,0,169,CALBOBL,NA,0.505,OBLIQUE,ethanol,ethanol,201704,201704:93.3_26.7,93.3_26.7,2017,3,Spring,-117.3,33,2017:93.3_26.7,2017:Spring_93.3_26.7
CALCOFI 1704,93.4,26.4,NA,"32.945, -117.287",32.945,-117.287,3/28/17,22:41,22:44,0,24,CALBOBL,NA,0.505,OBLIQUE,ethanol,ethanol,201704,201704:93.4_26.4,93.4_26.4,2017,3,Spring,-117.3,32.9,2017:93.4_26.4,2017:Spring_93.4_26.4
CALCOFI 1704,91.7,26.4,NA,"33.240, -117.467",33.24,-117.467,3/29/17,1:17,1:19,0,18,CALBOBL,NA,0.505,OBLIQUE,ethanol,ethanol,201704,201704:91.7_26.4,91.7_26.4,2017,3,Spring,-117.5,33.2,2017:91.7_26.4,2017:Spring_91.7_26.4
CALCOFI 1704,93.3,30,NA,"32.847, -117.533",32.847,-117.533,3/29/17,7:42,8:04,0,206,CALBOBL,NA,0.505,OBLIQUE,ethanol,ethanol,201704,201704:93.3_30,93.3_30,2017,3,Spring,-117.5,32.8,2017:93.3_30,2017:Spring_93.3_30
CALCOFI 1704,93.3,35,NA,"32.680, -117.875",32.68,-117.875,3/29/17,11:35,11:56,0,193,CALBOBL,NA,0.505,OBLIQUE,ethanol,ethanol,201704,201704:93.3_35,93.3_35,2017,3,Spring,-117.9,32.7,2017:93.3_35,2017:Spring_93.3_35
CALCOFI 1704,93.3,40,NA,"32.513, -118.212",32.513,-118.212,3/29/17,17:04,17:25,0,212,CALBOBL,NA,0.505,OBLIQUE,ethanol,ethanol,201704,201704:93.3_40,93.3_40,2017,3,Spring,-118.2,32.5,2017:93.3_40,2017:Spring_93.3_40
CALCOFI 1704,90,60,NA,"32.418, -119.958",32.418,-119.958,4/3/17,15:54,16:15,0,212,CALBOBL,NA,0.505,OBLIQUE,ethanol,ethanol,201704,201704:90_60,90_60,2017,4,Spring,-120,32.4,2017:90_60,2017:Spring_90_60
CALCOFI 1704,90,45,NA,"32.920, -118.937",32.92,-118.937,4/4/17,1:58,2:19,0,196,CALBOBL,NA,0.505,OBLIQUE,ethanol,ethanol,201704,201704:90_45,90_45,2017,4,Spring,-118.9,32.9,2017:90_45,2017:Spring_90_45
CALCOFI 1704,90,37,NA,"33.185, -118.382",33.185,-118.382,4/4/17,7:18,7:39,0,197,CALBOBL,NA,0.505,OBLIQUE,ethanol,ethanol,201704,201704:90_37,90_37,2017,4,Spring,-118.4,33.2,2017:90_37,2017:Spring_90_37
CALCOFI 1704,90,35,NA,"33.252, -118.245",33.252,-118.245,4/4/17,10:18,10:39,0,207,CALBOBL,NA,0.505,OBLIQUE,ethanol,ethanol,201704,201704:90_35,90_35,2017,4,Spring,-118.2,33.3,2017:90_35,2017:Spring_90_35
CALCOFI 1704,90,28,NA,"33.485, -117.772",33.485,-117.772,4/4/17,16:40,17:01,0,209,CALBOBL,NA,0.505,OBLIQUE,ethanol,ethanol,201704,201704:90_28,90_28,2017,4,Spring,-117.8,33.5,2017:90_28,2017:Spring_90_28
CALCOFI 1704,88.5,30.1,NA,"33.637, -118.077",33.637,-118.077,4/4/17,20:19,20:22,0,20,CALBOBL,NA,0.505,OBLIQUE,ethanol,ethanol,201704,201704:88.5_30.1,88.5_30.1,2017,4,Spring,-118.1,33.6,2017:88.5_30.1,2017:Spring_88.5_30.1
CALCOFI 1704,85.4,35.8,NA,"34.012, -118.838",34.012,-118.838,4/5/17,1:28,1:31,0,25,CALBOBL,NA,0.505,OBLIQUE,ethanol,ethanol,201704,201704:85.4_35.8,85.4_35.8,2017,4,Spring,-118.8,34,2017:85.4_35.8,2017:Spring_85.4_35.8
CALCOFI 1704,86.8,32.5,NA,"33.888, -118.445",33.888,-118.445,4/5/17,7:30,7:32,0,11,CALBOBL,NA,0.505,OBLIQUE,ethanol,ethanol,201704,201704:86.8_32.5,86.8_32.5,2017,4,Spring,-118.4,33.9,2017:86.8_32.5,2017:Spring_86.8_32.5
CALCOFI 1704,86.7,33,NA,"33.890, -118.483",33.89,-118.483,4/5/17,8:09,8:13,0,29,CALBOBL,NA,0.505,OBLIQUE,ethanol,ethanol,201704,201704:86.7_33,86.7_33,2017,4,Spring,-118.5,33.9,2017:86.7_33,2017:Spring_86.7_33
CALCOFI 1704,86.7,40,NA,"33.657, -118.978",33.657,-118.978,4/5/17,15:03,15:24,0,209,CALBOBL,NA,0.505,OBLIQUE,ethanol,ethanol,201704,201704:86.7_40,86.7_40,2017,4,Spring,-119,33.7,2017:86.7_40,2017:Spring_86.7_40
CALCOFI 1704,86.7,45,NA,"33.490, -119.320",33.49,-119.32,4/5/17,18:45,19:06,0,202,CALBOBL,NA,0.505,OBLIQUE,ethanol,ethanol,201704,201704:86.7_45,86.7_45,2017,4,Spring,-119.3,33.5,2017:86.7_45,2017:Spring_86.7_45
CALCOFI 1704,83.3,55,NA,"33.742, -120.403",33.742,-120.403,4/9/17,10:29,10:50,0,220,CALBOBL,NA,0.505,OBLIQUE,ethanol,ethanol,201704,201704:83.3_55,83.3_55,2017,4,Spring,-120.4,33.7,2017:83.3_55,2017:Spring_83.3_55
CALCOFI 1704,83.3,51,NA,"33.880, -120.135",33.88,-120.135,4/9/17,13:53,14:04,0,105,CALBOBL,NA,0.505,OBLIQUE,ethanol,ethanol,201704,201704:83.3_51,83.3_51,2017,4,Spring,-120.1,33.9,2017:83.3_51,2017:Spring_83.3_51
CALCOFI 1704,83.3,40.6,NA,"34.222, -119.417",34.222,-119.417,4/9/17,21:52,21:57,0,43,CALBOBL,NA,0.505,OBLIQUE,ethanol,ethanol,201704,201704:83.3_40.6,83.3_40.6,2017,4,Spring,-119.4,34.2,2017:83.3_40.6,2017:Spring_83.3_40.6
CALCOFI 1704,83.3,39.4,NA,"34.225, -119.395",34.225,-119.395,4/9/17,22:51,22:54,0,19,CALBOBL,NA,0.505,OBLIQUE,ethanol,ethanol,201704,201704:83.3_39.4,83.3_39.4,2017,4,Spring,-119.4,34.2,2017:83.3_39.4,2017:Spring_83.3_39.4
CALCOFI 1704,81.7,43.5,NA,"34.398, -119.802",34.398,-119.802,4/10/17,1:27,1:30,0,26,CALBOBL,NA,0.505,OBLIQUE,ethanol,ethanol,201704,201704:81.7_43.5,81.7_43.5,2017,4,Spring,-119.8,34.4,2017:81.7_43.5,2017:Spring_81.7_43.5
CALCOFI 1704,81.8,46.9,NA,"34.275, -120.027",34.275,-120.027,4/10/17,4:45,5:07,0,212,CALBOBL,NA,0.505,OBLIQUE,ethanol,ethanol,201704,201704:81.8_46.9,81.8_46.9,2017,4,Spring,-120,34.3,2017:81.8_46.9,2017:Spring_81.8_46.9
CALCOFI 1704,80,50.5,NA,"34.463, -120.495",34.463,-120.495,4/10/17,8:37,8:40,0,26,CALBOBL,NA,0.505,OBLIQUE,ethanol,ethanol,201704,201704:80_50.5,80_50.5,2017,4,Spring,-120.5,34.5,2017:80_50.5,2017:Spring_80_50.5
CALCOFI 1704,80,55,NA,"34.317, -120.800",34.317,-120.8,4/10/17,13:30,13:52,0,208,CALBOBL,NA,0.505,OBLIQUE,ethanol,ethanol,201704,201704:80_55,80_55,2017,4,Spring,-120.8,34.3,2017:80_55,2017:Spring_80_55
CALCOFI 1704,80,60,NA,"34.150, -121.150",34.15,-121.15,4/10/17,18:28,18:50,0,210,CALBOBL,NA,0.505,OBLIQUE,ethanol,ethanol,201704,201704:80_60,80_60,2017,4,Spring,-121.2,34.1,2017:80_60,2017:Spring_80_60
CALCOFI 1704,80,80,NA,"33.482, -122.533",33.482,-122.533,4/11/17,5:39,6:01,0,209,CALBOBL,NA,0.505,OBLIQUE,ethanol,ethanol,201704,201704:80_80,80_80,2017,4,Spring,-122.5,33.5,2017:80_80,2017:Spring_80_80
CALCOFI 1704,76.7,60,NA,"34.722, -121.547",34.722,-121.547,4/12/17,20:55,21:17,0,211,CALBOBL,NA,0.505,OBLIQUE,ethanol,ethanol,201704,201704:76.7_60,76.7_60,2017,4,Spring,-121.5,34.7,2017:76.7_60,2017:Spring_76.7_60
CALCOFI 1704,76.7,55,NA,"34.888, -121.200",34.888,-121.2,4/13/17,0:41,1:02,0,212,CALBOBL,NA,0.505,OBLIQUE,ethanol,ethanol,201704,201704:76.7_55,76.7_55,2017,4,Spring,-121.2,34.9,2017:76.7_55,2017:Spring_76.7_55
CALCOFI 1704,76.7,49,NA,"35.088, -120.775",35.088,-120.775,4/13/17,5:44,5:50,0,38,CALBOBL,NA,0.505,OBLIQUE,ethanol,ethanol,201704,201704:76.7_49,76.7_49,2017,4,Spring,-120.8,35.1,2017:76.7_49,2017:Spring_76.7_49
CALCOFI 1704,73.3,50,NA,"35.640, -121.268",35.64,-121.268,4/13/17,10:42,10:48,0,45,CALBOBL,NA,0.505,OBLIQUE,ethanol,ethanol,201704,201704:73.3_50,73.3_50,2017,4,Spring,-121.3,35.6,2017:73.3_50,2017:Spring_73.3_50
CALCOFI 1704,73.3,60,NA,"35.310, -121.962",35.31,-121.962,4/13/17,17:34,17:55,0,209,CALBOBL,NA,0.505,OBLIQUE,ethanol,ethanol,201704,201704:73.3_60,73.3_60,2017,4,Spring,-122,35.3,2017:73.3_60,2017:Spring_73.3_60
CALCOFI 1704,73.3,80,NA,"34.642, -123.365",34.642,-123.365,4/14/17,5:17,5:39,0,208,CALBOBL,NA,0.505,OBLIQUE,ethanol,ethanol,201704,201704:73.3_80,73.3_80,2017,4,Spring,-123.4,34.6,2017:73.3_80,2017:Spring_73.3_80
CALCOFI 1704,70,51,NA,"36.182, -121.727",36.182,-121.727,4/15/17,20:14,20:35,0,202,CALBOBL,NA,0.505,OBLIQUE,ethanol,ethanol,201704,201704:70_51,70_51,2017,4,Spring,-121.7,36.2,2017:70_51,2017:Spring_70_51
CALCOFI 1704,70,60,NA,"35.882, -122.368",35.882,-122.368,4/16/17,3:04,3:25,0,207,CALBOBL,NA,0.505,OBLIQUE,ethanol,ethanol,201704,201704:70_60,70_60,2017,4,Spring,-122.4,35.9,2017:70_60,2017:Spring_70_60
CALCOFI 1704,70,80,NA,"35.218, -123.775",35.218,-123.775,4/16/17,14:01,14:22,0,212,CALBOBL,NA,0.505,OBLIQUE,ethanol,ethanol,201704,201704:70_80,70_80,2017,4,Spring,-123.8,35.2,2017:70_80,2017:Spring_70_80
CALCOFI 1804,93.3,26.7,NA,"32.960, -117.305",32.96,-117.305,4/5/18,13:30,13:48,0,171,CALBOBL,NA,0.505,OBLIQUE,ethanol,ethanol,201804,201804:93.3_26.7,93.3_26.7,2018,4,Spring,-117.3,33,2018:93.3_26.7,2018:Spring_93.3_26.7
CALCOFI 1804,93.4,26.4,NA,"32.950, -117.283",32.95,-117.283,4/5/18,14:38,14:41,0,13,CALBOBL,NA,0.505,OBLIQUE,ethanol,ethanol,201804,201804:93.4_26.4,93.4_26.4,2018,4,Spring,-117.3,33,2018:93.4_26.4,2018:Spring_93.4_26.4
CALCOFI 1804,91.7,26.4,NA,"33.243, -117.465",33.243,-117.465,4/5/18,17:07,17:09,0,15,CALBOBL,NA,0.505,OBLIQUE,ethanol,ethanol,201804,201804:91.7_26.4,91.7_26.4,2018,4,Spring,-117.5,33.2,2018:91.7_26.4,2018:Spring_91.7_26.4
CALCOFI 1804,93.3,30,NA,"32.848, -117.523",32.848,-117.523,4/5/18,22:57,23:18,0,201,CALBOBL,NA,0.505,OBLIQUE,ethanol,ethanol,201804,201804:93.3_30,93.3_30,2018,4,Spring,-117.5,32.8,2018:93.3_30,2018:Spring_93.3_30
CALCOFI 1804,93.3,35,NA,"32.678, -117.875",32.678,-117.875,4/6/18,2:46,3:09,0,212,CALBOBL,NA,0.505,OBLIQUE,ethanol,ethanol,201804,201804:93.3_35,93.3_35,2018,4,Spring,-117.9,32.7,2018:93.3_35,2018:Spring_93.3_35
CALCOFI 1804,93.3,40,NA,"32.513, -118.213",32.513,-118.213,4/6/18,6:58,7:20,0,219,CALBOBL,NA,0.505,OBLIQUE,ethanol,ethanol,201804,201804:93.3_40,93.3_40,2018,4,Spring,-118.2,32.5,2018:93.3_40,2018:Spring_93.3_40
CALCOFI 1804,90,60,NA,"32.417, -119.960",32.417,-119.96,4/10/18,1:02,1:23,0,213,CALBOBL,NA,0.505,OBLIQUE,ethanol,ethanol,201804,201804:90_60,90_60,2018,4,Spring,-120,32.4,2018:90_60,2018:Spring_90_60
CALCOFI 1804,90,37,NA,"33.182, -118.388",33.182,-118.388,4/10/18,16:53,17:14,0,202,CALBOBL,NA,0.505,OBLIQUE,ethanol,ethanol,201804,201804:90_37,90_37,2018,4,Spring,-118.4,33.2,2018:90_37,2018:Spring_90_37
CALCOFI 1804,90,35,NA,"33.252, -118.250",33.252,-118.25,4/10/18,19:46,20:07,0,205,CALBOBL,NA,0.505,OBLIQUE,ethanol,ethanol,201804,201804:90_35,90_35,2018,4,Spring,-118.2,33.3,2018:90_35,2018:Spring_90_35
CALCOFI 1804,90,28,NA,"33.483, -117.768",33.483,-117.768,4/11/18,3:15,3:22,0,59,CALBOBL,NA,0.505,OBLIQUE,ethanol,ethanol,201804,201804:90_28,90_28,2018,4,Spring,-117.8,33.5,2018:90_28,2018:Spring_90_28
CALCOFI 1804,88.5,30.1,NA,"33.665, -118.098",33.665,-118.098,4/11/18,5:48,5:50,0,12,CALBOBL,NA,0.505,OBLIQUE,ethanol,ethanol,201804,201804:88.5_30.1,88.5_30.1,2018,4,Spring,-118.1,33.7,2018:88.5_30.1,2018:Spring_88.5_30.1
CALCOFI 1804,86.7,33,NA,"33.908, -118.498",33.908,-118.498,4/11/18,11:22,11:26,0,37,CALBOBL,NA,0.505,OBLIQUE,ethanol,ethanol,201804,201804:86.7_33,86.7_33,2018,4,Spring,-118.5,33.9,2018:86.7_33,2018:Spring_86.7_33
CALCOFI 1804,86.8,32.5,NA,"33.887, -118.445",33.887,-118.445,4/11/18,13:52,13:55,0,23,CALBOBL,NA,0.505,OBLIQUE,ethanol,ethanol,201804,201804:86.8_32.5,86.8_32.5,2018,4,Spring,-118.4,33.9,2018:86.8_32.5,2018:Spring_86.8_32.5
CALCOFI 1804,85.4,35.8,NA,"34.022, -118.833",34.022,-118.833,4/11/18,19:00,19:05,0,42,CALBOBL,NA,0.505,OBLIQUE,ethanol,ethanol,201804,201804:85.4_35.8,85.4_35.8,2018,4,Spring,-118.8,34,2018:85.4_35.8,2018:Spring_85.4_35.8
CALCOFI 1804,86.7,40,NA,"33.657, -118.968",33.657,-118.968,4/11/18,23:31,23:52,0,217,CALBOBL,NA,0.505,OBLIQUE,ethanol,ethanol,201804,201804:86.7_40,86.7_40,2018,4,Spring,-119,33.7,2018:86.7_40,2018:Spring_86.7_40
CALCOFI 1804,83.3,55,NA,"33.745, -120.408",33.745,-120.408,4/16/18,16:51,17:12,0,205,CALBOBL,NA,0.505,OBLIQUE,ethanol,ethanol,201804,201804:83.3_55,83.3_55,2018,4,Spring,-120.4,33.7,2018:83.3_55,2018:Spring_83.3_55
CALCOFI 1804,83.3,51,NA,"33.877, -120.132",33.877,-120.132,4/16/18,19:57,20:09,0,110,CALBOBL,NA,0.505,OBLIQUE,ethanol,ethanol,201804,201804:83.3_51,83.3_51,2018,4,Spring,-120.1,33.9,2018:83.3_51,2018:Spring_83.3_51
CALCOFI 1804,83.3,40.6,NA,"34.225, -119.410",34.225,-119.41,4/17/18,4:14,4:17,0,26,CALBOBL,NA,0.505,OBLIQUE,ethanol,ethanol,201804,201804:83.3_40.6,83.3_40.6,2018,4,Spring,-119.4,34.2,2018:83.3_40.6,2018:Spring_83.3_40.6
CALCOFI 1804,83.3,39.4,NA,"34.255, -119.332",34.255,-119.332,4/17/18,5:12,5:14,0,13,CALBOBL,NA,0.505,OBLIQUE,ethanol,ethanol,201804,201804:83.3_39.4,83.3_39.4,2018,4,Spring,-119.3,34.3,2018:83.3_39.4,2018:Spring_83.3_39.4
CALCOFI 1804,81.7,43.5,NA,"34.403, -119.798",34.403,-119.798,4/17/18,8:23,8:25,0,13,CALBOBL,NA,0.505,OBLIQUE,ethanol,ethanol,201804,201804:81.7_43.5,81.7_43.5,2018,4,Spring,-119.8,34.4,2018:81.7_43.5,2018:Spring_81.7_43.5
CALCOFI 1804,81.8,46.9,NA,"34.272, -120.025",34.272,-120.025,4/17/18,11:54,12:15,0,212,CALBOBL,NA,0.505,OBLIQUE,ethanol,ethanol,201804,201804:81.8_46.9,81.8_46.9,2018,4,Spring,-120,34.3,2018:81.8_46.9,2018:Spring_81.8_46.9
CALCOFI 1804,80,50.5,NA,"34.468, -120.490",34.468,-120.49,4/17/18,16:10,16:12,0,16,CALBOBL,NA,0.505,OBLIQUE,ethanol,ethanol,201804,201804:80_50.5,80_50.5,2018,4,Spring,-120.5,34.5,2018:80_50.5,2018:Spring_80_50.5
CALCOFI 1804,80,55,NA,"34.333, -120.805",34.333,-120.805,4/17/18,21:00,21:22,0,217,CALBOBL,NA,0.505,OBLIQUE,ethanol,ethanol,201804,201804:80_55,80_55,2018,4,Spring,-120.8,34.3,2018:80_55,2018:Spring_80_55
CALCOFI 1804,80,60,NA,"34.148, -121.148",34.148,-121.148,4/18/18,1:16,1:38,0,217,CALBOBL,NA,0.505,OBLIQUE,ethanol,ethanol,201804,201804:80_60,80_60,2018,4,Spring,-121.1,34.1,2018:80_60,2018:Spring_80_60
CALCOFI 1804,80,80,NA,"33.483, -122.533",33.483,-122.533,4/18/18,13:23,13:44,0,206,CALBOBL,NA,0.505,OBLIQUE,ethanol,ethanol,201804,201804:80_80,80_80,2018,4,Spring,-122.5,33.5,2018:80_80,2018:Spring_80_80
CALCOFI 1804,76.7,60,NA,"34.722, -121.547",34.722,-121.547,4/20/18,7:39,8:00,0,213,CALBOBL,NA,0.505,OBLIQUE,ethanol,ethanol,201804,201804:76.7_60,76.7_60,2018,4,Spring,-121.5,34.7,2018:76.7_60,2018:Spring_76.7_60
CALCOFI 1804,76.7,55,NA,"34.890, -121.198",34.89,-121.198,4/20/18,11:54,12:16,0,204,CALBOBL,NA,0.505,OBLIQUE,ethanol,ethanol,201804,201804:76.7_55,76.7_55,2018,4,Spring,-121.2,34.9,2018:76.7_55,2018:Spring_76.7_55
CALCOFI 1804,76.7,49,NA,"35.087, -120.775",35.087,-120.775,4/20/18,17:13,17:19,0,52,CALBOBL,NA,0.505,OBLIQUE,ethanol,ethanol,201804,201804:76.7_49,76.7_49,2018,4,Spring,-120.8,35.1,2018:76.7_49,2018:Spring_76.7_49
CALCOFI 1804,73.3,50,NA,"35.643, -121.263",35.643,-121.263,4/20/18,22:54,22:57,0,25,CALBOBL,NA,0.505,OBLIQUE,ethanol,ethanol,201804,201804:73.3_50,73.3_50,2018,4,Spring,-121.3,35.6,2018:73.3_50,2018:Spring_73.3_50
CALCOFI 1804,73.3,55,NA,"35.477, -121.607",35.477,-121.607,4/21/18,2:32,2:54,0,205,CALBOBL,NA,0.505,OBLIQUE,ethanol,ethanol,201804,201804:73.3_55,73.3_55,2018,4,Spring,-121.6,35.5,2018:73.3_55,2018:Spring_73.3_55
CALCOFI 1804,73.3,60,NA,"35.308, -121.962",35.308,-121.962,4/21/18,6:30,6:51,0,207,CALBOBL,NA,0.505,OBLIQUE,ethanol,ethanol,201804,201804:73.3_60,73.3_60,2018,4,Spring,-122,35.3,2018:73.3_60,2018:Spring_73.3_60
CALCOFI 1804,73.3,80,NA,"34.642, -123.363",34.642,-123.363,4/21/18,17:45,18:06,0,219,CALBOBL,NA,0.505,OBLIQUE,ethanol,ethanol,201804,201804:73.3_80,73.3_80,2018,4,Spring,-123.4,34.6,2018:73.3_80,2018:Spring_73.3_80
CALCOFI 1804,70,80,NA,"35.215, -123.778",35.215,-123.778,4/22/18,8:52,9:14,0,214,CALBOBL,NA,0.505,OBLIQUE,ethanol,ethanol,201804,201804:70_80,70_80,2018,4,Spring,-123.8,35.2,2018:70_80,2018:Spring_70_80
CALCOFI 1804,70,60,NA,"35.878, -122.363",35.878,-122.363,4/22/18,21:12,21:34,0,211,CALBOBL,NA,0.505,OBLIQUE,ethanol,ethanol,201804,201804:70_60,70_60,2018,4,Spring,-122.4,35.9,2018:70_60,2018:Spring_70_60
CALCOFI 1804,70,55,NA,"36.047, -122.010",36.047,-122.01,4/23/18,1:00,1:21,0,214,CALBOBL,NA,0.505,OBLIQUE,ethanol,ethanol,201804,201804:70_55,70_55,2018,4,Spring,-122,36,2018:70_55,2018:Spring_70_55
CALCOFI 1804,70,51,NA,"36.180, -121.732",36.18,-121.732,4/23/18,4:11,4:32,0,214,CALBOBL,NA,0.505,OBLIQUE,ethanol,ethanol,201804,201804:70_51,70_51,2018,4,Spring,-121.7,36.2,2018:70_51,2018:Spring_70_51
CALCOFI 1904,93.3,26.7,NA,"32.957, -117.307",32.957,-117.307,4/2/19,15:54,16:02,0,73,CALBOBL,NA,0.505,OBLIQUE,ethanol,ethanol,201904,201904:93.3_26.7,93.3_26.7,2019,4,Spring,-117.3,33,2019:93.3_26.7,2019:Spring_93.3_26.7
CALCOFI 1904,93.4,26.4,NA,"32.947, -117.283",32.947,-117.283,4/2/19,16:51,16:53,0,12,CALBOBL,NA,0.505,OBLIQUE,ethanol,ethanol,201904,201904:93.4_26.4,93.4_26.4,2019,4,Spring,-117.3,32.9,2019:93.4_26.4,2019:Spring_93.4_26.4
CALCOFI 1904,93.3,30,NA,"32.848, -117.525",32.848,-117.525,4/2/19,21:23,21:44,0,205,CALBOBL,NA,0.505,OBLIQUE,ethanol,ethanol,201904,201904:93.3_30,93.3_30,2019,4,Spring,-117.5,32.8,2019:93.3_30,2019:Spring_93.3_30
CALCOFI 1904,93.3,35,NA,"32.680, -117.875",32.68,-117.875,4/3/19,1:11,1:33,0,216,CALBOBL,NA,0.505,OBLIQUE,ethanol,ethanol,201904,201904:93.3_35,93.3_35,2019,4,Spring,-117.9,32.7,2019:93.3_35,2019:Spring_93.3_35
CALCOFI 1904,93.3,40,NA,"32.520, -118.212",32.52,-118.212,4/3/19,5:14,5:35,0,220,CALBOBL,NA,0.505,OBLIQUE,ethanol,ethanol,201904,201904:93.3_40,93.3_40,2019,4,Spring,-118.2,32.5,2019:93.3_40,2019:Spring_93.3_40
CALCOFI 1904,90,60,NA,"32.420, -119.958",32.42,-119.958,4/7/19,0:44,1:05,0,206,CALBOBL,NA,0.505,OBLIQUE,ethanol,ethanol,201904,201904:90_60,90_60,2019,4,Spring,-120,32.4,2019:90_60,2019:Spring_90_60
CALCOFI 1904,90,45,NA,"32.925, -118.937",32.925,-118.937,4/7/19,11:36,11:58,0,208,CALBOBL,NA,0.505,OBLIQUE,ethanol,ethanol,201904,201904:90_45,90_45,2019,4,Spring,-118.9,32.9,2019:90_45,2019:Spring_90_45
CALCOFI 1904,90,28,NA,"33.485, -117.768",33.485,-117.768,4/7/19,20:41,21:02,0,209,CALBOBL,NA,0.505,OBLIQUE,ethanol,ethanol,201904,201904:90_28,90_28,2019,4,Spring,-117.8,33.5,2019:90_28,2019:Spring_90_28
CALCOFI 1904,90,35,NA,"33.252, -118.252",33.252,-118.252,4/8/19,2:56,3:18,0,212,CALBOBL,NA,0.505,OBLIQUE,ethanol,ethanol,201904,201904:90_35,90_35,2019,4,Spring,-118.3,33.3,2019:90_35,2019:Spring_90_35
CALCOFI 1904,90,37,NA,"33.183, -118.385",33.183,-118.385,4/8/19,5:38,5:59,0,209,CALBOBL,NA,0.505,OBLIQUE,ethanol,ethanol,201904,201904:90_37,90_37,2019,4,Spring,-118.4,33.2,2019:90_37,2019:Spring_90_37
CALCOFI 1904,86.7,45,NA,"33.487, -119.318",33.487,-119.318,4/8/19,12:45,13:07,0,207,CALBOBL,NA,0.505,OBLIQUE,ethanol,ethanol,201904,201904:86.7_45,86.7_45,2019,4,Spring,-119.3,33.5,2019:86.7_45,2019:Spring_86.7_45
CALCOFI 1904,81.8,46.9,NA,"34.275, -120.027",34.275,-120.027,4/9/19,12:41,13:03,0,205,CALBOBL,NA,0.505,OBLIQUE,ethanol,ethanol,201904,201904:81.8_46.9,81.8_46.9,2019,4,Spring,-120,34.3,2019:81.8_46.9,2019:Spring_81.8_46.9
CALCOFI 1904,81.7,43.5,NA,"34.398, -119.805",34.398,-119.805,4/9/19,15:21,15:25,0,19,CALBOBL,NA,0.505,OBLIQUE,ethanol,ethanol,201904,201904:81.7_43.5,81.7_43.5,2019,4,Spring,-119.8,34.4,2019:81.7_43.5,2019:Spring_81.7_43.5
CALCOFI 1904,83.3,40.6,NA,"34.223, -119.420",34.223,-119.42,4/9/19,20:22,20:26,0,28,CALBOBL,NA,0.505,OBLIQUE,ethanol,ethanol,201904,201904:83.3_40.6,83.3_40.6,2019,4,Spring,-119.4,34.2,2019:83.3_40.6,2019:Spring_83.3_40.6
CALCOFI 1904,83.3,39.4,NA,"34.263, -119.333",34.263,-119.333,4/9/19,21:42,21:44,0,8,CALBOBL,NA,0.505,OBLIQUE,ethanol,ethanol,201904,201904:83.3_39.4,83.3_39.4,2019,4,Spring,-119.3,34.3,2019:83.3_39.4,2019:Spring_83.3_39.4
CALCOFI 1904,85.4,35.8,NA,"34.010, -118.850",34.01,-118.85,4/10/19,2:52,2:57,0,40,CALBOBL,NA,0.505,OBLIQUE,ethanol,ethanol,201904,201904:85.4_35.8,85.4_35.8,2019,4,Spring,-118.8,34,2019:85.4_35.8,2019:Spring_85.4_35.8
CALCOFI 1904,86.7,33,NA,"33.888, -118.490",33.888,-118.49,4/10/19,6:37,6:42,0,37,CALBOBL,NA,0.505,OBLIQUE,ethanol,ethanol,201904,201904:86.7_33,86.7_33,2019,4,Spring,-118.5,33.9,2019:86.7_33,2019:Spring_86.7_33
CALCOFI 1904,86.8,32.5,NA,"33.888, -118.445",33.888,-118.445,4/10/19,7:40,7:42,0,14,CALBOBL,NA,0.505,OBLIQUE,ethanol,ethanol,201904,201904:86.8_32.5,86.8_32.5,2019,4,Spring,-118.4,33.9,2019:86.8_32.5,2019:Spring_86.8_32.5
CALCOFI 1904,86.7,40,NA,"33.657, -118.973",33.657,-118.973,4/10/19,15:37,15:59,0,211,CALBOBL,NA,0.505,OBLIQUE,ethanol,ethanol,201904,201904:86.7_40,86.7_40,2019,4,Spring,-119,33.7,2019:86.7_40,2019:Spring_86.7_40
CALCOFI 1904,88.5,30.1,NA,"33.670, -118.090",33.67,-118.09,4/10/19,20:50,20:52,0,13,CALBOBL,NA,0.505,OBLIQUE,ethanol,ethanol,201904,201904:88.5_30.1,88.5_30.1,2019,4,Spring,-118.1,33.7,2019:88.5_30.1,2019:Spring_88.5_30.1
CALCOFI 1904,83.3,55,NA,"33.743, -120.413",33.743,-120.413,4/14/19,21:51,22:12,0,215,CALBOBL,NA,0.505,OBLIQUE,ethanol,ethanol,201904,201904:83.3_55,83.3_55,2019,4,Spring,-120.4,33.7,2019:83.3_55,2019:Spring_83.3_55
CALCOFI 1904,80,55,NA,"34.328, -120.790",34.328,-120.79,4/15/19,4:12,4:34,0,211,CALBOBL,NA,0.505,OBLIQUE,ethanol,ethanol,201904,201904:80_55,80_55,2019,4,Spring,-120.8,34.3,2019:80_55,2019:Spring_80_55
CALCOFI 1904,80,60,NA,"34.150, -121.153",34.15,-121.153,4/15/19,7:12,7:34,0,220,CALBOBL,NA,0.505,OBLIQUE,ethanol,ethanol,201904,201904:80_60,80_60,2019,4,Spring,-121.2,34.1,2019:80_60,2019:Spring_80_60
CALCOFI 1904,80,80,NA,"33.487, -122.538",33.487,-122.538,4/15/19,19:58,20:19,0,206,CALBOBL,NA,0.505,OBLIQUE,ethanol,ethanol,201904,201904:80_80,80_80,2019,4,Spring,-122.5,33.5,2019:80_80,2019:Spring_80_80
CALCOFI 1904,76.7,55,NA,"34.890, -121.197",34.89,-121.197,4/17/19,0:54,1:16,0,213,CALBOBL,NA,0.505,OBLIQUE,ethanol,ethanol,201904,201904:76.7_55,76.7_55,2019,4,Spring,-121.2,34.9,2019:76.7_55,2019:Spring_76.7_55
CALCOFI 1904,76.7,49,NA,"35.087, -120.777",35.087,-120.777,4/17/19,6:29,6:35,0,38,CALBOBL,NA,0.505,OBLIQUE,ethanol,ethanol,201904,201904:76.7_49,76.7_49,2019,4,Spring,-120.8,35.1,2019:76.7_49,2019:Spring_76.7_49
CALCOFI 1904,80,50.5,NA,"34.465, -120.495",34.465,-120.495,4/17/19,12:36,12:39,0,17,CALBOBL,NA,0.505,OBLIQUE,ethanol,ethanol,201904,201904:80_50.5,80_50.5,2019,4,Spring,-120.5,34.5,2019:80_50.5,2019:Spring_80_50.5
CALCOFI 1304,93.3,26.7,NA,"32.957, -117.308",32.957,-117.308,4/6/13,18:38,18:58,0,207,CALBOBL,NA,0.505,OBLIQUE,ethanol,ethanol,201304,201304:93.3_26.7,93.3_26.7,2013,4,Spring,-117.3,33,2013:93.3_26.7,2013:Spring_93.3_26.7
CALCOFI 1304,93.4,26.4,NA,"32.948, -117.292",32.948,-117.292,4/6/13,19:46,19:49,0,21,CALBOBL,NA,0.505,OBLIQUE,ethanol,ethanol,201304,201304:93.4_26.4,93.4_26.4,2013,4,Spring,-117.3,32.9,2013:93.4_26.4,2013:Spring_93.4_26.4
CALCOFI 1304,93.3,30,NA,"32.845, -117.532",32.845,-117.532,4/7/13,0:40,1:01,0,213,CALBOBL,NA,0.505,OBLIQUE,ethanol,ethanol,201304,201304:93.3_30,93.3_30,2013,4,Spring,-117.5,32.8,2013:93.3_30,2013:Spring_93.3_30
CALCOFI 1304,93.3,35,NA,"32.680, -117.872",32.68,-117.872,4/7/13,4:22,4:42,0,207,CALBOBL,NA,0.505,OBLIQUE,ethanol,ethanol,201304,201304:93.3_35,93.3_35,2013,4,Spring,-117.9,32.7,2013:93.3_35,2013:Spring_93.3_35
CALCOFI 1304,93.3,40,NA,"32.515, -118.212",32.515,-118.212,4/7/13,8:14,8:35,0,211,CALBOBL,NA,0.505,OBLIQUE,ethanol,ethanol,201304,201304:93.3_40,93.3_40,2013,4,Spring,-118.2,32.5,2013:93.3_40,2013:Spring_93.3_40
CALCOFI 1304,90,35,NA,"33.250, -118.250",33.25,-118.25,4/9/13,8:46,9:06,0,200,CALBOBL,NA,0.505,OBLIQUE,ethanol,ethanol,201304,201304:90_35,90_35,2013,4,Spring,-118.2,33.2,2013:90_35,2013:Spring_90_35
CALCOFI 1304,90,28,NA,"33.483, -117.768",33.483,-117.768,4/9/13,15:48,15:54,0,56,CALBOBL,NA,0.505,OBLIQUE,ethanol,ethanol,201304,201304:90_28,90_28,2013,4,Spring,-117.8,33.5,2013:90_28,2013:Spring_90_28
CALCOFI 1304,88.5,30.1,NA,"33.648, -118.085",33.648,-118.085,4/9/13,19:21,19:23,0,16,CALBOBL,NA,0.505,OBLIQUE,ethanol,ethanol,201304,201304:88.5_30.1,88.5_30.1,2013,4,Spring,-118.1,33.6,2013:88.5_30.1,2013:Spring_88.5_30.1
CALCOFI 1304,86.8,32.5,NA,"33.880, -118.455",33.88,-118.455,4/9/13,22:51,22:54,0,19,CALBOBL,NA,0.505,OBLIQUE,ethanol,ethanol,201304,201304:86.8_32.5,86.8_32.5,2013,4,Spring,-118.5,33.9,2013:86.8_32.5,2013:Spring_86.8_32.5
CALCOFI 1304,86.7,33,NA,"33.890, -118.488",33.89,-118.488,4/10/13,0:14,0:18,0,34,CALBOBL,NA,0.505,OBLIQUE,ethanol,ethanol,201304,201304:86.7_33,86.7_33,2013,4,Spring,-118.5,33.9,2013:86.7_33,2013:Spring_86.7_33
CALCOFI 1304,86.7,40,NA,"33.655, -118.975",33.655,-118.975,4/10/13,7:19,7:39,0,202,CALBOBL,NA,0.505,OBLIQUE,ethanol,ethanol,201304,201304:86.7_40,86.7_40,2013,4,Spring,-119,33.7,2013:86.7_40,2013:Spring_86.7_40
CALCOFI 1304,86.7,45,NA,"33.492, -119.318",33.492,-119.318,4/10/13,11:29,11:49,0,204,CALBOBL,NA,0.505,OBLIQUE,ethanol,ethanol,201304,201304:86.7_45,86.7_45,2013,4,Spring,-119.3,33.5,2013:86.7_45,2013:Spring_86.7_45
CALCOFI 1304,90,45,NA,"32.920, -118.933",32.92,-118.933,4/10/13,19:30,19:51,0,201,CALBOBL,NA,0.505,OBLIQUE,ethanol,ethanol,201304,201304:90_45,90_45,2013,4,Spring,-118.9,32.9,2013:90_45,2013:Spring_90_45
CALCOFI 1304,90,60,NA,"32.417, -119.960",32.417,-119.96,4/14/13,14:40,15:00,0,217,CALBOBL,NA,0.505,OBLIQUE,ethanol,ethanol,201304,201304:90_60,90_60,2013,4,Spring,-120,32.4,2013:90_60,2013:Spring_90_60
CALCOFI 1304,83.3,40.6,NA,"34.223, -119.417",34.223,-119.417,4/15/13,22:16,22:18,0,20,CALBOBL,NA,0.505,OBLIQUE,ethanol,ethanol,201304,201304:83.3_40.6,83.3_40.6,2013,4,Spring,-119.4,34.2,2013:83.3_40.6,2013:Spring_83.3_40.6
CALCOFI 1304,83.3,39.4,NA,"34.260, -119.408",34.26,-119.408,4/15/13,23:32,23:34,0,18,CALBOBL,NA,0.505,OBLIQUE,ethanol,ethanol,201304,201304:83.3_39.4,83.3_39.4,2013,4,Spring,-119.4,34.3,2013:83.3_39.4,2013:Spring_83.3_39.4
CALCOFI 1304,81.7,43.5,NA,"34.380, -119.802",34.38,-119.802,4/16/13,3:28,3:34,0,48,CALBOBL,NA,0.505,OBLIQUE,ethanol,ethanol,201304,201304:81.7_43.5,81.7_43.5,2013,4,Spring,-119.8,34.4,2013:81.7_43.5,2013:Spring_81.7_43.5
CALCOFI 1304,81.8,46.9,NA,"34.275, -120.010",34.275,-120.01,4/16/13,8:20,8:42,0,212,CALBOBL,NA,0.505,OBLIQUE,ethanol,ethanol,201304,201304:81.8_46.9,81.8_46.9,2013,4,Spring,-120,34.3,2013:81.8_46.9,2013:Spring_81.8_46.9
CALCOFI 1304,83.3,55,NA,"33.747, -120.405",33.747,-120.405,4/19/13,17:42,18:02,0,213,CALBOBL,NA,0.505,OBLIQUE,ethanol,ethanol,201304,201304:83.3_55,83.3_55,2013,4,Spring,-120.4,33.7,2013:83.3_55,2013:Spring_83.3_55
CALCOFI 1304,80,50.5,NA,"34.460, -120.498",34.46,-120.498,4/19/13,23:11,23:13,0,19,CALBOBL,NA,0.505,OBLIQUE,ethanol,ethanol,201304,201304:80_50.5,80_50.5,2013,4,Spring,-120.5,34.5,2013:80_50.5,2013:Spring_80_50.5
CALCOFI 1304,80,55,NA,"34.317, -120.800",34.317,-120.8,4/20/13,4:28,4:48,0,208,CALBOBL,NA,0.505,OBLIQUE,ethanol,ethanol,201304,201304:80_55,80_55,2013,4,Spring,-120.8,34.3,2013:80_55,2013:Spring_80_55
CALCOFI 1304,80,60,NA,"34.150, -121.147",34.15,-121.147,4/20/13,7:24,7:45,0,218,CALBOBL,NA,0.505,OBLIQUE,ethanol,ethanol,201304,201304:80_60,80_60,2013,4,Spring,-121.1,34.1,2013:80_60,2013:Spring_80_60
CALCOFI 1304,80,80,NA,"33.488, -122.537",33.488,-122.537,4/20/13,23:17,23:37,0,215,CALBOBL,NA,0.505,OBLIQUE,ethanol,ethanol,201304,201304:80_80,80_80,2013,4,Spring,-122.5,33.5,2013:80_80,2013:Spring_80_80
CALCOFI 1304,76.7,60,NA,"34.723, -121.548",34.723,-121.548,4/22/13,16:23,16:43,0,207,CALBOBL,NA,0.505,OBLIQUE,ethanol,ethanol,201304,201304:76.7_60,76.7_60,2013,4,Spring,-121.5,34.7,2013:76.7_60,2013:Spring_76.7_60
CALCOFI 1304,76.7,55,NA,"34.888, -121.200",34.888,-121.2,4/22/13,22:50,23:10,0,210,CALBOBL,NA,0.505,OBLIQUE,ethanol,ethanol,201304,201304:76.7_55,76.7_55,2013,4,Spring,-121.2,34.9,2013:76.7_55,2013:Spring_76.7_55
CALCOFI 1304,76.7,49,NA,"35.090, -120.778",35.09,-120.778,4/23/13,9:25,9:29,0,32,CALBOBL,NA,0.505,OBLIQUE,ethanol,ethanol,201304,201304:76.7_49,76.7_49,2013,4,Spring,-120.8,35.1,2013:76.7_49,2013:Spring_76.7_49
CALCOFI 1304,70,51,NA,"36.170, -121.743",36.17,-121.743,4/24/13,4:52,5:12,0,208,CALBOBL,NA,0.505,OBLIQUE,ethanol,ethanol,201304,201304:70_51,70_51,2013,4,Spring,-121.7,36.2,2013:70_51,2013:Spring_70_51
CALCOFI 1304,70,60,NA,"35.883, -122.360",35.883,-122.36,4/24/13,10:55,11:15,0,207,CALBOBL,NA,0.505,OBLIQUE,ethanol,ethanol,201304,201304:70_60,70_60,2013,4,Spring,-122.4,35.9,2013:70_60,2013:Spring_70_60
CALCOFI 1304,70,80,NA,"35.218, -123.777",35.218,-123.777,4/25/13,9:05,9:25,0,206,CALBOBL,NA,0.505,OBLIQUE,ethanol,ethanol,201304,201304:70_80,70_80,2013,4,Spring,-123.8,35.2,2013:70_80,2013:Spring_70_80
CALCOFI 1311,93.3,26.7,NA,"32.957, -117.305",32.957,-117.305,11/9/13,12:10,12:15,0,40,CALBOBL,NA,0.505,OBLIQUE,ethanol,ethanol,201311,201311:93.3_26.7,93.3_26.7,2013,11,Fall,-117.3,33,2013:93.3_26.7,2013:Fall_93.3_26.7
CALCOFI 1311,91.7,26.4,NA,"33.245, -117.463",33.245,-117.463,11/9/13,15:52,15:54,0,13,CALBOBL,NA,0.505,OBLIQUE,ethanol,ethanol,201311,201311:91.7_26.4,91.7_26.4,2013,11,Fall,-117.5,33.2,2013:91.7_26.4,2013:Fall_91.7_26.4
CALCOFI 1311,93.3,30,NA,"32.847, -117.532",32.847,-117.532,11/9/13,22:41,23:03,0,204,CALBOBL,NA,0.505,OBLIQUE,ethanol,ethanol,201311,201311:93.3_30,93.3_30,2013,11,Fall,-117.5,32.8,2013:93.3_30,2013:Fall_93.3_30
CALCOFI 1311,93.3,35,NA,"32.682, -117.873",32.682,-117.873,11/10/13,2:35,2:57,0,209,CALBOBL,NA,0.505,OBLIQUE,ethanol,ethanol,201311,201311:93.3_35,93.3_35,2013,11,Fall,-117.9,32.7,2013:93.3_35,2013:Fall_93.3_35
CALCOFI 1311,93.3,40,NA,"32.513, -118.212",32.513,-118.212,11/10/13,6:34,6:54,0,209,CALBOBL,NA,0.505,OBLIQUE,ethanol,ethanol,201311,201311:93.3_40,93.3_40,2013,11,Fall,-118.2,32.5,2013:93.3_40,2013:Fall_93.3_40
CALCOFI 1311,90,60,NA,"32.418, -119.958",32.418,-119.958,11/14/13,11:06,11:28,0,209,CALBOBL,NA,0.505,OBLIQUE,ethanol,ethanol,201311,201311:90_60,90_60,2013,11,Fall,-120,32.4,2013:90_60,2013:Fall_90_60
CALCOFI 1311,90,35,NA,"33.252, -118.250",33.252,-118.25,11/15/13,7:11,7:34,0,224,CALBOBL,NA,0.505,OBLIQUE,ethanol,ethanol,201311,201311:90_35,90_35,2013,11,Fall,-118.2,33.3,2013:90_35,2013:Fall_90_35
CALCOFI 1311,90,28,NA,"33.485, -117.770",33.485,-117.77,11/15/13,14:00,14:05,0,41,CALBOBL,NA,0.505,OBLIQUE,ethanol,ethanol,201311,201311:90_28,90_28,2013,11,Fall,-117.8,33.5,2013:90_28,2013:Fall_90_28
CALCOFI 1311,88.5,30.1,NA,"33.673, -118.093",33.673,-118.093,11/15/13,17:12,17:14,0,13,CALBOBL,NA,0.505,OBLIQUE,ethanol,ethanol,201311,201311:88.5_30.1,88.5_30.1,2013,11,Fall,-118.1,33.7,2013:88.5_30.1,2013:Fall_88.5_30.1
CALCOFI 1311,86.8,32.5,NA,"33.888, -118.445",33.888,-118.445,11/15/13,20:46,20:48,0,15,CALBOBL,NA,0.505,OBLIQUE,ethanol,ethanol,201311,201311:86.8_32.5,86.8_32.5,2013,11,Fall,-118.4,33.9,2013:86.8_32.5,2013:Fall_86.8_32.5
CALCOFI 1311,86.7,33,NA,"33.890, -118.490",33.89,-118.49,11/15/13,22:08,22:14,0,49,CALBOBL,NA,0.505,OBLIQUE,ethanol,ethanol,201311,201311:86.7_33,86.7_33,2013,11,Fall,-118.5,33.9,2013:86.7_33,2013:Fall_86.7_33
CALCOFI 1311,86.7,40,NA,"33.657, -118.975",33.657,-118.975,11/16/13,5:13,5:34,0,213,CALBOBL,NA,0.505,OBLIQUE,ethanol,ethanol,201311,201311:86.7_40,86.7_40,2013,11,Fall,-119,33.7,2013:86.7_40,2013:Fall_86.7_40
CALCOFI 1311,86.7,45,NA,"33.490, -119.315",33.49,-119.315,11/16/13,8:26,8:48,0,213,CALBOBL,NA,0.505,OBLIQUE,ethanol,ethanol,201311,201311:86.7_45,86.7_45,2013,11,Fall,-119.3,33.5,2013:86.7_45,2013:Fall_86.7_45
CALCOFI 1311,83.3,55,NA,"33.745, -120.410",33.745,-120.41,11/19/13,20:15,20:37,0,216,CALBOBL,NA,0.505,OBLIQUE,ethanol,ethanol,201311,201311:83.3_55,83.3_55,2013,11,Fall,-120.4,33.7,2013:83.3_55,2013:Fall_83.3_55
CALCOFI 1311,83.3,51,NA,"33.877, -120.133",33.877,-120.133,11/19/13,23:45,23:53,0,71,CALBOBL,NA,0.505,OBLIQUE,ethanol,ethanol,201311,201311:83.3_51,83.3_51,2013,11,Fall,-120.1,33.9,2013:83.3_51,2013:Fall_83.3_51
CALCOFI 1311,80,55,NA,"34.318, -120.802",34.318,-120.802,11/20/13,8:55,9:18,0,213,CALBOBL,NA,0.505,OBLIQUE,ethanol,ethanol,201311,201311:80_55,80_55,2013,11,Fall,-120.8,34.3,2013:80_55,2013:Fall_80_55
CALCOFI 1311,80,60,NA,"34.150, -121.148",34.15,-121.148,11/20/13,20:27,20:50,0,208,CALBOBL,NA,0.505,OBLIQUE,ethanol,ethanol,201311,201311:80_60,80_60,2013,11,Fall,-121.1,34.1,2013:80_60,2013:Fall_80_60
CALCOFI 1311,76.7,60,NA,"34.722, -121.547",34.722,-121.547,11/23/13,4:58,5:19,0,210,CALBOBL,NA,0.505,OBLIQUE,ethanol,ethanol,201311,201311:76.7_60,76.7_60,2013,11,Fall,-121.5,34.7,2013:76.7_60,2013:Fall_76.7_60
CALCOFI 1311,76.7,55,NA,"34.888, -121.197",34.888,-121.197,11/23/13,7:53,8:15,0,208,CALBOBL,NA,0.505,OBLIQUE,ethanol,ethanol,201311,201311:76.7_55,76.7_55,2013,11,Fall,-121.2,34.9,2013:76.7_55,2013:Fall_76.7_55
CALCOFI 1311,76.7,49,NA,"35.088, -120.775",35.088,-120.775,11/23/13,14:32,14:38,0,51,CALBOBL,NA,0.505,OBLIQUE,ethanol,ethanol,201311,201311:76.7_49,76.7_49,2013,11,Fall,-120.8,35.1,2013:76.7_49,2013:Fall_76.7_49
CALCOFI 1311,80,50.5,NA,"34.462, -120.485",34.462,-120.485,11/23/13,19:20,19:22,0,14,CALBOBL,NA,0.505,OBLIQUE,ethanol,ethanol,201311,201311:80_50.5,80_50.5,2013,11,Fall,-120.5,34.5,2013:80_50.5,2013:Fall_80_50.5
CALCOFI 1311,81.8,46.9,NA,"34.275, -120.023",34.275,-120.023,11/24/13,1:47,2:09,0,209,CALBOBL,NA,0.505,OBLIQUE,ethanol,ethanol,201311,201311:81.8_46.9,81.8_46.9,2013,11,Fall,-120,34.3,2013:81.8_46.9,2013:Fall_81.8_46.9
CALCOFI 1311,81.7,43.5,NA,"34.403, -119.800",34.403,-119.8,11/24/13,4:12,4:14,0,16,CALBOBL,NA,0.505,OBLIQUE,ethanol,ethanol,201311,201311:81.7_43.5,81.7_43.5,2013,11,Fall,-119.8,34.4,2013:81.7_43.5,2013:Fall_81.7_43.5
CALCOFI 1311,83.3,39.4,NA,"34.260, -119.325",34.26,-119.325,11/24/13,7:00,7:02,0,13,CALBOBL,NA,0.505,OBLIQUE,ethanol,ethanol,201311,201311:83.3_39.4,83.3_39.4,2013,11,Fall,-119.3,34.3,2013:83.3_39.4,2013:Fall_83.3_39.4
CALCOFI 1311,83.3,40.6,NA,"34.227, -119.410",34.227,-119.41,11/24/13,8:37,8:40,0,24,CALBOBL,NA,0.505,OBLIQUE,ethanol,ethanol,201311,201311:83.3_40.6,83.3_40.6,2013,11,Fall,-119.4,34.2,2013:83.3_40.6,2013:Fall_83.3_40.6
CALCOFI 1311,85.4,35.8,NA,"34.013, -118.830",34.013,-118.83,11/24/13,17:51,17:53,0,14,CALBOBL,NA,0.505,OBLIQUE,ethanol,ethanol,201311,201311:85.4_35.8,85.4_35.8,2013,11,Fall,-118.8,34,2013:85.4_35.8,2013:Fall_85.4_35.8
CALCOFI 1203,93.3,26.7,NA,"32.957, -117.307",32.957,-117.307,3/24/12,22:37,,0,48,CALBOBL,NA,0.505,OBLIQUE,ethanol,ethanol,201203,201203:93.3_26.7,93.3_26.7,2012,3,Spring,-117.3,33,2012:93.3_26.7,2012:Spring_93.3_26.7
CALCOFI 1203,93.3,30,NA,"32.848, -117.527",32.848,-117.527,3/25/12,3:35,,0,205,CALBOBL,NA,0.505,OBLIQUE,ethanol,ethanol,201203,201203:93.3_30,93.3_30,2012,3,Spring,-117.5,32.8,2012:93.3_30,2012:Spring_93.3_30
CALCOFI 1203,93.3,35,NA,"32.682, -117.868",32.682,-117.868,3/25/12,7:24,,0,216,CALBOBL,NA,0.505,OBLIQUE,ethanol,ethanol,201203,201203:93.3_35,93.3_35,2012,3,Spring,-117.9,32.7,2012:93.3_35,2012:Spring_93.3_35
CALCOFI 1203,93.3,40,NA,"32.513, -118.222",32.513,-118.222,3/25/12,12:04,,0,190,CALBOBL,NA,0.505,OBLIQUE,ethanol,ethanol,201203,201203:93.3_40,93.3_40,2012,3,Spring,-118.2,32.5,2012:93.3_40,2012:Spring_93.3_40
CALCOFI 1203,90,60,NA,"32.417, -119.955",32.417,-119.955,3/29/12,4:24,,0,193,CALBOBL,NA,0.505,OBLIQUE,ethanol,ethanol,201203,201203:90_60,90_60,2012,3,Spring,-120,32.4,2012:90_60,2012:Spring_90_60
CALCOFI 1203,90,45,NA,"32.917, -118.938",32.917,-118.938,3/29/12,14:47,,0,210,CALBOBL,NA,0.505,OBLIQUE,ethanol,ethanol,201203,201203:90_45,90_45,2012,3,Spring,-118.9,32.9,2012:90_45,2012:Spring_90_45
CALCOFI 1203,90,37,NA,"33.182, -118.393",33.182,-118.393,3/29/12,19:37,,0,210,CALBOBL,NA,0.505,OBLIQUE,ethanol,ethanol,201203,201203:90_37,90_37,2012,3,Spring,-118.4,33.2,2012:90_37,2012:Spring_90_37
CALCOFI 1203,90,35,NA,"33.250, -118.255",33.25,-118.255,3/29/12,22:34,,0,210,CALBOBL,NA,0.505,OBLIQUE,ethanol,ethanol,201203,201203:90_35,90_35,2012,3,Spring,-118.3,33.2,2012:90_35,2012:Spring_90_35
CALCOFI 1203,90,28,NA,"33.482, -117.770",33.482,-117.77,3/30/12,4:39,,0,65,CALBOBL,NA,0.505,OBLIQUE,ethanol,ethanol,201203,201203:90_28,90_28,2012,3,Spring,-117.8,33.5,2012:90_28,2012:Spring_90_28
CALCOFI 1203,86.7,40,NA,"33.657, -118.975",33.657,-118.975,3/30/12,12:03,,0,202,CALBOBL,NA,0.505,OBLIQUE,ethanol,ethanol,201203,201203:86.7_40,86.7_40,2012,3,Spring,-119,33.7,2012:86.7_40,2012:Spring_86.7_40
CALCOFI 1203,86.7,45,NA,"33.488, -119.320",33.488,-119.32,3/30/12,16:01,,0,205,CALBOBL,NA,0.505,OBLIQUE,ethanol,ethanol,201203,201203:86.7_45,86.7_45,2012,3,Spring,-119.3,33.5,2012:86.7_45,2012:Spring_86.7_45
CALCOFI 1203,83.3,55,NA,"33.742, -120.413",33.742,-120.413,3/31/12,23:06,,0,207,CALBOBL,NA,0.505,OBLIQUE,ethanol,ethanol,201203,201203:83.3_55,83.3_55,2012,3,Spring,-120.4,33.7,2012:83.3_55,2012:Spring_83.3_55
CALCOFI 1203,86.7,33,NA,"33.882, -118.508",33.882,-118.508,4/1/12,12:18,,0,29,CALBOBL,NA,0.505,OBLIQUE,ethanol,ethanol,201203,201203:86.7_33,86.7_33,2012,4,Spring,-118.5,33.9,2012:86.7_33,2012:Spring_86.7_33
CALCOFI 1203,83.3,40.6,NA,"34.232, -119.443",34.232,-119.443,4/1/12,23:52,,0,37,CALBOBL,NA,0.505,OBLIQUE,ethanol,ethanol,201203,201203:83.3_40.6,83.3_40.6,2012,4,Spring,-119.4,34.2,2012:83.3_40.6,2012:Spring_83.3_40.6
CALCOFI 1203,81.8,46.9,NA,"34.275, -120.020",34.275,-120.02,4/2/12,4:00,,0,207,CALBOBL,NA,0.505,OBLIQUE,ethanol,ethanol,201203,201203:81.8_46.9,81.8_46.9,2012,4,Spring,-120,34.3,2012:81.8_46.9,2012:Spring_81.8_46.9
CALCOFI 1203,76.7,49,NA,"35.080, -120.777",35.08,-120.777,4/2/12,14:28,,0,53,CALBOBL,NA,0.505,OBLIQUE,ethanol,ethanol,201203,201203:76.7_49,76.7_49,2012,4,Spring,-120.8,35.1,2012:76.7_49,2012:Spring_76.7_49
CALCOFI 1203,80,60,NA,"34.152, -121.148",34.152,-121.148,4/6/12,12:41,,0,195,CALBOBL,NA,0.505,OBLIQUE,ethanol,ethanol,201203,201203:80_60,80_60,2012,4,Spring,-121.1,34.2,2012:80_60,2012:Spring_80_60
CALCOFI 1210,93.3,26.7,NA,"32.958, -117.308",32.958,-117.308,10/19/12,15:11,,0,213,CALBOBL,NA,0.505,OBLIQUE,ethanol,ethanol,201210,201210:93.3_26.7,93.3_26.7,2012,10,Fall,-117.3,33,2012:93.3_26.7,2012:Fall_93.3_26.7
CALCOFI 1210,93.4,26.4,NA,"32.953, -117.280",32.953,-117.28,10/19/12,16:36,,0,13,CALBOBL,NA,0.505,OBLIQUE,ethanol,ethanol,201210,201210:93.4_26.4,93.4_26.4,2012,10,Fall,-117.3,33,2012:93.4_26.4,2012:Fall_93.4_26.4
CALCOFI 1210,91.7,26.4,NA,"33.247, -117.465",33.247,-117.465,10/19/12,19:08,,0,14,CALBOBL,NA,0.505,OBLIQUE,ethanol,ethanol,201210,201210:91.7_26.4,91.7_26.4,2012,10,Fall,-117.5,33.2,2012:91.7_26.4,2012:Fall_91.7_26.4
CALCOFI 1210,93.3,30,NA,"32.848, -117.530",32.848,-117.53,10/20/12,4:40,,0,215,CALBOBL,NA,0.505,OBLIQUE,ethanol,ethanol,201210,201210:93.3_30,93.3_30,2012,10,Fall,-117.5,32.8,2012:93.3_30,2012:Fall_93.3_30
CALCOFI 1210,93.3,35,NA,"32.667, -117.870",32.667,-117.87,10/20/12,8:52,,0,213,CALBOBL,NA,0.505,OBLIQUE,ethanol,ethanol,201210,201210:93.3_35,93.3_35,2012,10,Fall,-117.9,32.7,2012:93.3_35,2012:Fall_93.3_35
CALCOFI 1210,93.3,40,NA,"32.513, -118.210",32.513,-118.21,10/20/12,13:11,,0,214,CALBOBL,NA,0.505,OBLIQUE,ethanol,ethanol,201210,201210:93.3_40,93.3_40,2012,10,Fall,-118.2,32.5,2012:93.3_40,2012:Fall_93.3_40
CALCOFI 1210,90,60,NA,"32.418, -119.958",32.418,-119.958,10/24/12,19:28,,0,208,CALBOBL,NA,0.505,OBLIQUE,ethanol,ethanol,201210,201210:90_60,90_60,2012,10,Fall,-120,32.4,2012:90_60,2012:Fall_90_60
CALCOFI 1210,86.7,45,NA,"33.490, -119.318",33.49,-119.318,10/25/12,11:32,,0,214,CALBOBL,NA,0.505,OBLIQUE,ethanol,ethanol,201210,201210:86.7_45,86.7_45,2012,10,Fall,-119.3,33.5,2012:86.7_45,2012:Fall_86.7_45
CALCOFI 1210,86.7,40,NA,"33.657, -118.973",33.657,-118.973,10/25/12,16:37,,0,216,CALBOBL,NA,0.505,OBLIQUE,ethanol,ethanol,201210,201210:86.7_40,86.7_40,2012,10,Fall,-119,33.7,2012:86.7_40,2012:Fall_86.7_40
CALCOFI 1210,86.8,32.5,NA,"33.888, -118.450",33.888,-118.45,10/26/12,0:06,,0,22,CALBOBL,NA,0.505,OBLIQUE,ethanol,ethanol,201210,201210:86.8_32.5,86.8_32.5,2012,10,Fall,-118.4,33.9,2012:86.8_32.5,2012:Fall_86.8_32.5
CALCOFI 1210,86.7,33,NA,"33.890, -118.490",33.89,-118.49,10/26/12,1:43,,0,35,CALBOBL,NA,0.505,OBLIQUE,ethanol,ethanol,201210,201210:86.7_33,86.7_33,2012,10,Fall,-118.5,33.9,2012:86.7_33,2012:Fall_86.7_33
CALCOFI 1210,88.5,30.1,NA,"33.673, -118.095",33.673,-118.095,10/26/12,5:16,,0,15,CALBOBL,NA,0.505,OBLIQUE,ethanol,ethanol,201210,201210:88.5_30.1,88.5_30.1,2012,10,Fall,-118.1,33.7,2012:88.5_30.1,2012:Fall_88.5_30.1
CALCOFI 1210,90,28,NA,"33.485, -117.768",33.485,-117.768,10/26/12,9:16,,0,69,CALBOBL,NA,0.505,OBLIQUE,ethanol,ethanol,201210,201210:90_28,90_28,2012,10,Fall,-117.8,33.5,2012:90_28,2012:Fall_90_28
CALCOFI 1210,90,35,NA,"33.250, -118.253",33.25,-118.253,10/26/12,17:33,,0,212,CALBOBL,NA,0.505,OBLIQUE,ethanol,ethanol,201210,201210:90_35,90_35,2012,10,Fall,-118.3,33.2,2012:90_35,2012:Fall_90_35
CALCOFI 1210,90,37,NA,"33.185, -118.387",33.185,-118.387,10/26/12,20:29,,0,213,CALBOBL,NA,0.505,OBLIQUE,ethanol,ethanol,201210,201210:90_37,90_37,2012,10,Fall,-118.4,33.2,2012:90_37,2012:Fall_90_37
CALCOFI 1210,90,45,NA,"32.918, -118.935",32.918,-118.935,10/27/12,2:29,,0,206,CALBOBL,NA,0.505,OBLIQUE,ethanol,ethanol,201210,201210:90_45,90_45,2012,10,Fall,-118.9,32.9,2012:90_45,2012:Fall_90_45
CALCOFI 1210,83.3,55,NA,"33.747, -120.410",33.747,-120.41,10/30/12,23:12,,0,213,CALBOBL,NA,0.505,OBLIQUE,ethanol,ethanol,201210,201210:83.3_55,83.3_55,2012,10,Fall,-120.4,33.7,2012:83.3_55,2012:Fall_83.3_55
CALCOFI 1210,83.3,51,NA,"33.878, -120.133",33.878,-120.133,10/31/12,2:40,,0,97,CALBOBL,NA,0.505,OBLIQUE,ethanol,ethanol,201210,201210:83.3_51,83.3_51,2012,10,Fall,-120.1,33.9,2012:83.3_51,2012:Fall_83.3_51
CALCOFI 1210,83.3,39.4,NA,"34.258, -119.327",34.258,-119.327,10/31/12,8:48,,0,9,CALBOBL,NA,0.505,OBLIQUE,ethanol,ethanol,201210,201210:83.3_39.4,83.3_39.4,2012,10,Fall,-119.3,34.3,2012:83.3_39.4,2012:Fall_83.3_39.4
CALCOFI 1210,83.3,40.6,NA,"34.223, -119.412",34.223,-119.412,10/31/12,10:33,,0,27,CALBOBL,NA,0.505,OBLIQUE,ethanol,ethanol,201210,201210:83.3_40.6,83.3_40.6,2012,10,Fall,-119.4,34.2,2012:83.3_40.6,2012:Fall_83.3_40.6
CALCOFI 1210,81.7,43.5,NA,"34.403, -119.802",34.403,-119.802,10/31/12,15:39,,0,20,CALBOBL,NA,0.505,OBLIQUE,ethanol,ethanol,201210,201210:81.7_43.5,81.7_43.5,2012,10,Fall,-119.8,34.4,2012:81.7_43.5,2012:Fall_81.7_43.5
CALCOFI 1210,81.8,46.9,NA,"34.275, -120.025",34.275,-120.025,10/31/12,18:51,,0,212,CALBOBL,NA,0.505,OBLIQUE,ethanol,ethanol,201210,201210:81.8_46.9,81.8_46.9,2012,10,Fall,-120,34.3,2012:81.8_46.9,2012:Fall_81.8_46.9
CALCOFI 1210,80,50.5,NA,"34.457, -120.493",34.457,-120.493,10/31/12,23:03,,0,19,CALBOBL,NA,0.505,OBLIQUE,ethanol,ethanol,201210,201210:80_50.5,80_50.5,2012,10,Fall,-120.5,34.5,2012:80_50.5,2012:Fall_80_50.5
CALCOFI 1210,80,55,NA,"34.317, -120.802",34.317,-120.802,11/1/12,4:11,,0,210,CALBOBL,NA,0.505,OBLIQUE,ethanol,ethanol,201210,201210:80_55,80_55,2012,11,Fall,-120.8,34.3,2012:80_55,2012:Fall_80_55
CALCOFI 1210,80,60,NA,"34.145, -121.143",34.145,-121.143,11/1/12,10:31,,0,210,CALBOBL,NA,0.505,OBLIQUE,ethanol,ethanol,201210,201210:80_60,80_60,2012,11,Fall,-121.1,34.1,2012:80_60,2012:Fall_80_60
CALCOFI 1210,76.7,60,NA,"34.722, -121.548",34.722,-121.548,11/3/12,19:34,,0,215,CALBOBL,NA,0.505,OBLIQUE,ethanol,ethanol,201210,201210:76.7_60,76.7_60,2012,11,Fall,-121.5,34.7,2012:76.7_60,2012:Fall_76.7_60
CALCOFI 1210,76.7,55,NA,"34.888, -121.198",34.888,-121.198,11/4/12,0:16,,0,211,CALBOBL,NA,0.505,OBLIQUE,ethanol,ethanol,201210,201210:76.7_55,76.7_55,2012,11,Fall,-121.2,34.9,2012:76.7_55,2012:Fall_76.7_55
CALCOFI 1210,76.7,49,NA,"35.090, -120.778",35.09,-120.778,11/4/12,6:06,,0,61,CALBOBL,NA,0.505,OBLIQUE,ethanol,ethanol,201210,201210:76.7_49,76.7_49,2012,11,Fall,-120.8,35.1,2012:76.7_49,2012:Fall_76.7_49
CALCOFI 1210,85.4,35.8,NA,"34.012, -118.835",34.012,-118.835,11/4/12,20:39,,0,20,CALBOBL,NA,0.505,OBLIQUE,ethanol,ethanol,201210,201210:85.4_35.8,85.4_35.8,2012,11,Fall,-118.8,34,2012:85.4_35.8,2012:Fall_85.4_35.8
CALCOFI 2105,93.3,26.7,NA,"32.957, -117.307",32.957,-117.307,5/4/21,11:26,11:32,0,46,CALBOBL,NA,0.505,OBLIQUE,ethanol,ethanol,202105,202105:93.3_26.7,93.3_26.7,2021,5,Spring,-117.3,33,2021:93.3_26.7,2021:Spring_93.3_26.7
CALCOFI 2105,93.3,30,NA,"32.847, -117.532",32.847,-117.532,5/4/21,16:25,16:46,0,215,CALBOBL,NA,0.505,OBLIQUE,ethanol,ethanol,202105,202105:93.3_30,93.3_30,2021,5,Spring,-117.5,32.8,2021:93.3_30,2021:Spring_93.3_30
CALCOFI 2105,93.3,35,NA,"32.682, -117.873",32.682,-117.873,5/4/21,20:04,20:25,0,211,CALBOBL,NA,0.505,OBLIQUE,ethanol,ethanol,202105,202105:93.3_35,93.3_35,2021,5,Spring,-117.9,32.7,2021:93.3_35,2021:Spring_93.3_35
CALCOFI 2105,93.3,40,NA,"32.513, -118.215",32.513,-118.215,5/5/21,0:01,0:22,0,214,CALBOBL,NA,0.505,OBLIQUE,ethanol,ethanol,202105,202105:93.3_40,93.3_40,2021,5,Spring,-118.2,32.5,2021:93.3_40,2021:Spring_93.3_40
CALCOFI 2105,90,60,NA,"32.413, -119.962",32.413,-119.962,5/7/21,21:03,21:25,0,205,CALBOBL,NA,0.505,OBLIQUE,ethanol,ethanol,202105,202105:90_60,90_60,2021,5,Spring,-120,32.4,2021:90_60,2021:Spring_90_60
CALCOFI 2105,90,45,NA,"32.913, -118.933",32.913,-118.933,5/8/21,9:17,9:39,0,209,CALBOBL,NA,0.505,OBLIQUE,ethanol,ethanol,202105,202105:90_45,90_45,2021,5,Spring,-118.9,32.9,2021:90_45,2021:Spring_90_45
CALCOFI 2105,90,37,NA,"33.185, -118.392",33.185,-118.392,5/8/21,14:14,14:35,0,209,CALBOBL,NA,0.505,OBLIQUE,ethanol,ethanol,202105,202105:90_37,90_37,2021,5,Spring,-118.4,33.2,2021:90_37,2021:Spring_90_37
CALCOFI 2105,90,35,NA,"33.252, -118.250",33.252,-118.25,5/8/21,17:21,17:43,0,216,CALBOBL,NA,0.505,OBLIQUE,ethanol,ethanol,202105,202105:90_35,90_35,2021,5,Spring,-118.2,33.3,2021:90_35,2021:Spring_90_35
CALCOFI 2105,90,28,NA,"33.485, -117.770",33.485,-117.77,5/8/21,23:56,0:08,0,110,CALBOBL,NA,0.505,OBLIQUE,ethanol,ethanol,202105,202105:90_28,90_28,2021,5,Spring,-117.8,33.5,2021:90_28,2021:Spring_90_28
CALCOFI 2105,86.7,33,NA,"33.887, -118.488",33.887,-118.488,5/9/21,8:35,8:40,0,34,CALBOBL,NA,0.505,OBLIQUE,ethanol,ethanol,202105,202105:86.7_33,86.7_33,2021,5,Spring,-118.5,33.9,2021:86.7_33,2021:Spring_86.7_33
CALCOFI 2105,86.7,40,NA,"33.658, -118.968",33.658,-118.968,5/9/21,15:50,16:11,0,209,CALBOBL,NA,0.505,OBLIQUE,ethanol,ethanol,202105,202105:86.7_40,86.7_40,2021,5,Spring,-119,33.7,2021:86.7_40,2021:Spring_86.7_40
CALCOFI 2105,86.7,45,NA,"33.490, -119.323",33.49,-119.323,5/9/21,19:32,19:53,0,214,CALBOBL,NA,0.505,OBLIQUE,ethanol,ethanol,202105,202105:86.7_45,86.7_45,2021,5,Spring,-119.3,33.5,2021:86.7_45,2021:Spring_86.7_45
CALCOFI 2105,80,80,NA,"33.478, -122.542",33.478,-122.542,5/11/21,22:18,22:39,0,213,CALBOBL,NA,0.505,OBLIQUE,ethanol,ethanol,202105,202105:80_80,80_80,2021,5,Spring,-122.5,33.5,2021:80_80,2021:Spring_80_80
CALCOFI 2105,80,60,NA,"34.147, -121.150",34.147,-121.15,5/12/21,9:48,10:09,0,201,CALBOBL,NA,0.505,OBLIQUE,ethanol,ethanol,202105,202105:80_60,80_60,2021,5,Spring,-121.2,34.1,2021:80_60,2021:Spring_80_60
CALCOFI 2105,80,55,NA,"34.322, -120.805",34.322,-120.805,5/12/21,13:39,14:00,0,212,CALBOBL,NA,0.505,OBLIQUE,ethanol,ethanol,202105,202105:80_55,80_55,2021,5,Spring,-120.8,34.3,2021:80_55,2021:Spring_80_55
CALCOFI 2105,81.8,46.9,NA,"34.277, -120.028",34.277,-120.028,5/12/21,21:27,21:48,0,211,CALBOBL,NA,0.505,OBLIQUE,ethanol,ethanol,202105,202105:81.8_46.9,81.8_46.9,2021,5,Spring,-120,34.3,2021:81.8_46.9,2021:Spring_81.8_46.9
CALCOFI 2105,83.3,40.6,NA,"34.223, -119.412",34.223,-119.412,5/13/21,2:00,2:04,0,31,CALBOBL,NA,0.505,OBLIQUE,ethanol,ethanol,202105,202105:83.3_40.6,83.3_40.6,2021,5,Spring,-119.4,34.2,2021:83.3_40.6,2021:Spring_83.3_40.6
CALCOFI 2105,83.3,51,NA,"33.878, -120.132",33.878,-120.132,5/13/21,10:26,10:37,0,102,CALBOBL,NA,0.505,OBLIQUE,ethanol,ethanol,202105,202105:83.3_51,83.3_51,2021,5,Spring,-120.1,33.9,2021:83.3_51,2021:Spring_83.3_51
CALCOFI 2105,83.3,55,NA,"33.743, -120.410",33.743,-120.41,5/13/21,13:36,13:57,0,209,CALBOBL,NA,0.505,OBLIQUE,ethanol,ethanol,202105,202105:83.3_55,83.3_55,2021,5,Spring,-120.4,33.7,2021:83.3_55,2021:Spring_83.3_55
CALCOFI 2204,93.3,26.7,NA,"32.957, -117.303",32.957,-117.303,4/6/22,17:17,17:24,0,63,CALBOBL,NA,0.505,OBLIQUE,ethanol,ethanol,202204,202204:93.3_26.7,93.3_26.7,2022,4,Spring,-117.3,33,2022:93.3_26.7,2022:Spring_93.3_26.7
CALCOFI 2204,93.4,26.4,NA,"32.948, -117.280",32.948,-117.28,4/6/22,18:10,18:12,0,14,CALBOBL,NA,0.505,OBLIQUE,ethanol,ethanol,202204,202204:93.4_26.4,93.4_26.4,2022,4,Spring,-117.3,32.9,2022:93.4_26.4,2022:Spring_93.4_26.4
CALCOFI 2204,91.7,26.4,NA,"33.242, -117.465",33.242,-117.465,4/6/22,20:42,20:44,0,9,CALBOBL,NA,0.505,OBLIQUE,ethanol,ethanol,202204,202204:91.7_26.4,91.7_26.4,2022,4,Spring,-117.5,33.2,2022:91.7_26.4,2022:Spring_91.7_26.4
CALCOFI 2204,93.3,30,NA,"32.843, -117.532",32.843,-117.532,4/7/22,3:24,3:44,0,216,CALBOBL,NA,0.505,OBLIQUE,ethanol,ethanol,202204,202204:93.3_30,93.3_30,2022,4,Spring,-117.5,32.8,2022:93.3_30,2022:Spring_93.3_30
CALCOFI 2204,93.3,35,NA,"32.682, -117.873",32.682,-117.873,4/7/22,7:19,7:40,0,210,CALBOBL,NA,0.505,OBLIQUE,ethanol,ethanol,202204,202204:93.3_35,93.3_35,2022,4,Spring,-117.9,32.7,2022:93.3_35,2022:Spring_93.3_35
CALCOFI 2204,93.3,40,NA,"32.512, -118.213",32.512,-118.213,4/7/22,14:44,15:05,0,206,CALBOBL,NA,0.505,OBLIQUE,ethanol,ethanol,202204,202204:93.3_40,93.3_40,2022,4,Spring,-118.2,32.5,2022:93.3_40,2022:Spring_93.3_40
CALCOFI 2204,90,60,NA,"32.417, -119.958",32.417,-119.958,4/11/22,18:25,18:47,0,207,CALBOBL,NA,0.505,OBLIQUE,ethanol,ethanol,202204,202204:90_60,90_60,2022,4,Spring,-120,32.4,2022:90_60,2022:Spring_90_60
CALCOFI 2204,90,45,NA,"32.915, -118.940",32.915,-118.94,4/12/22,10:12,10:33,0,208,CALBOBL,NA,0.505,OBLIQUE,ethanol,ethanol,202204,202204:90_45,90_45,2022,4,Spring,-118.9,32.9,2022:90_45,2022:Spring_90_45
CALCOFI 2204,90,37,NA,"33.183, -118.383",33.183,-118.383,4/12/22,19:43,20:04,0,210,CALBOBL,NA,0.505,OBLIQUE,ethanol,ethanol,202204,202204:90_37,90_37,2022,4,Spring,-118.4,33.2,2022:90_37,2022:Spring_90_37
CALCOFI 2204,90,35,NA,"33.250, -118.248",33.25,-118.248,4/12/22,22:20,22:41,0,213,CALBOBL,NA,0.505,OBLIQUE,ethanol,ethanol,202204,202204:90_35,90_35,2022,4,Spring,-118.2,33.2,2022:90_35,2022:Spring_90_35
CALCOFI 2204,90,28,NA,"33.480, -117.772",33.48,-117.772,4/13/22,5:42,6:03,0,204,CALBOBL,NA,0.505,OBLIQUE,ethanol,ethanol,202204,202204:90_28,90_28,2022,4,Spring,-117.8,33.5,2022:90_28,2022:Spring_90_28
CALCOFI 2204,88.5,30.1,NA,"33.675, -118.083",33.675,-118.083,4/13/22,11:33,11:35,0,14,CALBOBL,NA,0.505,OBLIQUE,ethanol,ethanol,202204,202204:88.5_30.1,88.5_30.1,2022,4,Spring,-118.1,33.7,2022:88.5_30.1,2022:Spring_88.5_30.1
CALCOFI 2204,86.8,32.5,NA,"33.885, -118.443",33.885,-118.443,4/13/22,16:39,16:41,0,14,CALBOBL,NA,0.505,OBLIQUE,ethanol,ethanol,202204,202204:86.8_32.5,86.8_32.5,2022,4,Spring,-118.4,33.9,2022:86.8_32.5,2022:Spring_86.8_32.5
CALCOFI 2204,86.7,33,NA,"33.888, -118.488",33.888,-118.488,4/13/22,18:00,18:06,0,57,CALBOBL,NA,0.505,OBLIQUE,ethanol,ethanol,202204,202204:86.7_33,86.7_33,2022,4,Spring,-118.5,33.9,2022:86.7_33,2022:Spring_86.7_33
CALCOFI 2204,85.4,35.8,NA,"34.000, -118.840",34,-118.84,4/13/22,23:01,23:04,0,21,CALBOBL,NA,0.505,OBLIQUE,ethanol,ethanol,202204,202204:85.4_35.8,85.4_35.8,2022,4,Spring,-118.8,34,2022:85.4_35.8,2022:Spring_85.4_35.8
CALCOFI 2204,86.7,40,NA,"33.655, -118.975",33.655,-118.975,4/14/22,3:47,4:09,0,220,CALBOBL,NA,0.505,OBLIQUE,ethanol,ethanol,202204,202204:86.7_40,86.7_40,2022,4,Spring,-119,33.7,2022:86.7_40,2022:Spring_86.7_40
CALCOFI 2204,86.7,45,NA,"33.490, -119.318",33.49,-119.318,4/14/22,7:49,8:10,0,211,CALBOBL,NA,0.505,OBLIQUE,ethanol,ethanol,202204,202204:86.7_45,86.7_45,2022,4,Spring,-119.3,33.5,2022:86.7_45,2022:Spring_86.7_45
CALCOFI 2204,83.3,55,NA,"33.745, -120.410",33.745,-120.41,4/17/22,12:12,12:34,0,214,CALBOBL,NA,0.505,OBLIQUE,ethanol,ethanol,202204,202204:83.3_55,83.3_55,2022,4,Spring,-120.4,33.7,2022:83.3_55,2022:Spring_83.3_55
CALCOFI 2204,83.3,51,NA,"33.878, -120.133",33.878,-120.133,4/17/22,15:18,15:29,0,112,CALBOBL,NA,0.505,OBLIQUE,ethanol,ethanol,202204,202204:83.3_51,83.3_51,2022,4,Spring,-120.1,33.9,2022:83.3_51,2022:Spring_83.3_51
CALCOFI 2204,83.3,40.6,NA,"34.225, -119.410",34.225,-119.41,4/18/22,1:40,1:44,0,32,CALBOBL,NA,0.505,OBLIQUE,ethanol,ethanol,202204,202204:83.3_40.6,83.3_40.6,2022,4,Spring,-119.4,34.2,2022:83.3_40.6,2022:Spring_83.3_40.6
CALCOFI 2204,83.3,39.4,NA,"34.257, -119.343",34.257,-119.343,4/18/22,3:10,3:13,0,18,CALBOBL,NA,0.505,OBLIQUE,ethanol,ethanol,202204,202204:83.3_39.4,83.3_39.4,2022,4,Spring,-119.3,34.3,2022:83.3_39.4,2022:Spring_83.3_39.4
CALCOFI 2204,81.7,43.5,NA,"34.403, -119.798",34.403,-119.798,4/18/22,6:41,6:43,0,14,CALBOBL,NA,0.505,OBLIQUE,ethanol,ethanol,202204,202204:81.7_43.5,81.7_43.5,2022,4,Spring,-119.8,34.4,2022:81.7_43.5,2022:Spring_81.7_43.5
CALCOFI 2204,81.8,46.9,NA,"34.275, -120.025",34.275,-120.025,4/18/22,9:38,9:59,0,209,CALBOBL,NA,0.505,OBLIQUE,ethanol,ethanol,202204,202204:81.8_46.9,81.8_46.9,2022,4,Spring,-120,34.3,2022:81.8_46.9,2022:Spring_81.8_46.9
CALCOFI 2204,80,50.5,NA,"34.465, -120.488",34.465,-120.488,4/18/22,13:01,13:04,0,18,CALBOBL,NA,0.505,OBLIQUE,ethanol,ethanol,202204,202204:80_50.5,80_50.5,2022,4,Spring,-120.5,34.5,2022:80_50.5,2022:Spring_80_50.5
CALCOFI 2204,80,55,NA,"34.323, -120.803",34.323,-120.803,4/18/22,17:33,17:54,0,212,CALBOBL,NA,0.505,OBLIQUE,ethanol,ethanol,202204,202204:80_55,80_55,2022,4,Spring,-120.8,34.3,2022:80_55,2022:Spring_80_55
CALCOFI 2204,80,60,NA,"34.150, -121.152",34.15,-121.152,4/18/22,21:05,21:26,0,214,CALBOBL,NA,0.505,OBLIQUE,ethanol,ethanol,202204,202204:80_60,80_60,2022,4,Spring,-121.2,34.1,2022:80_60,2022:Spring_80_60
CALCOFI 2204,80,80,NA,"33.482, -122.533",33.482,-122.533,4/19/22,7:53,8:14,0,211,CALBOBL,NA,0.505,OBLIQUE,ethanol,ethanol,202204,202204:80_80,80_80,2022,4,Spring,-122.5,33.5,2022:80_80,2022:Spring_80_80
CALCOFI 2204,76.7,60,NA,"34.722, -121.547",34.722,-121.547,4/20/22,21:04,21:25,0,211,CALBOBL,NA,0.505,OBLIQUE,ethanol,ethanol,202204,202204:76.7_60,76.7_60,2022,4,Spring,-121.5,34.7,2022:76.7_60,2022:Spring_76.7_60
CALCOFI 2204,76.7,55,NA,"34.887, -121.198",34.887,-121.198,4/21/22,0:48,1:09,0,210,CALBOBL,NA,0.505,OBLIQUE,ethanol,ethanol,202204,202204:76.7_55,76.7_55,2022,4,Spring,-121.2,34.9,2022:76.7_55,2022:Spring_76.7_55
CALCOFI 2204,76.7,49,NA,"35.088, -120.777",35.088,-120.777,4/21/22,7:10,7:15,0,47,CALBOBL,NA,0.505,OBLIQUE,ethanol,ethanol,202204,202204:76.7_49,76.7_49,2022,4,Spring,-120.8,35.1,2022:76.7_49,2022:Spring_76.7_49
CALCOFI 2204,73.3,50,NA,"35.642, -121.257",35.642,-121.257,4/21/22,12:06,12:09,0,31,CALBOBL,NA,0.505,OBLIQUE,ethanol,ethanol,202204,202204:73.3_50,73.3_50,2022,4,Spring,-121.3,35.6,2022:73.3_50,2022:Spring_73.3_50
CALCOFI 2204,73.3,55,NA,"35.477, -121.608",35.477,-121.608,4/21/22,15:08,15:30,0,206,CALBOBL,NA,0.505,OBLIQUE,ethanol,ethanol,202204,202204:73.3_55,73.3_55,2022,4,Spring,-121.6,35.5,2022:73.3_55,2022:Spring_73.3_55
CALCOFI 2204,73.3,80,NA,"34.643, -123.363",34.643,-123.363,4/22/22,5:24,5:46,0,208,CALBOBL,NA,0.505,OBLIQUE,ethanol,ethanol,202204,202204:73.3_80,73.3_80,2022,4,Spring,-123.4,34.6,2022:73.3_80,2022:Spring_73.3_80
CALCOFI 2204,70,80,NA,"35.217, -123.777",35.217,-123.777,4/22/22,21:34,21:55,0,216,CALBOBL,NA,0.505,OBLIQUE,ethanol,ethanol,202204,202204:70_80,70_80,2022,4,Spring,-123.8,35.2,2022:70_80,2022:Spring_70_80
CALCOFI 2204,70,60,NA,"35.882, -122.363",35.882,-122.363,4/23/22,8:36,8:57,0,206,CALBOBL,NA,0.505,OBLIQUE,ethanol,ethanol,202204,202204:70_60,70_60,2022,4,Spring,-122.4,35.9,2022:70_60,2022:Spring_70_60
CALCOFI 2204,70,55,NA,"36.048, -122.010",36.048,-122.01,4/23/22,12:06,12:28,0,195,CALBOBL,NA,0.505,OBLIQUE,ethanol,ethanol,202204,202204:70_55,70_55,2022,4,Spring,-122,36,2022:70_55,2022:Spring_70_55
CALCOFI 2204,70,51,NA,"36.183, -121.725",36.183,-121.725,4/23/22,15:32,15:53,0,209,CALBOBL,NA,0.505,OBLIQUE,ethanol,ethanol,202204,202204:70_51,70_51,2022,4,Spring,-121.7,36.2,2022:70_51,2022:Spring_70_51