"RowNumber","Date","station_id","Line","Station","Latitude","Longitude","TowBegin","TowEnd","ID_Microscopy","year","month","season","Lon_deg_r","Lat_deg_r","site","year_site","year_season_site","Site","Count_permsq2"
6418,1996-04-15,"1996_93.3_30",93.3,"30",32.85,-117.533,1996-04-15 18:59:00,1996-04-15 19:20:00,"Euphausia brevis",1996,4,"Spring",-117.5,32.9,"93.3_30","1996:93.3_30","1996:Spring93.3_30","San Diego Inshore",0
6418,1996-04-15,"1996_93.3_30",93.3,"30",32.85,-117.533,1996-04-15 18:59:00,1996-04-15 19:20:00,"Euphausia diomedeae",1996,4,"Spring",-117.5,32.9,"93.3_30","1996:93.3_30","1996:Spring93.3_30","San Diego Inshore",0
6418,1996-04-15,"1996_93.3_30",93.3,"30",32.85,-117.533,1996-04-15 18:59:00,1996-04-15 19:20:00,"Euphausia distinguenda",1996,4,"Spring",-117.5,32.9,"93.3_30","1996:93.3_30","1996:Spring93.3_30","San Diego Inshore",0
6418,1996-04-15,"1996_93.3_30",93.3,"30",32.85,-117.533,1996-04-15 18:59:00,1996-04-15 19:20:00,"Euphausia eximia",1996,4,"Spring",-117.5,32.9,"93.3_30","1996:93.3_30","1996:Spring93.3_30","San Diego Inshore",0
6418,1996-04-15,"1996_93.3_30",93.3,"30",32.85,-117.533,1996-04-15 18:59:00,1996-04-15 19:20:00,"Euphausia gibboides",1996,4,"Spring",-117.5,32.9,"93.3_30","1996:93.3_30","1996:Spring93.3_30","San Diego Inshore",0
6418,1996-04-15,"1996_93.3_30",93.3,"30",32.85,-117.533,1996-04-15 18:59:00,1996-04-15 19:20:00,"Euphausia hemigibba",1996,4,"Spring",-117.5,32.9,"93.3_30","1996:93.3_30","1996:Spring93.3_30","San Diego Inshore",0
6418,1996-04-15,"1996_93.3_30",93.3,"30",32.85,-117.533,1996-04-15 18:59:00,1996-04-15 19:20:00,"Euphausia lamelligera",1996,4,"Spring",-117.5,32.9,"93.3_30","1996:93.3_30","1996:Spring93.3_30","San Diego Inshore",0
6418,1996-04-15,"1996_93.3_30",93.3,"30",32.85,-117.533,1996-04-15 18:59:00,1996-04-15 19:20:00,"Euphausia mutica",1996,4,"Spring",-117.5,32.9,"93.3_30","1996:93.3_30","1996:Spring93.3_30","San Diego Inshore",0
6418,1996-04-15,"1996_93.3_30",93.3,"30",32.85,-117.533,1996-04-15 18:59:00,1996-04-15 19:20:00,"Euphausia pacifica",1996,4,"Spring",-117.5,32.9,"93.3_30","1996:93.3_30","1996:Spring93.3_30","San Diego Inshore",483.706
6418,1996-04-15,"1996_93.3_30",93.3,"30",32.85,-117.533,1996-04-15 18:59:00,1996-04-15 19:20:00,"Euphausia recurva",1996,4,"Spring",-117.5,32.9,"93.3_30","1996:93.3_30","1996:Spring93.3_30","San Diego Inshore",1.789
6418,1996-04-15,"1996_93.3_30",93.3,"30",32.85,-117.533,1996-04-15 18:59:00,1996-04-15 19:20:00,"Euphausia tenera",1996,4,"Spring",-117.5,32.9,"93.3_30","1996:93.3_30","1996:Spring93.3_30","San Diego Inshore",0
6418,1996-04-15,"1996_93.3_30",93.3,"30",32.85,-117.533,1996-04-15 18:59:00,1996-04-15 19:20:00,"Nematobrachion boopis",1996,4,"Spring",-117.5,32.9,"93.3_30","1996:93.3_30","1996:Spring93.3_30","San Diego Inshore",0
6418,1996-04-15,"1996_93.3_30",93.3,"30",32.85,-117.533,1996-04-15 18:59:00,1996-04-15 19:20:00,"Nematobrachion flexipes",1996,4,"Spring",-117.5,32.9,"93.3_30","1996:93.3_30","1996:Spring93.3_30","San Diego Inshore",1.789
6418,1996-04-15,"1996_93.3_30",93.3,"30",32.85,-117.533,1996-04-15 18:59:00,1996-04-15 19:20:00,"Nematoscelis atlantica",1996,4,"Spring",-117.5,32.9,"93.3_30","1996:93.3_30","1996:Spring93.3_30","San Diego Inshore",0
6418,1996-04-15,"1996_93.3_30",93.3,"30",32.85,-117.533,1996-04-15 18:59:00,1996-04-15 19:20:00,"Nematoscelis difficilis",1996,4,"Spring",-117.5,32.9,"93.3_30","1996:93.3_30","1996:Spring93.3_30","San Diego Inshore",241.853
6418,1996-04-15,"1996_93.3_30",93.3,"30",32.85,-117.533,1996-04-15 18:59:00,1996-04-15 19:20:00,"Nematoscelis gracilis",1996,4,"Spring",-117.5,32.9,"93.3_30","1996:93.3_30","1996:Spring93.3_30","San Diego Inshore",0
6418,1996-04-15,"1996_93.3_30",93.3,"30",32.85,-117.533,1996-04-15 18:59:00,1996-04-15 19:20:00,"Nematoscelis microps",1996,4,"Spring",-117.5,32.9,"93.3_30","1996:93.3_30","1996:Spring93.3_30","San Diego Inshore",0
6418,1996-04-15,"1996_93.3_30",93.3,"30",32.85,-117.533,1996-04-15 18:59:00,1996-04-15 19:20:00,"Nematoscelis tenella",1996,4,"Spring",-117.5,32.9,"93.3_30","1996:93.3_30","1996:Spring93.3_30","San Diego Inshore",0
6418,1996-04-15,"1996_93.3_30",93.3,"30",32.85,-117.533,1996-04-15 18:59:00,1996-04-15 19:20:00,"Nyctiphanes simplex",1996,4,"Spring",-117.5,32.9,"93.3_30","1996:93.3_30","1996:Spring93.3_30","San Diego Inshore",48.371
6418,1996-04-15,"1996_93.3_30",93.3,"30",32.85,-117.533,1996-04-15 18:59:00,1996-04-15 19:20:00,"Stylocheiron abbreviatum",1996,4,"Spring",-117.5,32.9,"93.3_30","1996:93.3_30","1996:Spring93.3_30","San Diego Inshore",0
6418,1996-04-15,"1996_93.3_30",93.3,"30",32.85,-117.533,1996-04-15 18:59:00,1996-04-15 19:20:00,"Stylocheiron affine",1996,4,"Spring",-117.5,32.9,"93.3_30","1996:93.3_30","1996:Spring93.3_30","San Diego Inshore",0
6418,1996-04-15,"1996_93.3_30",93.3,"30",32.85,-117.533,1996-04-15 18:59:00,1996-04-15 19:20:00,"Stylocheiron carinatum",1996,4,"Spring",-117.5,32.9,"93.3_30","1996:93.3_30","1996:Spring93.3_30","San Diego Inshore",0
6418,1996-04-15,"1996_93.3_30",93.3,"30",32.85,-117.533,1996-04-15 18:59:00,1996-04-15 19:20:00,"Stylocheiron elongatum",1996,4,"Spring",-117.5,32.9,"93.3_30","1996:93.3_30","1996:Spring93.3_30","San Diego Inshore",0
6418,1996-04-15,"1996_93.3_30",93.3,"30",32.85,-117.533,1996-04-15 18:59:00,1996-04-15 19:20:00,"Stylocheiron longicorne",1996,4,"Spring",-117.5,32.9,"93.3_30","1996:93.3_30","1996:Spring93.3_30","San Diego Inshore",3.578
6418,1996-04-15,"1996_93.3_30",93.3,"30",32.85,-117.533,1996-04-15 18:59:00,1996-04-15 19:20:00,"Stylocheiron maximum",1996,4,"Spring",-117.5,32.9,"93.3_30","1996:93.3_30","1996:Spring93.3_30","San Diego Inshore",0
6418,1996-04-15,"1996_93.3_30",93.3,"30",32.85,-117.533,1996-04-15 18:59:00,1996-04-15 19:20:00,"Stylocheiron suhmi",1996,4,"Spring",-117.5,32.9,"93.3_30","1996:93.3_30","1996:Spring93.3_30","San Diego Inshore",0
6418,1996-04-15,"1996_93.3_30",93.3,"30",32.85,-117.533,1996-04-15 18:59:00,1996-04-15 19:20:00,"Tessarabrachion oculatum",1996,4,"Spring",-117.5,32.9,"93.3_30","1996:93.3_30","1996:Spring93.3_30","San Diego Inshore",0
6418,1996-04-15,"1996_93.3_30",93.3,"30",32.85,-117.533,1996-04-15 18:59:00,1996-04-15 19:20:00,"Thysanoessa gregaria",1996,4,"Spring",-117.5,32.9,"93.3_30","1996:93.3_30","1996:Spring93.3_30","San Diego Inshore",64.495
6418,1996-04-15,"1996_93.3_30",93.3,"30",32.85,-117.533,1996-04-15 18:59:00,1996-04-15 19:20:00,"Thysanoessa longipes",1996,4,"Spring",-117.5,32.9,"93.3_30","1996:93.3_30","1996:Spring93.3_30","San Diego Inshore",0
6418,1996-04-15,"1996_93.3_30",93.3,"30",32.85,-117.533,1996-04-15 18:59:00,1996-04-15 19:20:00,"Thysanoessa spinifera",1996,4,"Spring",-117.5,32.9,"93.3_30","1996:93.3_30","1996:Spring93.3_30","San Diego Inshore",0
6418,1996-04-15,"1996_93.3_30",93.3,"30",32.85,-117.533,1996-04-15 18:59:00,1996-04-15 19:20:00,"Thysanopoda astylata",1996,4,"Spring",-117.5,32.9,"93.3_30","1996:93.3_30","1996:Spring93.3_30","San Diego Inshore",0
6418,1996-04-15,"1996_93.3_30",93.3,"30",32.85,-117.533,1996-04-15 18:59:00,1996-04-15 19:20:00,"Thysanopoda cornuta",1996,4,"Spring",-117.5,32.9,"93.3_30","1996:93.3_30","1996:Spring93.3_30","San Diego Inshore",0
6418,1996-04-15,"1996_93.3_30",93.3,"30",32.85,-117.533,1996-04-15 18:59:00,1996-04-15 19:20:00,"Thysanopoda egregia",1996,4,"Spring",-117.5,32.9,"93.3_30","1996:93.3_30","1996:Spring93.3_30","San Diego Inshore",0
6418,1996-04-15,"1996_93.3_30",93.3,"30",32.85,-117.533,1996-04-15 18:59:00,1996-04-15 19:20:00,"Thysanopoda monacantha",1996,4,"Spring",-117.5,32.9,"93.3_30","1996:93.3_30","1996:Spring93.3_30","San Diego Inshore",0
6418,1996-04-15,"1996_93.3_30",93.3,"30",32.85,-117.533,1996-04-15 18:59:00,1996-04-15 19:20:00,"Thysanopoda obtusifrons",1996,4,"Spring",-117.5,32.9,"93.3_30","1996:93.3_30","1996:Spring93.3_30","San Diego Inshore",0
6418,1996-04-15,"1996_93.3_30",93.3,"30",32.85,-117.533,1996-04-15 18:59:00,1996-04-15 19:20:00,"Thysanopoda orientalis",1996,4,"Spring",-117.5,32.9,"93.3_30","1996:93.3_30","1996:Spring93.3_30","San Diego Inshore",1.789
6418,1996-04-15,"1996_93.3_30",93.3,"30",32.85,-117.533,1996-04-15 18:59:00,1996-04-15 19:20:00,"Thysanopoda pectinata",1996,4,"Spring",-117.5,32.9,"93.3_30","1996:93.3_30","1996:Spring93.3_30","San Diego Inshore",0
6424,1996-04-16,"1996_93.3_60",93.3,"60",31.85,-119.567,1996-04-16 23:33:00,1996-04-16 23:54:00,"Euphausia brevis",1996,4,"Spring",-119.6,31.9,"93.3_60","1996:93.3_60","1996:Spring93.3_60","San Diego Offshore",0
6424,1996-04-16,"1996_93.3_60",93.3,"60",31.85,-119.567,1996-04-16 23:33:00,1996-04-16 23:54:00,"Euphausia diomedeae",1996,4,"Spring",-119.6,31.9,"93.3_60","1996:93.3_60","1996:Spring93.3_60","San Diego Offshore",0
6424,1996-04-16,"1996_93.3_60",93.3,"60",31.85,-119.567,1996-04-16 23:33:00,1996-04-16 23:54:00,"Euphausia distinguenda",1996,4,"Spring",-119.6,31.9,"93.3_60","1996:93.3_60","1996:Spring93.3_60","San Diego Offshore",0
6424,1996-04-16,"1996_93.3_60",93.3,"60",31.85,-119.567,1996-04-16 23:33:00,1996-04-16 23:54:00,"Euphausia eximia",1996,4,"Spring",-119.6,31.9,"93.3_60","1996:93.3_60","1996:Spring93.3_60","San Diego Offshore",0
6424,1996-04-16,"1996_93.3_60",93.3,"60",31.85,-119.567,1996-04-16 23:33:00,1996-04-16 23:54:00,"Euphausia gibboides",1996,4,"Spring",-119.6,31.9,"93.3_60","1996:93.3_60","1996:Spring93.3_60","San Diego Offshore",11.93
6424,1996-04-16,"1996_93.3_60",93.3,"60",31.85,-119.567,1996-04-16 23:33:00,1996-04-16 23:54:00,"Euphausia hemigibba",1996,4,"Spring",-119.6,31.9,"93.3_60","1996:93.3_60","1996:Spring93.3_60","San Diego Offshore",0
6424,1996-04-16,"1996_93.3_60",93.3,"60",31.85,-119.567,1996-04-16 23:33:00,1996-04-16 23:54:00,"Euphausia lamelligera",1996,4,"Spring",-119.6,31.9,"93.3_60","1996:93.3_60","1996:Spring93.3_60","San Diego Offshore",0
6424,1996-04-16,"1996_93.3_60",93.3,"60",31.85,-119.567,1996-04-16 23:33:00,1996-04-16 23:54:00,"Euphausia mutica",1996,4,"Spring",-119.6,31.9,"93.3_60","1996:93.3_60","1996:Spring93.3_60","San Diego Offshore",0
6424,1996-04-16,"1996_93.3_60",93.3,"60",31.85,-119.567,1996-04-16 23:33:00,1996-04-16 23:54:00,"Euphausia pacifica",1996,4,"Spring",-119.6,31.9,"93.3_60","1996:93.3_60","1996:Spring93.3_60","San Diego Offshore",47.719
6424,1996-04-16,"1996_93.3_60",93.3,"60",31.85,-119.567,1996-04-16 23:33:00,1996-04-16 23:54:00,"Euphausia recurva",1996,4,"Spring",-119.6,31.9,"93.3_60","1996:93.3_60","1996:Spring93.3_60","San Diego Offshore",47.719
6424,1996-04-16,"1996_93.3_60",93.3,"60",31.85,-119.567,1996-04-16 23:33:00,1996-04-16 23:54:00,"Euphausia tenera",1996,4,"Spring",-119.6,31.9,"93.3_60","1996:93.3_60","1996:Spring93.3_60","San Diego Offshore",0
6424,1996-04-16,"1996_93.3_60",93.3,"60",31.85,-119.567,1996-04-16 23:33:00,1996-04-16 23:54:00,"Nematobrachion boopis",1996,4,"Spring",-119.6,31.9,"93.3_60","1996:93.3_60","1996:Spring93.3_60","San Diego Offshore",0
6424,1996-04-16,"1996_93.3_60",93.3,"60",31.85,-119.567,1996-04-16 23:33:00,1996-04-16 23:54:00,"Nematobrachion flexipes",1996,4,"Spring",-119.6,31.9,"93.3_60","1996:93.3_60","1996:Spring93.3_60","San Diego Offshore",0
6424,1996-04-16,"1996_93.3_60",93.3,"60",31.85,-119.567,1996-04-16 23:33:00,1996-04-16 23:54:00,"Nematoscelis atlantica",1996,4,"Spring",-119.6,31.9,"93.3_60","1996:93.3_60","1996:Spring93.3_60","San Diego Offshore",0
6424,1996-04-16,"1996_93.3_60",93.3,"60",31.85,-119.567,1996-04-16 23:33:00,1996-04-16 23:54:00,"Nematoscelis difficilis",1996,4,"Spring",-119.6,31.9,"93.3_60","1996:93.3_60","1996:Spring93.3_60","San Diego Offshore",107.367
6424,1996-04-16,"1996_93.3_60",93.3,"60",31.85,-119.567,1996-04-16 23:33:00,1996-04-16 23:54:00,"Nematoscelis gracilis",1996,4,"Spring",-119.6,31.9,"93.3_60","1996:93.3_60","1996:Spring93.3_60","San Diego Offshore",0
6424,1996-04-16,"1996_93.3_60",93.3,"60",31.85,-119.567,1996-04-16 23:33:00,1996-04-16 23:54:00,"Nematoscelis microps",1996,4,"Spring",-119.6,31.9,"93.3_60","1996:93.3_60","1996:Spring93.3_60","San Diego Offshore",0
6424,1996-04-16,"1996_93.3_60",93.3,"60",31.85,-119.567,1996-04-16 23:33:00,1996-04-16 23:54:00,"Nematoscelis tenella",1996,4,"Spring",-119.6,31.9,"93.3_60","1996:93.3_60","1996:Spring93.3_60","San Diego Offshore",0
6424,1996-04-16,"1996_93.3_60",93.3,"60",31.85,-119.567,1996-04-16 23:33:00,1996-04-16 23:54:00,"Nyctiphanes simplex",1996,4,"Spring",-119.6,31.9,"93.3_60","1996:93.3_60","1996:Spring93.3_60","San Diego Offshore",0
6424,1996-04-16,"1996_93.3_60",93.3,"60",31.85,-119.567,1996-04-16 23:33:00,1996-04-16 23:54:00,"Stylocheiron abbreviatum",1996,4,"Spring",-119.6,31.9,"93.3_60","1996:93.3_60","1996:Spring93.3_60","San Diego Offshore",0
6424,1996-04-16,"1996_93.3_60",93.3,"60",31.85,-119.567,1996-04-16 23:33:00,1996-04-16 23:54:00,"Stylocheiron affine",1996,4,"Spring",-119.6,31.9,"93.3_60","1996:93.3_60","1996:Spring93.3_60","San Diego Offshore",5.965
6424,1996-04-16,"1996_93.3_60",93.3,"60",31.85,-119.567,1996-04-16 23:33:00,1996-04-16 23:54:00,"Stylocheiron carinatum",1996,4,"Spring",-119.6,31.9,"93.3_60","1996:93.3_60","1996:Spring93.3_60","San Diego Offshore",0
6424,1996-04-16,"1996_93.3_60",93.3,"60",31.85,-119.567,1996-04-16 23:33:00,1996-04-16 23:54:00,"Stylocheiron elongatum",1996,4,"Spring",-119.6,31.9,"93.3_60","1996:93.3_60","1996:Spring93.3_60","San Diego Offshore",0
6424,1996-04-16,"1996_93.3_60",93.3,"60",31.85,-119.567,1996-04-16 23:33:00,1996-04-16 23:54:00,"Stylocheiron longicorne",1996,4,"Spring",-119.6,31.9,"93.3_60","1996:93.3_60","1996:Spring93.3_60","San Diego Offshore",23.86
6424,1996-04-16,"1996_93.3_60",93.3,"60",31.85,-119.567,1996-04-16 23:33:00,1996-04-16 23:54:00,"Stylocheiron maximum",1996,4,"Spring",-119.6,31.9,"93.3_60","1996:93.3_60","1996:Spring93.3_60","San Diego Offshore",0
6424,1996-04-16,"1996_93.3_60",93.3,"60",31.85,-119.567,1996-04-16 23:33:00,1996-04-16 23:54:00,"Stylocheiron suhmi",1996,4,"Spring",-119.6,31.9,"93.3_60","1996:93.3_60","1996:Spring93.3_60","San Diego Offshore",0
6424,1996-04-16,"1996_93.3_60",93.3,"60",31.85,-119.567,1996-04-16 23:33:00,1996-04-16 23:54:00,"Tessarabrachion oculatum",1996,4,"Spring",-119.6,31.9,"93.3_60","1996:93.3_60","1996:Spring93.3_60","San Diego Offshore",0
6424,1996-04-16,"1996_93.3_60",93.3,"60",31.85,-119.567,1996-04-16 23:33:00,1996-04-16 23:54:00,"Thysanoessa gregaria",1996,4,"Spring",-119.6,31.9,"93.3_60","1996:93.3_60","1996:Spring93.3_60","San Diego Offshore",65.614
6424,1996-04-16,"1996_93.3_60",93.3,"60",31.85,-119.567,1996-04-16 23:33:00,1996-04-16 23:54:00,"Thysanoessa longipes",1996,4,"Spring",-119.6,31.9,"93.3_60","1996:93.3_60","1996:Spring93.3_60","San Diego Offshore",0
6424,1996-04-16,"1996_93.3_60",93.3,"60",31.85,-119.567,1996-04-16 23:33:00,1996-04-16 23:54:00,"Thysanoessa spinifera",1996,4,"Spring",-119.6,31.9,"93.3_60","1996:93.3_60","1996:Spring93.3_60","San Diego Offshore",0
6424,1996-04-16,"1996_93.3_60",93.3,"60",31.85,-119.567,1996-04-16 23:33:00,1996-04-16 23:54:00,"Thysanopoda astylata",1996,4,"Spring",-119.6,31.9,"93.3_60","1996:93.3_60","1996:Spring93.3_60","San Diego Offshore",0
6424,1996-04-16,"1996_93.3_60",93.3,"60",31.85,-119.567,1996-04-16 23:33:00,1996-04-16 23:54:00,"Thysanopoda cornuta",1996,4,"Spring",-119.6,31.9,"93.3_60","1996:93.3_60","1996:Spring93.3_60","San Diego Offshore",0
6424,1996-04-16,"1996_93.3_60",93.3,"60",31.85,-119.567,1996-04-16 23:33:00,1996-04-16 23:54:00,"Thysanopoda egregia",1996,4,"Spring",-119.6,31.9,"93.3_60","1996:93.3_60","1996:Spring93.3_60","San Diego Offshore",0
6424,1996-04-16,"1996_93.3_60",93.3,"60",31.85,-119.567,1996-04-16 23:33:00,1996-04-16 23:54:00,"Thysanopoda monacantha",1996,4,"Spring",-119.6,31.9,"93.3_60","1996:93.3_60","1996:Spring93.3_60","San Diego Offshore",0
6424,1996-04-16,"1996_93.3_60",93.3,"60",31.85,-119.567,1996-04-16 23:33:00,1996-04-16 23:54:00,"Thysanopoda obtusifrons",1996,4,"Spring",-119.6,31.9,"93.3_60","1996:93.3_60","1996:Spring93.3_60","San Diego Offshore",0
6424,1996-04-16,"1996_93.3_60",93.3,"60",31.85,-119.567,1996-04-16 23:33:00,1996-04-16 23:54:00,"Thysanopoda orientalis",1996,4,"Spring",-119.6,31.9,"93.3_60","1996:93.3_60","1996:Spring93.3_60","San Diego Offshore",0
6424,1996-04-16,"1996_93.3_60",93.3,"60",31.85,-119.567,1996-04-16 23:33:00,1996-04-16 23:54:00,"Thysanopoda pectinata",1996,4,"Spring",-119.6,31.9,"93.3_60","1996:93.3_60","1996:Spring93.3_60","San Diego Offshore",0
6438,1996-04-23,"1996_86.7_50",86.7,"50",33.317,-119.667,1996-04-23 05:48:00,1996-04-23 05:55:00,"Euphausia brevis",1996,4,"Spring",-119.7,33.3,"86.7_50","1996:86.7_50","1996:Spring86.7_50","San Nicolas Island",0
6438,1996-04-23,"1996_86.7_50",86.7,"50",33.317,-119.667,1996-04-23 05:48:00,1996-04-23 05:55:00,"Euphausia diomedeae",1996,4,"Spring",-119.7,33.3,"86.7_50","1996:86.7_50","1996:Spring86.7_50","San Nicolas Island",0
6438,1996-04-23,"1996_86.7_50",86.7,"50",33.317,-119.667,1996-04-23 05:48:00,1996-04-23 05:55:00,"Euphausia distinguenda",1996,4,"Spring",-119.7,33.3,"86.7_50","1996:86.7_50","1996:Spring86.7_50","San Nicolas Island",0
6438,1996-04-23,"1996_86.7_50",86.7,"50",33.317,-119.667,1996-04-23 05:48:00,1996-04-23 05:55:00,"Euphausia eximia",1996,4,"Spring",-119.7,33.3,"86.7_50","1996:86.7_50","1996:Spring86.7_50","San Nicolas Island",0
6438,1996-04-23,"1996_86.7_50",86.7,"50",33.317,-119.667,1996-04-23 05:48:00,1996-04-23 05:55:00,"Euphausia gibboides",1996,4,"Spring",-119.7,33.3,"86.7_50","1996:86.7_50","1996:Spring86.7_50","San Nicolas Island",0
6438,1996-04-23,"1996_86.7_50",86.7,"50",33.317,-119.667,1996-04-23 05:48:00,1996-04-23 05:55:00,"Euphausia hemigibba",1996,4,"Spring",-119.7,33.3,"86.7_50","1996:86.7_50","1996:Spring86.7_50","San Nicolas Island",0
6438,1996-04-23,"1996_86.7_50",86.7,"50",33.317,-119.667,1996-04-23 05:48:00,1996-04-23 05:55:00,"Euphausia lamelligera",1996,4,"Spring",-119.7,33.3,"86.7_50","1996:86.7_50","1996:Spring86.7_50","San Nicolas Island",0
6438,1996-04-23,"1996_86.7_50",86.7,"50",33.317,-119.667,1996-04-23 05:48:00,1996-04-23 05:55:00,"Euphausia mutica",1996,4,"Spring",-119.7,33.3,"86.7_50","1996:86.7_50","1996:Spring86.7_50","San Nicolas Island",0
6438,1996-04-23,"1996_86.7_50",86.7,"50",33.317,-119.667,1996-04-23 05:48:00,1996-04-23 05:55:00,"Euphausia pacifica",1996,4,"Spring",-119.7,33.3,"86.7_50","1996:86.7_50","1996:Spring86.7_50","San Nicolas Island",1533.753
6438,1996-04-23,"1996_86.7_50",86.7,"50",33.317,-119.667,1996-04-23 05:48:00,1996-04-23 05:55:00,"Euphausia recurva",1996,4,"Spring",-119.7,33.3,"86.7_50","1996:86.7_50","1996:Spring86.7_50","San Nicolas Island",0
6438,1996-04-23,"1996_86.7_50",86.7,"50",33.317,-119.667,1996-04-23 05:48:00,1996-04-23 05:55:00,"Euphausia tenera",1996,4,"Spring",-119.7,33.3,"86.7_50","1996:86.7_50","1996:Spring86.7_50","San Nicolas Island",0
6438,1996-04-23,"1996_86.7_50",86.7,"50",33.317,-119.667,1996-04-23 05:48:00,1996-04-23 05:55:00,"Nematobrachion boopis",1996,4,"Spring",-119.7,33.3,"86.7_50","1996:86.7_50","1996:Spring86.7_50","San Nicolas Island",0
6438,1996-04-23,"1996_86.7_50",86.7,"50",33.317,-119.667,1996-04-23 05:48:00,1996-04-23 05:55:00,"Nematobrachion flexipes",1996,4,"Spring",-119.7,33.3,"86.7_50","1996:86.7_50","1996:Spring86.7_50","San Nicolas Island",0
6438,1996-04-23,"1996_86.7_50",86.7,"50",33.317,-119.667,1996-04-23 05:48:00,1996-04-23 05:55:00,"Nematoscelis atlantica",1996,4,"Spring",-119.7,33.3,"86.7_50","1996:86.7_50","1996:Spring86.7_50","San Nicolas Island",0
6438,1996-04-23,"1996_86.7_50",86.7,"50",33.317,-119.667,1996-04-23 05:48:00,1996-04-23 05:55:00,"Nematoscelis difficilis",1996,4,"Spring",-119.7,33.3,"86.7_50","1996:86.7_50","1996:Spring86.7_50","San Nicolas Island",0
6438,1996-04-23,"1996_86.7_50",86.7,"50",33.317,-119.667,1996-04-23 05:48:00,1996-04-23 05:55:00,"Nematoscelis gracilis",1996,4,"Spring",-119.7,33.3,"86.7_50","1996:86.7_50","1996:Spring86.7_50","San Nicolas Island",0
6438,1996-04-23,"1996_86.7_50",86.7,"50",33.317,-119.667,1996-04-23 05:48:00,1996-04-23 05:55:00,"Nematoscelis microps",1996,4,"Spring",-119.7,33.3,"86.7_50","1996:86.7_50","1996:Spring86.7_50","San Nicolas Island",0
6438,1996-04-23,"1996_86.7_50",86.7,"50",33.317,-119.667,1996-04-23 05:48:00,1996-04-23 05:55:00,"Nematoscelis tenella",1996,4,"Spring",-119.7,33.3,"86.7_50","1996:86.7_50","1996:Spring86.7_50","San Nicolas Island",0
6438,1996-04-23,"1996_86.7_50",86.7,"50",33.317,-119.667,1996-04-23 05:48:00,1996-04-23 05:55:00,"Nyctiphanes simplex",1996,4,"Spring",-119.7,33.3,"86.7_50","1996:86.7_50","1996:Spring86.7_50","San Nicolas Island",0
6438,1996-04-23,"1996_86.7_50",86.7,"50",33.317,-119.667,1996-04-23 05:48:00,1996-04-23 05:55:00,"Stylocheiron abbreviatum",1996,4,"Spring",-119.7,33.3,"86.7_50","1996:86.7_50","1996:Spring86.7_50","San Nicolas Island",0
6438,1996-04-23,"1996_86.7_50",86.7,"50",33.317,-119.667,1996-04-23 05:48:00,1996-04-23 05:55:00,"Stylocheiron affine",1996,4,"Spring",-119.7,33.3,"86.7_50","1996:86.7_50","1996:Spring86.7_50","San Nicolas Island",0
6438,1996-04-23,"1996_86.7_50",86.7,"50",33.317,-119.667,1996-04-23 05:48:00,1996-04-23 05:55:00,"Stylocheiron carinatum",1996,4,"Spring",-119.7,33.3,"86.7_50","1996:86.7_50","1996:Spring86.7_50","San Nicolas Island",0
6438,1996-04-23,"1996_86.7_50",86.7,"50",33.317,-119.667,1996-04-23 05:48:00,1996-04-23 05:55:00,"Stylocheiron elongatum",1996,4,"Spring",-119.7,33.3,"86.7_50","1996:86.7_50","1996:Spring86.7_50","San Nicolas Island",0
6438,1996-04-23,"1996_86.7_50",86.7,"50",33.317,-119.667,1996-04-23 05:48:00,1996-04-23 05:55:00,"Stylocheiron longicorne",1996,4,"Spring",-119.7,33.3,"86.7_50","1996:86.7_50","1996:Spring86.7_50","San Nicolas Island",0
6438,1996-04-23,"1996_86.7_50",86.7,"50",33.317,-119.667,1996-04-23 05:48:00,1996-04-23 05:55:00,"Stylocheiron maximum",1996,4,"Spring",-119.7,33.3,"86.7_50","1996:86.7_50","1996:Spring86.7_50","San Nicolas Island",0
6438,1996-04-23,"1996_86.7_50",86.7,"50",33.317,-119.667,1996-04-23 05:48:00,1996-04-23 05:55:00,"Stylocheiron suhmi",1996,4,"Spring",-119.7,33.3,"86.7_50","1996:86.7_50","1996:Spring86.7_50","San Nicolas Island",0
6438,1996-04-23,"1996_86.7_50",86.7,"50",33.317,-119.667,1996-04-23 05:48:00,1996-04-23 05:55:00,"Tessarabrachion oculatum",1996,4,"Spring",-119.7,33.3,"86.7_50","1996:86.7_50","1996:Spring86.7_50","San Nicolas Island",0
6438,1996-04-23,"1996_86.7_50",86.7,"50",33.317,-119.667,1996-04-23 05:48:00,1996-04-23 05:55:00,"Thysanoessa gregaria",1996,4,"Spring",-119.7,33.3,"86.7_50","1996:86.7_50","1996:Spring86.7_50","San Nicolas Island",0
6438,1996-04-23,"1996_86.7_50",86.7,"50",33.317,-119.667,1996-04-23 05:48:00,1996-04-23 05:55:00,"Thysanoessa longipes",1996,4,"Spring",-119.7,33.3,"86.7_50","1996:86.7_50","1996:Spring86.7_50","San Nicolas Island",0
6438,1996-04-23,"1996_86.7_50",86.7,"50",33.317,-119.667,1996-04-23 05:48:00,1996-04-23 05:55:00,"Thysanoessa spinifera",1996,4,"Spring",-119.7,33.3,"86.7_50","1996:86.7_50","1996:Spring86.7_50","San Nicolas Island",24.345
6438,1996-04-23,"1996_86.7_50",86.7,"50",33.317,-119.667,1996-04-23 05:48:00,1996-04-23 05:55:00,"Thysanopoda astylata",1996,4,"Spring",-119.7,33.3,"86.7_50","1996:86.7_50","1996:Spring86.7_50","San Nicolas Island",0
6438,1996-04-23,"1996_86.7_50",86.7,"50",33.317,-119.667,1996-04-23 05:48:00,1996-04-23 05:55:00,"Thysanopoda cornuta",1996,4,"Spring",-119.7,33.3,"86.7_50","1996:86.7_50","1996:Spring86.7_50","San Nicolas Island",0
6438,1996-04-23,"1996_86.7_50",86.7,"50",33.317,-119.667,1996-04-23 05:48:00,1996-04-23 05:55:00,"Thysanopoda egregia",1996,4,"Spring",-119.7,33.3,"86.7_50","1996:86.7_50","1996:Spring86.7_50","San Nicolas Island",0
6438,1996-04-23,"1996_86.7_50",86.7,"50",33.317,-119.667,1996-04-23 05:48:00,1996-04-23 05:55:00,"Thysanopoda monacantha",1996,4,"Spring",-119.7,33.3,"86.7_50","1996:86.7_50","1996:Spring86.7_50","San Nicolas Island",0
6438,1996-04-23,"1996_86.7_50",86.7,"50",33.317,-119.667,1996-04-23 05:48:00,1996-04-23 05:55:00,"Thysanopoda obtusifrons",1996,4,"Spring",-119.7,33.3,"86.7_50","1996:86.7_50","1996:Spring86.7_50","San Nicolas Island",0
6438,1996-04-23,"1996_86.7_50",86.7,"50",33.317,-119.667,1996-04-23 05:48:00,1996-04-23 05:55:00,"Thysanopoda orientalis",1996,4,"Spring",-119.7,33.3,"86.7_50","1996:86.7_50","1996:Spring86.7_50","San Nicolas Island",0
6438,1996-04-23,"1996_86.7_50",86.7,"50",33.317,-119.667,1996-04-23 05:48:00,1996-04-23 05:55:00,"Thysanopoda pectinata",1996,4,"Spring",-119.7,33.3,"86.7_50","1996:86.7_50","1996:Spring86.7_50","San Nicolas Island",0
6452,1996-04-28,"1996_80_60",80,"60",34.15,-121.15,1996-04-28 03:45:00,1996-04-28 04:06:00,"Euphausia brevis",1996,4,"Spring",-121.2,34.1,"80_60","1996:80_60","1996:Spring80_60","Pt. Conception",0
6452,1996-04-28,"1996_80_60",80,"60",34.15,-121.15,1996-04-28 03:45:00,1996-04-28 04:06:00,"Euphausia diomedeae",1996,4,"Spring",-121.2,34.1,"80_60","1996:80_60","1996:Spring80_60","Pt. Conception",0
6452,1996-04-28,"1996_80_60",80,"60",34.15,-121.15,1996-04-28 03:45:00,1996-04-28 04:06:00,"Euphausia distinguenda",1996,4,"Spring",-121.2,34.1,"80_60","1996:80_60","1996:Spring80_60","Pt. Conception",0
6452,1996-04-28,"1996_80_60",80,"60",34.15,-121.15,1996-04-28 03:45:00,1996-04-28 04:06:00,"Euphausia eximia",1996,4,"Spring",-121.2,34.1,"80_60","1996:80_60","1996:Spring80_60","Pt. Conception",0
6452,1996-04-28,"1996_80_60",80,"60",34.15,-121.15,1996-04-28 03:45:00,1996-04-28 04:06:00,"Euphausia gibboides",1996,4,"Spring",-121.2,34.1,"80_60","1996:80_60","1996:Spring80_60","Pt. Conception",0
6452,1996-04-28,"1996_80_60",80,"60",34.15,-121.15,1996-04-28 03:45:00,1996-04-28 04:06:00,"Euphausia hemigibba",1996,4,"Spring",-121.2,34.1,"80_60","1996:80_60","1996:Spring80_60","Pt. Conception",0
6452,1996-04-28,"1996_80_60",80,"60",34.15,-121.15,1996-04-28 03:45:00,1996-04-28 04:06:00,"Euphausia lamelligera",1996,4,"Spring",-121.2,34.1,"80_60","1996:80_60","1996:Spring80_60","Pt. Conception",0
6452,1996-04-28,"1996_80_60",80,"60",34.15,-121.15,1996-04-28 03:45:00,1996-04-28 04:06:00,"Euphausia mutica",1996,4,"Spring",-121.2,34.1,"80_60","1996:80_60","1996:Spring80_60","Pt. Conception",0
6452,1996-04-28,"1996_80_60",80,"60",34.15,-121.15,1996-04-28 03:45:00,1996-04-28 04:06:00,"Euphausia pacifica",1996,4,"Spring",-121.2,34.1,"80_60","1996:80_60","1996:Spring80_60","Pt. Conception",3064.272
6452,1996-04-28,"1996_80_60",80,"60",34.15,-121.15,1996-04-28 03:45:00,1996-04-28 04:06:00,"Euphausia recurva",1996,4,"Spring",-121.2,34.1,"80_60","1996:80_60","1996:Spring80_60","Pt. Conception",0
6452,1996-04-28,"1996_80_60",80,"60",34.15,-121.15,1996-04-28 03:45:00,1996-04-28 04:06:00,"Euphausia tenera",1996,4,"Spring",-121.2,34.1,"80_60","1996:80_60","1996:Spring80_60","Pt. Conception",0
6452,1996-04-28,"1996_80_60",80,"60",34.15,-121.15,1996-04-28 03:45:00,1996-04-28 04:06:00,"Nematobrachion boopis",1996,4,"Spring",-121.2,34.1,"80_60","1996:80_60","1996:Spring80_60","Pt. Conception",0
6452,1996-04-28,"1996_80_60",80,"60",34.15,-121.15,1996-04-28 03:45:00,1996-04-28 04:06:00,"Nematobrachion flexipes",1996,4,"Spring",-121.2,34.1,"80_60","1996:80_60","1996:Spring80_60","Pt. Conception",0
6452,1996-04-28,"1996_80_60",80,"60",34.15,-121.15,1996-04-28 03:45:00,1996-04-28 04:06:00,"Nematoscelis atlantica",1996,4,"Spring",-121.2,34.1,"80_60","1996:80_60","1996:Spring80_60","Pt. Conception",0
6452,1996-04-28,"1996_80_60",80,"60",34.15,-121.15,1996-04-28 03:45:00,1996-04-28 04:06:00,"Nematoscelis difficilis",1996,4,"Spring",-121.2,34.1,"80_60","1996:80_60","1996:Spring80_60","Pt. Conception",154.734
6452,1996-04-28,"1996_80_60",80,"60",34.15,-121.15,1996-04-28 03:45:00,1996-04-28 04:06:00,"Nematoscelis gracilis",1996,4,"Spring",-121.2,34.1,"80_60","1996:80_60","1996:Spring80_60","Pt. Conception",0
6452,1996-04-28,"1996_80_60",80,"60",34.15,-121.15,1996-04-28 03:45:00,1996-04-28 04:06:00,"Nematoscelis microps",1996,4,"Spring",-121.2,34.1,"80_60","1996:80_60","1996:Spring80_60","Pt. Conception",0
6452,1996-04-28,"1996_80_60",80,"60",34.15,-121.15,1996-04-28 03:45:00,1996-04-28 04:06:00,"Nematoscelis tenella",1996,4,"Spring",-121.2,34.1,"80_60","1996:80_60","1996:Spring80_60","Pt. Conception",0
6452,1996-04-28,"1996_80_60",80,"60",34.15,-121.15,1996-04-28 03:45:00,1996-04-28 04:06:00,"Nyctiphanes simplex",1996,4,"Spring",-121.2,34.1,"80_60","1996:80_60","1996:Spring80_60","Pt. Conception",7.724
6452,1996-04-28,"1996_80_60",80,"60",34.15,-121.15,1996-04-28 03:45:00,1996-04-28 04:06:00,"Stylocheiron abbreviatum",1996,4,"Spring",-121.2,34.1,"80_60","1996:80_60","1996:Spring80_60","Pt. Conception",0
6452,1996-04-28,"1996_80_60",80,"60",34.15,-121.15,1996-04-28 03:45:00,1996-04-28 04:06:00,"Stylocheiron affine",1996,4,"Spring",-121.2,34.1,"80_60","1996:80_60","1996:Spring80_60","Pt. Conception",0
6452,1996-04-28,"1996_80_60",80,"60",34.15,-121.15,1996-04-28 03:45:00,1996-04-28 04:06:00,"Stylocheiron carinatum",1996,4,"Spring",-121.2,34.1,"80_60","1996:80_60","1996:Spring80_60","Pt. Conception",0
6452,1996-04-28,"1996_80_60",80,"60",34.15,-121.15,1996-04-28 03:45:00,1996-04-28 04:06:00,"Stylocheiron elongatum",1996,4,"Spring",-121.2,34.1,"80_60","1996:80_60","1996:Spring80_60","Pt. Conception",0
6452,1996-04-28,"1996_80_60",80,"60",34.15,-121.15,1996-04-28 03:45:00,1996-04-28 04:06:00,"Stylocheiron longicorne",1996,4,"Spring",-121.2,34.1,"80_60","1996:80_60","1996:Spring80_60","Pt. Conception",7.724
6452,1996-04-28,"1996_80_60",80,"60",34.15,-121.15,1996-04-28 03:45:00,1996-04-28 04:06:00,"Stylocheiron maximum",1996,4,"Spring",-121.2,34.1,"80_60","1996:80_60","1996:Spring80_60","Pt. Conception",0
6452,1996-04-28,"1996_80_60",80,"60",34.15,-121.15,1996-04-28 03:45:00,1996-04-28 04:06:00,"Stylocheiron suhmi",1996,4,"Spring",-121.2,34.1,"80_60","1996:80_60","1996:Spring80_60","Pt. Conception",0
6452,1996-04-28,"1996_80_60",80,"60",34.15,-121.15,1996-04-28 03:45:00,1996-04-28 04:06:00,"Tessarabrachion oculatum",1996,4,"Spring",-121.2,34.1,"80_60","1996:80_60","1996:Spring80_60","Pt. Conception",0
6452,1996-04-28,"1996_80_60",80,"60",34.15,-121.15,1996-04-28 03:45:00,1996-04-28 04:06:00,"Thysanoessa gregaria",1996,4,"Spring",-121.2,34.1,"80_60","1996:80_60","1996:Spring80_60","Pt. Conception",0
6452,1996-04-28,"1996_80_60",80,"60",34.15,-121.15,1996-04-28 03:45:00,1996-04-28 04:06:00,"Thysanoessa longipes",1996,4,"Spring",-121.2,34.1,"80_60","1996:80_60","1996:Spring80_60","Pt. Conception",0
6452,1996-04-28,"1996_80_60",80,"60",34.15,-121.15,1996-04-28 03:45:00,1996-04-28 04:06:00,"Thysanoessa spinifera",1996,4,"Spring",-121.2,34.1,"80_60","1996:80_60","1996:Spring80_60","Pt. Conception",0
6452,1996-04-28,"1996_80_60",80,"60",34.15,-121.15,1996-04-28 03:45:00,1996-04-28 04:06:00,"Thysanopoda astylata",1996,4,"Spring",-121.2,34.1,"80_60","1996:80_60","1996:Spring80_60","Pt. Conception",0
6452,1996-04-28,"1996_80_60",80,"60",34.15,-121.15,1996-04-28 03:45:00,1996-04-28 04:06:00,"Thysanopoda cornuta",1996,4,"Spring",-121.2,34.1,"80_60","1996:80_60","1996:Spring80_60","Pt. Conception",0
6452,1996-04-28,"1996_80_60",80,"60",34.15,-121.15,1996-04-28 03:45:00,1996-04-28 04:06:00,"Thysanopoda egregia",1996,4,"Spring",-121.2,34.1,"80_60","1996:80_60","1996:Spring80_60","Pt. Conception",0
6452,1996-04-28,"1996_80_60",80,"60",34.15,-121.15,1996-04-28 03:45:00,1996-04-28 04:06:00,"Thysanopoda monacantha",1996,4,"Spring",-121.2,34.1,"80_60","1996:80_60","1996:Spring80_60","Pt. Conception",0
6452,1996-04-28,"1996_80_60",80,"60",34.15,-121.15,1996-04-28 03:45:00,1996-04-28 04:06:00,"Thysanopoda obtusifrons",1996,4,"Spring",-121.2,34.1,"80_60","1996:80_60","1996:Spring80_60","Pt. Conception",0
6452,1996-04-28,"1996_80_60",80,"60",34.15,-121.15,1996-04-28 03:45:00,1996-04-28 04:06:00,"Thysanopoda orientalis",1996,4,"Spring",-121.2,34.1,"80_60","1996:80_60","1996:Spring80_60","Pt. Conception",0
6452,1996-04-28,"1996_80_60",80,"60",34.15,-121.15,1996-04-28 03:45:00,1996-04-28 04:06:00,"Thysanopoda pectinata",1996,4,"Spring",-121.2,34.1,"80_60","1996:80_60","1996:Spring80_60","Pt. Conception",0
6510,1997-04-02,"1997_93.3_30",93.3,"30",32.85,-117.533,1997-04-02 19:35:00,1997-04-02 19:56:00,"Euphausia brevis",1997,4,"Spring",-117.5,32.9,"93.3_30","1997:93.3_30","1997:Spring93.3_30","San Diego Inshore",0
6510,1997-04-02,"1997_93.3_30",93.3,"30",32.85,-117.533,1997-04-02 19:35:00,1997-04-02 19:56:00,"Euphausia diomedeae",1997,4,"Spring",-117.5,32.9,"93.3_30","1997:93.3_30","1997:Spring93.3_30","San Diego Inshore",0
6510,1997-04-02,"1997_93.3_30",93.3,"30",32.85,-117.533,1997-04-02 19:35:00,1997-04-02 19:56:00,"Euphausia distinguenda",1997,4,"Spring",-117.5,32.9,"93.3_30","1997:93.3_30","1997:Spring93.3_30","San Diego Inshore",0
6510,1997-04-02,"1997_93.3_30",93.3,"30",32.85,-117.533,1997-04-02 19:35:00,1997-04-02 19:56:00,"Euphausia eximia",1997,4,"Spring",-117.5,32.9,"93.3_30","1997:93.3_30","1997:Spring93.3_30","San Diego Inshore",0
6510,1997-04-02,"1997_93.3_30",93.3,"30",32.85,-117.533,1997-04-02 19:35:00,1997-04-02 19:56:00,"Euphausia gibboides",1997,4,"Spring",-117.5,32.9,"93.3_30","1997:93.3_30","1997:Spring93.3_30","San Diego Inshore",0
6510,1997-04-02,"1997_93.3_30",93.3,"30",32.85,-117.533,1997-04-02 19:35:00,1997-04-02 19:56:00,"Euphausia hemigibba",1997,4,"Spring",-117.5,32.9,"93.3_30","1997:93.3_30","1997:Spring93.3_30","San Diego Inshore",0
6510,1997-04-02,"1997_93.3_30",93.3,"30",32.85,-117.533,1997-04-02 19:35:00,1997-04-02 19:56:00,"Euphausia lamelligera",1997,4,"Spring",-117.5,32.9,"93.3_30","1997:93.3_30","1997:Spring93.3_30","San Diego Inshore",0
6510,1997-04-02,"1997_93.3_30",93.3,"30",32.85,-117.533,1997-04-02 19:35:00,1997-04-02 19:56:00,"Euphausia mutica",1997,4,"Spring",-117.5,32.9,"93.3_30","1997:93.3_30","1997:Spring93.3_30","San Diego Inshore",0
6510,1997-04-02,"1997_93.3_30",93.3,"30",32.85,-117.533,1997-04-02 19:35:00,1997-04-02 19:56:00,"Euphausia pacifica",1997,4,"Spring",-117.5,32.9,"93.3_30","1997:93.3_30","1997:Spring93.3_30","San Diego Inshore",1318.871
6510,1997-04-02,"1997_93.3_30",93.3,"30",32.85,-117.533,1997-04-02 19:35:00,1997-04-02 19:56:00,"Euphausia recurva",1997,4,"Spring",-117.5,32.9,"93.3_30","1997:93.3_30","1997:Spring93.3_30","San Diego Inshore",0
6510,1997-04-02,"1997_93.3_30",93.3,"30",32.85,-117.533,1997-04-02 19:35:00,1997-04-02 19:56:00,"Euphausia tenera",1997,4,"Spring",-117.5,32.9,"93.3_30","1997:93.3_30","1997:Spring93.3_30","San Diego Inshore",0
6510,1997-04-02,"1997_93.3_30",93.3,"30",32.85,-117.533,1997-04-02 19:35:00,1997-04-02 19:56:00,"Nematobrachion boopis",1997,4,"Spring",-117.5,32.9,"93.3_30","1997:93.3_30","1997:Spring93.3_30","San Diego Inshore",0
6510,1997-04-02,"1997_93.3_30",93.3,"30",32.85,-117.533,1997-04-02 19:35:00,1997-04-02 19:56:00,"Nematobrachion flexipes",1997,4,"Spring",-117.5,32.9,"93.3_30","1997:93.3_30","1997:Spring93.3_30","San Diego Inshore",0
6510,1997-04-02,"1997_93.3_30",93.3,"30",32.85,-117.533,1997-04-02 19:35:00,1997-04-02 19:56:00,"Nematoscelis atlantica",1997,4,"Spring",-117.5,32.9,"93.3_30","1997:93.3_30","1997:Spring93.3_30","San Diego Inshore",0
6510,1997-04-02,"1997_93.3_30",93.3,"30",32.85,-117.533,1997-04-02 19:35:00,1997-04-02 19:56:00,"Nematoscelis difficilis",1997,4,"Spring",-117.5,32.9,"93.3_30","1997:93.3_30","1997:Spring93.3_30","San Diego Inshore",246.756
6510,1997-04-02,"1997_93.3_30",93.3,"30",32.85,-117.533,1997-04-02 19:35:00,1997-04-02 19:56:00,"Nematoscelis gracilis",1997,4,"Spring",-117.5,32.9,"93.3_30","1997:93.3_30","1997:Spring93.3_30","San Diego Inshore",0
6510,1997-04-02,"1997_93.3_30",93.3,"30",32.85,-117.533,1997-04-02 19:35:00,1997-04-02 19:56:00,"Nematoscelis microps",1997,4,"Spring",-117.5,32.9,"93.3_30","1997:93.3_30","1997:Spring93.3_30","San Diego Inshore",0
6510,1997-04-02,"1997_93.3_30",93.3,"30",32.85,-117.533,1997-04-02 19:35:00,1997-04-02 19:56:00,"Nematoscelis tenella",1997,4,"Spring",-117.5,32.9,"93.3_30","1997:93.3_30","1997:Spring93.3_30","San Diego Inshore",0
6510,1997-04-02,"1997_93.3_30",93.3,"30",32.85,-117.533,1997-04-02 19:35:00,1997-04-02 19:56:00,"Nyctiphanes simplex",1997,4,"Spring",-117.5,32.9,"93.3_30","1997:93.3_30","1997:Spring93.3_30","San Diego Inshore",68.071
6510,1997-04-02,"1997_93.3_30",93.3,"30",32.85,-117.533,1997-04-02 19:35:00,1997-04-02 19:56:00,"Stylocheiron abbreviatum",1997,4,"Spring",-117.5,32.9,"93.3_30","1997:93.3_30","1997:Spring93.3_30","San Diego Inshore",0
6510,1997-04-02,"1997_93.3_30",93.3,"30",32.85,-117.533,1997-04-02 19:35:00,1997-04-02 19:56:00,"Stylocheiron affine",1997,4,"Spring",-117.5,32.9,"93.3_30","1997:93.3_30","1997:Spring93.3_30","San Diego Inshore",8.509
6510,1997-04-02,"1997_93.3_30",93.3,"30",32.85,-117.533,1997-04-02 19:35:00,1997-04-02 19:56:00,"Stylocheiron carinatum",1997,4,"Spring",-117.5,32.9,"93.3_30","1997:93.3_30","1997:Spring93.3_30","San Diego Inshore",0
6510,1997-04-02,"1997_93.3_30",93.3,"30",32.85,-117.533,1997-04-02 19:35:00,1997-04-02 19:56:00,"Stylocheiron elongatum",1997,4,"Spring",-117.5,32.9,"93.3_30","1997:93.3_30","1997:Spring93.3_30","San Diego Inshore",0
6510,1997-04-02,"1997_93.3_30",93.3,"30",32.85,-117.533,1997-04-02 19:35:00,1997-04-02 19:56:00,"Stylocheiron longicorne",1997,4,"Spring",-117.5,32.9,"93.3_30","1997:93.3_30","1997:Spring93.3_30","San Diego Inshore",0
6510,1997-04-02,"1997_93.3_30",93.3,"30",32.85,-117.533,1997-04-02 19:35:00,1997-04-02 19:56:00,"Stylocheiron maximum",1997,4,"Spring",-117.5,32.9,"93.3_30","1997:93.3_30","1997:Spring93.3_30","San Diego Inshore",0
6510,1997-04-02,"1997_93.3_30",93.3,"30",32.85,-117.533,1997-04-02 19:35:00,1997-04-02 19:56:00,"Stylocheiron suhmi",1997,4,"Spring",-117.5,32.9,"93.3_30","1997:93.3_30","1997:Spring93.3_30","San Diego Inshore",0
6510,1997-04-02,"1997_93.3_30",93.3,"30",32.85,-117.533,1997-04-02 19:35:00,1997-04-02 19:56:00,"Tessarabrachion oculatum",1997,4,"Spring",-117.5,32.9,"93.3_30","1997:93.3_30","1997:Spring93.3_30","San Diego Inshore",0
6510,1997-04-02,"1997_93.3_30",93.3,"30",32.85,-117.533,1997-04-02 19:35:00,1997-04-02 19:56:00,"Thysanoessa gregaria",1997,4,"Spring",-117.5,32.9,"93.3_30","1997:93.3_30","1997:Spring93.3_30","San Diego Inshore",0
6510,1997-04-02,"1997_93.3_30",93.3,"30",32.85,-117.533,1997-04-02 19:35:00,1997-04-02 19:56:00,"Thysanoessa longipes",1997,4,"Spring",-117.5,32.9,"93.3_30","1997:93.3_30","1997:Spring93.3_30","San Diego Inshore",0
6510,1997-04-02,"1997_93.3_30",93.3,"30",32.85,-117.533,1997-04-02 19:35:00,1997-04-02 19:56:00,"Thysanoessa spinifera",1997,4,"Spring",-117.5,32.9,"93.3_30","1997:93.3_30","1997:Spring93.3_30","San Diego Inshore",0
6510,1997-04-02,"1997_93.3_30",93.3,"30",32.85,-117.533,1997-04-02 19:35:00,1997-04-02 19:56:00,"Thysanopoda astylata",1997,4,"Spring",-117.5,32.9,"93.3_30","1997:93.3_30","1997:Spring93.3_30","San Diego Inshore",0
6510,1997-04-02,"1997_93.3_30",93.3,"30",32.85,-117.533,1997-04-02 19:35:00,1997-04-02 19:56:00,"Thysanopoda cornuta",1997,4,"Spring",-117.5,32.9,"93.3_30","1997:93.3_30","1997:Spring93.3_30","San Diego Inshore",0
6510,1997-04-02,"1997_93.3_30",93.3,"30",32.85,-117.533,1997-04-02 19:35:00,1997-04-02 19:56:00,"Thysanopoda egregia",1997,4,"Spring",-117.5,32.9,"93.3_30","1997:93.3_30","1997:Spring93.3_30","San Diego Inshore",0
6510,1997-04-02,"1997_93.3_30",93.3,"30",32.85,-117.533,1997-04-02 19:35:00,1997-04-02 19:56:00,"Thysanopoda monacantha",1997,4,"Spring",-117.5,32.9,"93.3_30","1997:93.3_30","1997:Spring93.3_30","San Diego Inshore",0
6510,1997-04-02,"1997_93.3_30",93.3,"30",32.85,-117.533,1997-04-02 19:35:00,1997-04-02 19:56:00,"Thysanopoda obtusifrons",1997,4,"Spring",-117.5,32.9,"93.3_30","1997:93.3_30","1997:Spring93.3_30","San Diego Inshore",0
6510,1997-04-02,"1997_93.3_30",93.3,"30",32.85,-117.533,1997-04-02 19:35:00,1997-04-02 19:56:00,"Thysanopoda orientalis",1997,4,"Spring",-117.5,32.9,"93.3_30","1997:93.3_30","1997:Spring93.3_30","San Diego Inshore",0
6510,1997-04-02,"1997_93.3_30",93.3,"30",32.85,-117.533,1997-04-02 19:35:00,1997-04-02 19:56:00,"Thysanopoda pectinata",1997,4,"Spring",-117.5,32.9,"93.3_30","1997:93.3_30","1997:Spring93.3_30","San Diego Inshore",0
6516,1997-04-03,"1997_93.3_60",93.3,"60",31.85,-119.567,1997-04-03 22:33:00,1997-04-03 22:54:00,"Euphausia brevis",1997,4,"Spring",-119.6,31.9,"93.3_60","1997:93.3_60","1997:Spring93.3_60","San Diego Offshore",0
6516,1997-04-03,"1997_93.3_60",93.3,"60",31.85,-119.567,1997-04-03 22:33:00,1997-04-03 22:54:00,"Euphausia diomedeae",1997,4,"Spring",-119.6,31.9,"93.3_60","1997:93.3_60","1997:Spring93.3_60","San Diego Offshore",0
6516,1997-04-03,"1997_93.3_60",93.3,"60",31.85,-119.567,1997-04-03 22:33:00,1997-04-03 22:54:00,"Euphausia distinguenda",1997,4,"Spring",-119.6,31.9,"93.3_60","1997:93.3_60","1997:Spring93.3_60","San Diego Offshore",0
6516,1997-04-03,"1997_93.3_60",93.3,"60",31.85,-119.567,1997-04-03 22:33:00,1997-04-03 22:54:00,"Euphausia eximia",1997,4,"Spring",-119.6,31.9,"93.3_60","1997:93.3_60","1997:Spring93.3_60","San Diego Offshore",0
6516,1997-04-03,"1997_93.3_60",93.3,"60",31.85,-119.567,1997-04-03 22:33:00,1997-04-03 22:54:00,"Euphausia gibboides",1997,4,"Spring",-119.6,31.9,"93.3_60","1997:93.3_60","1997:Spring93.3_60","San Diego Offshore",0
6516,1997-04-03,"1997_93.3_60",93.3,"60",31.85,-119.567,1997-04-03 22:33:00,1997-04-03 22:54:00,"Euphausia hemigibba",1997,4,"Spring",-119.6,31.9,"93.3_60","1997:93.3_60","1997:Spring93.3_60","San Diego Offshore",0
6516,1997-04-03,"1997_93.3_60",93.3,"60",31.85,-119.567,1997-04-03 22:33:00,1997-04-03 22:54:00,"Euphausia lamelligera",1997,4,"Spring",-119.6,31.9,"93.3_60","1997:93.3_60","1997:Spring93.3_60","San Diego Offshore",0
6516,1997-04-03,"1997_93.3_60",93.3,"60",31.85,-119.567,1997-04-03 22:33:00,1997-04-03 22:54:00,"Euphausia mutica",1997,4,"Spring",-119.6,31.9,"93.3_60","1997:93.3_60","1997:Spring93.3_60","San Diego Offshore",0
6516,1997-04-03,"1997_93.3_60",93.3,"60",31.85,-119.567,1997-04-03 22:33:00,1997-04-03 22:54:00,"Euphausia pacifica",1997,4,"Spring",-119.6,31.9,"93.3_60","1997:93.3_60","1997:Spring93.3_60","San Diego Offshore",755.417
6516,1997-04-03,"1997_93.3_60",93.3,"60",31.85,-119.567,1997-04-03 22:33:00,1997-04-03 22:54:00,"Euphausia recurva",1997,4,"Spring",-119.6,31.9,"93.3_60","1997:93.3_60","1997:Spring93.3_60","San Diego Offshore",11.806
6516,1997-04-03,"1997_93.3_60",93.3,"60",31.85,-119.567,1997-04-03 22:33:00,1997-04-03 22:54:00,"Euphausia tenera",1997,4,"Spring",-119.6,31.9,"93.3_60","1997:93.3_60","1997:Spring93.3_60","San Diego Offshore",0
6516,1997-04-03,"1997_93.3_60",93.3,"60",31.85,-119.567,1997-04-03 22:33:00,1997-04-03 22:54:00,"Nematobrachion boopis",1997,4,"Spring",-119.6,31.9,"93.3_60","1997:93.3_60","1997:Spring93.3_60","San Diego Offshore",0
6516,1997-04-03,"1997_93.3_60",93.3,"60",31.85,-119.567,1997-04-03 22:33:00,1997-04-03 22:54:00,"Nematobrachion flexipes",1997,4,"Spring",-119.6,31.9,"93.3_60","1997:93.3_60","1997:Spring93.3_60","San Diego Offshore",0
6516,1997-04-03,"1997_93.3_60",93.3,"60",31.85,-119.567,1997-04-03 22:33:00,1997-04-03 22:54:00,"Nematoscelis atlantica",1997,4,"Spring",-119.6,31.9,"93.3_60","1997:93.3_60","1997:Spring93.3_60","San Diego Offshore",0
6516,1997-04-03,"1997_93.3_60",93.3,"60",31.85,-119.567,1997-04-03 22:33:00,1997-04-03 22:54:00,"Nematoscelis difficilis",1997,4,"Spring",-119.6,31.9,"93.3_60","1997:93.3_60","1997:Spring93.3_60","San Diego Offshore",515.895
6516,1997-04-03,"1997_93.3_60",93.3,"60",31.85,-119.567,1997-04-03 22:33:00,1997-04-03 22:54:00,"Nematoscelis gracilis",1997,4,"Spring",-119.6,31.9,"93.3_60","1997:93.3_60","1997:Spring93.3_60","San Diego Offshore",0
6516,1997-04-03,"1997_93.3_60",93.3,"60",31.85,-119.567,1997-04-03 22:33:00,1997-04-03 22:54:00,"Nematoscelis microps",1997,4,"Spring",-119.6,31.9,"93.3_60","1997:93.3_60","1997:Spring93.3_60","San Diego Offshore",0
6516,1997-04-03,"1997_93.3_60",93.3,"60",31.85,-119.567,1997-04-03 22:33:00,1997-04-03 22:54:00,"Nematoscelis tenella",1997,4,"Spring",-119.6,31.9,"93.3_60","1997:93.3_60","1997:Spring93.3_60","San Diego Offshore",0
6516,1997-04-03,"1997_93.3_60",93.3,"60",31.85,-119.567,1997-04-03 22:33:00,1997-04-03 22:54:00,"Nyctiphanes simplex",1997,4,"Spring",-119.6,31.9,"93.3_60","1997:93.3_60","1997:Spring93.3_60","San Diego Offshore",36.85
6516,1997-04-03,"1997_93.3_60",93.3,"60",31.85,-119.567,1997-04-03 22:33:00,1997-04-03 22:54:00,"Stylocheiron abbreviatum",1997,4,"Spring",-119.6,31.9,"93.3_60","1997:93.3_60","1997:Spring93.3_60","San Diego Offshore",0
6516,1997-04-03,"1997_93.3_60",93.3,"60",31.85,-119.567,1997-04-03 22:33:00,1997-04-03 22:54:00,"Stylocheiron affine",1997,4,"Spring",-119.6,31.9,"93.3_60","1997:93.3_60","1997:Spring93.3_60","San Diego Offshore",0
6516,1997-04-03,"1997_93.3_60",93.3,"60",31.85,-119.567,1997-04-03 22:33:00,1997-04-03 22:54:00,"Stylocheiron carinatum",1997,4,"Spring",-119.6,31.9,"93.3_60","1997:93.3_60","1997:Spring93.3_60","San Diego Offshore",0
6516,1997-04-03,"1997_93.3_60",93.3,"60",31.85,-119.567,1997-04-03 22:33:00,1997-04-03 22:54:00,"Stylocheiron elongatum",1997,4,"Spring",-119.6,31.9,"93.3_60","1997:93.3_60","1997:Spring93.3_60","San Diego Offshore",0
6516,1997-04-03,"1997_93.3_60",93.3,"60",31.85,-119.567,1997-04-03 22:33:00,1997-04-03 22:54:00,"Stylocheiron longicorne",1997,4,"Spring",-119.6,31.9,"93.3_60","1997:93.3_60","1997:Spring93.3_60","San Diego Offshore",5.903
6516,1997-04-03,"1997_93.3_60",93.3,"60",31.85,-119.567,1997-04-03 22:33:00,1997-04-03 22:54:00,"Stylocheiron maximum",1997,4,"Spring",-119.6,31.9,"93.3_60","1997:93.3_60","1997:Spring93.3_60","San Diego Offshore",0
6516,1997-04-03,"1997_93.3_60",93.3,"60",31.85,-119.567,1997-04-03 22:33:00,1997-04-03 22:54:00,"Stylocheiron suhmi",1997,4,"Spring",-119.6,31.9,"93.3_60","1997:93.3_60","1997:Spring93.3_60","San Diego Offshore",0
6516,1997-04-03,"1997_93.3_60",93.3,"60",31.85,-119.567,1997-04-03 22:33:00,1997-04-03 22:54:00,"Tessarabrachion oculatum",1997,4,"Spring",-119.6,31.9,"93.3_60","1997:93.3_60","1997:Spring93.3_60","San Diego Offshore",0
6516,1997-04-03,"1997_93.3_60",93.3,"60",31.85,-119.567,1997-04-03 22:33:00,1997-04-03 22:54:00,"Thysanoessa gregaria",1997,4,"Spring",-119.6,31.9,"93.3_60","1997:93.3_60","1997:Spring93.3_60","San Diego Offshore",36.85
6516,1997-04-03,"1997_93.3_60",93.3,"60",31.85,-119.567,1997-04-03 22:33:00,1997-04-03 22:54:00,"Thysanoessa longipes",1997,4,"Spring",-119.6,31.9,"93.3_60","1997:93.3_60","1997:Spring93.3_60","San Diego Offshore",0
6516,1997-04-03,"1997_93.3_60",93.3,"60",31.85,-119.567,1997-04-03 22:33:00,1997-04-03 22:54:00,"Thysanoessa spinifera",1997,4,"Spring",-119.6,31.9,"93.3_60","1997:93.3_60","1997:Spring93.3_60","San Diego Offshore",0
6516,1997-04-03,"1997_93.3_60",93.3,"60",31.85,-119.567,1997-04-03 22:33:00,1997-04-03 22:54:00,"Thysanopoda astylata",1997,4,"Spring",-119.6,31.9,"93.3_60","1997:93.3_60","1997:Spring93.3_60","San Diego Offshore",0
6516,1997-04-03,"1997_93.3_60",93.3,"60",31.85,-119.567,1997-04-03 22:33:00,1997-04-03 22:54:00,"Thysanopoda cornuta",1997,4,"Spring",-119.6,31.9,"93.3_60","1997:93.3_60","1997:Spring93.3_60","San Diego Offshore",0
6516,1997-04-03,"1997_93.3_60",93.3,"60",31.85,-119.567,1997-04-03 22:33:00,1997-04-03 22:54:00,"Thysanopoda egregia",1997,4,"Spring",-119.6,31.9,"93.3_60","1997:93.3_60","1997:Spring93.3_60","San Diego Offshore",0
6516,1997-04-03,"1997_93.3_60",93.3,"60",31.85,-119.567,1997-04-03 22:33:00,1997-04-03 22:54:00,"Thysanopoda monacantha",1997,4,"Spring",-119.6,31.9,"93.3_60","1997:93.3_60","1997:Spring93.3_60","San Diego Offshore",0
6516,1997-04-03,"1997_93.3_60",93.3,"60",31.85,-119.567,1997-04-03 22:33:00,1997-04-03 22:54:00,"Thysanopoda obtusifrons",1997,4,"Spring",-119.6,31.9,"93.3_60","1997:93.3_60","1997:Spring93.3_60","San Diego Offshore",0
6516,1997-04-03,"1997_93.3_60",93.3,"60",31.85,-119.567,1997-04-03 22:33:00,1997-04-03 22:54:00,"Thysanopoda orientalis",1997,4,"Spring",-119.6,31.9,"93.3_60","1997:93.3_60","1997:Spring93.3_60","San Diego Offshore",0
6516,1997-04-03,"1997_93.3_60",93.3,"60",31.85,-119.567,1997-04-03 22:33:00,1997-04-03 22:54:00,"Thysanopoda pectinata",1997,4,"Spring",-119.6,31.9,"93.3_60","1997:93.3_60","1997:Spring93.3_60","San Diego Offshore",0
6539,1997-04-15,"1997_80_60",80,"60",34.15,-121.15,1997-04-15 19:10:00,1997-04-15 19:31:00,"Euphausia brevis",1997,4,"Spring",-121.2,34.1,"80_60","1997:80_60","1997:Spring80_60","Pt. Conception",0
6539,1997-04-15,"1997_80_60",80,"60",34.15,-121.15,1997-04-15 19:10:00,1997-04-15 19:31:00,"Euphausia diomedeae",1997,4,"Spring",-121.2,34.1,"80_60","1997:80_60","1997:Spring80_60","Pt. Conception",0
6539,1997-04-15,"1997_80_60",80,"60",34.15,-121.15,1997-04-15 19:10:00,1997-04-15 19:31:00,"Euphausia distinguenda",1997,4,"Spring",-121.2,34.1,"80_60","1997:80_60","1997:Spring80_60","Pt. Conception",0
6539,1997-04-15,"1997_80_60",80,"60",34.15,-121.15,1997-04-15 19:10:00,1997-04-15 19:31:00,"Euphausia eximia",1997,4,"Spring",-121.2,34.1,"80_60","1997:80_60","1997:Spring80_60","Pt. Conception",0
6539,1997-04-15,"1997_80_60",80,"60",34.15,-121.15,1997-04-15 19:10:00,1997-04-15 19:31:00,"Euphausia gibboides",1997,4,"Spring",-121.2,34.1,"80_60","1997:80_60","1997:Spring80_60","Pt. Conception",0
6539,1997-04-15,"1997_80_60",80,"60",34.15,-121.15,1997-04-15 19:10:00,1997-04-15 19:31:00,"Euphausia hemigibba",1997,4,"Spring",-121.2,34.1,"80_60","1997:80_60","1997:Spring80_60","Pt. Conception",0
6539,1997-04-15,"1997_80_60",80,"60",34.15,-121.15,1997-04-15 19:10:00,1997-04-15 19:31:00,"Euphausia lamelligera",1997,4,"Spring",-121.2,34.1,"80_60","1997:80_60","1997:Spring80_60","Pt. Conception",0
6539,1997-04-15,"1997_80_60",80,"60",34.15,-121.15,1997-04-15 19:10:00,1997-04-15 19:31:00,"Euphausia mutica",1997,4,"Spring",-121.2,34.1,"80_60","1997:80_60","1997:Spring80_60","Pt. Conception",0
6539,1997-04-15,"1997_80_60",80,"60",34.15,-121.15,1997-04-15 19:10:00,1997-04-15 19:31:00,"Euphausia pacifica",1997,4,"Spring",-121.2,34.1,"80_60","1997:80_60","1997:Spring80_60","Pt. Conception",1381.085
6539,1997-04-15,"1997_80_60",80,"60",34.15,-121.15,1997-04-15 19:10:00,1997-04-15 19:31:00,"Euphausia recurva",1997,4,"Spring",-121.2,34.1,"80_60","1997:80_60","1997:Spring80_60","Pt. Conception",0
6539,1997-04-15,"1997_80_60",80,"60",34.15,-121.15,1997-04-15 19:10:00,1997-04-15 19:31:00,"Euphausia tenera",1997,4,"Spring",-121.2,34.1,"80_60","1997:80_60","1997:Spring80_60","Pt. Conception",0
6539,1997-04-15,"1997_80_60",80,"60",34.15,-121.15,1997-04-15 19:10:00,1997-04-15 19:31:00,"Nematobrachion boopis",1997,4,"Spring",-121.2,34.1,"80_60","1997:80_60","1997:Spring80_60","Pt. Conception",0
6539,1997-04-15,"1997_80_60",80,"60",34.15,-121.15,1997-04-15 19:10:00,1997-04-15 19:31:00,"Nematobrachion flexipes",1997,4,"Spring",-121.2,34.1,"80_60","1997:80_60","1997:Spring80_60","Pt. Conception",0
6539,1997-04-15,"1997_80_60",80,"60",34.15,-121.15,1997-04-15 19:10:00,1997-04-15 19:31:00,"Nematoscelis atlantica",1997,4,"Spring",-121.2,34.1,"80_60","1997:80_60","1997:Spring80_60","Pt. Conception",0
6539,1997-04-15,"1997_80_60",80,"60",34.15,-121.15,1997-04-15 19:10:00,1997-04-15 19:31:00,"Nematoscelis difficilis",1997,4,"Spring",-121.2,34.1,"80_60","1997:80_60","1997:Spring80_60","Pt. Conception",182.912
6539,1997-04-15,"1997_80_60",80,"60",34.15,-121.15,1997-04-15 19:10:00,1997-04-15 19:31:00,"Nematoscelis gracilis",1997,4,"Spring",-121.2,34.1,"80_60","1997:80_60","1997:Spring80_60","Pt. Conception",0
6539,1997-04-15,"1997_80_60",80,"60",34.15,-121.15,1997-04-15 19:10:00,1997-04-15 19:31:00,"Nematoscelis microps",1997,4,"Spring",-121.2,34.1,"80_60","1997:80_60","1997:Spring80_60","Pt. Conception",0
6539,1997-04-15,"1997_80_60",80,"60",34.15,-121.15,1997-04-15 19:10:00,1997-04-15 19:31:00,"Nematoscelis tenella",1997,4,"Spring",-121.2,34.1,"80_60","1997:80_60","1997:Spring80_60","Pt. Conception",0
6539,1997-04-15,"1997_80_60",80,"60",34.15,-121.15,1997-04-15 19:10:00,1997-04-15 19:31:00,"Nyctiphanes simplex",1997,4,"Spring",-121.2,34.1,"80_60","1997:80_60","1997:Spring80_60","Pt. Conception",11.429
6539,1997-04-15,"1997_80_60",80,"60",34.15,-121.15,1997-04-15 19:10:00,1997-04-15 19:31:00,"Stylocheiron abbreviatum",1997,4,"Spring",-121.2,34.1,"80_60","1997:80_60","1997:Spring80_60","Pt. Conception",1.096
6539,1997-04-15,"1997_80_60",80,"60",34.15,-121.15,1997-04-15 19:10:00,1997-04-15 19:31:00,"Stylocheiron affine",1997,4,"Spring",-121.2,34.1,"80_60","1997:80_60","1997:Spring80_60","Pt. Conception",0
6539,1997-04-15,"1997_80_60",80,"60",34.15,-121.15,1997-04-15 19:10:00,1997-04-15 19:31:00,"Stylocheiron carinatum",1997,4,"Spring",-121.2,34.1,"80_60","1997:80_60","1997:Spring80_60","Pt. Conception",0
6539,1997-04-15,"1997_80_60",80,"60",34.15,-121.15,1997-04-15 19:10:00,1997-04-15 19:31:00,"Stylocheiron elongatum",1997,4,"Spring",-121.2,34.1,"80_60","1997:80_60","1997:Spring80_60","Pt. Conception",0
6539,1997-04-15,"1997_80_60",80,"60",34.15,-121.15,1997-04-15 19:10:00,1997-04-15 19:31:00,"Stylocheiron longicorne",1997,4,"Spring",-121.2,34.1,"80_60","1997:80_60","1997:Spring80_60","Pt. Conception",0
6539,1997-04-15,"1997_80_60",80,"60",34.15,-121.15,1997-04-15 19:10:00,1997-04-15 19:31:00,"Stylocheiron maximum",1997,4,"Spring",-121.2,34.1,"80_60","1997:80_60","1997:Spring80_60","Pt. Conception",1.096
6539,1997-04-15,"1997_80_60",80,"60",34.15,-121.15,1997-04-15 19:10:00,1997-04-15 19:31:00,"Stylocheiron suhmi",1997,4,"Spring",-121.2,34.1,"80_60","1997:80_60","1997:Spring80_60","Pt. Conception",0
6539,1997-04-15,"1997_80_60",80,"60",34.15,-121.15,1997-04-15 19:10:00,1997-04-15 19:31:00,"Tessarabrachion oculatum",1997,4,"Spring",-121.2,34.1,"80_60","1997:80_60","1997:Spring80_60","Pt. Conception",0
6539,1997-04-15,"1997_80_60",80,"60",34.15,-121.15,1997-04-15 19:10:00,1997-04-15 19:31:00,"Thysanoessa gregaria",1997,4,"Spring",-121.2,34.1,"80_60","1997:80_60","1997:Spring80_60","Pt. Conception",20.575
6539,1997-04-15,"1997_80_60",80,"60",34.15,-121.15,1997-04-15 19:10:00,1997-04-15 19:31:00,"Thysanoessa longipes",1997,4,"Spring",-121.2,34.1,"80_60","1997:80_60","1997:Spring80_60","Pt. Conception",0
6539,1997-04-15,"1997_80_60",80,"60",34.15,-121.15,1997-04-15 19:10:00,1997-04-15 19:31:00,"Thysanoessa spinifera",1997,4,"Spring",-121.2,34.1,"80_60","1997:80_60","1997:Spring80_60","Pt. Conception",0
6539,1997-04-15,"1997_80_60",80,"60",34.15,-121.15,1997-04-15 19:10:00,1997-04-15 19:31:00,"Thysanopoda astylata",1997,4,"Spring",-121.2,34.1,"80_60","1997:80_60","1997:Spring80_60","Pt. Conception",0
6539,1997-04-15,"1997_80_60",80,"60",34.15,-121.15,1997-04-15 19:10:00,1997-04-15 19:31:00,"Thysanopoda cornuta",1997,4,"Spring",-121.2,34.1,"80_60","1997:80_60","1997:Spring80_60","Pt. Conception",0
6539,1997-04-15,"1997_80_60",80,"60",34.15,-121.15,1997-04-15 19:10:00,1997-04-15 19:31:00,"Thysanopoda egregia",1997,4,"Spring",-121.2,34.1,"80_60","1997:80_60","1997:Spring80_60","Pt. Conception",0
6539,1997-04-15,"1997_80_60",80,"60",34.15,-121.15,1997-04-15 19:10:00,1997-04-15 19:31:00,"Thysanopoda monacantha",1997,4,"Spring",-121.2,34.1,"80_60","1997:80_60","1997:Spring80_60","Pt. Conception",0
6539,1997-04-15,"1997_80_60",80,"60",34.15,-121.15,1997-04-15 19:10:00,1997-04-15 19:31:00,"Thysanopoda obtusifrons",1997,4,"Spring",-121.2,34.1,"80_60","1997:80_60","1997:Spring80_60","Pt. Conception",0
6539,1997-04-15,"1997_80_60",80,"60",34.15,-121.15,1997-04-15 19:10:00,1997-04-15 19:31:00,"Thysanopoda orientalis",1997,4,"Spring",-121.2,34.1,"80_60","1997:80_60","1997:Spring80_60","Pt. Conception",0
6539,1997-04-15,"1997_80_60",80,"60",34.15,-121.15,1997-04-15 19:10:00,1997-04-15 19:31:00,"Thysanopoda pectinata",1997,4,"Spring",-121.2,34.1,"80_60","1997:80_60","1997:Spring80_60","Pt. Conception",0
6594,1998-04-02,"1998_93.3_30",93.3,"30",32.85,-117.53,1998-04-02 23:06:00,1998-04-02 23:27:00,"Euphausia brevis",1998,4,"Spring",-117.5,32.9,"93.3_30","1998:93.3_30","1998:Spring93.3_30","San Diego Inshore",0
6594,1998-04-02,"1998_93.3_30",93.3,"30",32.85,-117.53,1998-04-02 23:06:00,1998-04-02 23:27:00,"Euphausia diomedeae",1998,4,"Spring",-117.5,32.9,"93.3_30","1998:93.3_30","1998:Spring93.3_30","San Diego Inshore",0
6594,1998-04-02,"1998_93.3_30",93.3,"30",32.85,-117.53,1998-04-02 23:06:00,1998-04-02 23:27:00,"Euphausia distinguenda",1998,4,"Spring",-117.5,32.9,"93.3_30","1998:93.3_30","1998:Spring93.3_30","San Diego Inshore",0
6594,1998-04-02,"1998_93.3_30",93.3,"30",32.85,-117.53,1998-04-02 23:06:00,1998-04-02 23:27:00,"Euphausia eximia",1998,4,"Spring",-117.5,32.9,"93.3_30","1998:93.3_30","1998:Spring93.3_30","San Diego Inshore",2.245
6594,1998-04-02,"1998_93.3_30",93.3,"30",32.85,-117.53,1998-04-02 23:06:00,1998-04-02 23:27:00,"Euphausia gibboides",1998,4,"Spring",-117.5,32.9,"93.3_30","1998:93.3_30","1998:Spring93.3_30","San Diego Inshore",2.245
6594,1998-04-02,"1998_93.3_30",93.3,"30",32.85,-117.53,1998-04-02 23:06:00,1998-04-02 23:27:00,"Euphausia hemigibba",1998,4,"Spring",-117.5,32.9,"93.3_30","1998:93.3_30","1998:Spring93.3_30","San Diego Inshore",0
6594,1998-04-02,"1998_93.3_30",93.3,"30",32.85,-117.53,1998-04-02 23:06:00,1998-04-02 23:27:00,"Euphausia lamelligera",1998,4,"Spring",-117.5,32.9,"93.3_30","1998:93.3_30","1998:Spring93.3_30","San Diego Inshore",0
6594,1998-04-02,"1998_93.3_30",93.3,"30",32.85,-117.53,1998-04-02 23:06:00,1998-04-02 23:27:00,"Euphausia mutica",1998,4,"Spring",-117.5,32.9,"93.3_30","1998:93.3_30","1998:Spring93.3_30","San Diego Inshore",0
6594,1998-04-02,"1998_93.3_30",93.3,"30",32.85,-117.53,1998-04-02 23:06:00,1998-04-02 23:27:00,"Euphausia pacifica",1998,4,"Spring",-117.5,32.9,"93.3_30","1998:93.3_30","1998:Spring93.3_30","San Diego Inshore",13.47
6594,1998-04-02,"1998_93.3_30",93.3,"30",32.85,-117.53,1998-04-02 23:06:00,1998-04-02 23:27:00,"Euphausia recurva",1998,4,"Spring",-117.5,32.9,"93.3_30","1998:93.3_30","1998:Spring93.3_30","San Diego Inshore",2.245
6594,1998-04-02,"1998_93.3_30",93.3,"30",32.85,-117.53,1998-04-02 23:06:00,1998-04-02 23:27:00,"Euphausia tenera",1998,4,"Spring",-117.5,32.9,"93.3_30","1998:93.3_30","1998:Spring93.3_30","San Diego Inshore",0
6594,1998-04-02,"1998_93.3_30",93.3,"30",32.85,-117.53,1998-04-02 23:06:00,1998-04-02 23:27:00,"Nematobrachion boopis",1998,4,"Spring",-117.5,32.9,"93.3_30","1998:93.3_30","1998:Spring93.3_30","San Diego Inshore",0
6594,1998-04-02,"1998_93.3_30",93.3,"30",32.85,-117.53,1998-04-02 23:06:00,1998-04-02 23:27:00,"Nematobrachion flexipes",1998,4,"Spring",-117.5,32.9,"93.3_30","1998:93.3_30","1998:Spring93.3_30","San Diego Inshore",2.245
6594,1998-04-02,"1998_93.3_30",93.3,"30",32.85,-117.53,1998-04-02 23:06:00,1998-04-02 23:27:00,"Nematoscelis atlantica",1998,4,"Spring",-117.5,32.9,"93.3_30","1998:93.3_30","1998:Spring93.3_30","San Diego Inshore",0
6594,1998-04-02,"1998_93.3_30",93.3,"30",32.85,-117.53,1998-04-02 23:06:00,1998-04-02 23:27:00,"Nematoscelis difficilis",1998,4,"Spring",-117.5,32.9,"93.3_30","1998:93.3_30","1998:Spring93.3_30","San Diego Inshore",62.862
6594,1998-04-02,"1998_93.3_30",93.3,"30",32.85,-117.53,1998-04-02 23:06:00,1998-04-02 23:27:00,"Nematoscelis gracilis",1998,4,"Spring",-117.5,32.9,"93.3_30","1998:93.3_30","1998:Spring93.3_30","San Diego Inshore",0
6594,1998-04-02,"1998_93.3_30",93.3,"30",32.85,-117.53,1998-04-02 23:06:00,1998-04-02 23:27:00,"Nematoscelis microps",1998,4,"Spring",-117.5,32.9,"93.3_30","1998:93.3_30","1998:Spring93.3_30","San Diego Inshore",0
6594,1998-04-02,"1998_93.3_30",93.3,"30",32.85,-117.53,1998-04-02 23:06:00,1998-04-02 23:27:00,"Nematoscelis tenella",1998,4,"Spring",-117.5,32.9,"93.3_30","1998:93.3_30","1998:Spring93.3_30","San Diego Inshore",0
6594,1998-04-02,"1998_93.3_30",93.3,"30",32.85,-117.53,1998-04-02 23:06:00,1998-04-02 23:27:00,"Nyctiphanes simplex",1998,4,"Spring",-117.5,32.9,"93.3_30","1998:93.3_30","1998:Spring93.3_30","San Diego Inshore",13.47
6594,1998-04-02,"1998_93.3_30",93.3,"30",32.85,-117.53,1998-04-02 23:06:00,1998-04-02 23:27:00,"Stylocheiron abbreviatum",1998,4,"Spring",-117.5,32.9,"93.3_30","1998:93.3_30","1998:Spring93.3_30","San Diego Inshore",0
6594,1998-04-02,"1998_93.3_30",93.3,"30",32.85,-117.53,1998-04-02 23:06:00,1998-04-02 23:27:00,"Stylocheiron affine",1998,4,"Spring",-117.5,32.9,"93.3_30","1998:93.3_30","1998:Spring93.3_30","San Diego Inshore",0
6594,1998-04-02,"1998_93.3_30",93.3,"30",32.85,-117.53,1998-04-02 23:06:00,1998-04-02 23:27:00,"Stylocheiron carinatum",1998,4,"Spring",-117.5,32.9,"93.3_30","1998:93.3_30","1998:Spring93.3_30","San Diego Inshore",0
6594,1998-04-02,"1998_93.3_30",93.3,"30",32.85,-117.53,1998-04-02 23:06:00,1998-04-02 23:27:00,"Stylocheiron elongatum",1998,4,"Spring",-117.5,32.9,"93.3_30","1998:93.3_30","1998:Spring93.3_30","San Diego Inshore",0
6594,1998-04-02,"1998_93.3_30",93.3,"30",32.85,-117.53,1998-04-02 23:06:00,1998-04-02 23:27:00,"Stylocheiron longicorne",1998,4,"Spring",-117.5,32.9,"93.3_30","1998:93.3_30","1998:Spring93.3_30","San Diego Inshore",0
6594,1998-04-02,"1998_93.3_30",93.3,"30",32.85,-117.53,1998-04-02 23:06:00,1998-04-02 23:27:00,"Stylocheiron maximum",1998,4,"Spring",-117.5,32.9,"93.3_30","1998:93.3_30","1998:Spring93.3_30","San Diego Inshore",2.245
6594,1998-04-02,"1998_93.3_30",93.3,"30",32.85,-117.53,1998-04-02 23:06:00,1998-04-02 23:27:00,"Stylocheiron suhmi",1998,4,"Spring",-117.5,32.9,"93.3_30","1998:93.3_30","1998:Spring93.3_30","San Diego Inshore",0
6594,1998-04-02,"1998_93.3_30",93.3,"30",32.85,-117.53,1998-04-02 23:06:00,1998-04-02 23:27:00,"Tessarabrachion oculatum",1998,4,"Spring",-117.5,32.9,"93.3_30","1998:93.3_30","1998:Spring93.3_30","San Diego Inshore",0
6594,1998-04-02,"1998_93.3_30",93.3,"30",32.85,-117.53,1998-04-02 23:06:00,1998-04-02 23:27:00,"Thysanoessa gregaria",1998,4,"Spring",-117.5,32.9,"93.3_30","1998:93.3_30","1998:Spring93.3_30","San Diego Inshore",42.656
6594,1998-04-02,"1998_93.3_30",93.3,"30",32.85,-117.53,1998-04-02 23:06:00,1998-04-02 23:27:00,"Thysanoessa longipes",1998,4,"Spring",-117.5,32.9,"93.3_30","1998:93.3_30","1998:Spring93.3_30","San Diego Inshore",0
6594,1998-04-02,"1998_93.3_30",93.3,"30",32.85,-117.53,1998-04-02 23:06:00,1998-04-02 23:27:00,"Thysanoessa spinifera",1998,4,"Spring",-117.5,32.9,"93.3_30","1998:93.3_30","1998:Spring93.3_30","San Diego Inshore",0
6594,1998-04-02,"1998_93.3_30",93.3,"30",32.85,-117.53,1998-04-02 23:06:00,1998-04-02 23:27:00,"Thysanopoda astylata",1998,4,"Spring",-117.5,32.9,"93.3_30","1998:93.3_30","1998:Spring93.3_30","San Diego Inshore",0
6594,1998-04-02,"1998_93.3_30",93.3,"30",32.85,-117.53,1998-04-02 23:06:00,1998-04-02 23:27:00,"Thysanopoda cornuta",1998,4,"Spring",-117.5,32.9,"93.3_30","1998:93.3_30","1998:Spring93.3_30","San Diego Inshore",0
6594,1998-04-02,"1998_93.3_30",93.3,"30",32.85,-117.53,1998-04-02 23:06:00,1998-04-02 23:27:00,"Thysanopoda egregia",1998,4,"Spring",-117.5,32.9,"93.3_30","1998:93.3_30","1998:Spring93.3_30","San Diego Inshore",0
6594,1998-04-02,"1998_93.3_30",93.3,"30",32.85,-117.53,1998-04-02 23:06:00,1998-04-02 23:27:00,"Thysanopoda monacantha",1998,4,"Spring",-117.5,32.9,"93.3_30","1998:93.3_30","1998:Spring93.3_30","San Diego Inshore",0
6594,1998-04-02,"1998_93.3_30",93.3,"30",32.85,-117.53,1998-04-02 23:06:00,1998-04-02 23:27:00,"Thysanopoda obtusifrons",1998,4,"Spring",-117.5,32.9,"93.3_30","1998:93.3_30","1998:Spring93.3_30","San Diego Inshore",0
6594,1998-04-02,"1998_93.3_30",93.3,"30",32.85,-117.53,1998-04-02 23:06:00,1998-04-02 23:27:00,"Thysanopoda orientalis",1998,4,"Spring",-117.5,32.9,"93.3_30","1998:93.3_30","1998:Spring93.3_30","San Diego Inshore",0
6594,1998-04-02,"1998_93.3_30",93.3,"30",32.85,-117.53,1998-04-02 23:06:00,1998-04-02 23:27:00,"Thysanopoda pectinata",1998,4,"Spring",-117.5,32.9,"93.3_30","1998:93.3_30","1998:Spring93.3_30","San Diego Inshore",0
6600,1998-04-04,"1998_93.3_60",93.3,"60",31.85,-119.57,1998-04-04 02:55:00,1998-04-04 03:16:00,"Euphausia brevis",1998,4,"Spring",-119.6,31.9,"93.3_60","1998:93.3_60","1998:Spring93.3_60","San Diego Offshore",0
6600,1998-04-04,"1998_93.3_60",93.3,"60",31.85,-119.57,1998-04-04 02:55:00,1998-04-04 03:16:00,"Euphausia diomedeae",1998,4,"Spring",-119.6,31.9,"93.3_60","1998:93.3_60","1998:Spring93.3_60","San Diego Offshore",0
6600,1998-04-04,"1998_93.3_60",93.3,"60",31.85,-119.57,1998-04-04 02:55:00,1998-04-04 03:16:00,"Euphausia distinguenda",1998,4,"Spring",-119.6,31.9,"93.3_60","1998:93.3_60","1998:Spring93.3_60","San Diego Offshore",0
6600,1998-04-04,"1998_93.3_60",93.3,"60",31.85,-119.57,1998-04-04 02:55:00,1998-04-04 03:16:00,"Euphausia eximia",1998,4,"Spring",-119.6,31.9,"93.3_60","1998:93.3_60","1998:Spring93.3_60","San Diego Offshore",4.241
6600,1998-04-04,"1998_93.3_60",93.3,"60",31.85,-119.57,1998-04-04 02:55:00,1998-04-04 03:16:00,"Euphausia gibboides",1998,4,"Spring",-119.6,31.9,"93.3_60","1998:93.3_60","1998:Spring93.3_60","San Diego Offshore",25.445
6600,1998-04-04,"1998_93.3_60",93.3,"60",31.85,-119.57,1998-04-04 02:55:00,1998-04-04 03:16:00,"Euphausia hemigibba",1998,4,"Spring",-119.6,31.9,"93.3_60","1998:93.3_60","1998:Spring93.3_60","San Diego Offshore",4.241
6600,1998-04-04,"1998_93.3_60",93.3,"60",31.85,-119.57,1998-04-04 02:55:00,1998-04-04 03:16:00,"Euphausia lamelligera",1998,4,"Spring",-119.6,31.9,"93.3_60","1998:93.3_60","1998:Spring93.3_60","San Diego Offshore",0
6600,1998-04-04,"1998_93.3_60",93.3,"60",31.85,-119.57,1998-04-04 02:55:00,1998-04-04 03:16:00,"Euphausia mutica",1998,4,"Spring",-119.6,31.9,"93.3_60","1998:93.3_60","1998:Spring93.3_60","San Diego Offshore",0
6600,1998-04-04,"1998_93.3_60",93.3,"60",31.85,-119.57,1998-04-04 02:55:00,1998-04-04 03:16:00,"Euphausia pacifica",1998,4,"Spring",-119.6,31.9,"93.3_60","1998:93.3_60","1998:Spring93.3_60","San Diego Offshore",33.926
6600,1998-04-04,"1998_93.3_60",93.3,"60",31.85,-119.57,1998-04-04 02:55:00,1998-04-04 03:16:00,"Euphausia recurva",1998,4,"Spring",-119.6,31.9,"93.3_60","1998:93.3_60","1998:Spring93.3_60","San Diego Offshore",72.094
6600,1998-04-04,"1998_93.3_60",93.3,"60",31.85,-119.57,1998-04-04 02:55:00,1998-04-04 03:16:00,"Euphausia tenera",1998,4,"Spring",-119.6,31.9,"93.3_60","1998:93.3_60","1998:Spring93.3_60","San Diego Offshore",0
6600,1998-04-04,"1998_93.3_60",93.3,"60",31.85,-119.57,1998-04-04 02:55:00,1998-04-04 03:16:00,"Nematobrachion boopis",1998,4,"Spring",-119.6,31.9,"93.3_60","1998:93.3_60","1998:Spring93.3_60","San Diego Offshore",0
6600,1998-04-04,"1998_93.3_60",93.3,"60",31.85,-119.57,1998-04-04 02:55:00,1998-04-04 03:16:00,"Nematobrachion flexipes",1998,4,"Spring",-119.6,31.9,"93.3_60","1998:93.3_60","1998:Spring93.3_60","San Diego Offshore",0
6600,1998-04-04,"1998_93.3_60",93.3,"60",31.85,-119.57,1998-04-04 02:55:00,1998-04-04 03:16:00,"Nematoscelis atlantica",1998,4,"Spring",-119.6,31.9,"93.3_60","1998:93.3_60","1998:Spring93.3_60","San Diego Offshore",0
6600,1998-04-04,"1998_93.3_60",93.3,"60",31.85,-119.57,1998-04-04 02:55:00,1998-04-04 03:16:00,"Nematoscelis difficilis",1998,4,"Spring",-119.6,31.9,"93.3_60","1998:93.3_60","1998:Spring93.3_60","San Diego Offshore",122.984
6600,1998-04-04,"1998_93.3_60",93.3,"60",31.85,-119.57,1998-04-04 02:55:00,1998-04-04 03:16:00,"Nematoscelis gracilis",1998,4,"Spring",-119.6,31.9,"93.3_60","1998:93.3_60","1998:Spring93.3_60","San Diego Offshore",0
6600,1998-04-04,"1998_93.3_60",93.3,"60",31.85,-119.57,1998-04-04 02:55:00,1998-04-04 03:16:00,"Nematoscelis microps",1998,4,"Spring",-119.6,31.9,"93.3_60","1998:93.3_60","1998:Spring93.3_60","San Diego Offshore",0
6600,1998-04-04,"1998_93.3_60",93.3,"60",31.85,-119.57,1998-04-04 02:55:00,1998-04-04 03:16:00,"Nematoscelis tenella",1998,4,"Spring",-119.6,31.9,"93.3_60","1998:93.3_60","1998:Spring93.3_60","San Diego Offshore",4.241
6600,1998-04-04,"1998_93.3_60",93.3,"60",31.85,-119.57,1998-04-04 02:55:00,1998-04-04 03:16:00,"Nyctiphanes simplex",1998,4,"Spring",-119.6,31.9,"93.3_60","1998:93.3_60","1998:Spring93.3_60","San Diego Offshore",4.241
6600,1998-04-04,"1998_93.3_60",93.3,"60",31.85,-119.57,1998-04-04 02:55:00,1998-04-04 03:16:00,"Stylocheiron abbreviatum",1998,4,"Spring",-119.6,31.9,"93.3_60","1998:93.3_60","1998:Spring93.3_60","San Diego Offshore",4.241
6600,1998-04-04,"1998_93.3_60",93.3,"60",31.85,-119.57,1998-04-04 02:55:00,1998-04-04 03:16:00,"Stylocheiron affine",1998,4,"Spring",-119.6,31.9,"93.3_60","1998:93.3_60","1998:Spring93.3_60","San Diego Offshore",76.335
6600,1998-04-04,"1998_93.3_60",93.3,"60",31.85,-119.57,1998-04-04 02:55:00,1998-04-04 03:16:00,"Stylocheiron carinatum",1998,4,"Spring",-119.6,31.9,"93.3_60","1998:93.3_60","1998:Spring93.3_60","San Diego Offshore",0
6600,1998-04-04,"1998_93.3_60",93.3,"60",31.85,-119.57,1998-04-04 02:55:00,1998-04-04 03:16:00,"Stylocheiron elongatum",1998,4,"Spring",-119.6,31.9,"93.3_60","1998:93.3_60","1998:Spring93.3_60","San Diego Offshore",0
6600,1998-04-04,"1998_93.3_60",93.3,"60",31.85,-119.57,1998-04-04 02:55:00,1998-04-04 03:16:00,"Stylocheiron longicorne",1998,4,"Spring",-119.6,31.9,"93.3_60","1998:93.3_60","1998:Spring93.3_60","San Diego Offshore",4.241
6600,1998-04-04,"1998_93.3_60",93.3,"60",31.85,-119.57,1998-04-04 02:55:00,1998-04-04 03:16:00,"Stylocheiron maximum",1998,4,"Spring",-119.6,31.9,"93.3_60","1998:93.3_60","1998:Spring93.3_60","San Diego Offshore",4.241
6600,1998-04-04,"1998_93.3_60",93.3,"60",31.85,-119.57,1998-04-04 02:55:00,1998-04-04 03:16:00,"Stylocheiron suhmi",1998,4,"Spring",-119.6,31.9,"93.3_60","1998:93.3_60","1998:Spring93.3_60","San Diego Offshore",0
6600,1998-04-04,"1998_93.3_60",93.3,"60",31.85,-119.57,1998-04-04 02:55:00,1998-04-04 03:16:00,"Tessarabrachion oculatum",1998,4,"Spring",-119.6,31.9,"93.3_60","1998:93.3_60","1998:Spring93.3_60","San Diego Offshore",0
6600,1998-04-04,"1998_93.3_60",93.3,"60",31.85,-119.57,1998-04-04 02:55:00,1998-04-04 03:16:00,"Thysanoessa gregaria",1998,4,"Spring",-119.6,31.9,"93.3_60","1998:93.3_60","1998:Spring93.3_60","San Diego Offshore",220.523
6600,1998-04-04,"1998_93.3_60",93.3,"60",31.85,-119.57,1998-04-04 02:55:00,1998-04-04 03:16:00,"Thysanoessa longipes",1998,4,"Spring",-119.6,31.9,"93.3_60","1998:93.3_60","1998:Spring93.3_60","San Diego Offshore",0
6600,1998-04-04,"1998_93.3_60",93.3,"60",31.85,-119.57,1998-04-04 02:55:00,1998-04-04 03:16:00,"Thysanoessa spinifera",1998,4,"Spring",-119.6,31.9,"93.3_60","1998:93.3_60","1998:Spring93.3_60","San Diego Offshore",0
6600,1998-04-04,"1998_93.3_60",93.3,"60",31.85,-119.57,1998-04-04 02:55:00,1998-04-04 03:16:00,"Thysanopoda astylata",1998,4,"Spring",-119.6,31.9,"93.3_60","1998:93.3_60","1998:Spring93.3_60","San Diego Offshore",0
6600,1998-04-04,"1998_93.3_60",93.3,"60",31.85,-119.57,1998-04-04 02:55:00,1998-04-04 03:16:00,"Thysanopoda cornuta",1998,4,"Spring",-119.6,31.9,"93.3_60","1998:93.3_60","1998:Spring93.3_60","San Diego Offshore",0
6600,1998-04-04,"1998_93.3_60",93.3,"60",31.85,-119.57,1998-04-04 02:55:00,1998-04-04 03:16:00,"Thysanopoda egregia",1998,4,"Spring",-119.6,31.9,"93.3_60","1998:93.3_60","1998:Spring93.3_60","San Diego Offshore",0
6600,1998-04-04,"1998_93.3_60",93.3,"60",31.85,-119.57,1998-04-04 02:55:00,1998-04-04 03:16:00,"Thysanopoda monacantha",1998,4,"Spring",-119.6,31.9,"93.3_60","1998:93.3_60","1998:Spring93.3_60","San Diego Offshore",0
6600,1998-04-04,"1998_93.3_60",93.3,"60",31.85,-119.57,1998-04-04 02:55:00,1998-04-04 03:16:00,"Thysanopoda obtusifrons",1998,4,"Spring",-119.6,31.9,"93.3_60","1998:93.3_60","1998:Spring93.3_60","San Diego Offshore",0
6600,1998-04-04,"1998_93.3_60",93.3,"60",31.85,-119.57,1998-04-04 02:55:00,1998-04-04 03:16:00,"Thysanopoda orientalis",1998,4,"Spring",-119.6,31.9,"93.3_60","1998:93.3_60","1998:Spring93.3_60","San Diego Offshore",0
6600,1998-04-04,"1998_93.3_60",93.3,"60",31.85,-119.57,1998-04-04 02:55:00,1998-04-04 03:16:00,"Thysanopoda pectinata",1998,4,"Spring",-119.6,31.9,"93.3_60","1998:93.3_60","1998:Spring93.3_60","San Diego Offshore",0
6616,1998-04-09,"1998_86.7_50",86.7,"50",33.317,-119.67,1998-04-09 23:28:00,1998-04-09 23:34:00,"Euphausia brevis",1998,4,"Spring",-119.7,33.3,"86.7_50","1998:86.7_50","1998:Spring86.7_50","San Nicolas Island",0
6616,1998-04-09,"1998_86.7_50",86.7,"50",33.317,-119.67,1998-04-09 23:28:00,1998-04-09 23:34:00,"Euphausia diomedeae",1998,4,"Spring",-119.7,33.3,"86.7_50","1998:86.7_50","1998:Spring86.7_50","San Nicolas Island",0
6616,1998-04-09,"1998_86.7_50",86.7,"50",33.317,-119.67,1998-04-09 23:28:00,1998-04-09 23:34:00,"Euphausia distinguenda",1998,4,"Spring",-119.7,33.3,"86.7_50","1998:86.7_50","1998:Spring86.7_50","San Nicolas Island",0
6616,1998-04-09,"1998_86.7_50",86.7,"50",33.317,-119.67,1998-04-09 23:28:00,1998-04-09 23:34:00,"Euphausia eximia",1998,4,"Spring",-119.7,33.3,"86.7_50","1998:86.7_50","1998:Spring86.7_50","San Nicolas Island",0.036
6616,1998-04-09,"1998_86.7_50",86.7,"50",33.317,-119.67,1998-04-09 23:28:00,1998-04-09 23:34:00,"Euphausia gibboides",1998,4,"Spring",-119.7,33.3,"86.7_50","1998:86.7_50","1998:Spring86.7_50","San Nicolas Island",0.036
6616,1998-04-09,"1998_86.7_50",86.7,"50",33.317,-119.67,1998-04-09 23:28:00,1998-04-09 23:34:00,"Euphausia hemigibba",1998,4,"Spring",-119.7,33.3,"86.7_50","1998:86.7_50","1998:Spring86.7_50","San Nicolas Island",0
6616,1998-04-09,"1998_86.7_50",86.7,"50",33.317,-119.67,1998-04-09 23:28:00,1998-04-09 23:34:00,"Euphausia lamelligera",1998,4,"Spring",-119.7,33.3,"86.7_50","1998:86.7_50","1998:Spring86.7_50","San Nicolas Island",0
6616,1998-04-09,"1998_86.7_50",86.7,"50",33.317,-119.67,1998-04-09 23:28:00,1998-04-09 23:34:00,"Euphausia mutica",1998,4,"Spring",-119.7,33.3,"86.7_50","1998:86.7_50","1998:Spring86.7_50","San Nicolas Island",0
6616,1998-04-09,"1998_86.7_50",86.7,"50",33.317,-119.67,1998-04-09 23:28:00,1998-04-09 23:34:00,"Euphausia pacifica",1998,4,"Spring",-119.7,33.3,"86.7_50","1998:86.7_50","1998:Spring86.7_50","San Nicolas Island",86.846
6616,1998-04-09,"1998_86.7_50",86.7,"50",33.317,-119.67,1998-04-09 23:28:00,1998-04-09 23:34:00,"Euphausia recurva",1998,4,"Spring",-119.7,33.3,"86.7_50","1998:86.7_50","1998:Spring86.7_50","San Nicolas Island",0
6616,1998-04-09,"1998_86.7_50",86.7,"50",33.317,-119.67,1998-04-09 23:28:00,1998-04-09 23:34:00,"Euphausia tenera",1998,4,"Spring",-119.7,33.3,"86.7_50","1998:86.7_50","1998:Spring86.7_50","San Nicolas Island",0
6616,1998-04-09,"1998_86.7_50",86.7,"50",33.317,-119.67,1998-04-09 23:28:00,1998-04-09 23:34:00,"Nematobrachion boopis",1998,4,"Spring",-119.7,33.3,"86.7_50","1998:86.7_50","1998:Spring86.7_50","San Nicolas Island",0
6616,1998-04-09,"1998_86.7_50",86.7,"50",33.317,-119.67,1998-04-09 23:28:00,1998-04-09 23:34:00,"Nematobrachion flexipes",1998,4,"Spring",-119.7,33.3,"86.7_50","1998:86.7_50","1998:Spring86.7_50","San Nicolas Island",0
6616,1998-04-09,"1998_86.7_50",86.7,"50",33.317,-119.67,1998-04-09 23:28:00,1998-04-09 23:34:00,"Nematoscelis atlantica",1998,4,"Spring",-119.7,33.3,"86.7_50","1998:86.7_50","1998:Spring86.7_50","San Nicolas Island",0
6616,1998-04-09,"1998_86.7_50",86.7,"50",33.317,-119.67,1998-04-09 23:28:00,1998-04-09 23:34:00,"Nematoscelis difficilis",1998,4,"Spring",-119.7,33.3,"86.7_50","1998:86.7_50","1998:Spring86.7_50","San Nicolas Island",239.863
6616,1998-04-09,"1998_86.7_50",86.7,"50",33.317,-119.67,1998-04-09 23:28:00,1998-04-09 23:34:00,"Nematoscelis gracilis",1998,4,"Spring",-119.7,33.3,"86.7_50","1998:86.7_50","1998:Spring86.7_50","San Nicolas Island",0
6616,1998-04-09,"1998_86.7_50",86.7,"50",33.317,-119.67,1998-04-09 23:28:00,1998-04-09 23:34:00,"Nematoscelis microps",1998,4,"Spring",-119.7,33.3,"86.7_50","1998:86.7_50","1998:Spring86.7_50","San Nicolas Island",0
6616,1998-04-09,"1998_86.7_50",86.7,"50",33.317,-119.67,1998-04-09 23:28:00,1998-04-09 23:34:00,"Nematoscelis tenella",1998,4,"Spring",-119.7,33.3,"86.7_50","1998:86.7_50","1998:Spring86.7_50","San Nicolas Island",0
6616,1998-04-09,"1998_86.7_50",86.7,"50",33.317,-119.67,1998-04-09 23:28:00,1998-04-09 23:34:00,"Nyctiphanes simplex",1998,4,"Spring",-119.7,33.3,"86.7_50","1998:86.7_50","1998:Spring86.7_50","San Nicolas Island",66.17
6616,1998-04-09,"1998_86.7_50",86.7,"50",33.317,-119.67,1998-04-09 23:28:00,1998-04-09 23:34:00,"Stylocheiron abbreviatum",1998,4,"Spring",-119.7,33.3,"86.7_50","1998:86.7_50","1998:Spring86.7_50","San Nicolas Island",0
6616,1998-04-09,"1998_86.7_50",86.7,"50",33.317,-119.67,1998-04-09 23:28:00,1998-04-09 23:34:00,"Stylocheiron affine",1998,4,"Spring",-119.7,33.3,"86.7_50","1998:86.7_50","1998:Spring86.7_50","San Nicolas Island",12.407
6616,1998-04-09,"1998_86.7_50",86.7,"50",33.317,-119.67,1998-04-09 23:28:00,1998-04-09 23:34:00,"Stylocheiron carinatum",1998,4,"Spring",-119.7,33.3,"86.7_50","1998:86.7_50","1998:Spring86.7_50","San Nicolas Island",0
6616,1998-04-09,"1998_86.7_50",86.7,"50",33.317,-119.67,1998-04-09 23:28:00,1998-04-09 23:34:00,"Stylocheiron elongatum",1998,4,"Spring",-119.7,33.3,"86.7_50","1998:86.7_50","1998:Spring86.7_50","San Nicolas Island",0
6616,1998-04-09,"1998_86.7_50",86.7,"50",33.317,-119.67,1998-04-09 23:28:00,1998-04-09 23:34:00,"Stylocheiron longicorne",1998,4,"Spring",-119.7,33.3,"86.7_50","1998:86.7_50","1998:Spring86.7_50","San Nicolas Island",0
6616,1998-04-09,"1998_86.7_50",86.7,"50",33.317,-119.67,1998-04-09 23:28:00,1998-04-09 23:34:00,"Stylocheiron maximum",1998,4,"Spring",-119.7,33.3,"86.7_50","1998:86.7_50","1998:Spring86.7_50","San Nicolas Island",0
6616,1998-04-09,"1998_86.7_50",86.7,"50",33.317,-119.67,1998-04-09 23:28:00,1998-04-09 23:34:00,"Stylocheiron suhmi",1998,4,"Spring",-119.7,33.3,"86.7_50","1998:86.7_50","1998:Spring86.7_50","San Nicolas Island",0
6616,1998-04-09,"1998_86.7_50",86.7,"50",33.317,-119.67,1998-04-09 23:28:00,1998-04-09 23:34:00,"Tessarabrachion oculatum",1998,4,"Spring",-119.7,33.3,"86.7_50","1998:86.7_50","1998:Spring86.7_50","San Nicolas Island",0
6616,1998-04-09,"1998_86.7_50",86.7,"50",33.317,-119.67,1998-04-09 23:28:00,1998-04-09 23:34:00,"Thysanoessa gregaria",1998,4,"Spring",-119.7,33.3,"86.7_50","1998:86.7_50","1998:Spring86.7_50","San Nicolas Island",16.542
6616,1998-04-09,"1998_86.7_50",86.7,"50",33.317,-119.67,1998-04-09 23:28:00,1998-04-09 23:34:00,"Thysanoessa longipes",1998,4,"Spring",-119.7,33.3,"86.7_50","1998:86.7_50","1998:Spring86.7_50","San Nicolas Island",0
6616,1998-04-09,"1998_86.7_50",86.7,"50",33.317,-119.67,1998-04-09 23:28:00,1998-04-09 23:34:00,"Thysanoessa spinifera",1998,4,"Spring",-119.7,33.3,"86.7_50","1998:86.7_50","1998:Spring86.7_50","San Nicolas Island",0
6616,1998-04-09,"1998_86.7_50",86.7,"50",33.317,-119.67,1998-04-09 23:28:00,1998-04-09 23:34:00,"Thysanopoda astylata",1998,4,"Spring",-119.7,33.3,"86.7_50","1998:86.7_50","1998:Spring86.7_50","San Nicolas Island",0
6616,1998-04-09,"1998_86.7_50",86.7,"50",33.317,-119.67,1998-04-09 23:28:00,1998-04-09 23:34:00,"Thysanopoda cornuta",1998,4,"Spring",-119.7,33.3,"86.7_50","1998:86.7_50","1998:Spring86.7_50","San Nicolas Island",0
6616,1998-04-09,"1998_86.7_50",86.7,"50",33.317,-119.67,1998-04-09 23:28:00,1998-04-09 23:34:00,"Thysanopoda egregia",1998,4,"Spring",-119.7,33.3,"86.7_50","1998:86.7_50","1998:Spring86.7_50","San Nicolas Island",0
6616,1998-04-09,"1998_86.7_50",86.7,"50",33.317,-119.67,1998-04-09 23:28:00,1998-04-09 23:34:00,"Thysanopoda monacantha",1998,4,"Spring",-119.7,33.3,"86.7_50","1998:86.7_50","1998:Spring86.7_50","San Nicolas Island",0
6616,1998-04-09,"1998_86.7_50",86.7,"50",33.317,-119.67,1998-04-09 23:28:00,1998-04-09 23:34:00,"Thysanopoda obtusifrons",1998,4,"Spring",-119.7,33.3,"86.7_50","1998:86.7_50","1998:Spring86.7_50","San Nicolas Island",0
6616,1998-04-09,"1998_86.7_50",86.7,"50",33.317,-119.67,1998-04-09 23:28:00,1998-04-09 23:34:00,"Thysanopoda orientalis",1998,4,"Spring",-119.7,33.3,"86.7_50","1998:86.7_50","1998:Spring86.7_50","San Nicolas Island",0
6616,1998-04-09,"1998_86.7_50",86.7,"50",33.317,-119.67,1998-04-09 23:28:00,1998-04-09 23:34:00,"Thysanopoda pectinata",1998,4,"Spring",-119.7,33.3,"86.7_50","1998:86.7_50","1998:Spring86.7_50","San Nicolas Island",0
6632,1998-04-15,"1998_80_60",80,"60",34.15,-121.15,1998-04-15 03:53:00,1998-04-15 04:14:00,"Euphausia brevis",1998,4,"Spring",-121.2,34.1,"80_60","1998:80_60","1998:Spring80_60","Pt. Conception",0
6632,1998-04-15,"1998_80_60",80,"60",34.15,-121.15,1998-04-15 03:53:00,1998-04-15 04:14:00,"Euphausia diomedeae",1998,4,"Spring",-121.2,34.1,"80_60","1998:80_60","1998:Spring80_60","Pt. Conception",0
6632,1998-04-15,"1998_80_60",80,"60",34.15,-121.15,1998-04-15 03:53:00,1998-04-15 04:14:00,"Euphausia distinguenda",1998,4,"Spring",-121.2,34.1,"80_60","1998:80_60","1998:Spring80_60","Pt. Conception",0
6632,1998-04-15,"1998_80_60",80,"60",34.15,-121.15,1998-04-15 03:53:00,1998-04-15 04:14:00,"Euphausia eximia",1998,4,"Spring",-121.2,34.1,"80_60","1998:80_60","1998:Spring80_60","Pt. Conception",0
6632,1998-04-15,"1998_80_60",80,"60",34.15,-121.15,1998-04-15 03:53:00,1998-04-15 04:14:00,"Euphausia gibboides",1998,4,"Spring",-121.2,34.1,"80_60","1998:80_60","1998:Spring80_60","Pt. Conception",7.238
6632,1998-04-15,"1998_80_60",80,"60",34.15,-121.15,1998-04-15 03:53:00,1998-04-15 04:14:00,"Euphausia hemigibba",1998,4,"Spring",-121.2,34.1,"80_60","1998:80_60","1998:Spring80_60","Pt. Conception",0
6632,1998-04-15,"1998_80_60",80,"60",34.15,-121.15,1998-04-15 03:53:00,1998-04-15 04:14:00,"Euphausia lamelligera",1998,4,"Spring",-121.2,34.1,"80_60","1998:80_60","1998:Spring80_60","Pt. Conception",0
6632,1998-04-15,"1998_80_60",80,"60",34.15,-121.15,1998-04-15 03:53:00,1998-04-15 04:14:00,"Euphausia mutica",1998,4,"Spring",-121.2,34.1,"80_60","1998:80_60","1998:Spring80_60","Pt. Conception",0
6632,1998-04-15,"1998_80_60",80,"60",34.15,-121.15,1998-04-15 03:53:00,1998-04-15 04:14:00,"Euphausia pacifica",1998,4,"Spring",-121.2,34.1,"80_60","1998:80_60","1998:Spring80_60","Pt. Conception",72.376
6632,1998-04-15,"1998_80_60",80,"60",34.15,-121.15,1998-04-15 03:53:00,1998-04-15 04:14:00,"Euphausia recurva",1998,4,"Spring",-121.2,34.1,"80_60","1998:80_60","1998:Spring80_60","Pt. Conception",28.951
6632,1998-04-15,"1998_80_60",80,"60",34.15,-121.15,1998-04-15 03:53:00,1998-04-15 04:14:00,"Euphausia tenera",1998,4,"Spring",-121.2,34.1,"80_60","1998:80_60","1998:Spring80_60","Pt. Conception",0
6632,1998-04-15,"1998_80_60",80,"60",34.15,-121.15,1998-04-15 03:53:00,1998-04-15 04:14:00,"Nematobrachion boopis",1998,4,"Spring",-121.2,34.1,"80_60","1998:80_60","1998:Spring80_60","Pt. Conception",0
6632,1998-04-15,"1998_80_60",80,"60",34.15,-121.15,1998-04-15 03:53:00,1998-04-15 04:14:00,"Nematobrachion flexipes",1998,4,"Spring",-121.2,34.1,"80_60","1998:80_60","1998:Spring80_60","Pt. Conception",0
6632,1998-04-15,"1998_80_60",80,"60",34.15,-121.15,1998-04-15 03:53:00,1998-04-15 04:14:00,"Nematoscelis atlantica",1998,4,"Spring",-121.2,34.1,"80_60","1998:80_60","1998:Spring80_60","Pt. Conception",0
6632,1998-04-15,"1998_80_60",80,"60",34.15,-121.15,1998-04-15 03:53:00,1998-04-15 04:14:00,"Nematoscelis difficilis",1998,4,"Spring",-121.2,34.1,"80_60","1998:80_60","1998:Spring80_60","Pt. Conception",217.131
6632,1998-04-15,"1998_80_60",80,"60",34.15,-121.15,1998-04-15 03:53:00,1998-04-15 04:14:00,"Nematoscelis gracilis",1998,4,"Spring",-121.2,34.1,"80_60","1998:80_60","1998:Spring80_60","Pt. Conception",0
6632,1998-04-15,"1998_80_60",80,"60",34.15,-121.15,1998-04-15 03:53:00,1998-04-15 04:14:00,"Nematoscelis microps",1998,4,"Spring",-121.2,34.1,"80_60","1998:80_60","1998:Spring80_60","Pt. Conception",0
6632,1998-04-15,"1998_80_60",80,"60",34.15,-121.15,1998-04-15 03:53:00,1998-04-15 04:14:00,"Nematoscelis tenella",1998,4,"Spring",-121.2,34.1,"80_60","1998:80_60","1998:Spring80_60","Pt. Conception",0
6632,1998-04-15,"1998_80_60",80,"60",34.15,-121.15,1998-04-15 03:53:00,1998-04-15 04:14:00,"Nyctiphanes simplex",1998,4,"Spring",-121.2,34.1,"80_60","1998:80_60","1998:Spring80_60","Pt. Conception",7.238
6632,1998-04-15,"1998_80_60",80,"60",34.15,-121.15,1998-04-15 03:53:00,1998-04-15 04:14:00,"Stylocheiron abbreviatum",1998,4,"Spring",-121.2,34.1,"80_60","1998:80_60","1998:Spring80_60","Pt. Conception",0
6632,1998-04-15,"1998_80_60",80,"60",34.15,-121.15,1998-04-15 03:53:00,1998-04-15 04:14:00,"Stylocheiron affine",1998,4,"Spring",-121.2,34.1,"80_60","1998:80_60","1998:Spring80_60","Pt. Conception",7.238
6632,1998-04-15,"1998_80_60",80,"60",34.15,-121.15,1998-04-15 03:53:00,1998-04-15 04:14:00,"Stylocheiron carinatum",1998,4,"Spring",-121.2,34.1,"80_60","1998:80_60","1998:Spring80_60","Pt. Conception",0
6632,1998-04-15,"1998_80_60",80,"60",34.15,-121.15,1998-04-15 03:53:00,1998-04-15 04:14:00,"Stylocheiron elongatum",1998,4,"Spring",-121.2,34.1,"80_60","1998:80_60","1998:Spring80_60","Pt. Conception",0
6632,1998-04-15,"1998_80_60",80,"60",34.15,-121.15,1998-04-15 03:53:00,1998-04-15 04:14:00,"Stylocheiron longicorne",1998,4,"Spring",-121.2,34.1,"80_60","1998:80_60","1998:Spring80_60","Pt. Conception",7.238
6632,1998-04-15,"1998_80_60",80,"60",34.15,-121.15,1998-04-15 03:53:00,1998-04-15 04:14:00,"Stylocheiron maximum",1998,4,"Spring",-121.2,34.1,"80_60","1998:80_60","1998:Spring80_60","Pt. Conception",0
6632,1998-04-15,"1998_80_60",80,"60",34.15,-121.15,1998-04-15 03:53:00,1998-04-15 04:14:00,"Stylocheiron suhmi",1998,4,"Spring",-121.2,34.1,"80_60","1998:80_60","1998:Spring80_60","Pt. Conception",0
6632,1998-04-15,"1998_80_60",80,"60",34.15,-121.15,1998-04-15 03:53:00,1998-04-15 04:14:00,"Tessarabrachion oculatum",1998,4,"Spring",-121.2,34.1,"80_60","1998:80_60","1998:Spring80_60","Pt. Conception",0
6632,1998-04-15,"1998_80_60",80,"60",34.15,-121.15,1998-04-15 03:53:00,1998-04-15 04:14:00,"Thysanoessa gregaria",1998,4,"Spring",-121.2,34.1,"80_60","1998:80_60","1998:Spring80_60","Pt. Conception",79.615
6632,1998-04-15,"1998_80_60",80,"60",34.15,-121.15,1998-04-15 03:53:00,1998-04-15 04:14:00,"Thysanoessa longipes",1998,4,"Spring",-121.2,34.1,"80_60","1998:80_60","1998:Spring80_60","Pt. Conception",0
6632,1998-04-15,"1998_80_60",80,"60",34.15,-121.15,1998-04-15 03:53:00,1998-04-15 04:14:00,"Thysanoessa spinifera",1998,4,"Spring",-121.2,34.1,"80_60","1998:80_60","1998:Spring80_60","Pt. Conception",0
6632,1998-04-15,"1998_80_60",80,"60",34.15,-121.15,1998-04-15 03:53:00,1998-04-15 04:14:00,"Thysanopoda astylata",1998,4,"Spring",-121.2,34.1,"80_60","1998:80_60","1998:Spring80_60","Pt. Conception",0
6632,1998-04-15,"1998_80_60",80,"60",34.15,-121.15,1998-04-15 03:53:00,1998-04-15 04:14:00,"Thysanopoda cornuta",1998,4,"Spring",-121.2,34.1,"80_60","1998:80_60","1998:Spring80_60","Pt. Conception",0
6632,1998-04-15,"1998_80_60",80,"60",34.15,-121.15,1998-04-15 03:53:00,1998-04-15 04:14:00,"Thysanopoda egregia",1998,4,"Spring",-121.2,34.1,"80_60","1998:80_60","1998:Spring80_60","Pt. Conception",0
6632,1998-04-15,"1998_80_60",80,"60",34.15,-121.15,1998-04-15 03:53:00,1998-04-15 04:14:00,"Thysanopoda monacantha",1998,4,"Spring",-121.2,34.1,"80_60","1998:80_60","1998:Spring80_60","Pt. Conception",0
6632,1998-04-15,"1998_80_60",80,"60",34.15,-121.15,1998-04-15 03:53:00,1998-04-15 04:14:00,"Thysanopoda obtusifrons",1998,4,"Spring",-121.2,34.1,"80_60","1998:80_60","1998:Spring80_60","Pt. Conception",0
6632,1998-04-15,"1998_80_60",80,"60",34.15,-121.15,1998-04-15 03:53:00,1998-04-15 04:14:00,"Thysanopoda orientalis",1998,4,"Spring",-121.2,34.1,"80_60","1998:80_60","1998:Spring80_60","Pt. Conception",0
6632,1998-04-15,"1998_80_60",80,"60",34.15,-121.15,1998-04-15 03:53:00,1998-04-15 04:14:00,"Thysanopoda pectinata",1998,4,"Spring",-121.2,34.1,"80_60","1998:80_60","1998:Spring80_60","Pt. Conception",0
6715,1999-04-01,"1999_93.3_30",93.3,"30",32.85,-117.533,1999-04-01 19:38:00,1999-04-01 20:00:00,"Euphausia brevis",1999,4,"Spring",-117.5,32.9,"93.3_30","1999:93.3_30","1999:Spring93.3_30","San Diego Inshore",0
6715,1999-04-01,"1999_93.3_30",93.3,"30",32.85,-117.533,1999-04-01 19:38:00,1999-04-01 20:00:00,"Euphausia diomedeae",1999,4,"Spring",-117.5,32.9,"93.3_30","1999:93.3_30","1999:Spring93.3_30","San Diego Inshore",0
6715,1999-04-01,"1999_93.3_30",93.3,"30",32.85,-117.533,1999-04-01 19:38:00,1999-04-01 20:00:00,"Euphausia distinguenda",1999,4,"Spring",-117.5,32.9,"93.3_30","1999:93.3_30","1999:Spring93.3_30","San Diego Inshore",0
6715,1999-04-01,"1999_93.3_30",93.3,"30",32.85,-117.533,1999-04-01 19:38:00,1999-04-01 20:00:00,"Euphausia eximia",1999,4,"Spring",-117.5,32.9,"93.3_30","1999:93.3_30","1999:Spring93.3_30","San Diego Inshore",0
6715,1999-04-01,"1999_93.3_30",93.3,"30",32.85,-117.533,1999-04-01 19:38:00,1999-04-01 20:00:00,"Euphausia gibboides",1999,4,"Spring",-117.5,32.9,"93.3_30","1999:93.3_30","1999:Spring93.3_30","San Diego Inshore",0
6715,1999-04-01,"1999_93.3_30",93.3,"30",32.85,-117.533,1999-04-01 19:38:00,1999-04-01 20:00:00,"Euphausia hemigibba",1999,4,"Spring",-117.5,32.9,"93.3_30","1999:93.3_30","1999:Spring93.3_30","San Diego Inshore",0
6715,1999-04-01,"1999_93.3_30",93.3,"30",32.85,-117.533,1999-04-01 19:38:00,1999-04-01 20:00:00,"Euphausia lamelligera",1999,4,"Spring",-117.5,32.9,"93.3_30","1999:93.3_30","1999:Spring93.3_30","San Diego Inshore",0
6715,1999-04-01,"1999_93.3_30",93.3,"30",32.85,-117.533,1999-04-01 19:38:00,1999-04-01 20:00:00,"Euphausia mutica",1999,4,"Spring",-117.5,32.9,"93.3_30","1999:93.3_30","1999:Spring93.3_30","San Diego Inshore",0
6715,1999-04-01,"1999_93.3_30",93.3,"30",32.85,-117.533,1999-04-01 19:38:00,1999-04-01 20:00:00,"Euphausia pacifica",1999,4,"Spring",-117.5,32.9,"93.3_30","1999:93.3_30","1999:Spring93.3_30","San Diego Inshore",631.133
6715,1999-04-01,"1999_93.3_30",93.3,"30",32.85,-117.533,1999-04-01 19:38:00,1999-04-01 20:00:00,"Euphausia recurva",1999,4,"Spring",-117.5,32.9,"93.3_30","1999:93.3_30","1999:Spring93.3_30","San Diego Inshore",0
6715,1999-04-01,"1999_93.3_30",93.3,"30",32.85,-117.533,1999-04-01 19:38:00,1999-04-01 20:00:00,"Euphausia tenera",1999,4,"Spring",-117.5,32.9,"93.3_30","1999:93.3_30","1999:Spring93.3_30","San Diego Inshore",0
6715,1999-04-01,"1999_93.3_30",93.3,"30",32.85,-117.533,1999-04-01 19:38:00,1999-04-01 20:00:00,"Nematobrachion boopis",1999,4,"Spring",-117.5,32.9,"93.3_30","1999:93.3_30","1999:Spring93.3_30","San Diego Inshore",0
6715,1999-04-01,"1999_93.3_30",93.3,"30",32.85,-117.533,1999-04-01 19:38:00,1999-04-01 20:00:00,"Nematobrachion flexipes",1999,4,"Spring",-117.5,32.9,"93.3_30","1999:93.3_30","1999:Spring93.3_30","San Diego Inshore",0
6715,1999-04-01,"1999_93.3_30",93.3,"30",32.85,-117.533,1999-04-01 19:38:00,1999-04-01 20:00:00,"Nematoscelis atlantica",1999,4,"Spring",-117.5,32.9,"93.3_30","1999:93.3_30","1999:Spring93.3_30","San Diego Inshore",0
6715,1999-04-01,"1999_93.3_30",93.3,"30",32.85,-117.533,1999-04-01 19:38:00,1999-04-01 20:00:00,"Nematoscelis difficilis",1999,4,"Spring",-117.5,32.9,"93.3_30","1999:93.3_30","1999:Spring93.3_30","San Diego Inshore",686.82
6715,1999-04-01,"1999_93.3_30",93.3,"30",32.85,-117.533,1999-04-01 19:38:00,1999-04-01 20:00:00,"Nematoscelis gracilis",1999,4,"Spring",-117.5,32.9,"93.3_30","1999:93.3_30","1999:Spring93.3_30","San Diego Inshore",0
6715,1999-04-01,"1999_93.3_30",93.3,"30",32.85,-117.533,1999-04-01 19:38:00,1999-04-01 20:00:00,"Nematoscelis microps",1999,4,"Spring",-117.5,32.9,"93.3_30","1999:93.3_30","1999:Spring93.3_30","San Diego Inshore",0
6715,1999-04-01,"1999_93.3_30",93.3,"30",32.85,-117.533,1999-04-01 19:38:00,1999-04-01 20:00:00,"Nematoscelis tenella",1999,4,"Spring",-117.5,32.9,"93.3_30","1999:93.3_30","1999:Spring93.3_30","San Diego Inshore",0
6715,1999-04-01,"1999_93.3_30",93.3,"30",32.85,-117.533,1999-04-01 19:38:00,1999-04-01 20:00:00,"Nyctiphanes simplex",1999,4,"Spring",-117.5,32.9,"93.3_30","1999:93.3_30","1999:Spring93.3_30","San Diego Inshore",37.126
6715,1999-04-01,"1999_93.3_30",93.3,"30",32.85,-117.533,1999-04-01 19:38:00,1999-04-01 20:00:00,"Stylocheiron abbreviatum",1999,4,"Spring",-117.5,32.9,"93.3_30","1999:93.3_30","1999:Spring93.3_30","San Diego Inshore",0
6715,1999-04-01,"1999_93.3_30",93.3,"30",32.85,-117.533,1999-04-01 19:38:00,1999-04-01 20:00:00,"Stylocheiron affine",1999,4,"Spring",-117.5,32.9,"93.3_30","1999:93.3_30","1999:Spring93.3_30","San Diego Inshore",0
6715,1999-04-01,"1999_93.3_30",93.3,"30",32.85,-117.533,1999-04-01 19:38:00,1999-04-01 20:00:00,"Stylocheiron carinatum",1999,4,"Spring",-117.5,32.9,"93.3_30","1999:93.3_30","1999:Spring93.3_30","San Diego Inshore",0
6715,1999-04-01,"1999_93.3_30",93.3,"30",32.85,-117.533,1999-04-01 19:38:00,1999-04-01 20:00:00,"Stylocheiron elongatum",1999,4,"Spring",-117.5,32.9,"93.3_30","1999:93.3_30","1999:Spring93.3_30","San Diego Inshore",0
6715,1999-04-01,"1999_93.3_30",93.3,"30",32.85,-117.533,1999-04-01 19:38:00,1999-04-01 20:00:00,"Stylocheiron longicorne",1999,4,"Spring",-117.5,32.9,"93.3_30","1999:93.3_30","1999:Spring93.3_30","San Diego Inshore",0
6715,1999-04-01,"1999_93.3_30",93.3,"30",32.85,-117.533,1999-04-01 19:38:00,1999-04-01 20:00:00,"Stylocheiron maximum",1999,4,"Spring",-117.5,32.9,"93.3_30","1999:93.3_30","1999:Spring93.3_30","San Diego Inshore",0
6715,1999-04-01,"1999_93.3_30",93.3,"30",32.85,-117.533,1999-04-01 19:38:00,1999-04-01 20:00:00,"Stylocheiron suhmi",1999,4,"Spring",-117.5,32.9,"93.3_30","1999:93.3_30","1999:Spring93.3_30","San Diego Inshore",0
6715,1999-04-01,"1999_93.3_30",93.3,"30",32.85,-117.533,1999-04-01 19:38:00,1999-04-01 20:00:00,"Tessarabrachion oculatum",1999,4,"Spring",-117.5,32.9,"93.3_30","1999:93.3_30","1999:Spring93.3_30","San Diego Inshore",0
6715,1999-04-01,"1999_93.3_30",93.3,"30",32.85,-117.533,1999-04-01 19:38:00,1999-04-01 20:00:00,"Thysanoessa gregaria",1999,4,"Spring",-117.5,32.9,"93.3_30","1999:93.3_30","1999:Spring93.3_30","San Diego Inshore",148.502
6715,1999-04-01,"1999_93.3_30",93.3,"30",32.85,-117.533,1999-04-01 19:38:00,1999-04-01 20:00:00,"Thysanoessa longipes",1999,4,"Spring",-117.5,32.9,"93.3_30","1999:93.3_30","1999:Spring93.3_30","San Diego Inshore",0
6715,1999-04-01,"1999_93.3_30",93.3,"30",32.85,-117.533,1999-04-01 19:38:00,1999-04-01 20:00:00,"Thysanoessa spinifera",1999,4,"Spring",-117.5,32.9,"93.3_30","1999:93.3_30","1999:Spring93.3_30","San Diego Inshore",55.688
6715,1999-04-01,"1999_93.3_30",93.3,"30",32.85,-117.533,1999-04-01 19:38:00,1999-04-01 20:00:00,"Thysanopoda astylata",1999,4,"Spring",-117.5,32.9,"93.3_30","1999:93.3_30","1999:Spring93.3_30","San Diego Inshore",0
6715,1999-04-01,"1999_93.3_30",93.3,"30",32.85,-117.533,1999-04-01 19:38:00,1999-04-01 20:00:00,"Thysanopoda cornuta",1999,4,"Spring",-117.5,32.9,"93.3_30","1999:93.3_30","1999:Spring93.3_30","San Diego Inshore",0
6715,1999-04-01,"1999_93.3_30",93.3,"30",32.85,-117.533,1999-04-01 19:38:00,1999-04-01 20:00:00,"Thysanopoda egregia",1999,4,"Spring",-117.5,32.9,"93.3_30","1999:93.3_30","1999:Spring93.3_30","San Diego Inshore",0
6715,1999-04-01,"1999_93.3_30",93.3,"30",32.85,-117.533,1999-04-01 19:38:00,1999-04-01 20:00:00,"Thysanopoda monacantha",1999,4,"Spring",-117.5,32.9,"93.3_30","1999:93.3_30","1999:Spring93.3_30","San Diego Inshore",0
6715,1999-04-01,"1999_93.3_30",93.3,"30",32.85,-117.533,1999-04-01 19:38:00,1999-04-01 20:00:00,"Thysanopoda obtusifrons",1999,4,"Spring",-117.5,32.9,"93.3_30","1999:93.3_30","1999:Spring93.3_30","San Diego Inshore",0
6715,1999-04-01,"1999_93.3_30",93.3,"30",32.85,-117.533,1999-04-01 19:38:00,1999-04-01 20:00:00,"Thysanopoda orientalis",1999,4,"Spring",-117.5,32.9,"93.3_30","1999:93.3_30","1999:Spring93.3_30","San Diego Inshore",0
6715,1999-04-01,"1999_93.3_30",93.3,"30",32.85,-117.533,1999-04-01 19:38:00,1999-04-01 20:00:00,"Thysanopoda pectinata",1999,4,"Spring",-117.5,32.9,"93.3_30","1999:93.3_30","1999:Spring93.3_30","San Diego Inshore",0
6721,1999-04-02,"1999_93.3_60",93.3,"60",31.85,-119.567,1999-04-02 21:19:00,1999-04-02 21:40:00,"Euphausia brevis",1999,4,"Spring",-119.6,31.9,"93.3_60","1999:93.3_60","1999:Spring93.3_60","San Diego Offshore",0
6721,1999-04-02,"1999_93.3_60",93.3,"60",31.85,-119.567,1999-04-02 21:19:00,1999-04-02 21:40:00,"Euphausia diomedeae",1999,4,"Spring",-119.6,31.9,"93.3_60","1999:93.3_60","1999:Spring93.3_60","San Diego Offshore",0
6721,1999-04-02,"1999_93.3_60",93.3,"60",31.85,-119.567,1999-04-02 21:19:00,1999-04-02 21:40:00,"Euphausia distinguenda",1999,4,"Spring",-119.6,31.9,"93.3_60","1999:93.3_60","1999:Spring93.3_60","San Diego Offshore",0
6721,1999-04-02,"1999_93.3_60",93.3,"60",31.85,-119.567,1999-04-02 21:19:00,1999-04-02 21:40:00,"Euphausia eximia",1999,4,"Spring",-119.6,31.9,"93.3_60","1999:93.3_60","1999:Spring93.3_60","San Diego Offshore",0
6721,1999-04-02,"1999_93.3_60",93.3,"60",31.85,-119.567,1999-04-02 21:19:00,1999-04-02 21:40:00,"Euphausia gibboides",1999,4,"Spring",-119.6,31.9,"93.3_60","1999:93.3_60","1999:Spring93.3_60","San Diego Offshore",0
6721,1999-04-02,"1999_93.3_60",93.3,"60",31.85,-119.567,1999-04-02 21:19:00,1999-04-02 21:40:00,"Euphausia hemigibba",1999,4,"Spring",-119.6,31.9,"93.3_60","1999:93.3_60","1999:Spring93.3_60","San Diego Offshore",0
6721,1999-04-02,"1999_93.3_60",93.3,"60",31.85,-119.567,1999-04-02 21:19:00,1999-04-02 21:40:00,"Euphausia lamelligera",1999,4,"Spring",-119.6,31.9,"93.3_60","1999:93.3_60","1999:Spring93.3_60","San Diego Offshore",0
6721,1999-04-02,"1999_93.3_60",93.3,"60",31.85,-119.567,1999-04-02 21:19:00,1999-04-02 21:40:00,"Euphausia mutica",1999,4,"Spring",-119.6,31.9,"93.3_60","1999:93.3_60","1999:Spring93.3_60","San Diego Offshore",14.624
6721,1999-04-02,"1999_93.3_60",93.3,"60",31.85,-119.567,1999-04-02 21:19:00,1999-04-02 21:40:00,"Euphausia pacifica",1999,4,"Spring",-119.6,31.9,"93.3_60","1999:93.3_60","1999:Spring93.3_60","San Diego Offshore",526.475
6721,1999-04-02,"1999_93.3_60",93.3,"60",31.85,-119.567,1999-04-02 21:19:00,1999-04-02 21:40:00,"Euphausia recurva",1999,4,"Spring",-119.6,31.9,"93.3_60","1999:93.3_60","1999:Spring93.3_60","San Diego Offshore",0
6721,1999-04-02,"1999_93.3_60",93.3,"60",31.85,-119.567,1999-04-02 21:19:00,1999-04-02 21:40:00,"Euphausia tenera",1999,4,"Spring",-119.6,31.9,"93.3_60","1999:93.3_60","1999:Spring93.3_60","San Diego Offshore",0
6721,1999-04-02,"1999_93.3_60",93.3,"60",31.85,-119.567,1999-04-02 21:19:00,1999-04-02 21:40:00,"Nematobrachion boopis",1999,4,"Spring",-119.6,31.9,"93.3_60","1999:93.3_60","1999:Spring93.3_60","San Diego Offshore",0
6721,1999-04-02,"1999_93.3_60",93.3,"60",31.85,-119.567,1999-04-02 21:19:00,1999-04-02 21:40:00,"Nematobrachion flexipes",1999,4,"Spring",-119.6,31.9,"93.3_60","1999:93.3_60","1999:Spring93.3_60","San Diego Offshore",0
6721,1999-04-02,"1999_93.3_60",93.3,"60",31.85,-119.567,1999-04-02 21:19:00,1999-04-02 21:40:00,"Nematoscelis atlantica",1999,4,"Spring",-119.6,31.9,"93.3_60","1999:93.3_60","1999:Spring93.3_60","San Diego Offshore",0
6721,1999-04-02,"1999_93.3_60",93.3,"60",31.85,-119.567,1999-04-02 21:19:00,1999-04-02 21:40:00,"Nematoscelis difficilis",1999,4,"Spring",-119.6,31.9,"93.3_60","1999:93.3_60","1999:Spring93.3_60","San Diego Offshore",321.736
6721,1999-04-02,"1999_93.3_60",93.3,"60",31.85,-119.567,1999-04-02 21:19:00,1999-04-02 21:40:00,"Nematoscelis gracilis",1999,4,"Spring",-119.6,31.9,"93.3_60","1999:93.3_60","1999:Spring93.3_60","San Diego Offshore",0
6721,1999-04-02,"1999_93.3_60",93.3,"60",31.85,-119.567,1999-04-02 21:19:00,1999-04-02 21:40:00,"Nematoscelis microps",1999,4,"Spring",-119.6,31.9,"93.3_60","1999:93.3_60","1999:Spring93.3_60","San Diego Offshore",0
6721,1999-04-02,"1999_93.3_60",93.3,"60",31.85,-119.567,1999-04-02 21:19:00,1999-04-02 21:40:00,"Nematoscelis tenella",1999,4,"Spring",-119.6,31.9,"93.3_60","1999:93.3_60","1999:Spring93.3_60","San Diego Offshore",0
6721,1999-04-02,"1999_93.3_60",93.3,"60",31.85,-119.567,1999-04-02 21:19:00,1999-04-02 21:40:00,"Nyctiphanes simplex",1999,4,"Spring",-119.6,31.9,"93.3_60","1999:93.3_60","1999:Spring93.3_60","San Diego Offshore",7.312
6721,1999-04-02,"1999_93.3_60",93.3,"60",31.85,-119.567,1999-04-02 21:19:00,1999-04-02 21:40:00,"Stylocheiron abbreviatum",1999,4,"Spring",-119.6,31.9,"93.3_60","1999:93.3_60","1999:Spring93.3_60","San Diego Offshore",0
6721,1999-04-02,"1999_93.3_60",93.3,"60",31.85,-119.567,1999-04-02 21:19:00,1999-04-02 21:40:00,"Stylocheiron affine",1999,4,"Spring",-119.6,31.9,"93.3_60","1999:93.3_60","1999:Spring93.3_60","San Diego Offshore",14.624
6721,1999-04-02,"1999_93.3_60",93.3,"60",31.85,-119.567,1999-04-02 21:19:00,1999-04-02 21:40:00,"Stylocheiron carinatum",1999,4,"Spring",-119.6,31.9,"93.3_60","1999:93.3_60","1999:Spring93.3_60","San Diego Offshore",0
6721,1999-04-02,"1999_93.3_60",93.3,"60",31.85,-119.567,1999-04-02 21:19:00,1999-04-02 21:40:00,"Stylocheiron elongatum",1999,4,"Spring",-119.6,31.9,"93.3_60","1999:93.3_60","1999:Spring93.3_60","San Diego Offshore",0
6721,1999-04-02,"1999_93.3_60",93.3,"60",31.85,-119.567,1999-04-02 21:19:00,1999-04-02 21:40:00,"Stylocheiron longicorne",1999,4,"Spring",-119.6,31.9,"93.3_60","1999:93.3_60","1999:Spring93.3_60","San Diego Offshore",14.624
6721,1999-04-02,"1999_93.3_60",93.3,"60",31.85,-119.567,1999-04-02 21:19:00,1999-04-02 21:40:00,"Stylocheiron maximum",1999,4,"Spring",-119.6,31.9,"93.3_60","1999:93.3_60","1999:Spring93.3_60","San Diego Offshore",0
6721,1999-04-02,"1999_93.3_60",93.3,"60",31.85,-119.567,1999-04-02 21:19:00,1999-04-02 21:40:00,"Stylocheiron suhmi",1999,4,"Spring",-119.6,31.9,"93.3_60","1999:93.3_60","1999:Spring93.3_60","San Diego Offshore",0
6721,1999-04-02,"1999_93.3_60",93.3,"60",31.85,-119.567,1999-04-02 21:19:00,1999-04-02 21:40:00,"Tessarabrachion oculatum",1999,4,"Spring",-119.6,31.9,"93.3_60","1999:93.3_60","1999:Spring93.3_60","San Diego Offshore",0
6721,1999-04-02,"1999_93.3_60",93.3,"60",31.85,-119.567,1999-04-02 21:19:00,1999-04-02 21:40:00,"Thysanoessa gregaria",1999,4,"Spring",-119.6,31.9,"93.3_60","1999:93.3_60","1999:Spring93.3_60","San Diego Offshore",87.746
6721,1999-04-02,"1999_93.3_60",93.3,"60",31.85,-119.567,1999-04-02 21:19:00,1999-04-02 21:40:00,"Thysanoessa longipes",1999,4,"Spring",-119.6,31.9,"93.3_60","1999:93.3_60","1999:Spring93.3_60","San Diego Offshore",0
6721,1999-04-02,"1999_93.3_60",93.3,"60",31.85,-119.567,1999-04-02 21:19:00,1999-04-02 21:40:00,"Thysanoessa spinifera",1999,4,"Spring",-119.6,31.9,"93.3_60","1999:93.3_60","1999:Spring93.3_60","San Diego Offshore",0
6721,1999-04-02,"1999_93.3_60",93.3,"60",31.85,-119.567,1999-04-02 21:19:00,1999-04-02 21:40:00,"Thysanopoda astylata",1999,4,"Spring",-119.6,31.9,"93.3_60","1999:93.3_60","1999:Spring93.3_60","San Diego Offshore",0
6721,1999-04-02,"1999_93.3_60",93.3,"60",31.85,-119.567,1999-04-02 21:19:00,1999-04-02 21:40:00,"Thysanopoda cornuta",1999,4,"Spring",-119.6,31.9,"93.3_60","1999:93.3_60","1999:Spring93.3_60","San Diego Offshore",0
6721,1999-04-02,"1999_93.3_60",93.3,"60",31.85,-119.567,1999-04-02 21:19:00,1999-04-02 21:40:00,"Thysanopoda egregia",1999,4,"Spring",-119.6,31.9,"93.3_60","1999:93.3_60","1999:Spring93.3_60","San Diego Offshore",0
6721,1999-04-02,"1999_93.3_60",93.3,"60",31.85,-119.567,1999-04-02 21:19:00,1999-04-02 21:40:00,"Thysanopoda monacantha",1999,4,"Spring",-119.6,31.9,"93.3_60","1999:93.3_60","1999:Spring93.3_60","San Diego Offshore",0
6721,1999-04-02,"1999_93.3_60",93.3,"60",31.85,-119.567,1999-04-02 21:19:00,1999-04-02 21:40:00,"Thysanopoda obtusifrons",1999,4,"Spring",-119.6,31.9,"93.3_60","1999:93.3_60","1999:Spring93.3_60","San Diego Offshore",0
6721,1999-04-02,"1999_93.3_60",93.3,"60",31.85,-119.567,1999-04-02 21:19:00,1999-04-02 21:40:00,"Thysanopoda orientalis",1999,4,"Spring",-119.6,31.9,"93.3_60","1999:93.3_60","1999:Spring93.3_60","San Diego Offshore",0
6721,1999-04-02,"1999_93.3_60",93.3,"60",31.85,-119.567,1999-04-02 21:19:00,1999-04-02 21:40:00,"Thysanopoda pectinata",1999,4,"Spring",-119.6,31.9,"93.3_60","1999:93.3_60","1999:Spring93.3_60","San Diego Offshore",0
6742,1999-04-08,"1999_86.7_50",86.7,"50",33.317,-119.667,1999-04-08 08:11:00,1999-04-08 08:17:00,"Euphausia brevis",1999,4,"Spring",-119.7,33.3,"86.7_50","1999:86.7_50","1999:Spring86.7_50","San Nicolas Island",0
6742,1999-04-08,"1999_86.7_50",86.7,"50",33.317,-119.667,1999-04-08 08:11:00,1999-04-08 08:17:00,"Euphausia diomedeae",1999,4,"Spring",-119.7,33.3,"86.7_50","1999:86.7_50","1999:Spring86.7_50","San Nicolas Island",0
6742,1999-04-08,"1999_86.7_50",86.7,"50",33.317,-119.667,1999-04-08 08:11:00,1999-04-08 08:17:00,"Euphausia distinguenda",1999,4,"Spring",-119.7,33.3,"86.7_50","1999:86.7_50","1999:Spring86.7_50","San Nicolas Island",0
6742,1999-04-08,"1999_86.7_50",86.7,"50",33.317,-119.667,1999-04-08 08:11:00,1999-04-08 08:17:00,"Euphausia eximia",1999,4,"Spring",-119.7,33.3,"86.7_50","1999:86.7_50","1999:Spring86.7_50","San Nicolas Island",0
6742,1999-04-08,"1999_86.7_50",86.7,"50",33.317,-119.667,1999-04-08 08:11:00,1999-04-08 08:17:00,"Euphausia gibboides",1999,4,"Spring",-119.7,33.3,"86.7_50","1999:86.7_50","1999:Spring86.7_50","San Nicolas Island",0
6742,1999-04-08,"1999_86.7_50",86.7,"50",33.317,-119.667,1999-04-08 08:11:00,1999-04-08 08:17:00,"Euphausia hemigibba",1999,4,"Spring",-119.7,33.3,"86.7_50","1999:86.7_50","1999:Spring86.7_50","San Nicolas Island",0
6742,1999-04-08,"1999_86.7_50",86.7,"50",33.317,-119.667,1999-04-08 08:11:00,1999-04-08 08:17:00,"Euphausia lamelligera",1999,4,"Spring",-119.7,33.3,"86.7_50","1999:86.7_50","1999:Spring86.7_50","San Nicolas Island",0
6742,1999-04-08,"1999_86.7_50",86.7,"50",33.317,-119.667,1999-04-08 08:11:00,1999-04-08 08:17:00,"Euphausia mutica",1999,4,"Spring",-119.7,33.3,"86.7_50","1999:86.7_50","1999:Spring86.7_50","San Nicolas Island",0
6742,1999-04-08,"1999_86.7_50",86.7,"50",33.317,-119.667,1999-04-08 08:11:00,1999-04-08 08:17:00,"Euphausia pacifica",1999,4,"Spring",-119.7,33.3,"86.7_50","1999:86.7_50","1999:Spring86.7_50","San Nicolas Island",196.686
6742,1999-04-08,"1999_86.7_50",86.7,"50",33.317,-119.667,1999-04-08 08:11:00,1999-04-08 08:17:00,"Euphausia recurva",1999,4,"Spring",-119.7,33.3,"86.7_50","1999:86.7_50","1999:Spring86.7_50","San Nicolas Island",0
6742,1999-04-08,"1999_86.7_50",86.7,"50",33.317,-119.667,1999-04-08 08:11:00,1999-04-08 08:17:00,"Euphausia tenera",1999,4,"Spring",-119.7,33.3,"86.7_50","1999:86.7_50","1999:Spring86.7_50","San Nicolas Island",0
6742,1999-04-08,"1999_86.7_50",86.7,"50",33.317,-119.667,1999-04-08 08:11:00,1999-04-08 08:17:00,"Nematobrachion boopis",1999,4,"Spring",-119.7,33.3,"86.7_50","1999:86.7_50","1999:Spring86.7_50","San Nicolas Island",0
6742,1999-04-08,"1999_86.7_50",86.7,"50",33.317,-119.667,1999-04-08 08:11:00,1999-04-08 08:17:00,"Nematobrachion flexipes",1999,4,"Spring",-119.7,33.3,"86.7_50","1999:86.7_50","1999:Spring86.7_50","San Nicolas Island",0
6742,1999-04-08,"1999_86.7_50",86.7,"50",33.317,-119.667,1999-04-08 08:11:00,1999-04-08 08:17:00,"Nematoscelis atlantica",1999,4,"Spring",-119.7,33.3,"86.7_50","1999:86.7_50","1999:Spring86.7_50","San Nicolas Island",0
6742,1999-04-08,"1999_86.7_50",86.7,"50",33.317,-119.667,1999-04-08 08:11:00,1999-04-08 08:17:00,"Nematoscelis difficilis",1999,4,"Spring",-119.7,33.3,"86.7_50","1999:86.7_50","1999:Spring86.7_50","San Nicolas Island",10.927
6742,1999-04-08,"1999_86.7_50",86.7,"50",33.317,-119.667,1999-04-08 08:11:00,1999-04-08 08:17:00,"Nematoscelis gracilis",1999,4,"Spring",-119.7,33.3,"86.7_50","1999:86.7_50","1999:Spring86.7_50","San Nicolas Island",0
6742,1999-04-08,"1999_86.7_50",86.7,"50",33.317,-119.667,1999-04-08 08:11:00,1999-04-08 08:17:00,"Nematoscelis microps",1999,4,"Spring",-119.7,33.3,"86.7_50","1999:86.7_50","1999:Spring86.7_50","San Nicolas Island",0
6742,1999-04-08,"1999_86.7_50",86.7,"50",33.317,-119.667,1999-04-08 08:11:00,1999-04-08 08:17:00,"Nematoscelis tenella",1999,4,"Spring",-119.7,33.3,"86.7_50","1999:86.7_50","1999:Spring86.7_50","San Nicolas Island",0
6742,1999-04-08,"1999_86.7_50",86.7,"50",33.317,-119.667,1999-04-08 08:11:00,1999-04-08 08:17:00,"Nyctiphanes simplex",1999,4,"Spring",-119.7,33.3,"86.7_50","1999:86.7_50","1999:Spring86.7_50","San Nicolas Island",21.854
6742,1999-04-08,"1999_86.7_50",86.7,"50",33.317,-119.667,1999-04-08 08:11:00,1999-04-08 08:17:00,"Stylocheiron abbreviatum",1999,4,"Spring",-119.7,33.3,"86.7_50","1999:86.7_50","1999:Spring86.7_50","San Nicolas Island",0
6742,1999-04-08,"1999_86.7_50",86.7,"50",33.317,-119.667,1999-04-08 08:11:00,1999-04-08 08:17:00,"Stylocheiron affine",1999,4,"Spring",-119.7,33.3,"86.7_50","1999:86.7_50","1999:Spring86.7_50","San Nicolas Island",0
6742,1999-04-08,"1999_86.7_50",86.7,"50",33.317,-119.667,1999-04-08 08:11:00,1999-04-08 08:17:00,"Stylocheiron carinatum",1999,4,"Spring",-119.7,33.3,"86.7_50","1999:86.7_50","1999:Spring86.7_50","San Nicolas Island",0
6742,1999-04-08,"1999_86.7_50",86.7,"50",33.317,-119.667,1999-04-08 08:11:00,1999-04-08 08:17:00,"Stylocheiron elongatum",1999,4,"Spring",-119.7,33.3,"86.7_50","1999:86.7_50","1999:Spring86.7_50","San Nicolas Island",0
6742,1999-04-08,"1999_86.7_50",86.7,"50",33.317,-119.667,1999-04-08 08:11:00,1999-04-08 08:17:00,"Stylocheiron longicorne",1999,4,"Spring",-119.7,33.3,"86.7_50","1999:86.7_50","1999:Spring86.7_50","San Nicolas Island",0
6742,1999-04-08,"1999_86.7_50",86.7,"50",33.317,-119.667,1999-04-08 08:11:00,1999-04-08 08:17:00,"Stylocheiron maximum",1999,4,"Spring",-119.7,33.3,"86.7_50","1999:86.7_50","1999:Spring86.7_50","San Nicolas Island",0
6742,1999-04-08,"1999_86.7_50",86.7,"50",33.317,-119.667,1999-04-08 08:11:00,1999-04-08 08:17:00,"Stylocheiron suhmi",1999,4,"Spring",-119.7,33.3,"86.7_50","1999:86.7_50","1999:Spring86.7_50","San Nicolas Island",0
6742,1999-04-08,"1999_86.7_50",86.7,"50",33.317,-119.667,1999-04-08 08:11:00,1999-04-08 08:17:00,"Tessarabrachion oculatum",1999,4,"Spring",-119.7,33.3,"86.7_50","1999:86.7_50","1999:Spring86.7_50","San Nicolas Island",0
6742,1999-04-08,"1999_86.7_50",86.7,"50",33.317,-119.667,1999-04-08 08:11:00,1999-04-08 08:17:00,"Thysanoessa gregaria",1999,4,"Spring",-119.7,33.3,"86.7_50","1999:86.7_50","1999:Spring86.7_50","San Nicolas Island",0
6742,1999-04-08,"1999_86.7_50",86.7,"50",33.317,-119.667,1999-04-08 08:11:00,1999-04-08 08:17:00,"Thysanoessa longipes",1999,4,"Spring",-119.7,33.3,"86.7_50","1999:86.7_50","1999:Spring86.7_50","San Nicolas Island",0
6742,1999-04-08,"1999_86.7_50",86.7,"50",33.317,-119.667,1999-04-08 08:11:00,1999-04-08 08:17:00,"Thysanoessa spinifera",1999,4,"Spring",-119.7,33.3,"86.7_50","1999:86.7_50","1999:Spring86.7_50","San Nicolas Island",207.613
6742,1999-04-08,"1999_86.7_50",86.7,"50",33.317,-119.667,1999-04-08 08:11:00,1999-04-08 08:17:00,"Thysanopoda astylata",1999,4,"Spring",-119.7,33.3,"86.7_50","1999:86.7_50","1999:Spring86.7_50","San Nicolas Island",0
6742,1999-04-08,"1999_86.7_50",86.7,"50",33.317,-119.667,1999-04-08 08:11:00,1999-04-08 08:17:00,"Thysanopoda cornuta",1999,4,"Spring",-119.7,33.3,"86.7_50","1999:86.7_50","1999:Spring86.7_50","San Nicolas Island",0
6742,1999-04-08,"1999_86.7_50",86.7,"50",33.317,-119.667,1999-04-08 08:11:00,1999-04-08 08:17:00,"Thysanopoda egregia",1999,4,"Spring",-119.7,33.3,"86.7_50","1999:86.7_50","1999:Spring86.7_50","San Nicolas Island",0
6742,1999-04-08,"1999_86.7_50",86.7,"50",33.317,-119.667,1999-04-08 08:11:00,1999-04-08 08:17:00,"Thysanopoda monacantha",1999,4,"Spring",-119.7,33.3,"86.7_50","1999:86.7_50","1999:Spring86.7_50","San Nicolas Island",0
6742,1999-04-08,"1999_86.7_50",86.7,"50",33.317,-119.667,1999-04-08 08:11:00,1999-04-08 08:17:00,"Thysanopoda obtusifrons",1999,4,"Spring",-119.7,33.3,"86.7_50","1999:86.7_50","1999:Spring86.7_50","San Nicolas Island",0
6742,1999-04-08,"1999_86.7_50",86.7,"50",33.317,-119.667,1999-04-08 08:11:00,1999-04-08 08:17:00,"Thysanopoda orientalis",1999,4,"Spring",-119.7,33.3,"86.7_50","1999:86.7_50","1999:Spring86.7_50","San Nicolas Island",0
6742,1999-04-08,"1999_86.7_50",86.7,"50",33.317,-119.667,1999-04-08 08:11:00,1999-04-08 08:17:00,"Thysanopoda pectinata",1999,4,"Spring",-119.7,33.3,"86.7_50","1999:86.7_50","1999:Spring86.7_50","San Nicolas Island",0
6761,1999-04-13,"1999_80_60",80,"60",34.15,-121.15,1999-04-13 00:09:00,1999-04-13 00:30:00,"Euphausia brevis",1999,4,"Spring",-121.2,34.1,"80_60","1999:80_60","1999:Spring80_60","Pt. Conception",0
6761,1999-04-13,"1999_80_60",80,"60",34.15,-121.15,1999-04-13 00:09:00,1999-04-13 00:30:00,"Euphausia diomedeae",1999,4,"Spring",-121.2,34.1,"80_60","1999:80_60","1999:Spring80_60","Pt. Conception",0
6761,1999-04-13,"1999_80_60",80,"60",34.15,-121.15,1999-04-13 00:09:00,1999-04-13 00:30:00,"Euphausia distinguenda",1999,4,"Spring",-121.2,34.1,"80_60","1999:80_60","1999:Spring80_60","Pt. Conception",0
6761,1999-04-13,"1999_80_60",80,"60",34.15,-121.15,1999-04-13 00:09:00,1999-04-13 00:30:00,"Euphausia eximia",1999,4,"Spring",-121.2,34.1,"80_60","1999:80_60","1999:Spring80_60","Pt. Conception",0
6761,1999-04-13,"1999_80_60",80,"60",34.15,-121.15,1999-04-13 00:09:00,1999-04-13 00:30:00,"Euphausia gibboides",1999,4,"Spring",-121.2,34.1,"80_60","1999:80_60","1999:Spring80_60","Pt. Conception",0
6761,1999-04-13,"1999_80_60",80,"60",34.15,-121.15,1999-04-13 00:09:00,1999-04-13 00:30:00,"Euphausia hemigibba",1999,4,"Spring",-121.2,34.1,"80_60","1999:80_60","1999:Spring80_60","Pt. Conception",0
6761,1999-04-13,"1999_80_60",80,"60",34.15,-121.15,1999-04-13 00:09:00,1999-04-13 00:30:00,"Euphausia lamelligera",1999,4,"Spring",-121.2,34.1,"80_60","1999:80_60","1999:Spring80_60","Pt. Conception",0
6761,1999-04-13,"1999_80_60",80,"60",34.15,-121.15,1999-04-13 00:09:00,1999-04-13 00:30:00,"Euphausia mutica",1999,4,"Spring",-121.2,34.1,"80_60","1999:80_60","1999:Spring80_60","Pt. Conception",0
6761,1999-04-13,"1999_80_60",80,"60",34.15,-121.15,1999-04-13 00:09:00,1999-04-13 00:30:00,"Euphausia pacifica",1999,4,"Spring",-121.2,34.1,"80_60","1999:80_60","1999:Spring80_60","Pt. Conception",674.204
6761,1999-04-13,"1999_80_60",80,"60",34.15,-121.15,1999-04-13 00:09:00,1999-04-13 00:30:00,"Euphausia recurva",1999,4,"Spring",-121.2,34.1,"80_60","1999:80_60","1999:Spring80_60","Pt. Conception",0
6761,1999-04-13,"1999_80_60",80,"60",34.15,-121.15,1999-04-13 00:09:00,1999-04-13 00:30:00,"Euphausia tenera",1999,4,"Spring",-121.2,34.1,"80_60","1999:80_60","1999:Spring80_60","Pt. Conception",0
6761,1999-04-13,"1999_80_60",80,"60",34.15,-121.15,1999-04-13 00:09:00,1999-04-13 00:30:00,"Nematobrachion boopis",1999,4,"Spring",-121.2,34.1,"80_60","1999:80_60","1999:Spring80_60","Pt. Conception",0
6761,1999-04-13,"1999_80_60",80,"60",34.15,-121.15,1999-04-13 00:09:00,1999-04-13 00:30:00,"Nematobrachion flexipes",1999,4,"Spring",-121.2,34.1,"80_60","1999:80_60","1999:Spring80_60","Pt. Conception",0
6761,1999-04-13,"1999_80_60",80,"60",34.15,-121.15,1999-04-13 00:09:00,1999-04-13 00:30:00,"Nematoscelis atlantica",1999,4,"Spring",-121.2,34.1,"80_60","1999:80_60","1999:Spring80_60","Pt. Conception",0
6761,1999-04-13,"1999_80_60",80,"60",34.15,-121.15,1999-04-13 00:09:00,1999-04-13 00:30:00,"Nematoscelis difficilis",1999,4,"Spring",-121.2,34.1,"80_60","1999:80_60","1999:Spring80_60","Pt. Conception",22.854
6761,1999-04-13,"1999_80_60",80,"60",34.15,-121.15,1999-04-13 00:09:00,1999-04-13 00:30:00,"Nematoscelis gracilis",1999,4,"Spring",-121.2,34.1,"80_60","1999:80_60","1999:Spring80_60","Pt. Conception",0
6761,1999-04-13,"1999_80_60",80,"60",34.15,-121.15,1999-04-13 00:09:00,1999-04-13 00:30:00,"Nematoscelis microps",1999,4,"Spring",-121.2,34.1,"80_60","1999:80_60","1999:Spring80_60","Pt. Conception",0
6761,1999-04-13,"1999_80_60",80,"60",34.15,-121.15,1999-04-13 00:09:00,1999-04-13 00:30:00,"Nematoscelis tenella",1999,4,"Spring",-121.2,34.1,"80_60","1999:80_60","1999:Spring80_60","Pt. Conception",0
6761,1999-04-13,"1999_80_60",80,"60",34.15,-121.15,1999-04-13 00:09:00,1999-04-13 00:30:00,"Nyctiphanes simplex",1999,4,"Spring",-121.2,34.1,"80_60","1999:80_60","1999:Spring80_60","Pt. Conception",0
6761,1999-04-13,"1999_80_60",80,"60",34.15,-121.15,1999-04-13 00:09:00,1999-04-13 00:30:00,"Stylocheiron abbreviatum",1999,4,"Spring",-121.2,34.1,"80_60","1999:80_60","1999:Spring80_60","Pt. Conception",0
6761,1999-04-13,"1999_80_60",80,"60",34.15,-121.15,1999-04-13 00:09:00,1999-04-13 00:30:00,"Stylocheiron affine",1999,4,"Spring",-121.2,34.1,"80_60","1999:80_60","1999:Spring80_60","Pt. Conception",0
6761,1999-04-13,"1999_80_60",80,"60",34.15,-121.15,1999-04-13 00:09:00,1999-04-13 00:30:00,"Stylocheiron carinatum",1999,4,"Spring",-121.2,34.1,"80_60","1999:80_60","1999:Spring80_60","Pt. Conception",0
6761,1999-04-13,"1999_80_60",80,"60",34.15,-121.15,1999-04-13 00:09:00,1999-04-13 00:30:00,"Stylocheiron elongatum",1999,4,"Spring",-121.2,34.1,"80_60","1999:80_60","1999:Spring80_60","Pt. Conception",0
6761,1999-04-13,"1999_80_60",80,"60",34.15,-121.15,1999-04-13 00:09:00,1999-04-13 00:30:00,"Stylocheiron longicorne",1999,4,"Spring",-121.2,34.1,"80_60","1999:80_60","1999:Spring80_60","Pt. Conception",0
6761,1999-04-13,"1999_80_60",80,"60",34.15,-121.15,1999-04-13 00:09:00,1999-04-13 00:30:00,"Stylocheiron maximum",1999,4,"Spring",-121.2,34.1,"80_60","1999:80_60","1999:Spring80_60","Pt. Conception",0
6761,1999-04-13,"1999_80_60",80,"60",34.15,-121.15,1999-04-13 00:09:00,1999-04-13 00:30:00,"Stylocheiron suhmi",1999,4,"Spring",-121.2,34.1,"80_60","1999:80_60","1999:Spring80_60","Pt. Conception",0
6761,1999-04-13,"1999_80_60",80,"60",34.15,-121.15,1999-04-13 00:09:00,1999-04-13 00:30:00,"Tessarabrachion oculatum",1999,4,"Spring",-121.2,34.1,"80_60","1999:80_60","1999:Spring80_60","Pt. Conception",0
6761,1999-04-13,"1999_80_60",80,"60",34.15,-121.15,1999-04-13 00:09:00,1999-04-13 00:30:00,"Thysanoessa gregaria",1999,4,"Spring",-121.2,34.1,"80_60","1999:80_60","1999:Spring80_60","Pt. Conception",11.427
6761,1999-04-13,"1999_80_60",80,"60",34.15,-121.15,1999-04-13 00:09:00,1999-04-13 00:30:00,"Thysanoessa longipes",1999,4,"Spring",-121.2,34.1,"80_60","1999:80_60","1999:Spring80_60","Pt. Conception",0
6761,1999-04-13,"1999_80_60",80,"60",34.15,-121.15,1999-04-13 00:09:00,1999-04-13 00:30:00,"Thysanoessa spinifera",1999,4,"Spring",-121.2,34.1,"80_60","1999:80_60","1999:Spring80_60","Pt. Conception",57.136
6761,1999-04-13,"1999_80_60",80,"60",34.15,-121.15,1999-04-13 00:09:00,1999-04-13 00:30:00,"Thysanopoda astylata",1999,4,"Spring",-121.2,34.1,"80_60","1999:80_60","1999:Spring80_60","Pt. Conception",0
6761,1999-04-13,"1999_80_60",80,"60",34.15,-121.15,1999-04-13 00:09:00,1999-04-13 00:30:00,"Thysanopoda cornuta",1999,4,"Spring",-121.2,34.1,"80_60","1999:80_60","1999:Spring80_60","Pt. Conception",0
6761,1999-04-13,"1999_80_60",80,"60",34.15,-121.15,1999-04-13 00:09:00,1999-04-13 00:30:00,"Thysanopoda egregia",1999,4,"Spring",-121.2,34.1,"80_60","1999:80_60","1999:Spring80_60","Pt. Conception",0
6761,1999-04-13,"1999_80_60",80,"60",34.15,-121.15,1999-04-13 00:09:00,1999-04-13 00:30:00,"Thysanopoda monacantha",1999,4,"Spring",-121.2,34.1,"80_60","1999:80_60","1999:Spring80_60","Pt. Conception",0
6761,1999-04-13,"1999_80_60",80,"60",34.15,-121.15,1999-04-13 00:09:00,1999-04-13 00:30:00,"Thysanopoda obtusifrons",1999,4,"Spring",-121.2,34.1,"80_60","1999:80_60","1999:Spring80_60","Pt. Conception",0
6761,1999-04-13,"1999_80_60",80,"60",34.15,-121.15,1999-04-13 00:09:00,1999-04-13 00:30:00,"Thysanopoda orientalis",1999,4,"Spring",-121.2,34.1,"80_60","1999:80_60","1999:Spring80_60","Pt. Conception",0
6761,1999-04-13,"1999_80_60",80,"60",34.15,-121.15,1999-04-13 00:09:00,1999-04-13 00:30:00,"Thysanopoda pectinata",1999,4,"Spring",-121.2,34.1,"80_60","1999:80_60","1999:Spring80_60","Pt. Conception",0
6834,2000-04-07,"2000_93.3_30",93.3,"30",32.85,-117.533,2000-04-07 21:07:00,2000-04-07 21:28:00,"Euphausia brevis",2000,4,"Spring",-117.5,32.9,"93.3_30","2000:93.3_30","2000:Spring93.3_30","San Diego Inshore",0
6834,2000-04-07,"2000_93.3_30",93.3,"30",32.85,-117.533,2000-04-07 21:07:00,2000-04-07 21:28:00,"Euphausia diomedeae",2000,4,"Spring",-117.5,32.9,"93.3_30","2000:93.3_30","2000:Spring93.3_30","San Diego Inshore",0
6834,2000-04-07,"2000_93.3_30",93.3,"30",32.85,-117.533,2000-04-07 21:07:00,2000-04-07 21:28:00,"Euphausia distinguenda",2000,4,"Spring",-117.5,32.9,"93.3_30","2000:93.3_30","2000:Spring93.3_30","San Diego Inshore",0
6834,2000-04-07,"2000_93.3_30",93.3,"30",32.85,-117.533,2000-04-07 21:07:00,2000-04-07 21:28:00,"Euphausia eximia",2000,4,"Spring",-117.5,32.9,"93.3_30","2000:93.3_30","2000:Spring93.3_30","San Diego Inshore",0
6834,2000-04-07,"2000_93.3_30",93.3,"30",32.85,-117.533,2000-04-07 21:07:00,2000-04-07 21:28:00,"Euphausia gibboides",2000,4,"Spring",-117.5,32.9,"93.3_30","2000:93.3_30","2000:Spring93.3_30","San Diego Inshore",0
6834,2000-04-07,"2000_93.3_30",93.3,"30",32.85,-117.533,2000-04-07 21:07:00,2000-04-07 21:28:00,"Euphausia hemigibba",2000,4,"Spring",-117.5,32.9,"93.3_30","2000:93.3_30","2000:Spring93.3_30","San Diego Inshore",0
6834,2000-04-07,"2000_93.3_30",93.3,"30",32.85,-117.533,2000-04-07 21:07:00,2000-04-07 21:28:00,"Euphausia lamelligera",2000,4,"Spring",-117.5,32.9,"93.3_30","2000:93.3_30","2000:Spring93.3_30","San Diego Inshore",0
6834,2000-04-07,"2000_93.3_30",93.3,"30",32.85,-117.533,2000-04-07 21:07:00,2000-04-07 21:28:00,"Euphausia mutica",2000,4,"Spring",-117.5,32.9,"93.3_30","2000:93.3_30","2000:Spring93.3_30","San Diego Inshore",0
6834,2000-04-07,"2000_93.3_30",93.3,"30",32.85,-117.533,2000-04-07 21:07:00,2000-04-07 21:28:00,"Euphausia pacifica",2000,4,"Spring",-117.5,32.9,"93.3_30","2000:93.3_30","2000:Spring93.3_30","San Diego Inshore",550.434
6834,2000-04-07,"2000_93.3_30",93.3,"30",32.85,-117.533,2000-04-07 21:07:00,2000-04-07 21:28:00,"Euphausia recurva",2000,4,"Spring",-117.5,32.9,"93.3_30","2000:93.3_30","2000:Spring93.3_30","San Diego Inshore",0
6834,2000-04-07,"2000_93.3_30",93.3,"30",32.85,-117.533,2000-04-07 21:07:00,2000-04-07 21:28:00,"Euphausia tenera",2000,4,"Spring",-117.5,32.9,"93.3_30","2000:93.3_30","2000:Spring93.3_30","San Diego Inshore",0
6834,2000-04-07,"2000_93.3_30",93.3,"30",32.85,-117.533,2000-04-07 21:07:00,2000-04-07 21:28:00,"Nematobrachion boopis",2000,4,"Spring",-117.5,32.9,"93.3_30","2000:93.3_30","2000:Spring93.3_30","San Diego Inshore",0
6834,2000-04-07,"2000_93.3_30",93.3,"30",32.85,-117.533,2000-04-07 21:07:00,2000-04-07 21:28:00,"Nematobrachion flexipes",2000,4,"Spring",-117.5,32.9,"93.3_30","2000:93.3_30","2000:Spring93.3_30","San Diego Inshore",0
6834,2000-04-07,"2000_93.3_30",93.3,"30",32.85,-117.533,2000-04-07 21:07:00,2000-04-07 21:28:00,"Nematoscelis atlantica",2000,4,"Spring",-117.5,32.9,"93.3_30","2000:93.3_30","2000:Spring93.3_30","San Diego Inshore",0
6834,2000-04-07,"2000_93.3_30",93.3,"30",32.85,-117.533,2000-04-07 21:07:00,2000-04-07 21:28:00,"Nematoscelis difficilis",2000,4,"Spring",-117.5,32.9,"93.3_30","2000:93.3_30","2000:Spring93.3_30","San Diego Inshore",50.698
6834,2000-04-07,"2000_93.3_30",93.3,"30",32.85,-117.533,2000-04-07 21:07:00,2000-04-07 21:28:00,"Nematoscelis gracilis",2000,4,"Spring",-117.5,32.9,"93.3_30","2000:93.3_30","2000:Spring93.3_30","San Diego Inshore",0
6834,2000-04-07,"2000_93.3_30",93.3,"30",32.85,-117.533,2000-04-07 21:07:00,2000-04-07 21:28:00,"Nematoscelis microps",2000,4,"Spring",-117.5,32.9,"93.3_30","2000:93.3_30","2000:Spring93.3_30","San Diego Inshore",0
6834,2000-04-07,"2000_93.3_30",93.3,"30",32.85,-117.533,2000-04-07 21:07:00,2000-04-07 21:28:00,"Nematoscelis tenella",2000,4,"Spring",-117.5,32.9,"93.3_30","2000:93.3_30","2000:Spring93.3_30","San Diego Inshore",0
6834,2000-04-07,"2000_93.3_30",93.3,"30",32.85,-117.533,2000-04-07 21:07:00,2000-04-07 21:28:00,"Nyctiphanes simplex",2000,4,"Spring",-117.5,32.9,"93.3_30","2000:93.3_30","2000:Spring93.3_30","San Diego Inshore",0
6834,2000-04-07,"2000_93.3_30",93.3,"30",32.85,-117.533,2000-04-07 21:07:00,2000-04-07 21:28:00,"Stylocheiron abbreviatum",2000,4,"Spring",-117.5,32.9,"93.3_30","2000:93.3_30","2000:Spring93.3_30","San Diego Inshore",0
6834,2000-04-07,"2000_93.3_30",93.3,"30",32.85,-117.533,2000-04-07 21:07:00,2000-04-07 21:28:00,"Stylocheiron affine",2000,4,"Spring",-117.5,32.9,"93.3_30","2000:93.3_30","2000:Spring93.3_30","San Diego Inshore",0
6834,2000-04-07,"2000_93.3_30",93.3,"30",32.85,-117.533,2000-04-07 21:07:00,2000-04-07 21:28:00,"Stylocheiron carinatum",2000,4,"Spring",-117.5,32.9,"93.3_30","2000:93.3_30","2000:Spring93.3_30","San Diego Inshore",0
6834,2000-04-07,"2000_93.3_30",93.3,"30",32.85,-117.533,2000-04-07 21:07:00,2000-04-07 21:28:00,"Stylocheiron elongatum",2000,4,"Spring",-117.5,32.9,"93.3_30","2000:93.3_30","2000:Spring93.3_30","San Diego Inshore",0
6834,2000-04-07,"2000_93.3_30",93.3,"30",32.85,-117.533,2000-04-07 21:07:00,2000-04-07 21:28:00,"Stylocheiron longicorne",2000,4,"Spring",-117.5,32.9,"93.3_30","2000:93.3_30","2000:Spring93.3_30","San Diego Inshore",0
6834,2000-04-07,"2000_93.3_30",93.3,"30",32.85,-117.533,2000-04-07 21:07:00,2000-04-07 21:28:00,"Stylocheiron maximum",2000,4,"Spring",-117.5,32.9,"93.3_30","2000:93.3_30","2000:Spring93.3_30","San Diego Inshore",0
6834,2000-04-07,"2000_93.3_30",93.3,"30",32.85,-117.533,2000-04-07 21:07:00,2000-04-07 21:28:00,"Stylocheiron suhmi",2000,4,"Spring",-117.5,32.9,"93.3_30","2000:93.3_30","2000:Spring93.3_30","San Diego Inshore",0
6834,2000-04-07,"2000_93.3_30",93.3,"30",32.85,-117.533,2000-04-07 21:07:00,2000-04-07 21:28:00,"Tessarabrachion oculatum",2000,4,"Spring",-117.5,32.9,"93.3_30","2000:93.3_30","2000:Spring93.3_30","San Diego Inshore",0
6834,2000-04-07,"2000_93.3_30",93.3,"30",32.85,-117.533,2000-04-07 21:07:00,2000-04-07 21:28:00,"Thysanoessa gregaria",2000,4,"Spring",-117.5,32.9,"93.3_30","2000:93.3_30","2000:Spring93.3_30","San Diego Inshore",21.728
6834,2000-04-07,"2000_93.3_30",93.3,"30",32.85,-117.533,2000-04-07 21:07:00,2000-04-07 21:28:00,"Thysanoessa longipes",2000,4,"Spring",-117.5,32.9,"93.3_30","2000:93.3_30","2000:Spring93.3_30","San Diego Inshore",0
6834,2000-04-07,"2000_93.3_30",93.3,"30",32.85,-117.533,2000-04-07 21:07:00,2000-04-07 21:28:00,"Thysanoessa spinifera",2000,4,"Spring",-117.5,32.9,"93.3_30","2000:93.3_30","2000:Spring93.3_30","San Diego Inshore",10.864
6834,2000-04-07,"2000_93.3_30",93.3,"30",32.85,-117.533,2000-04-07 21:07:00,2000-04-07 21:28:00,"Thysanopoda astylata",2000,4,"Spring",-117.5,32.9,"93.3_30","2000:93.3_30","2000:Spring93.3_30","San Diego Inshore",0
6834,2000-04-07,"2000_93.3_30",93.3,"30",32.85,-117.533,2000-04-07 21:07:00,2000-04-07 21:28:00,"Thysanopoda cornuta",2000,4,"Spring",-117.5,32.9,"93.3_30","2000:93.3_30","2000:Spring93.3_30","San Diego Inshore",0
6834,2000-04-07,"2000_93.3_30",93.3,"30",32.85,-117.533,2000-04-07 21:07:00,2000-04-07 21:28:00,"Thysanopoda egregia",2000,4,"Spring",-117.5,32.9,"93.3_30","2000:93.3_30","2000:Spring93.3_30","San Diego Inshore",0
6834,2000-04-07,"2000_93.3_30",93.3,"30",32.85,-117.533,2000-04-07 21:07:00,2000-04-07 21:28:00,"Thysanopoda monacantha",2000,4,"Spring",-117.5,32.9,"93.3_30","2000:93.3_30","2000:Spring93.3_30","San Diego Inshore",0
6834,2000-04-07,"2000_93.3_30",93.3,"30",32.85,-117.533,2000-04-07 21:07:00,2000-04-07 21:28:00,"Thysanopoda obtusifrons",2000,4,"Spring",-117.5,32.9,"93.3_30","2000:93.3_30","2000:Spring93.3_30","San Diego Inshore",0
6834,2000-04-07,"2000_93.3_30",93.3,"30",32.85,-117.533,2000-04-07 21:07:00,2000-04-07 21:28:00,"Thysanopoda orientalis",2000,4,"Spring",-117.5,32.9,"93.3_30","2000:93.3_30","2000:Spring93.3_30","San Diego Inshore",0
6834,2000-04-07,"2000_93.3_30",93.3,"30",32.85,-117.533,2000-04-07 21:07:00,2000-04-07 21:28:00,"Thysanopoda pectinata",2000,4,"Spring",-117.5,32.9,"93.3_30","2000:93.3_30","2000:Spring93.3_30","San Diego Inshore",0
6840,2000-04-08,"2000_93.3_60",93.3,"60",31.85,-119.567,2000-04-08 23:23:00,2000-04-08 23:44:00,"Euphausia brevis",2000,4,"Spring",-119.6,31.9,"93.3_60","2000:93.3_60","2000:Spring93.3_60","San Diego Offshore",0
6840,2000-04-08,"2000_93.3_60",93.3,"60",31.85,-119.567,2000-04-08 23:23:00,2000-04-08 23:44:00,"Euphausia diomedeae",2000,4,"Spring",-119.6,31.9,"93.3_60","2000:93.3_60","2000:Spring93.3_60","San Diego Offshore",0
6840,2000-04-08,"2000_93.3_60",93.3,"60",31.85,-119.567,2000-04-08 23:23:00,2000-04-08 23:44:00,"Euphausia distinguenda",2000,4,"Spring",-119.6,31.9,"93.3_60","2000:93.3_60","2000:Spring93.3_60","San Diego Offshore",0
6840,2000-04-08,"2000_93.3_60",93.3,"60",31.85,-119.567,2000-04-08 23:23:00,2000-04-08 23:44:00,"Euphausia eximia",2000,4,"Spring",-119.6,31.9,"93.3_60","2000:93.3_60","2000:Spring93.3_60","San Diego Offshore",0
6840,2000-04-08,"2000_93.3_60",93.3,"60",31.85,-119.567,2000-04-08 23:23:00,2000-04-08 23:44:00,"Euphausia gibboides",2000,4,"Spring",-119.6,31.9,"93.3_60","2000:93.3_60","2000:Spring93.3_60","San Diego Offshore",46.169
6840,2000-04-08,"2000_93.3_60",93.3,"60",31.85,-119.567,2000-04-08 23:23:00,2000-04-08 23:44:00,"Euphausia hemigibba",2000,4,"Spring",-119.6,31.9,"93.3_60","2000:93.3_60","2000:Spring93.3_60","San Diego Offshore",6.596
6840,2000-04-08,"2000_93.3_60",93.3,"60",31.85,-119.567,2000-04-08 23:23:00,2000-04-08 23:44:00,"Euphausia lamelligera",2000,4,"Spring",-119.6,31.9,"93.3_60","2000:93.3_60","2000:Spring93.3_60","San Diego Offshore",0
6840,2000-04-08,"2000_93.3_60",93.3,"60",31.85,-119.567,2000-04-08 23:23:00,2000-04-08 23:44:00,"Euphausia mutica",2000,4,"Spring",-119.6,31.9,"93.3_60","2000:93.3_60","2000:Spring93.3_60","San Diego Offshore",0
6840,2000-04-08,"2000_93.3_60",93.3,"60",31.85,-119.567,2000-04-08 23:23:00,2000-04-08 23:44:00,"Euphausia pacifica",2000,4,"Spring",-119.6,31.9,"93.3_60","2000:93.3_60","2000:Spring93.3_60","San Diego Offshore",32.978
6840,2000-04-08,"2000_93.3_60",93.3,"60",31.85,-119.567,2000-04-08 23:23:00,2000-04-08 23:44:00,"Euphausia recurva",2000,4,"Spring",-119.6,31.9,"93.3_60","2000:93.3_60","2000:Spring93.3_60","San Diego Offshore",39.574
6840,2000-04-08,"2000_93.3_60",93.3,"60",31.85,-119.567,2000-04-08 23:23:00,2000-04-08 23:44:00,"Euphausia tenera",2000,4,"Spring",-119.6,31.9,"93.3_60","2000:93.3_60","2000:Spring93.3_60","San Diego Offshore",0
6840,2000-04-08,"2000_93.3_60",93.3,"60",31.85,-119.567,2000-04-08 23:23:00,2000-04-08 23:44:00,"Nematobrachion boopis",2000,4,"Spring",-119.6,31.9,"93.3_60","2000:93.3_60","2000:Spring93.3_60","San Diego Offshore",0
6840,2000-04-08,"2000_93.3_60",93.3,"60",31.85,-119.567,2000-04-08 23:23:00,2000-04-08 23:44:00,"Nematobrachion flexipes",2000,4,"Spring",-119.6,31.9,"93.3_60","2000:93.3_60","2000:Spring93.3_60","San Diego Offshore",0
6840,2000-04-08,"2000_93.3_60",93.3,"60",31.85,-119.567,2000-04-08 23:23:00,2000-04-08 23:44:00,"Nematoscelis atlantica",2000,4,"Spring",-119.6,31.9,"93.3_60","2000:93.3_60","2000:Spring93.3_60","San Diego Offshore",6.596
6840,2000-04-08,"2000_93.3_60",93.3,"60",31.85,-119.567,2000-04-08 23:23:00,2000-04-08 23:44:00,"Nematoscelis difficilis",2000,4,"Spring",-119.6,31.9,"93.3_60","2000:93.3_60","2000:Spring93.3_60","San Diego Offshore",92.338
6840,2000-04-08,"2000_93.3_60",93.3,"60",31.85,-119.567,2000-04-08 23:23:00,2000-04-08 23:44:00,"Nematoscelis gracilis",2000,4,"Spring",-119.6,31.9,"93.3_60","2000:93.3_60","2000:Spring93.3_60","San Diego Offshore",0
6840,2000-04-08,"2000_93.3_60",93.3,"60",31.85,-119.567,2000-04-08 23:23:00,2000-04-08 23:44:00,"Nematoscelis microps",2000,4,"Spring",-119.6,31.9,"93.3_60","2000:93.3_60","2000:Spring93.3_60","San Diego Offshore",0
6840,2000-04-08,"2000_93.3_60",93.3,"60",31.85,-119.567,2000-04-08 23:23:00,2000-04-08 23:44:00,"Nematoscelis tenella",2000,4,"Spring",-119.6,31.9,"93.3_60","2000:93.3_60","2000:Spring93.3_60","San Diego Offshore",6.596
6840,2000-04-08,"2000_93.3_60",93.3,"60",31.85,-119.567,2000-04-08 23:23:00,2000-04-08 23:44:00,"Nyctiphanes simplex",2000,4,"Spring",-119.6,31.9,"93.3_60","2000:93.3_60","2000:Spring93.3_60","San Diego Offshore",0
6840,2000-04-08,"2000_93.3_60",93.3,"60",31.85,-119.567,2000-04-08 23:23:00,2000-04-08 23:44:00,"Stylocheiron abbreviatum",2000,4,"Spring",-119.6,31.9,"93.3_60","2000:93.3_60","2000:Spring93.3_60","San Diego Offshore",0
6840,2000-04-08,"2000_93.3_60",93.3,"60",31.85,-119.567,2000-04-08 23:23:00,2000-04-08 23:44:00,"Stylocheiron affine",2000,4,"Spring",-119.6,31.9,"93.3_60","2000:93.3_60","2000:Spring93.3_60","San Diego Offshore",0
6840,2000-04-08,"2000_93.3_60",93.3,"60",31.85,-119.567,2000-04-08 23:23:00,2000-04-08 23:44:00,"Stylocheiron carinatum",2000,4,"Spring",-119.6,31.9,"93.3_60","2000:93.3_60","2000:Spring93.3_60","San Diego Offshore",0
6840,2000-04-08,"2000_93.3_60",93.3,"60",31.85,-119.567,2000-04-08 23:23:00,2000-04-08 23:44:00,"Stylocheiron elongatum",2000,4,"Spring",-119.6,31.9,"93.3_60","2000:93.3_60","2000:Spring93.3_60","San Diego Offshore",0
6840,2000-04-08,"2000_93.3_60",93.3,"60",31.85,-119.567,2000-04-08 23:23:00,2000-04-08 23:44:00,"Stylocheiron longicorne",2000,4,"Spring",-119.6,31.9,"93.3_60","2000:93.3_60","2000:Spring93.3_60","San Diego Offshore",0
6840,2000-04-08,"2000_93.3_60",93.3,"60",31.85,-119.567,2000-04-08 23:23:00,2000-04-08 23:44:00,"Stylocheiron maximum",2000,4,"Spring",-119.6,31.9,"93.3_60","2000:93.3_60","2000:Spring93.3_60","San Diego Offshore",0
6840,2000-04-08,"2000_93.3_60",93.3,"60",31.85,-119.567,2000-04-08 23:23:00,2000-04-08 23:44:00,"Stylocheiron suhmi",2000,4,"Spring",-119.6,31.9,"93.3_60","2000:93.3_60","2000:Spring93.3_60","San Diego Offshore",0
6840,2000-04-08,"2000_93.3_60",93.3,"60",31.85,-119.567,2000-04-08 23:23:00,2000-04-08 23:44:00,"Tessarabrachion oculatum",2000,4,"Spring",-119.6,31.9,"93.3_60","2000:93.3_60","2000:Spring93.3_60","San Diego Offshore",0
6840,2000-04-08,"2000_93.3_60",93.3,"60",31.85,-119.567,2000-04-08 23:23:00,2000-04-08 23:44:00,"Thysanoessa gregaria",2000,4,"Spring",-119.6,31.9,"93.3_60","2000:93.3_60","2000:Spring93.3_60","San Diego Offshore",98.933
6840,2000-04-08,"2000_93.3_60",93.3,"60",31.85,-119.567,2000-04-08 23:23:00,2000-04-08 23:44:00,"Thysanoessa longipes",2000,4,"Spring",-119.6,31.9,"93.3_60","2000:93.3_60","2000:Spring93.3_60","San Diego Offshore",0
6840,2000-04-08,"2000_93.3_60",93.3,"60",31.85,-119.567,2000-04-08 23:23:00,2000-04-08 23:44:00,"Thysanoessa spinifera",2000,4,"Spring",-119.6,31.9,"93.3_60","2000:93.3_60","2000:Spring93.3_60","San Diego Offshore",0
6840,2000-04-08,"2000_93.3_60",93.3,"60",31.85,-119.567,2000-04-08 23:23:00,2000-04-08 23:44:00,"Thysanopoda astylata",2000,4,"Spring",-119.6,31.9,"93.3_60","2000:93.3_60","2000:Spring93.3_60","San Diego Offshore",0
6840,2000-04-08,"2000_93.3_60",93.3,"60",31.85,-119.567,2000-04-08 23:23:00,2000-04-08 23:44:00,"Thysanopoda cornuta",2000,4,"Spring",-119.6,31.9,"93.3_60","2000:93.3_60","2000:Spring93.3_60","San Diego Offshore",0
6840,2000-04-08,"2000_93.3_60",93.3,"60",31.85,-119.567,2000-04-08 23:23:00,2000-04-08 23:44:00,"Thysanopoda egregia",2000,4,"Spring",-119.6,31.9,"93.3_60","2000:93.3_60","2000:Spring93.3_60","San Diego Offshore",0
6840,2000-04-08,"2000_93.3_60",93.3,"60",31.85,-119.567,2000-04-08 23:23:00,2000-04-08 23:44:00,"Thysanopoda monacantha",2000,4,"Spring",-119.6,31.9,"93.3_60","2000:93.3_60","2000:Spring93.3_60","San Diego Offshore",0
6840,2000-04-08,"2000_93.3_60",93.3,"60",31.85,-119.567,2000-04-08 23:23:00,2000-04-08 23:44:00,"Thysanopoda obtusifrons",2000,4,"Spring",-119.6,31.9,"93.3_60","2000:93.3_60","2000:Spring93.3_60","San Diego Offshore",0
6840,2000-04-08,"2000_93.3_60",93.3,"60",31.85,-119.567,2000-04-08 23:23:00,2000-04-08 23:44:00,"Thysanopoda orientalis",2000,4,"Spring",-119.6,31.9,"93.3_60","2000:93.3_60","2000:Spring93.3_60","San Diego Offshore",6.596
6840,2000-04-08,"2000_93.3_60",93.3,"60",31.85,-119.567,2000-04-08 23:23:00,2000-04-08 23:44:00,"Thysanopoda pectinata",2000,4,"Spring",-119.6,31.9,"93.3_60","2000:93.3_60","2000:Spring93.3_60","San Diego Offshore",0
6859,2000-04-14,"2000_86.7_50",86.7,"50",33.317,-119.667,2000-04-14 19:03:00,2000-04-14 19:08:00,"Euphausia brevis",2000,4,"Spring",-119.7,33.3,"86.7_50","2000:86.7_50","2000:Spring86.7_50","San Nicolas Island",0
6859,2000-04-14,"2000_86.7_50",86.7,"50",33.317,-119.667,2000-04-14 19:03:00,2000-04-14 19:08:00,"Euphausia diomedeae",2000,4,"Spring",-119.7,33.3,"86.7_50","2000:86.7_50","2000:Spring86.7_50","San Nicolas Island",0
6859,2000-04-14,"2000_86.7_50",86.7,"50",33.317,-119.667,2000-04-14 19:03:00,2000-04-14 19:08:00,"Euphausia distinguenda",2000,4,"Spring",-119.7,33.3,"86.7_50","2000:86.7_50","2000:Spring86.7_50","San Nicolas Island",0
6859,2000-04-14,"2000_86.7_50",86.7,"50",33.317,-119.667,2000-04-14 19:03:00,2000-04-14 19:08:00,"Euphausia eximia",2000,4,"Spring",-119.7,33.3,"86.7_50","2000:86.7_50","2000:Spring86.7_50","San Nicolas Island",0
6859,2000-04-14,"2000_86.7_50",86.7,"50",33.317,-119.667,2000-04-14 19:03:00,2000-04-14 19:08:00,"Euphausia gibboides",2000,4,"Spring",-119.7,33.3,"86.7_50","2000:86.7_50","2000:Spring86.7_50","San Nicolas Island",0
6859,2000-04-14,"2000_86.7_50",86.7,"50",33.317,-119.667,2000-04-14 19:03:00,2000-04-14 19:08:00,"Euphausia hemigibba",2000,4,"Spring",-119.7,33.3,"86.7_50","2000:86.7_50","2000:Spring86.7_50","San Nicolas Island",0
6859,2000-04-14,"2000_86.7_50",86.7,"50",33.317,-119.667,2000-04-14 19:03:00,2000-04-14 19:08:00,"Euphausia lamelligera",2000,4,"Spring",-119.7,33.3,"86.7_50","2000:86.7_50","2000:Spring86.7_50","San Nicolas Island",0
6859,2000-04-14,"2000_86.7_50",86.7,"50",33.317,-119.667,2000-04-14 19:03:00,2000-04-14 19:08:00,"Euphausia mutica",2000,4,"Spring",-119.7,33.3,"86.7_50","2000:86.7_50","2000:Spring86.7_50","San Nicolas Island",0
6859,2000-04-14,"2000_86.7_50",86.7,"50",33.317,-119.667,2000-04-14 19:03:00,2000-04-14 19:08:00,"Euphausia pacifica",2000,4,"Spring",-119.7,33.3,"86.7_50","2000:86.7_50","2000:Spring86.7_50","San Nicolas Island",1594.614
6859,2000-04-14,"2000_86.7_50",86.7,"50",33.317,-119.667,2000-04-14 19:03:00,2000-04-14 19:08:00,"Euphausia recurva",2000,4,"Spring",-119.7,33.3,"86.7_50","2000:86.7_50","2000:Spring86.7_50","San Nicolas Island",0
6859,2000-04-14,"2000_86.7_50",86.7,"50",33.317,-119.667,2000-04-14 19:03:00,2000-04-14 19:08:00,"Euphausia tenera",2000,4,"Spring",-119.7,33.3,"86.7_50","2000:86.7_50","2000:Spring86.7_50","San Nicolas Island",0
6859,2000-04-14,"2000_86.7_50",86.7,"50",33.317,-119.667,2000-04-14 19:03:00,2000-04-14 19:08:00,"Nematobrachion boopis",2000,4,"Spring",-119.7,33.3,"86.7_50","2000:86.7_50","2000:Spring86.7_50","San Nicolas Island",0
6859,2000-04-14,"2000_86.7_50",86.7,"50",33.317,-119.667,2000-04-14 19:03:00,2000-04-14 19:08:00,"Nematobrachion flexipes",2000,4,"Spring",-119.7,33.3,"86.7_50","2000:86.7_50","2000:Spring86.7_50","San Nicolas Island",0
6859,2000-04-14,"2000_86.7_50",86.7,"50",33.317,-119.667,2000-04-14 19:03:00,2000-04-14 19:08:00,"Nematoscelis atlantica",2000,4,"Spring",-119.7,33.3,"86.7_50","2000:86.7_50","2000:Spring86.7_50","San Nicolas Island",0
6859,2000-04-14,"2000_86.7_50",86.7,"50",33.317,-119.667,2000-04-14 19:03:00,2000-04-14 19:08:00,"Nematoscelis difficilis",2000,4,"Spring",-119.7,33.3,"86.7_50","2000:86.7_50","2000:Spring86.7_50","San Nicolas Island",11.812
6859,2000-04-14,"2000_86.7_50",86.7,"50",33.317,-119.667,2000-04-14 19:03:00,2000-04-14 19:08:00,"Nematoscelis gracilis",2000,4,"Spring",-119.7,33.3,"86.7_50","2000:86.7_50","2000:Spring86.7_50","San Nicolas Island",0
6859,2000-04-14,"2000_86.7_50",86.7,"50",33.317,-119.667,2000-04-14 19:03:00,2000-04-14 19:08:00,"Nematoscelis microps",2000,4,"Spring",-119.7,33.3,"86.7_50","2000:86.7_50","2000:Spring86.7_50","San Nicolas Island",0
6859,2000-04-14,"2000_86.7_50",86.7,"50",33.317,-119.667,2000-04-14 19:03:00,2000-04-14 19:08:00,"Nematoscelis tenella",2000,4,"Spring",-119.7,33.3,"86.7_50","2000:86.7_50","2000:Spring86.7_50","San Nicolas Island",0
6859,2000-04-14,"2000_86.7_50",86.7,"50",33.317,-119.667,2000-04-14 19:03:00,2000-04-14 19:08:00,"Nyctiphanes simplex",2000,4,"Spring",-119.7,33.3,"86.7_50","2000:86.7_50","2000:Spring86.7_50","San Nicolas Island",11.812
6859,2000-04-14,"2000_86.7_50",86.7,"50",33.317,-119.667,2000-04-14 19:03:00,2000-04-14 19:08:00,"Stylocheiron abbreviatum",2000,4,"Spring",-119.7,33.3,"86.7_50","2000:86.7_50","2000:Spring86.7_50","San Nicolas Island",0
6859,2000-04-14,"2000_86.7_50",86.7,"50",33.317,-119.667,2000-04-14 19:03:00,2000-04-14 19:08:00,"Stylocheiron affine",2000,4,"Spring",-119.7,33.3,"86.7_50","2000:86.7_50","2000:Spring86.7_50","San Nicolas Island",0
6859,2000-04-14,"2000_86.7_50",86.7,"50",33.317,-119.667,2000-04-14 19:03:00,2000-04-14 19:08:00,"Stylocheiron carinatum",2000,4,"Spring",-119.7,33.3,"86.7_50","2000:86.7_50","2000:Spring86.7_50","San Nicolas Island",0
6859,2000-04-14,"2000_86.7_50",86.7,"50",33.317,-119.667,2000-04-14 19:03:00,2000-04-14 19:08:00,"Stylocheiron elongatum",2000,4,"Spring",-119.7,33.3,"86.7_50","2000:86.7_50","2000:Spring86.7_50","San Nicolas Island",0
6859,2000-04-14,"2000_86.7_50",86.7,"50",33.317,-119.667,2000-04-14 19:03:00,2000-04-14 19:08:00,"Stylocheiron longicorne",2000,4,"Spring",-119.7,33.3,"86.7_50","2000:86.7_50","2000:Spring86.7_50","San Nicolas Island",0
6859,2000-04-14,"2000_86.7_50",86.7,"50",33.317,-119.667,2000-04-14 19:03:00,2000-04-14 19:08:00,"Stylocheiron maximum",2000,4,"Spring",-119.7,33.3,"86.7_50","2000:86.7_50","2000:Spring86.7_50","San Nicolas Island",0
6859,2000-04-14,"2000_86.7_50",86.7,"50",33.317,-119.667,2000-04-14 19:03:00,2000-04-14 19:08:00,"Stylocheiron suhmi",2000,4,"Spring",-119.7,33.3,"86.7_50","2000:86.7_50","2000:Spring86.7_50","San Nicolas Island",0
6859,2000-04-14,"2000_86.7_50",86.7,"50",33.317,-119.667,2000-04-14 19:03:00,2000-04-14 19:08:00,"Tessarabrachion oculatum",2000,4,"Spring",-119.7,33.3,"86.7_50","2000:86.7_50","2000:Spring86.7_50","San Nicolas Island",0
6859,2000-04-14,"2000_86.7_50",86.7,"50",33.317,-119.667,2000-04-14 19:03:00,2000-04-14 19:08:00,"Thysanoessa gregaria",2000,4,"Spring",-119.7,33.3,"86.7_50","2000:86.7_50","2000:Spring86.7_50","San Nicolas Island",0
6859,2000-04-14,"2000_86.7_50",86.7,"50",33.317,-119.667,2000-04-14 19:03:00,2000-04-14 19:08:00,"Thysanoessa longipes",2000,4,"Spring",-119.7,33.3,"86.7_50","2000:86.7_50","2000:Spring86.7_50","San Nicolas Island",0
6859,2000-04-14,"2000_86.7_50",86.7,"50",33.317,-119.667,2000-04-14 19:03:00,2000-04-14 19:08:00,"Thysanoessa spinifera",2000,4,"Spring",-119.7,33.3,"86.7_50","2000:86.7_50","2000:Spring86.7_50","San Nicolas Island",129.932
6859,2000-04-14,"2000_86.7_50",86.7,"50",33.317,-119.667,2000-04-14 19:03:00,2000-04-14 19:08:00,"Thysanopoda astylata",2000,4,"Spring",-119.7,33.3,"86.7_50","2000:86.7_50","2000:Spring86.7_50","San Nicolas Island",0
6859,2000-04-14,"2000_86.7_50",86.7,"50",33.317,-119.667,2000-04-14 19:03:00,2000-04-14 19:08:00,"Thysanopoda cornuta",2000,4,"Spring",-119.7,33.3,"86.7_50","2000:86.7_50","2000:Spring86.7_50","San Nicolas Island",0
6859,2000-04-14,"2000_86.7_50",86.7,"50",33.317,-119.667,2000-04-14 19:03:00,2000-04-14 19:08:00,"Thysanopoda egregia",2000,4,"Spring",-119.7,33.3,"86.7_50","2000:86.7_50","2000:Spring86.7_50","San Nicolas Island",0
6859,2000-04-14,"2000_86.7_50",86.7,"50",33.317,-119.667,2000-04-14 19:03:00,2000-04-14 19:08:00,"Thysanopoda monacantha",2000,4,"Spring",-119.7,33.3,"86.7_50","2000:86.7_50","2000:Spring86.7_50","San Nicolas Island",0
6859,2000-04-14,"2000_86.7_50",86.7,"50",33.317,-119.667,2000-04-14 19:03:00,2000-04-14 19:08:00,"Thysanopoda obtusifrons",2000,4,"Spring",-119.7,33.3,"86.7_50","2000:86.7_50","2000:Spring86.7_50","San Nicolas Island",0
6859,2000-04-14,"2000_86.7_50",86.7,"50",33.317,-119.667,2000-04-14 19:03:00,2000-04-14 19:08:00,"Thysanopoda orientalis",2000,4,"Spring",-119.7,33.3,"86.7_50","2000:86.7_50","2000:Spring86.7_50","San Nicolas Island",0
6859,2000-04-14,"2000_86.7_50",86.7,"50",33.317,-119.667,2000-04-14 19:03:00,2000-04-14 19:08:00,"Thysanopoda pectinata",2000,4,"Spring",-119.7,33.3,"86.7_50","2000:86.7_50","2000:Spring86.7_50","San Nicolas Island",0
6875,2000-04-19,"2000_80_60",80,"60",34.15,-120.15,2000-04-19 14:23:00,2000-04-19 14:43:00,"Euphausia brevis",2000,4,"Spring",-120.2,34.1,"80_60","2000:80_60","2000:Spring80_60","Pt. Conception",0
6875,2000-04-19,"2000_80_60",80,"60",34.15,-120.15,2000-04-19 14:23:00,2000-04-19 14:43:00,"Euphausia diomedeae",2000,4,"Spring",-120.2,34.1,"80_60","2000:80_60","2000:Spring80_60","Pt. Conception",0
6875,2000-04-19,"2000_80_60",80,"60",34.15,-120.15,2000-04-19 14:23:00,2000-04-19 14:43:00,"Euphausia distinguenda",2000,4,"Spring",-120.2,34.1,"80_60","2000:80_60","2000:Spring80_60","Pt. Conception",0
6875,2000-04-19,"2000_80_60",80,"60",34.15,-120.15,2000-04-19 14:23:00,2000-04-19 14:43:00,"Euphausia eximia",2000,4,"Spring",-120.2,34.1,"80_60","2000:80_60","2000:Spring80_60","Pt. Conception",0
6875,2000-04-19,"2000_80_60",80,"60",34.15,-120.15,2000-04-19 14:23:00,2000-04-19 14:43:00,"Euphausia gibboides",2000,4,"Spring",-120.2,34.1,"80_60","2000:80_60","2000:Spring80_60","Pt. Conception",0
6875,2000-04-19,"2000_80_60",80,"60",34.15,-120.15,2000-04-19 14:23:00,2000-04-19 14:43:00,"Euphausia hemigibba",2000,4,"Spring",-120.2,34.1,"80_60","2000:80_60","2000:Spring80_60","Pt. Conception",0
6875,2000-04-19,"2000_80_60",80,"60",34.15,-120.15,2000-04-19 14:23:00,2000-04-19 14:43:00,"Euphausia lamelligera",2000,4,"Spring",-120.2,34.1,"80_60","2000:80_60","2000:Spring80_60","Pt. Conception",0
6875,2000-04-19,"2000_80_60",80,"60",34.15,-120.15,2000-04-19 14:23:00,2000-04-19 14:43:00,"Euphausia mutica",2000,4,"Spring",-120.2,34.1,"80_60","2000:80_60","2000:Spring80_60","Pt. Conception",0
6875,2000-04-19,"2000_80_60",80,"60",34.15,-120.15,2000-04-19 14:23:00,2000-04-19 14:43:00,"Euphausia pacifica",2000,4,"Spring",-120.2,34.1,"80_60","2000:80_60","2000:Spring80_60","Pt. Conception",1318.538
6875,2000-04-19,"2000_80_60",80,"60",34.15,-120.15,2000-04-19 14:23:00,2000-04-19 14:43:00,"Euphausia recurva",2000,4,"Spring",-120.2,34.1,"80_60","2000:80_60","2000:Spring80_60","Pt. Conception",0
6875,2000-04-19,"2000_80_60",80,"60",34.15,-120.15,2000-04-19 14:23:00,2000-04-19 14:43:00,"Euphausia tenera",2000,4,"Spring",-120.2,34.1,"80_60","2000:80_60","2000:Spring80_60","Pt. Conception",0
6875,2000-04-19,"2000_80_60",80,"60",34.15,-120.15,2000-04-19 14:23:00,2000-04-19 14:43:00,"Nematobrachion boopis",2000,4,"Spring",-120.2,34.1,"80_60","2000:80_60","2000:Spring80_60","Pt. Conception",0
6875,2000-04-19,"2000_80_60",80,"60",34.15,-120.15,2000-04-19 14:23:00,2000-04-19 14:43:00,"Nematobrachion flexipes",2000,4,"Spring",-120.2,34.1,"80_60","2000:80_60","2000:Spring80_60","Pt. Conception",0
6875,2000-04-19,"2000_80_60",80,"60",34.15,-120.15,2000-04-19 14:23:00,2000-04-19 14:43:00,"Nematoscelis atlantica",2000,4,"Spring",-120.2,34.1,"80_60","2000:80_60","2000:Spring80_60","Pt. Conception",0
6875,2000-04-19,"2000_80_60",80,"60",34.15,-120.15,2000-04-19 14:23:00,2000-04-19 14:43:00,"Nematoscelis difficilis",2000,4,"Spring",-120.2,34.1,"80_60","2000:80_60","2000:Spring80_60","Pt. Conception",32.423
6875,2000-04-19,"2000_80_60",80,"60",34.15,-120.15,2000-04-19 14:23:00,2000-04-19 14:43:00,"Nematoscelis gracilis",2000,4,"Spring",-120.2,34.1,"80_60","2000:80_60","2000:Spring80_60","Pt. Conception",0
6875,2000-04-19,"2000_80_60",80,"60",34.15,-120.15,2000-04-19 14:23:00,2000-04-19 14:43:00,"Nematoscelis microps",2000,4,"Spring",-120.2,34.1,"80_60","2000:80_60","2000:Spring80_60","Pt. Conception",0
6875,2000-04-19,"2000_80_60",80,"60",34.15,-120.15,2000-04-19 14:23:00,2000-04-19 14:43:00,"Nematoscelis tenella",2000,4,"Spring",-120.2,34.1,"80_60","2000:80_60","2000:Spring80_60","Pt. Conception",0
6875,2000-04-19,"2000_80_60",80,"60",34.15,-120.15,2000-04-19 14:23:00,2000-04-19 14:43:00,"Nyctiphanes simplex",2000,4,"Spring",-120.2,34.1,"80_60","2000:80_60","2000:Spring80_60","Pt. Conception",0
6875,2000-04-19,"2000_80_60",80,"60",34.15,-120.15,2000-04-19 14:23:00,2000-04-19 14:43:00,"Stylocheiron abbreviatum",2000,4,"Spring",-120.2,34.1,"80_60","2000:80_60","2000:Spring80_60","Pt. Conception",0
6875,2000-04-19,"2000_80_60",80,"60",34.15,-120.15,2000-04-19 14:23:00,2000-04-19 14:43:00,"Stylocheiron affine",2000,4,"Spring",-120.2,34.1,"80_60","2000:80_60","2000:Spring80_60","Pt. Conception",0
6875,2000-04-19,"2000_80_60",80,"60",34.15,-120.15,2000-04-19 14:23:00,2000-04-19 14:43:00,"Stylocheiron carinatum",2000,4,"Spring",-120.2,34.1,"80_60","2000:80_60","2000:Spring80_60","Pt. Conception",0
6875,2000-04-19,"2000_80_60",80,"60",34.15,-120.15,2000-04-19 14:23:00,2000-04-19 14:43:00,"Stylocheiron elongatum",2000,4,"Spring",-120.2,34.1,"80_60","2000:80_60","2000:Spring80_60","Pt. Conception",0
6875,2000-04-19,"2000_80_60",80,"60",34.15,-120.15,2000-04-19 14:23:00,2000-04-19 14:43:00,"Stylocheiron longicorne",2000,4,"Spring",-120.2,34.1,"80_60","2000:80_60","2000:Spring80_60","Pt. Conception",21.615
6875,2000-04-19,"2000_80_60",80,"60",34.15,-120.15,2000-04-19 14:23:00,2000-04-19 14:43:00,"Stylocheiron maximum",2000,4,"Spring",-120.2,34.1,"80_60","2000:80_60","2000:Spring80_60","Pt. Conception",0
6875,2000-04-19,"2000_80_60",80,"60",34.15,-120.15,2000-04-19 14:23:00,2000-04-19 14:43:00,"Stylocheiron suhmi",2000,4,"Spring",-120.2,34.1,"80_60","2000:80_60","2000:Spring80_60","Pt. Conception",0
6875,2000-04-19,"2000_80_60",80,"60",34.15,-120.15,2000-04-19 14:23:00,2000-04-19 14:43:00,"Tessarabrachion oculatum",2000,4,"Spring",-120.2,34.1,"80_60","2000:80_60","2000:Spring80_60","Pt. Conception",0
6875,2000-04-19,"2000_80_60",80,"60",34.15,-120.15,2000-04-19 14:23:00,2000-04-19 14:43:00,"Thysanoessa gregaria",2000,4,"Spring",-120.2,34.1,"80_60","2000:80_60","2000:Spring80_60","Pt. Conception",0
6875,2000-04-19,"2000_80_60",80,"60",34.15,-120.15,2000-04-19 14:23:00,2000-04-19 14:43:00,"Thysanoessa longipes",2000,4,"Spring",-120.2,34.1,"80_60","2000:80_60","2000:Spring80_60","Pt. Conception",0
6875,2000-04-19,"2000_80_60",80,"60",34.15,-120.15,2000-04-19 14:23:00,2000-04-19 14:43:00,"Thysanoessa spinifera",2000,4,"Spring",-120.2,34.1,"80_60","2000:80_60","2000:Spring80_60","Pt. Conception",21.615
6875,2000-04-19,"2000_80_60",80,"60",34.15,-120.15,2000-04-19 14:23:00,2000-04-19 14:43:00,"Thysanopoda astylata",2000,4,"Spring",-120.2,34.1,"80_60","2000:80_60","2000:Spring80_60","Pt. Conception",0
6875,2000-04-19,"2000_80_60",80,"60",34.15,-120.15,2000-04-19 14:23:00,2000-04-19 14:43:00,"Thysanopoda cornuta",2000,4,"Spring",-120.2,34.1,"80_60","2000:80_60","2000:Spring80_60","Pt. Conception",0
6875,2000-04-19,"2000_80_60",80,"60",34.15,-120.15,2000-04-19 14:23:00,2000-04-19 14:43:00,"Thysanopoda egregia",2000,4,"Spring",-120.2,34.1,"80_60","2000:80_60","2000:Spring80_60","Pt. Conception",0
6875,2000-04-19,"2000_80_60",80,"60",34.15,-120.15,2000-04-19 14:23:00,2000-04-19 14:43:00,"Thysanopoda monacantha",2000,4,"Spring",-120.2,34.1,"80_60","2000:80_60","2000:Spring80_60","Pt. Conception",0
6875,2000-04-19,"2000_80_60",80,"60",34.15,-120.15,2000-04-19 14:23:00,2000-04-19 14:43:00,"Thysanopoda obtusifrons",2000,4,"Spring",-120.2,34.1,"80_60","2000:80_60","2000:Spring80_60","Pt. Conception",0
6875,2000-04-19,"2000_80_60",80,"60",34.15,-120.15,2000-04-19 14:23:00,2000-04-19 14:43:00,"Thysanopoda orientalis",2000,4,"Spring",-120.2,34.1,"80_60","2000:80_60","2000:Spring80_60","Pt. Conception",0
6875,2000-04-19,"2000_80_60",80,"60",34.15,-120.15,2000-04-19 14:23:00,2000-04-19 14:43:00,"Thysanopoda pectinata",2000,4,"Spring",-120.2,34.1,"80_60","2000:80_60","2000:Spring80_60","Pt. Conception",0
6915,2001-04-06,"2001_93.3_30",93.3,"30",32.85,-117.533,2001-04-06 18:45:00,2001-04-06 19:06:00,"Euphausia brevis",2001,4,"Spring",-117.5,32.9,"93.3_30","2001:93.3_30","2001:Spring93.3_30","San Diego Inshore",0
6915,2001-04-06,"2001_93.3_30",93.3,"30",32.85,-117.533,2001-04-06 18:45:00,2001-04-06 19:06:00,"Euphausia diomedeae",2001,4,"Spring",-117.5,32.9,"93.3_30","2001:93.3_30","2001:Spring93.3_30","San Diego Inshore",0
6915,2001-04-06,"2001_93.3_30",93.3,"30",32.85,-117.533,2001-04-06 18:45:00,2001-04-06 19:06:00,"Euphausia distinguenda",2001,4,"Spring",-117.5,32.9,"93.3_30","2001:93.3_30","2001:Spring93.3_30","San Diego Inshore",0
6915,2001-04-06,"2001_93.3_30",93.3,"30",32.85,-117.533,2001-04-06 18:45:00,2001-04-06 19:06:00,"Euphausia eximia",2001,4,"Spring",-117.5,32.9,"93.3_30","2001:93.3_30","2001:Spring93.3_30","San Diego Inshore",0
6915,2001-04-06,"2001_93.3_30",93.3,"30",32.85,-117.533,2001-04-06 18:45:00,2001-04-06 19:06:00,"Euphausia gibboides",2001,4,"Spring",-117.5,32.9,"93.3_30","2001:93.3_30","2001:Spring93.3_30","San Diego Inshore",0
6915,2001-04-06,"2001_93.3_30",93.3,"30",32.85,-117.533,2001-04-06 18:45:00,2001-04-06 19:06:00,"Euphausia hemigibba",2001,4,"Spring",-117.5,32.9,"93.3_30","2001:93.3_30","2001:Spring93.3_30","San Diego Inshore",0
6915,2001-04-06,"2001_93.3_30",93.3,"30",32.85,-117.533,2001-04-06 18:45:00,2001-04-06 19:06:00,"Euphausia lamelligera",2001,4,"Spring",-117.5,32.9,"93.3_30","2001:93.3_30","2001:Spring93.3_30","San Diego Inshore",0
6915,2001-04-06,"2001_93.3_30",93.3,"30",32.85,-117.533,2001-04-06 18:45:00,2001-04-06 19:06:00,"Euphausia mutica",2001,4,"Spring",-117.5,32.9,"93.3_30","2001:93.3_30","2001:Spring93.3_30","San Diego Inshore",0
6915,2001-04-06,"2001_93.3_30",93.3,"30",32.85,-117.533,2001-04-06 18:45:00,2001-04-06 19:06:00,"Euphausia pacifica",2001,4,"Spring",-117.5,32.9,"93.3_30","2001:93.3_30","2001:Spring93.3_30","San Diego Inshore",193.756
6915,2001-04-06,"2001_93.3_30",93.3,"30",32.85,-117.533,2001-04-06 18:45:00,2001-04-06 19:06:00,"Euphausia recurva",2001,4,"Spring",-117.5,32.9,"93.3_30","2001:93.3_30","2001:Spring93.3_30","San Diego Inshore",6.459
6915,2001-04-06,"2001_93.3_30",93.3,"30",32.85,-117.533,2001-04-06 18:45:00,2001-04-06 19:06:00,"Euphausia tenera",2001,4,"Spring",-117.5,32.9,"93.3_30","2001:93.3_30","2001:Spring93.3_30","San Diego Inshore",0
6915,2001-04-06,"2001_93.3_30",93.3,"30",32.85,-117.533,2001-04-06 18:45:00,2001-04-06 19:06:00,"Nematobrachion boopis",2001,4,"Spring",-117.5,32.9,"93.3_30","2001:93.3_30","2001:Spring93.3_30","San Diego Inshore",0
6915,2001-04-06,"2001_93.3_30",93.3,"30",32.85,-117.533,2001-04-06 18:45:00,2001-04-06 19:06:00,"Nematobrachion flexipes",2001,4,"Spring",-117.5,32.9,"93.3_30","2001:93.3_30","2001:Spring93.3_30","San Diego Inshore",0
6915,2001-04-06,"2001_93.3_30",93.3,"30",32.85,-117.533,2001-04-06 18:45:00,2001-04-06 19:06:00,"Nematoscelis atlantica",2001,4,"Spring",-117.5,32.9,"93.3_30","2001:93.3_30","2001:Spring93.3_30","San Diego Inshore",0
6915,2001-04-06,"2001_93.3_30",93.3,"30",32.85,-117.533,2001-04-06 18:45:00,2001-04-06 19:06:00,"Nematoscelis difficilis",2001,4,"Spring",-117.5,32.9,"93.3_30","2001:93.3_30","2001:Spring93.3_30","San Diego Inshore",213.132
6915,2001-04-06,"2001_93.3_30",93.3,"30",32.85,-117.533,2001-04-06 18:45:00,2001-04-06 19:06:00,"Nematoscelis gracilis",2001,4,"Spring",-117.5,32.9,"93.3_30","2001:93.3_30","2001:Spring93.3_30","San Diego Inshore",0
6915,2001-04-06,"2001_93.3_30",93.3,"30",32.85,-117.533,2001-04-06 18:45:00,2001-04-06 19:06:00,"Nematoscelis microps",2001,4,"Spring",-117.5,32.9,"93.3_30","2001:93.3_30","2001:Spring93.3_30","San Diego Inshore",0
6915,2001-04-06,"2001_93.3_30",93.3,"30",32.85,-117.533,2001-04-06 18:45:00,2001-04-06 19:06:00,"Nematoscelis tenella",2001,4,"Spring",-117.5,32.9,"93.3_30","2001:93.3_30","2001:Spring93.3_30","San Diego Inshore",0
6915,2001-04-06,"2001_93.3_30",93.3,"30",32.85,-117.533,2001-04-06 18:45:00,2001-04-06 19:06:00,"Nyctiphanes simplex",2001,4,"Spring",-117.5,32.9,"93.3_30","2001:93.3_30","2001:Spring93.3_30","San Diego Inshore",12.917
6915,2001-04-06,"2001_93.3_30",93.3,"30",32.85,-117.533,2001-04-06 18:45:00,2001-04-06 19:06:00,"Stylocheiron abbreviatum",2001,4,"Spring",-117.5,32.9,"93.3_30","2001:93.3_30","2001:Spring93.3_30","San Diego Inshore",0
6915,2001-04-06,"2001_93.3_30",93.3,"30",32.85,-117.533,2001-04-06 18:45:00,2001-04-06 19:06:00,"Stylocheiron affine",2001,4,"Spring",-117.5,32.9,"93.3_30","2001:93.3_30","2001:Spring93.3_30","San Diego Inshore",6.459
6915,2001-04-06,"2001_93.3_30",93.3,"30",32.85,-117.533,2001-04-06 18:45:00,2001-04-06 19:06:00,"Stylocheiron carinatum",2001,4,"Spring",-117.5,32.9,"93.3_30","2001:93.3_30","2001:Spring93.3_30","San Diego Inshore",0
6915,2001-04-06,"2001_93.3_30",93.3,"30",32.85,-117.533,2001-04-06 18:45:00,2001-04-06 19:06:00,"Stylocheiron elongatum",2001,4,"Spring",-117.5,32.9,"93.3_30","2001:93.3_30","2001:Spring93.3_30","San Diego Inshore",0
6915,2001-04-06,"2001_93.3_30",93.3,"30",32.85,-117.533,2001-04-06 18:45:00,2001-04-06 19:06:00,"Stylocheiron longicorne",2001,4,"Spring",-117.5,32.9,"93.3_30","2001:93.3_30","2001:Spring93.3_30","San Diego Inshore",19.377
6915,2001-04-06,"2001_93.3_30",93.3,"30",32.85,-117.533,2001-04-06 18:45:00,2001-04-06 19:06:00,"Stylocheiron maximum",2001,4,"Spring",-117.5,32.9,"93.3_30","2001:93.3_30","2001:Spring93.3_30","San Diego Inshore",0
6915,2001-04-06,"2001_93.3_30",93.3,"30",32.85,-117.533,2001-04-06 18:45:00,2001-04-06 19:06:00,"Stylocheiron suhmi",2001,4,"Spring",-117.5,32.9,"93.3_30","2001:93.3_30","2001:Spring93.3_30","San Diego Inshore",0
6915,2001-04-06,"2001_93.3_30",93.3,"30",32.85,-117.533,2001-04-06 18:45:00,2001-04-06 19:06:00,"Tessarabrachion oculatum",2001,4,"Spring",-117.5,32.9,"93.3_30","2001:93.3_30","2001:Spring93.3_30","San Diego Inshore",0
6915,2001-04-06,"2001_93.3_30",93.3,"30",32.85,-117.533,2001-04-06 18:45:00,2001-04-06 19:06:00,"Thysanoessa gregaria",2001,4,"Spring",-117.5,32.9,"93.3_30","2001:93.3_30","2001:Spring93.3_30","San Diego Inshore",51.668
6915,2001-04-06,"2001_93.3_30",93.3,"30",32.85,-117.533,2001-04-06 18:45:00,2001-04-06 19:06:00,"Thysanoessa longipes",2001,4,"Spring",-117.5,32.9,"93.3_30","2001:93.3_30","2001:Spring93.3_30","San Diego Inshore",0
6915,2001-04-06,"2001_93.3_30",93.3,"30",32.85,-117.533,2001-04-06 18:45:00,2001-04-06 19:06:00,"Thysanoessa spinifera",2001,4,"Spring",-117.5,32.9,"93.3_30","2001:93.3_30","2001:Spring93.3_30","San Diego Inshore",0
6915,2001-04-06,"2001_93.3_30",93.3,"30",32.85,-117.533,2001-04-06 18:45:00,2001-04-06 19:06:00,"Thysanopoda astylata",2001,4,"Spring",-117.5,32.9,"93.3_30","2001:93.3_30","2001:Spring93.3_30","San Diego Inshore",0
6915,2001-04-06,"2001_93.3_30",93.3,"30",32.85,-117.533,2001-04-06 18:45:00,2001-04-06 19:06:00,"Thysanopoda cornuta",2001,4,"Spring",-117.5,32.9,"93.3_30","2001:93.3_30","2001:Spring93.3_30","San Diego Inshore",0
6915,2001-04-06,"2001_93.3_30",93.3,"30",32.85,-117.533,2001-04-06 18:45:00,2001-04-06 19:06:00,"Thysanopoda egregia",2001,4,"Spring",-117.5,32.9,"93.3_30","2001:93.3_30","2001:Spring93.3_30","San Diego Inshore",0
6915,2001-04-06,"2001_93.3_30",93.3,"30",32.85,-117.533,2001-04-06 18:45:00,2001-04-06 19:06:00,"Thysanopoda monacantha",2001,4,"Spring",-117.5,32.9,"93.3_30","2001:93.3_30","2001:Spring93.3_30","San Diego Inshore",0
6915,2001-04-06,"2001_93.3_30",93.3,"30",32.85,-117.533,2001-04-06 18:45:00,2001-04-06 19:06:00,"Thysanopoda obtusifrons",2001,4,"Spring",-117.5,32.9,"93.3_30","2001:93.3_30","2001:Spring93.3_30","San Diego Inshore",0
6915,2001-04-06,"2001_93.3_30",93.3,"30",32.85,-117.533,2001-04-06 18:45:00,2001-04-06 19:06:00,"Thysanopoda orientalis",2001,4,"Spring",-117.5,32.9,"93.3_30","2001:93.3_30","2001:Spring93.3_30","San Diego Inshore",0
6915,2001-04-06,"2001_93.3_30",93.3,"30",32.85,-117.533,2001-04-06 18:45:00,2001-04-06 19:06:00,"Thysanopoda pectinata",2001,4,"Spring",-117.5,32.9,"93.3_30","2001:93.3_30","2001:Spring93.3_30","San Diego Inshore",0
6921,2001-04-07,"2001_93.3_60",93.3,"60",31.85,-119.567,2001-04-07 22:32:00,2001-04-07 22:53:00,"Euphausia brevis",2001,4,"Spring",-119.6,31.9,"93.3_60","2001:93.3_60","2001:Spring93.3_60","San Diego Offshore",0
6921,2001-04-07,"2001_93.3_60",93.3,"60",31.85,-119.567,2001-04-07 22:32:00,2001-04-07 22:53:00,"Euphausia diomedeae",2001,4,"Spring",-119.6,31.9,"93.3_60","2001:93.3_60","2001:Spring93.3_60","San Diego Offshore",0
6921,2001-04-07,"2001_93.3_60",93.3,"60",31.85,-119.567,2001-04-07 22:32:00,2001-04-07 22:53:00,"Euphausia distinguenda",2001,4,"Spring",-119.6,31.9,"93.3_60","2001:93.3_60","2001:Spring93.3_60","San Diego Offshore",0
6921,2001-04-07,"2001_93.3_60",93.3,"60",31.85,-119.567,2001-04-07 22:32:00,2001-04-07 22:53:00,"Euphausia eximia",2001,4,"Spring",-119.6,31.9,"93.3_60","2001:93.3_60","2001:Spring93.3_60","San Diego Offshore",0
6921,2001-04-07,"2001_93.3_60",93.3,"60",31.85,-119.567,2001-04-07 22:32:00,2001-04-07 22:53:00,"Euphausia gibboides",2001,4,"Spring",-119.6,31.9,"93.3_60","2001:93.3_60","2001:Spring93.3_60","San Diego Offshore",20.787
6921,2001-04-07,"2001_93.3_60",93.3,"60",31.85,-119.567,2001-04-07 22:32:00,2001-04-07 22:53:00,"Euphausia hemigibba",2001,4,"Spring",-119.6,31.9,"93.3_60","2001:93.3_60","2001:Spring93.3_60","San Diego Offshore",3.464
6921,2001-04-07,"2001_93.3_60",93.3,"60",31.85,-119.567,2001-04-07 22:32:00,2001-04-07 22:53:00,"Euphausia lamelligera",2001,4,"Spring",-119.6,31.9,"93.3_60","2001:93.3_60","2001:Spring93.3_60","San Diego Offshore",0
6921,2001-04-07,"2001_93.3_60",93.3,"60",31.85,-119.567,2001-04-07 22:32:00,2001-04-07 22:53:00,"Euphausia mutica",2001,4,"Spring",-119.6,31.9,"93.3_60","2001:93.3_60","2001:Spring93.3_60","San Diego Offshore",0
6921,2001-04-07,"2001_93.3_60",93.3,"60",31.85,-119.567,2001-04-07 22:32:00,2001-04-07 22:53:00,"Euphausia pacifica",2001,4,"Spring",-119.6,31.9,"93.3_60","2001:93.3_60","2001:Spring93.3_60","San Diego Offshore",27.716
6921,2001-04-07,"2001_93.3_60",93.3,"60",31.85,-119.567,2001-04-07 22:32:00,2001-04-07 22:53:00,"Euphausia recurva",2001,4,"Spring",-119.6,31.9,"93.3_60","2001:93.3_60","2001:Spring93.3_60","San Diego Offshore",6.928
6921,2001-04-07,"2001_93.3_60",93.3,"60",31.85,-119.567,2001-04-07 22:32:00,2001-04-07 22:53:00,"Euphausia tenera",2001,4,"Spring",-119.6,31.9,"93.3_60","2001:93.3_60","2001:Spring93.3_60","San Diego Offshore",0
6921,2001-04-07,"2001_93.3_60",93.3,"60",31.85,-119.567,2001-04-07 22:32:00,2001-04-07 22:53:00,"Nematobrachion boopis",2001,4,"Spring",-119.6,31.9,"93.3_60","2001:93.3_60","2001:Spring93.3_60","San Diego Offshore",0
6921,2001-04-07,"2001_93.3_60",93.3,"60",31.85,-119.567,2001-04-07 22:32:00,2001-04-07 22:53:00,"Nematobrachion flexipes",2001,4,"Spring",-119.6,31.9,"93.3_60","2001:93.3_60","2001:Spring93.3_60","San Diego Offshore",1.609
6921,2001-04-07,"2001_93.3_60",93.3,"60",31.85,-119.567,2001-04-07 22:32:00,2001-04-07 22:53:00,"Nematoscelis atlantica",2001,4,"Spring",-119.6,31.9,"93.3_60","2001:93.3_60","2001:Spring93.3_60","San Diego Offshore",1.609
6921,2001-04-07,"2001_93.3_60",93.3,"60",31.85,-119.567,2001-04-07 22:32:00,2001-04-07 22:53:00,"Nematoscelis difficilis",2001,4,"Spring",-119.6,31.9,"93.3_60","2001:93.3_60","2001:Spring93.3_60","San Diego Offshore",148.968
6921,2001-04-07,"2001_93.3_60",93.3,"60",31.85,-119.567,2001-04-07 22:32:00,2001-04-07 22:53:00,"Nematoscelis gracilis",2001,4,"Spring",-119.6,31.9,"93.3_60","2001:93.3_60","2001:Spring93.3_60","San Diego Offshore",0
6921,2001-04-07,"2001_93.3_60",93.3,"60",31.85,-119.567,2001-04-07 22:32:00,2001-04-07 22:53:00,"Nematoscelis microps",2001,4,"Spring",-119.6,31.9,"93.3_60","2001:93.3_60","2001:Spring93.3_60","San Diego Offshore",0
6921,2001-04-07,"2001_93.3_60",93.3,"60",31.85,-119.567,2001-04-07 22:32:00,2001-04-07 22:53:00,"Nematoscelis tenella",2001,4,"Spring",-119.6,31.9,"93.3_60","2001:93.3_60","2001:Spring93.3_60","San Diego Offshore",0
6921,2001-04-07,"2001_93.3_60",93.3,"60",31.85,-119.567,2001-04-07 22:32:00,2001-04-07 22:53:00,"Nyctiphanes simplex",2001,4,"Spring",-119.6,31.9,"93.3_60","2001:93.3_60","2001:Spring93.3_60","San Diego Offshore",0
6921,2001-04-07,"2001_93.3_60",93.3,"60",31.85,-119.567,2001-04-07 22:32:00,2001-04-07 22:53:00,"Stylocheiron abbreviatum",2001,4,"Spring",-119.6,31.9,"93.3_60","2001:93.3_60","2001:Spring93.3_60","San Diego Offshore",0
6921,2001-04-07,"2001_93.3_60",93.3,"60",31.85,-119.567,2001-04-07 22:32:00,2001-04-07 22:53:00,"Stylocheiron affine",2001,4,"Spring",-119.6,31.9,"93.3_60","2001:93.3_60","2001:Spring93.3_60","San Diego Offshore",51.966
6921,2001-04-07,"2001_93.3_60",93.3,"60",31.85,-119.567,2001-04-07 22:32:00,2001-04-07 22:53:00,"Stylocheiron carinatum",2001,4,"Spring",-119.6,31.9,"93.3_60","2001:93.3_60","2001:Spring93.3_60","San Diego Offshore",0
6921,2001-04-07,"2001_93.3_60",93.3,"60",31.85,-119.567,2001-04-07 22:32:00,2001-04-07 22:53:00,"Stylocheiron elongatum",2001,4,"Spring",-119.6,31.9,"93.3_60","2001:93.3_60","2001:Spring93.3_60","San Diego Offshore",0
6921,2001-04-07,"2001_93.3_60",93.3,"60",31.85,-119.567,2001-04-07 22:32:00,2001-04-07 22:53:00,"Stylocheiron longicorne",2001,4,"Spring",-119.6,31.9,"93.3_60","2001:93.3_60","2001:Spring93.3_60","San Diego Offshore",17.322
6921,2001-04-07,"2001_93.3_60",93.3,"60",31.85,-119.567,2001-04-07 22:32:00,2001-04-07 22:53:00,"Stylocheiron maximum",2001,4,"Spring",-119.6,31.9,"93.3_60","2001:93.3_60","2001:Spring93.3_60","San Diego Offshore",3.464
6921,2001-04-07,"2001_93.3_60",93.3,"60",31.85,-119.567,2001-04-07 22:32:00,2001-04-07 22:53:00,"Stylocheiron suhmi",2001,4,"Spring",-119.6,31.9,"93.3_60","2001:93.3_60","2001:Spring93.3_60","San Diego Offshore",0
6921,2001-04-07,"2001_93.3_60",93.3,"60",31.85,-119.567,2001-04-07 22:32:00,2001-04-07 22:53:00,"Tessarabrachion oculatum",2001,4,"Spring",-119.6,31.9,"93.3_60","2001:93.3_60","2001:Spring93.3_60","San Diego Offshore",0
6921,2001-04-07,"2001_93.3_60",93.3,"60",31.85,-119.567,2001-04-07 22:32:00,2001-04-07 22:53:00,"Thysanoessa gregaria",2001,4,"Spring",-119.6,31.9,"93.3_60","2001:93.3_60","2001:Spring93.3_60","San Diego Offshore",69.287
6921,2001-04-07,"2001_93.3_60",93.3,"60",31.85,-119.567,2001-04-07 22:32:00,2001-04-07 22:53:00,"Thysanoessa longipes",2001,4,"Spring",-119.6,31.9,"93.3_60","2001:93.3_60","2001:Spring93.3_60","San Diego Offshore",0
6921,2001-04-07,"2001_93.3_60",93.3,"60",31.85,-119.567,2001-04-07 22:32:00,2001-04-07 22:53:00,"Thysanoessa spinifera",2001,4,"Spring",-119.6,31.9,"93.3_60","2001:93.3_60","2001:Spring93.3_60","San Diego Offshore",0
6921,2001-04-07,"2001_93.3_60",93.3,"60",31.85,-119.567,2001-04-07 22:32:00,2001-04-07 22:53:00,"Thysanopoda astylata",2001,4,"Spring",-119.6,31.9,"93.3_60","2001:93.3_60","2001:Spring93.3_60","San Diego Offshore",0
6921,2001-04-07,"2001_93.3_60",93.3,"60",31.85,-119.567,2001-04-07 22:32:00,2001-04-07 22:53:00,"Thysanopoda cornuta",2001,4,"Spring",-119.6,31.9,"93.3_60","2001:93.3_60","2001:Spring93.3_60","San Diego Offshore",0
6921,2001-04-07,"2001_93.3_60",93.3,"60",31.85,-119.567,2001-04-07 22:32:00,2001-04-07 22:53:00,"Thysanopoda egregia",2001,4,"Spring",-119.6,31.9,"93.3_60","2001:93.3_60","2001:Spring93.3_60","San Diego Offshore",0
6921,2001-04-07,"2001_93.3_60",93.3,"60",31.85,-119.567,2001-04-07 22:32:00,2001-04-07 22:53:00,"Thysanopoda monacantha",2001,4,"Spring",-119.6,31.9,"93.3_60","2001:93.3_60","2001:Spring93.3_60","San Diego Offshore",0
6921,2001-04-07,"2001_93.3_60",93.3,"60",31.85,-119.567,2001-04-07 22:32:00,2001-04-07 22:53:00,"Thysanopoda obtusifrons",2001,4,"Spring",-119.6,31.9,"93.3_60","2001:93.3_60","2001:Spring93.3_60","San Diego Offshore",0
6921,2001-04-07,"2001_93.3_60",93.3,"60",31.85,-119.567,2001-04-07 22:32:00,2001-04-07 22:53:00,"Thysanopoda orientalis",2001,4,"Spring",-119.6,31.9,"93.3_60","2001:93.3_60","2001:Spring93.3_60","San Diego Offshore",0
6921,2001-04-07,"2001_93.3_60",93.3,"60",31.85,-119.567,2001-04-07 22:32:00,2001-04-07 22:53:00,"Thysanopoda pectinata",2001,4,"Spring",-119.6,31.9,"93.3_60","2001:93.3_60","2001:Spring93.3_60","San Diego Offshore",0
6939,2001-04-14,"2001_86.7_50",86.7,"50",33.317,-119.667,2001-04-14 06:06:00,2001-04-14 06:11:00,"Euphausia brevis",2001,4,"Spring",-119.7,33.3,"86.7_50","2001:86.7_50","2001:Spring86.7_50","San Nicolas Island",0
6939,2001-04-14,"2001_86.7_50",86.7,"50",33.317,-119.667,2001-04-14 06:06:00,2001-04-14 06:11:00,"Euphausia diomedeae",2001,4,"Spring",-119.7,33.3,"86.7_50","2001:86.7_50","2001:Spring86.7_50","San Nicolas Island",0
6939,2001-04-14,"2001_86.7_50",86.7,"50",33.317,-119.667,2001-04-14 06:06:00,2001-04-14 06:11:00,"Euphausia distinguenda",2001,4,"Spring",-119.7,33.3,"86.7_50","2001:86.7_50","2001:Spring86.7_50","San Nicolas Island",0
6939,2001-04-14,"2001_86.7_50",86.7,"50",33.317,-119.667,2001-04-14 06:06:00,2001-04-14 06:11:00,"Euphausia eximia",2001,4,"Spring",-119.7,33.3,"86.7_50","2001:86.7_50","2001:Spring86.7_50","San Nicolas Island",0
6939,2001-04-14,"2001_86.7_50",86.7,"50",33.317,-119.667,2001-04-14 06:06:00,2001-04-14 06:11:00,"Euphausia gibboides",2001,4,"Spring",-119.7,33.3,"86.7_50","2001:86.7_50","2001:Spring86.7_50","San Nicolas Island",0
6939,2001-04-14,"2001_86.7_50",86.7,"50",33.317,-119.667,2001-04-14 06:06:00,2001-04-14 06:11:00,"Euphausia hemigibba",2001,4,"Spring",-119.7,33.3,"86.7_50","2001:86.7_50","2001:Spring86.7_50","San Nicolas Island",0
6939,2001-04-14,"2001_86.7_50",86.7,"50",33.317,-119.667,2001-04-14 06:06:00,2001-04-14 06:11:00,"Euphausia lamelligera",2001,4,"Spring",-119.7,33.3,"86.7_50","2001:86.7_50","2001:Spring86.7_50","San Nicolas Island",0
6939,2001-04-14,"2001_86.7_50",86.7,"50",33.317,-119.667,2001-04-14 06:06:00,2001-04-14 06:11:00,"Euphausia mutica",2001,4,"Spring",-119.7,33.3,"86.7_50","2001:86.7_50","2001:Spring86.7_50","San Nicolas Island",0
6939,2001-04-14,"2001_86.7_50",86.7,"50",33.317,-119.667,2001-04-14 06:06:00,2001-04-14 06:11:00,"Euphausia pacifica",2001,4,"Spring",-119.7,33.3,"86.7_50","2001:86.7_50","2001:Spring86.7_50","San Nicolas Island",1403.64
6939,2001-04-14,"2001_86.7_50",86.7,"50",33.317,-119.667,2001-04-14 06:06:00,2001-04-14 06:11:00,"Euphausia recurva",2001,4,"Spring",-119.7,33.3,"86.7_50","2001:86.7_50","2001:Spring86.7_50","San Nicolas Island",0
6939,2001-04-14,"2001_86.7_50",86.7,"50",33.317,-119.667,2001-04-14 06:06:00,2001-04-14 06:11:00,"Euphausia tenera",2001,4,"Spring",-119.7,33.3,"86.7_50","2001:86.7_50","2001:Spring86.7_50","San Nicolas Island",0
6939,2001-04-14,"2001_86.7_50",86.7,"50",33.317,-119.667,2001-04-14 06:06:00,2001-04-14 06:11:00,"Nematobrachion boopis",2001,4,"Spring",-119.7,33.3,"86.7_50","2001:86.7_50","2001:Spring86.7_50","San Nicolas Island",0
6939,2001-04-14,"2001_86.7_50",86.7,"50",33.317,-119.667,2001-04-14 06:06:00,2001-04-14 06:11:00,"Nematobrachion flexipes",2001,4,"Spring",-119.7,33.3,"86.7_50","2001:86.7_50","2001:Spring86.7_50","San Nicolas Island",0
6939,2001-04-14,"2001_86.7_50",86.7,"50",33.317,-119.667,2001-04-14 06:06:00,2001-04-14 06:11:00,"Nematoscelis atlantica",2001,4,"Spring",-119.7,33.3,"86.7_50","2001:86.7_50","2001:Spring86.7_50","San Nicolas Island",0
6939,2001-04-14,"2001_86.7_50",86.7,"50",33.317,-119.667,2001-04-14 06:06:00,2001-04-14 06:11:00,"Nematoscelis difficilis",2001,4,"Spring",-119.7,33.3,"86.7_50","2001:86.7_50","2001:Spring86.7_50","San Nicolas Island",11.895
6939,2001-04-14,"2001_86.7_50",86.7,"50",33.317,-119.667,2001-04-14 06:06:00,2001-04-14 06:11:00,"Nematoscelis gracilis",2001,4,"Spring",-119.7,33.3,"86.7_50","2001:86.7_50","2001:Spring86.7_50","San Nicolas Island",0
6939,2001-04-14,"2001_86.7_50",86.7,"50",33.317,-119.667,2001-04-14 06:06:00,2001-04-14 06:11:00,"Nematoscelis microps",2001,4,"Spring",-119.7,33.3,"86.7_50","2001:86.7_50","2001:Spring86.7_50","San Nicolas Island",0
6939,2001-04-14,"2001_86.7_50",86.7,"50",33.317,-119.667,2001-04-14 06:06:00,2001-04-14 06:11:00,"Nematoscelis tenella",2001,4,"Spring",-119.7,33.3,"86.7_50","2001:86.7_50","2001:Spring86.7_50","San Nicolas Island",0
6939,2001-04-14,"2001_86.7_50",86.7,"50",33.317,-119.667,2001-04-14 06:06:00,2001-04-14 06:11:00,"Nyctiphanes simplex",2001,4,"Spring",-119.7,33.3,"86.7_50","2001:86.7_50","2001:Spring86.7_50","San Nicolas Island",0
6939,2001-04-14,"2001_86.7_50",86.7,"50",33.317,-119.667,2001-04-14 06:06:00,2001-04-14 06:11:00,"Stylocheiron abbreviatum",2001,4,"Spring",-119.7,33.3,"86.7_50","2001:86.7_50","2001:Spring86.7_50","San Nicolas Island",0
6939,2001-04-14,"2001_86.7_50",86.7,"50",33.317,-119.667,2001-04-14 06:06:00,2001-04-14 06:11:00,"Stylocheiron affine",2001,4,"Spring",-119.7,33.3,"86.7_50","2001:86.7_50","2001:Spring86.7_50","San Nicolas Island",0
6939,2001-04-14,"2001_86.7_50",86.7,"50",33.317,-119.667,2001-04-14 06:06:00,2001-04-14 06:11:00,"Stylocheiron carinatum",2001,4,"Spring",-119.7,33.3,"86.7_50","2001:86.7_50","2001:Spring86.7_50","San Nicolas Island",0
6939,2001-04-14,"2001_86.7_50",86.7,"50",33.317,-119.667,2001-04-14 06:06:00,2001-04-14 06:11:00,"Stylocheiron elongatum",2001,4,"Spring",-119.7,33.3,"86.7_50","2001:86.7_50","2001:Spring86.7_50","San Nicolas Island",0
6939,2001-04-14,"2001_86.7_50",86.7,"50",33.317,-119.667,2001-04-14 06:06:00,2001-04-14 06:11:00,"Stylocheiron longicorne",2001,4,"Spring",-119.7,33.3,"86.7_50","2001:86.7_50","2001:Spring86.7_50","San Nicolas Island",0
6939,2001-04-14,"2001_86.7_50",86.7,"50",33.317,-119.667,2001-04-14 06:06:00,2001-04-14 06:11:00,"Stylocheiron maximum",2001,4,"Spring",-119.7,33.3,"86.7_50","2001:86.7_50","2001:Spring86.7_50","San Nicolas Island",0
6939,2001-04-14,"2001_86.7_50",86.7,"50",33.317,-119.667,2001-04-14 06:06:00,2001-04-14 06:11:00,"Stylocheiron suhmi",2001,4,"Spring",-119.7,33.3,"86.7_50","2001:86.7_50","2001:Spring86.7_50","San Nicolas Island",0
6939,2001-04-14,"2001_86.7_50",86.7,"50",33.317,-119.667,2001-04-14 06:06:00,2001-04-14 06:11:00,"Tessarabrachion oculatum",2001,4,"Spring",-119.7,33.3,"86.7_50","2001:86.7_50","2001:Spring86.7_50","San Nicolas Island",0
6939,2001-04-14,"2001_86.7_50",86.7,"50",33.317,-119.667,2001-04-14 06:06:00,2001-04-14 06:11:00,"Thysanoessa gregaria",2001,4,"Spring",-119.7,33.3,"86.7_50","2001:86.7_50","2001:Spring86.7_50","San Nicolas Island",0
6939,2001-04-14,"2001_86.7_50",86.7,"50",33.317,-119.667,2001-04-14 06:06:00,2001-04-14 06:11:00,"Thysanoessa longipes",2001,4,"Spring",-119.7,33.3,"86.7_50","2001:86.7_50","2001:Spring86.7_50","San Nicolas Island",0
6939,2001-04-14,"2001_86.7_50",86.7,"50",33.317,-119.667,2001-04-14 06:06:00,2001-04-14 06:11:00,"Thysanoessa spinifera",2001,4,"Spring",-119.7,33.3,"86.7_50","2001:86.7_50","2001:Spring86.7_50","San Nicolas Island",71.371
6939,2001-04-14,"2001_86.7_50",86.7,"50",33.317,-119.667,2001-04-14 06:06:00,2001-04-14 06:11:00,"Thysanopoda astylata",2001,4,"Spring",-119.7,33.3,"86.7_50","2001:86.7_50","2001:Spring86.7_50","San Nicolas Island",0
6939,2001-04-14,"2001_86.7_50",86.7,"50",33.317,-119.667,2001-04-14 06:06:00,2001-04-14 06:11:00,"Thysanopoda cornuta",2001,4,"Spring",-119.7,33.3,"86.7_50","2001:86.7_50","2001:Spring86.7_50","San Nicolas Island",0
6939,2001-04-14,"2001_86.7_50",86.7,"50",33.317,-119.667,2001-04-14 06:06:00,2001-04-14 06:11:00,"Thysanopoda egregia",2001,4,"Spring",-119.7,33.3,"86.7_50","2001:86.7_50","2001:Spring86.7_50","San Nicolas Island",0
6939,2001-04-14,"2001_86.7_50",86.7,"50",33.317,-119.667,2001-04-14 06:06:00,2001-04-14 06:11:00,"Thysanopoda monacantha",2001,4,"Spring",-119.7,33.3,"86.7_50","2001:86.7_50","2001:Spring86.7_50","San Nicolas Island",0
6939,2001-04-14,"2001_86.7_50",86.7,"50",33.317,-119.667,2001-04-14 06:06:00,2001-04-14 06:11:00,"Thysanopoda obtusifrons",2001,4,"Spring",-119.7,33.3,"86.7_50","2001:86.7_50","2001:Spring86.7_50","San Nicolas Island",0
6939,2001-04-14,"2001_86.7_50",86.7,"50",33.317,-119.667,2001-04-14 06:06:00,2001-04-14 06:11:00,"Thysanopoda orientalis",2001,4,"Spring",-119.7,33.3,"86.7_50","2001:86.7_50","2001:Spring86.7_50","San Nicolas Island",0
6939,2001-04-14,"2001_86.7_50",86.7,"50",33.317,-119.667,2001-04-14 06:06:00,2001-04-14 06:11:00,"Thysanopoda pectinata",2001,4,"Spring",-119.7,33.3,"86.7_50","2001:86.7_50","2001:Spring86.7_50","San Nicolas Island",0
6956,2001-04-20,"2001_80_60",80,"60",34.15,-121.15,2001-04-20 02:43:00,2001-04-20 03:04:00,"Euphausia brevis",2001,4,"Spring",-121.2,34.1,"80_60","2001:80_60","2001:Spring80_60","Pt. Conception",0
6956,2001-04-20,"2001_80_60",80,"60",34.15,-121.15,2001-04-20 02:43:00,2001-04-20 03:04:00,"Euphausia diomedeae",2001,4,"Spring",-121.2,34.1,"80_60","2001:80_60","2001:Spring80_60","Pt. Conception",0
6956,2001-04-20,"2001_80_60",80,"60",34.15,-121.15,2001-04-20 02:43:00,2001-04-20 03:04:00,"Euphausia distinguenda",2001,4,"Spring",-121.2,34.1,"80_60","2001:80_60","2001:Spring80_60","Pt. Conception",0
6956,2001-04-20,"2001_80_60",80,"60",34.15,-121.15,2001-04-20 02:43:00,2001-04-20 03:04:00,"Euphausia eximia",2001,4,"Spring",-121.2,34.1,"80_60","2001:80_60","2001:Spring80_60","Pt. Conception",0
6956,2001-04-20,"2001_80_60",80,"60",34.15,-121.15,2001-04-20 02:43:00,2001-04-20 03:04:00,"Euphausia gibboides",2001,4,"Spring",-121.2,34.1,"80_60","2001:80_60","2001:Spring80_60","Pt. Conception",0
6956,2001-04-20,"2001_80_60",80,"60",34.15,-121.15,2001-04-20 02:43:00,2001-04-20 03:04:00,"Euphausia hemigibba",2001,4,"Spring",-121.2,34.1,"80_60","2001:80_60","2001:Spring80_60","Pt. Conception",0
6956,2001-04-20,"2001_80_60",80,"60",34.15,-121.15,2001-04-20 02:43:00,2001-04-20 03:04:00,"Euphausia lamelligera",2001,4,"Spring",-121.2,34.1,"80_60","2001:80_60","2001:Spring80_60","Pt. Conception",0
6956,2001-04-20,"2001_80_60",80,"60",34.15,-121.15,2001-04-20 02:43:00,2001-04-20 03:04:00,"Euphausia mutica",2001,4,"Spring",-121.2,34.1,"80_60","2001:80_60","2001:Spring80_60","Pt. Conception",0
6956,2001-04-20,"2001_80_60",80,"60",34.15,-121.15,2001-04-20 02:43:00,2001-04-20 03:04:00,"Euphausia pacifica",2001,4,"Spring",-121.2,34.1,"80_60","2001:80_60","2001:Spring80_60","Pt. Conception",6369.086
6956,2001-04-20,"2001_80_60",80,"60",34.15,-121.15,2001-04-20 02:43:00,2001-04-20 03:04:00,"Euphausia recurva",2001,4,"Spring",-121.2,34.1,"80_60","2001:80_60","2001:Spring80_60","Pt. Conception",0
6956,2001-04-20,"2001_80_60",80,"60",34.15,-121.15,2001-04-20 02:43:00,2001-04-20 03:04:00,"Euphausia tenera",2001,4,"Spring",-121.2,34.1,"80_60","2001:80_60","2001:Spring80_60","Pt. Conception",0
6956,2001-04-20,"2001_80_60",80,"60",34.15,-121.15,2001-04-20 02:43:00,2001-04-20 03:04:00,"Nematobrachion boopis",2001,4,"Spring",-121.2,34.1,"80_60","2001:80_60","2001:Spring80_60","Pt. Conception",0
6956,2001-04-20,"2001_80_60",80,"60",34.15,-121.15,2001-04-20 02:43:00,2001-04-20 03:04:00,"Nematobrachion flexipes",2001,4,"Spring",-121.2,34.1,"80_60","2001:80_60","2001:Spring80_60","Pt. Conception",0
6956,2001-04-20,"2001_80_60",80,"60",34.15,-121.15,2001-04-20 02:43:00,2001-04-20 03:04:00,"Nematoscelis atlantica",2001,4,"Spring",-121.2,34.1,"80_60","2001:80_60","2001:Spring80_60","Pt. Conception",0
6956,2001-04-20,"2001_80_60",80,"60",34.15,-121.15,2001-04-20 02:43:00,2001-04-20 03:04:00,"Nematoscelis difficilis",2001,4,"Spring",-121.2,34.1,"80_60","2001:80_60","2001:Spring80_60","Pt. Conception",764.29
6956,2001-04-20,"2001_80_60",80,"60",34.15,-121.15,2001-04-20 02:43:00,2001-04-20 03:04:00,"Nematoscelis gracilis",2001,4,"Spring",-121.2,34.1,"80_60","2001:80_60","2001:Spring80_60","Pt. Conception",0
6956,2001-04-20,"2001_80_60",80,"60",34.15,-121.15,2001-04-20 02:43:00,2001-04-20 03:04:00,"Nematoscelis microps",2001,4,"Spring",-121.2,34.1,"80_60","2001:80_60","2001:Spring80_60","Pt. Conception",0
6956,2001-04-20,"2001_80_60",80,"60",34.15,-121.15,2001-04-20 02:43:00,2001-04-20 03:04:00,"Nematoscelis tenella",2001,4,"Spring",-121.2,34.1,"80_60","2001:80_60","2001:Spring80_60","Pt. Conception",0
6956,2001-04-20,"2001_80_60",80,"60",34.15,-121.15,2001-04-20 02:43:00,2001-04-20 03:04:00,"Nyctiphanes simplex",2001,4,"Spring",-121.2,34.1,"80_60","2001:80_60","2001:Spring80_60","Pt. Conception",0
6956,2001-04-20,"2001_80_60",80,"60",34.15,-121.15,2001-04-20 02:43:00,2001-04-20 03:04:00,"Stylocheiron abbreviatum",2001,4,"Spring",-121.2,34.1,"80_60","2001:80_60","2001:Spring80_60","Pt. Conception",0
6956,2001-04-20,"2001_80_60",80,"60",34.15,-121.15,2001-04-20 02:43:00,2001-04-20 03:04:00,"Stylocheiron affine",2001,4,"Spring",-121.2,34.1,"80_60","2001:80_60","2001:Spring80_60","Pt. Conception",0
6956,2001-04-20,"2001_80_60",80,"60",34.15,-121.15,2001-04-20 02:43:00,2001-04-20 03:04:00,"Stylocheiron carinatum",2001,4,"Spring",-121.2,34.1,"80_60","2001:80_60","2001:Spring80_60","Pt. Conception",0
6956,2001-04-20,"2001_80_60",80,"60",34.15,-121.15,2001-04-20 02:43:00,2001-04-20 03:04:00,"Stylocheiron elongatum",2001,4,"Spring",-121.2,34.1,"80_60","2001:80_60","2001:Spring80_60","Pt. Conception",0
6956,2001-04-20,"2001_80_60",80,"60",34.15,-121.15,2001-04-20 02:43:00,2001-04-20 03:04:00,"Stylocheiron longicorne",2001,4,"Spring",-121.2,34.1,"80_60","2001:80_60","2001:Spring80_60","Pt. Conception",127.382
6956,2001-04-20,"2001_80_60",80,"60",34.15,-121.15,2001-04-20 02:43:00,2001-04-20 03:04:00,"Stylocheiron maximum",2001,4,"Spring",-121.2,34.1,"80_60","2001:80_60","2001:Spring80_60","Pt. Conception",0
6956,2001-04-20,"2001_80_60",80,"60",34.15,-121.15,2001-04-20 02:43:00,2001-04-20 03:04:00,"Stylocheiron suhmi",2001,4,"Spring",-121.2,34.1,"80_60","2001:80_60","2001:Spring80_60","Pt. Conception",0
6956,2001-04-20,"2001_80_60",80,"60",34.15,-121.15,2001-04-20 02:43:00,2001-04-20 03:04:00,"Tessarabrachion oculatum",2001,4,"Spring",-121.2,34.1,"80_60","2001:80_60","2001:Spring80_60","Pt. Conception",0
6956,2001-04-20,"2001_80_60",80,"60",34.15,-121.15,2001-04-20 02:43:00,2001-04-20 03:04:00,"Thysanoessa gregaria",2001,4,"Spring",-121.2,34.1,"80_60","2001:80_60","2001:Spring80_60","Pt. Conception",63.691
6956,2001-04-20,"2001_80_60",80,"60",34.15,-121.15,2001-04-20 02:43:00,2001-04-20 03:04:00,"Thysanoessa longipes",2001,4,"Spring",-121.2,34.1,"80_60","2001:80_60","2001:Spring80_60","Pt. Conception",0
6956,2001-04-20,"2001_80_60",80,"60",34.15,-121.15,2001-04-20 02:43:00,2001-04-20 03:04:00,"Thysanoessa spinifera",2001,4,"Spring",-121.2,34.1,"80_60","2001:80_60","2001:Spring80_60","Pt. Conception",318.455
6956,2001-04-20,"2001_80_60",80,"60",34.15,-121.15,2001-04-20 02:43:00,2001-04-20 03:04:00,"Thysanopoda astylata",2001,4,"Spring",-121.2,34.1,"80_60","2001:80_60","2001:Spring80_60","Pt. Conception",0
6956,2001-04-20,"2001_80_60",80,"60",34.15,-121.15,2001-04-20 02:43:00,2001-04-20 03:04:00,"Thysanopoda cornuta",2001,4,"Spring",-121.2,34.1,"80_60","2001:80_60","2001:Spring80_60","Pt. Conception",0
6956,2001-04-20,"2001_80_60",80,"60",34.15,-121.15,2001-04-20 02:43:00,2001-04-20 03:04:00,"Thysanopoda egregia",2001,4,"Spring",-121.2,34.1,"80_60","2001:80_60","2001:Spring80_60","Pt. Conception",0
6956,2001-04-20,"2001_80_60",80,"60",34.15,-121.15,2001-04-20 02:43:00,2001-04-20 03:04:00,"Thysanopoda monacantha",2001,4,"Spring",-121.2,34.1,"80_60","2001:80_60","2001:Spring80_60","Pt. Conception",0
6956,2001-04-20,"2001_80_60",80,"60",34.15,-121.15,2001-04-20 02:43:00,2001-04-20 03:04:00,"Thysanopoda obtusifrons",2001,4,"Spring",-121.2,34.1,"80_60","2001:80_60","2001:Spring80_60","Pt. Conception",0
6956,2001-04-20,"2001_80_60",80,"60",34.15,-121.15,2001-04-20 02:43:00,2001-04-20 03:04:00,"Thysanopoda orientalis",2001,4,"Spring",-121.2,34.1,"80_60","2001:80_60","2001:Spring80_60","Pt. Conception",0
6956,2001-04-20,"2001_80_60",80,"60",34.15,-121.15,2001-04-20 02:43:00,2001-04-20 03:04:00,"Thysanopoda pectinata",2001,4,"Spring",-121.2,34.1,"80_60","2001:80_60","2001:Spring80_60","Pt. Conception",0
6994,2002-03-28,"2002_93.3_30",93.3,"30",32.85,-117.533,2002-03-28 18:23:00,2002-03-28 18:44:00,"Euphausia brevis",2002,3,"Spring",-117.5,32.9,"93.3_30","2002:93.3_30","2002:Spring93.3_30","San Diego Inshore",0
6994,2002-03-28,"2002_93.3_30",93.3,"30",32.85,-117.533,2002-03-28 18:23:00,2002-03-28 18:44:00,"Euphausia diomedeae",2002,3,"Spring",-117.5,32.9,"93.3_30","2002:93.3_30","2002:Spring93.3_30","San Diego Inshore",0
6994,2002-03-28,"2002_93.3_30",93.3,"30",32.85,-117.533,2002-03-28 18:23:00,2002-03-28 18:44:00,"Euphausia distinguenda",2002,3,"Spring",-117.5,32.9,"93.3_30","2002:93.3_30","2002:Spring93.3_30","San Diego Inshore",0
6994,2002-03-28,"2002_93.3_30",93.3,"30",32.85,-117.533,2002-03-28 18:23:00,2002-03-28 18:44:00,"Euphausia eximia",2002,3,"Spring",-117.5,32.9,"93.3_30","2002:93.3_30","2002:Spring93.3_30","San Diego Inshore",0
6994,2002-03-28,"2002_93.3_30",93.3,"30",32.85,-117.533,2002-03-28 18:23:00,2002-03-28 18:44:00,"Euphausia gibboides",2002,3,"Spring",-117.5,32.9,"93.3_30","2002:93.3_30","2002:Spring93.3_30","San Diego Inshore",0
6994,2002-03-28,"2002_93.3_30",93.3,"30",32.85,-117.533,2002-03-28 18:23:00,2002-03-28 18:44:00,"Euphausia hemigibba",2002,3,"Spring",-117.5,32.9,"93.3_30","2002:93.3_30","2002:Spring93.3_30","San Diego Inshore",0
6994,2002-03-28,"2002_93.3_30",93.3,"30",32.85,-117.533,2002-03-28 18:23:00,2002-03-28 18:44:00,"Euphausia lamelligera",2002,3,"Spring",-117.5,32.9,"93.3_30","2002:93.3_30","2002:Spring93.3_30","San Diego Inshore",0
6994,2002-03-28,"2002_93.3_30",93.3,"30",32.85,-117.533,2002-03-28 18:23:00,2002-03-28 18:44:00,"Euphausia mutica",2002,3,"Spring",-117.5,32.9,"93.3_30","2002:93.3_30","2002:Spring93.3_30","San Diego Inshore",0
6994,2002-03-28,"2002_93.3_30",93.3,"30",32.85,-117.533,2002-03-28 18:23:00,2002-03-28 18:44:00,"Euphausia pacifica",2002,3,"Spring",-117.5,32.9,"93.3_30","2002:93.3_30","2002:Spring93.3_30","San Diego Inshore",175.938
6994,2002-03-28,"2002_93.3_30",93.3,"30",32.85,-117.533,2002-03-28 18:23:00,2002-03-28 18:44:00,"Euphausia recurva",2002,3,"Spring",-117.5,32.9,"93.3_30","2002:93.3_30","2002:Spring93.3_30","San Diego Inshore",0
6994,2002-03-28,"2002_93.3_30",93.3,"30",32.85,-117.533,2002-03-28 18:23:00,2002-03-28 18:44:00,"Euphausia tenera",2002,3,"Spring",-117.5,32.9,"93.3_30","2002:93.3_30","2002:Spring93.3_30","San Diego Inshore",0
6994,2002-03-28,"2002_93.3_30",93.3,"30",32.85,-117.533,2002-03-28 18:23:00,2002-03-28 18:44:00,"Nematobrachion boopis",2002,3,"Spring",-117.5,32.9,"93.3_30","2002:93.3_30","2002:Spring93.3_30","San Diego Inshore",0
6994,2002-03-28,"2002_93.3_30",93.3,"30",32.85,-117.533,2002-03-28 18:23:00,2002-03-28 18:44:00,"Nematobrachion flexipes",2002,3,"Spring",-117.5,32.9,"93.3_30","2002:93.3_30","2002:Spring93.3_30","San Diego Inshore",0
6994,2002-03-28,"2002_93.3_30",93.3,"30",32.85,-117.533,2002-03-28 18:23:00,2002-03-28 18:44:00,"Nematoscelis atlantica",2002,3,"Spring",-117.5,32.9,"93.3_30","2002:93.3_30","2002:Spring93.3_30","San Diego Inshore",0
6994,2002-03-28,"2002_93.3_30",93.3,"30",32.85,-117.533,2002-03-28 18:23:00,2002-03-28 18:44:00,"Nematoscelis difficilis",2002,3,"Spring",-117.5,32.9,"93.3_30","2002:93.3_30","2002:Spring93.3_30","San Diego Inshore",226.206
6994,2002-03-28,"2002_93.3_30",93.3,"30",32.85,-117.533,2002-03-28 18:23:00,2002-03-28 18:44:00,"Nematoscelis gracilis",2002,3,"Spring",-117.5,32.9,"93.3_30","2002:93.3_30","2002:Spring93.3_30","San Diego Inshore",0
6994,2002-03-28,"2002_93.3_30",93.3,"30",32.85,-117.533,2002-03-28 18:23:00,2002-03-28 18:44:00,"Nematoscelis microps",2002,3,"Spring",-117.5,32.9,"93.3_30","2002:93.3_30","2002:Spring93.3_30","San Diego Inshore",0
6994,2002-03-28,"2002_93.3_30",93.3,"30",32.85,-117.533,2002-03-28 18:23:00,2002-03-28 18:44:00,"Nematoscelis tenella",2002,3,"Spring",-117.5,32.9,"93.3_30","2002:93.3_30","2002:Spring93.3_30","San Diego Inshore",0
6994,2002-03-28,"2002_93.3_30",93.3,"30",32.85,-117.533,2002-03-28 18:23:00,2002-03-28 18:44:00,"Nyctiphanes simplex",2002,3,"Spring",-117.5,32.9,"93.3_30","2002:93.3_30","2002:Spring93.3_30","San Diego Inshore",25.134
6994,2002-03-28,"2002_93.3_30",93.3,"30",32.85,-117.533,2002-03-28 18:23:00,2002-03-28 18:44:00,"Stylocheiron abbreviatum",2002,3,"Spring",-117.5,32.9,"93.3_30","2002:93.3_30","2002:Spring93.3_30","San Diego Inshore",0
6994,2002-03-28,"2002_93.3_30",93.3,"30",32.85,-117.533,2002-03-28 18:23:00,2002-03-28 18:44:00,"Stylocheiron affine",2002,3,"Spring",-117.5,32.9,"93.3_30","2002:93.3_30","2002:Spring93.3_30","San Diego Inshore",0
6994,2002-03-28,"2002_93.3_30",93.3,"30",32.85,-117.533,2002-03-28 18:23:00,2002-03-28 18:44:00,"Stylocheiron carinatum",2002,3,"Spring",-117.5,32.9,"93.3_30","2002:93.3_30","2002:Spring93.3_30","San Diego Inshore",0
6994,2002-03-28,"2002_93.3_30",93.3,"30",32.85,-117.533,2002-03-28 18:23:00,2002-03-28 18:44:00,"Stylocheiron elongatum",2002,3,"Spring",-117.5,32.9,"93.3_30","2002:93.3_30","2002:Spring93.3_30","San Diego Inshore",0
6994,2002-03-28,"2002_93.3_30",93.3,"30",32.85,-117.533,2002-03-28 18:23:00,2002-03-28 18:44:00,"Stylocheiron longicorne",2002,3,"Spring",-117.5,32.9,"93.3_30","2002:93.3_30","2002:Spring93.3_30","San Diego Inshore",37.701
6994,2002-03-28,"2002_93.3_30",93.3,"30",32.85,-117.533,2002-03-28 18:23:00,2002-03-28 18:44:00,"Stylocheiron maximum",2002,3,"Spring",-117.5,32.9,"93.3_30","2002:93.3_30","2002:Spring93.3_30","San Diego Inshore",0
6994,2002-03-28,"2002_93.3_30",93.3,"30",32.85,-117.533,2002-03-28 18:23:00,2002-03-28 18:44:00,"Stylocheiron suhmi",2002,3,"Spring",-117.5,32.9,"93.3_30","2002:93.3_30","2002:Spring93.3_30","San Diego Inshore",0
6994,2002-03-28,"2002_93.3_30",93.3,"30",32.85,-117.533,2002-03-28 18:23:00,2002-03-28 18:44:00,"Tessarabrachion oculatum",2002,3,"Spring",-117.5,32.9,"93.3_30","2002:93.3_30","2002:Spring93.3_30","San Diego Inshore",0
6994,2002-03-28,"2002_93.3_30",93.3,"30",32.85,-117.533,2002-03-28 18:23:00,2002-03-28 18:44:00,"Thysanoessa gregaria",2002,3,"Spring",-117.5,32.9,"93.3_30","2002:93.3_30","2002:Spring93.3_30","San Diego Inshore",25.134
6994,2002-03-28,"2002_93.3_30",93.3,"30",32.85,-117.533,2002-03-28 18:23:00,2002-03-28 18:44:00,"Thysanoessa longipes",2002,3,"Spring",-117.5,32.9,"93.3_30","2002:93.3_30","2002:Spring93.3_30","San Diego Inshore",0
6994,2002-03-28,"2002_93.3_30",93.3,"30",32.85,-117.533,2002-03-28 18:23:00,2002-03-28 18:44:00,"Thysanoessa spinifera",2002,3,"Spring",-117.5,32.9,"93.3_30","2002:93.3_30","2002:Spring93.3_30","San Diego Inshore",25.134
6994,2002-03-28,"2002_93.3_30",93.3,"30",32.85,-117.533,2002-03-28 18:23:00,2002-03-28 18:44:00,"Thysanopoda astylata",2002,3,"Spring",-117.5,32.9,"93.3_30","2002:93.3_30","2002:Spring93.3_30","San Diego Inshore",0
6994,2002-03-28,"2002_93.3_30",93.3,"30",32.85,-117.533,2002-03-28 18:23:00,2002-03-28 18:44:00,"Thysanopoda cornuta",2002,3,"Spring",-117.5,32.9,"93.3_30","2002:93.3_30","2002:Spring93.3_30","San Diego Inshore",0
6994,2002-03-28,"2002_93.3_30",93.3,"30",32.85,-117.533,2002-03-28 18:23:00,2002-03-28 18:44:00,"Thysanopoda egregia",2002,3,"Spring",-117.5,32.9,"93.3_30","2002:93.3_30","2002:Spring93.3_30","San Diego Inshore",0
6994,2002-03-28,"2002_93.3_30",93.3,"30",32.85,-117.533,2002-03-28 18:23:00,2002-03-28 18:44:00,"Thysanopoda monacantha",2002,3,"Spring",-117.5,32.9,"93.3_30","2002:93.3_30","2002:Spring93.3_30","San Diego Inshore",0
6994,2002-03-28,"2002_93.3_30",93.3,"30",32.85,-117.533,2002-03-28 18:23:00,2002-03-28 18:44:00,"Thysanopoda obtusifrons",2002,3,"Spring",-117.5,32.9,"93.3_30","2002:93.3_30","2002:Spring93.3_30","San Diego Inshore",0
6994,2002-03-28,"2002_93.3_30",93.3,"30",32.85,-117.533,2002-03-28 18:23:00,2002-03-28 18:44:00,"Thysanopoda orientalis",2002,3,"Spring",-117.5,32.9,"93.3_30","2002:93.3_30","2002:Spring93.3_30","San Diego Inshore",0
6994,2002-03-28,"2002_93.3_30",93.3,"30",32.85,-117.533,2002-03-28 18:23:00,2002-03-28 18:44:00,"Thysanopoda pectinata",2002,3,"Spring",-117.5,32.9,"93.3_30","2002:93.3_30","2002:Spring93.3_30","San Diego Inshore",0
7000,2002-03-29,"2002_93.3_60",93.3,"60",31.85,-119.567,2002-03-29 21:02:00,2002-03-29 21:23:00,"Euphausia brevis",2002,3,"Spring",-119.6,31.9,"93.3_60","2002:93.3_60","2002:Spring93.3_60","San Diego Offshore",0
7000,2002-03-29,"2002_93.3_60",93.3,"60",31.85,-119.567,2002-03-29 21:02:00,2002-03-29 21:23:00,"Euphausia diomedeae",2002,3,"Spring",-119.6,31.9,"93.3_60","2002:93.3_60","2002:Spring93.3_60","San Diego Offshore",0
7000,2002-03-29,"2002_93.3_60",93.3,"60",31.85,-119.567,2002-03-29 21:02:00,2002-03-29 21:23:00,"Euphausia distinguenda",2002,3,"Spring",-119.6,31.9,"93.3_60","2002:93.3_60","2002:Spring93.3_60","San Diego Offshore",0
7000,2002-03-29,"2002_93.3_60",93.3,"60",31.85,-119.567,2002-03-29 21:02:00,2002-03-29 21:23:00,"Euphausia eximia",2002,3,"Spring",-119.6,31.9,"93.3_60","2002:93.3_60","2002:Spring93.3_60","San Diego Offshore",0
7000,2002-03-29,"2002_93.3_60",93.3,"60",31.85,-119.567,2002-03-29 21:02:00,2002-03-29 21:23:00,"Euphausia gibboides",2002,3,"Spring",-119.6,31.9,"93.3_60","2002:93.3_60","2002:Spring93.3_60","San Diego Offshore",0
7000,2002-03-29,"2002_93.3_60",93.3,"60",31.85,-119.567,2002-03-29 21:02:00,2002-03-29 21:23:00,"Euphausia hemigibba",2002,3,"Spring",-119.6,31.9,"93.3_60","2002:93.3_60","2002:Spring93.3_60","San Diego Offshore",0
7000,2002-03-29,"2002_93.3_60",93.3,"60",31.85,-119.567,2002-03-29 21:02:00,2002-03-29 21:23:00,"Euphausia lamelligera",2002,3,"Spring",-119.6,31.9,"93.3_60","2002:93.3_60","2002:Spring93.3_60","San Diego Offshore",0
7000,2002-03-29,"2002_93.3_60",93.3,"60",31.85,-119.567,2002-03-29 21:02:00,2002-03-29 21:23:00,"Euphausia mutica",2002,3,"Spring",-119.6,31.9,"93.3_60","2002:93.3_60","2002:Spring93.3_60","San Diego Offshore",0
7000,2002-03-29,"2002_93.3_60",93.3,"60",31.85,-119.567,2002-03-29 21:02:00,2002-03-29 21:23:00,"Euphausia pacifica",2002,3,"Spring",-119.6,31.9,"93.3_60","2002:93.3_60","2002:Spring93.3_60","San Diego Offshore",2059.75
7000,2002-03-29,"2002_93.3_60",93.3,"60",31.85,-119.567,2002-03-29 21:02:00,2002-03-29 21:23:00,"Euphausia recurva",2002,3,"Spring",-119.6,31.9,"93.3_60","2002:93.3_60","2002:Spring93.3_60","San Diego Offshore",0
7000,2002-03-29,"2002_93.3_60",93.3,"60",31.85,-119.567,2002-03-29 21:02:00,2002-03-29 21:23:00,"Euphausia tenera",2002,3,"Spring",-119.6,31.9,"93.3_60","2002:93.3_60","2002:Spring93.3_60","San Diego Offshore",0
7000,2002-03-29,"2002_93.3_60",93.3,"60",31.85,-119.567,2002-03-29 21:02:00,2002-03-29 21:23:00,"Nematobrachion boopis",2002,3,"Spring",-119.6,31.9,"93.3_60","2002:93.3_60","2002:Spring93.3_60","San Diego Offshore",0
7000,2002-03-29,"2002_93.3_60",93.3,"60",31.85,-119.567,2002-03-29 21:02:00,2002-03-29 21:23:00,"Nematobrachion flexipes",2002,3,"Spring",-119.6,31.9,"93.3_60","2002:93.3_60","2002:Spring93.3_60","San Diego Offshore",0
7000,2002-03-29,"2002_93.3_60",93.3,"60",31.85,-119.567,2002-03-29 21:02:00,2002-03-29 21:23:00,"Nematoscelis atlantica",2002,3,"Spring",-119.6,31.9,"93.3_60","2002:93.3_60","2002:Spring93.3_60","San Diego Offshore",0
7000,2002-03-29,"2002_93.3_60",93.3,"60",31.85,-119.567,2002-03-29 21:02:00,2002-03-29 21:23:00,"Nematoscelis difficilis",2002,3,"Spring",-119.6,31.9,"93.3_60","2002:93.3_60","2002:Spring93.3_60","San Diego Offshore",2247
7000,2002-03-29,"2002_93.3_60",93.3,"60",31.85,-119.567,2002-03-29 21:02:00,2002-03-29 21:23:00,"Nematoscelis gracilis",2002,3,"Spring",-119.6,31.9,"93.3_60","2002:93.3_60","2002:Spring93.3_60","San Diego Offshore",0
7000,2002-03-29,"2002_93.3_60",93.3,"60",31.85,-119.567,2002-03-29 21:02:00,2002-03-29 21:23:00,"Nematoscelis microps",2002,3,"Spring",-119.6,31.9,"93.3_60","2002:93.3_60","2002:Spring93.3_60","San Diego Offshore",0
7000,2002-03-29,"2002_93.3_60",93.3,"60",31.85,-119.567,2002-03-29 21:02:00,2002-03-29 21:23:00,"Nematoscelis tenella",2002,3,"Spring",-119.6,31.9,"93.3_60","2002:93.3_60","2002:Spring93.3_60","San Diego Offshore",0
7000,2002-03-29,"2002_93.3_60",93.3,"60",31.85,-119.567,2002-03-29 21:02:00,2002-03-29 21:23:00,"Nyctiphanes simplex",2002,3,"Spring",-119.6,31.9,"93.3_60","2002:93.3_60","2002:Spring93.3_60","San Diego Offshore",0
7000,2002-03-29,"2002_93.3_60",93.3,"60",31.85,-119.567,2002-03-29 21:02:00,2002-03-29 21:23:00,"Stylocheiron abbreviatum",2002,3,"Spring",-119.6,31.9,"93.3_60","2002:93.3_60","2002:Spring93.3_60","San Diego Offshore",0
7000,2002-03-29,"2002_93.3_60",93.3,"60",31.85,-119.567,2002-03-29 21:02:00,2002-03-29 21:23:00,"Stylocheiron affine",2002,3,"Spring",-119.6,31.9,"93.3_60","2002:93.3_60","2002:Spring93.3_60","San Diego Offshore",37.45
7000,2002-03-29,"2002_93.3_60",93.3,"60",31.85,-119.567,2002-03-29 21:02:00,2002-03-29 21:23:00,"Stylocheiron carinatum",2002,3,"Spring",-119.6,31.9,"93.3_60","2002:93.3_60","2002:Spring93.3_60","San Diego Offshore",0
7000,2002-03-29,"2002_93.3_60",93.3,"60",31.85,-119.567,2002-03-29 21:02:00,2002-03-29 21:23:00,"Stylocheiron elongatum",2002,3,"Spring",-119.6,31.9,"93.3_60","2002:93.3_60","2002:Spring93.3_60","San Diego Offshore",0
7000,2002-03-29,"2002_93.3_60",93.3,"60",31.85,-119.567,2002-03-29 21:02:00,2002-03-29 21:23:00,"Stylocheiron longicorne",2002,3,"Spring",-119.6,31.9,"93.3_60","2002:93.3_60","2002:Spring93.3_60","San Diego Offshore",0
7000,2002-03-29,"2002_93.3_60",93.3,"60",31.85,-119.567,2002-03-29 21:02:00,2002-03-29 21:23:00,"Stylocheiron maximum",2002,3,"Spring",-119.6,31.9,"93.3_60","2002:93.3_60","2002:Spring93.3_60","San Diego Offshore",0
7000,2002-03-29,"2002_93.3_60",93.3,"60",31.85,-119.567,2002-03-29 21:02:00,2002-03-29 21:23:00,"Stylocheiron suhmi",2002,3,"Spring",-119.6,31.9,"93.3_60","2002:93.3_60","2002:Spring93.3_60","San Diego Offshore",0
7000,2002-03-29,"2002_93.3_60",93.3,"60",31.85,-119.567,2002-03-29 21:02:00,2002-03-29 21:23:00,"Tessarabrachion oculatum",2002,3,"Spring",-119.6,31.9,"93.3_60","2002:93.3_60","2002:Spring93.3_60","San Diego Offshore",0
7000,2002-03-29,"2002_93.3_60",93.3,"60",31.85,-119.567,2002-03-29 21:02:00,2002-03-29 21:23:00,"Thysanoessa gregaria",2002,3,"Spring",-119.6,31.9,"93.3_60","2002:93.3_60","2002:Spring93.3_60","San Diego Offshore",374.5
7000,2002-03-29,"2002_93.3_60",93.3,"60",31.85,-119.567,2002-03-29 21:02:00,2002-03-29 21:23:00,"Thysanoessa longipes",2002,3,"Spring",-119.6,31.9,"93.3_60","2002:93.3_60","2002:Spring93.3_60","San Diego Offshore",0
7000,2002-03-29,"2002_93.3_60",93.3,"60",31.85,-119.567,2002-03-29 21:02:00,2002-03-29 21:23:00,"Thysanoessa spinifera",2002,3,"Spring",-119.6,31.9,"93.3_60","2002:93.3_60","2002:Spring93.3_60","San Diego Offshore",37.45
7000,2002-03-29,"2002_93.3_60",93.3,"60",31.85,-119.567,2002-03-29 21:02:00,2002-03-29 21:23:00,"Thysanopoda astylata",2002,3,"Spring",-119.6,31.9,"93.3_60","2002:93.3_60","2002:Spring93.3_60","San Diego Offshore",0
7000,2002-03-29,"2002_93.3_60",93.3,"60",31.85,-119.567,2002-03-29 21:02:00,2002-03-29 21:23:00,"Thysanopoda cornuta",2002,3,"Spring",-119.6,31.9,"93.3_60","2002:93.3_60","2002:Spring93.3_60","San Diego Offshore",0
7000,2002-03-29,"2002_93.3_60",93.3,"60",31.85,-119.567,2002-03-29 21:02:00,2002-03-29 21:23:00,"Thysanopoda egregia",2002,3,"Spring",-119.6,31.9,"93.3_60","2002:93.3_60","2002:Spring93.3_60","San Diego Offshore",0
7000,2002-03-29,"2002_93.3_60",93.3,"60",31.85,-119.567,2002-03-29 21:02:00,2002-03-29 21:23:00,"Thysanopoda monacantha",2002,3,"Spring",-119.6,31.9,"93.3_60","2002:93.3_60","2002:Spring93.3_60","San Diego Offshore",0
7000,2002-03-29,"2002_93.3_60",93.3,"60",31.85,-119.567,2002-03-29 21:02:00,2002-03-29 21:23:00,"Thysanopoda obtusifrons",2002,3,"Spring",-119.6,31.9,"93.3_60","2002:93.3_60","2002:Spring93.3_60","San Diego Offshore",0
7000,2002-03-29,"2002_93.3_60",93.3,"60",31.85,-119.567,2002-03-29 21:02:00,2002-03-29 21:23:00,"Thysanopoda orientalis",2002,3,"Spring",-119.6,31.9,"93.3_60","2002:93.3_60","2002:Spring93.3_60","San Diego Offshore",0
7000,2002-03-29,"2002_93.3_60",93.3,"60",31.85,-119.567,2002-03-29 21:02:00,2002-03-29 21:23:00,"Thysanopoda pectinata",2002,3,"Spring",-119.6,31.9,"93.3_60","2002:93.3_60","2002:Spring93.3_60","San Diego Offshore",0
7014,2002-04-04,"2002_86.7_50",86.7,"50",33.333,-119.667,2002-04-04 05:22:00,2002-04-04 05:28:00,"Euphausia brevis",2002,4,"Spring",-119.7,33.3,"86.7_50","2002:86.7_50","2002:Spring86.7_50","San Nicolas Island",0
7014,2002-04-04,"2002_86.7_50",86.7,"50",33.333,-119.667,2002-04-04 05:22:00,2002-04-04 05:28:00,"Euphausia diomedeae",2002,4,"Spring",-119.7,33.3,"86.7_50","2002:86.7_50","2002:Spring86.7_50","San Nicolas Island",0
7014,2002-04-04,"2002_86.7_50",86.7,"50",33.333,-119.667,2002-04-04 05:22:00,2002-04-04 05:28:00,"Euphausia distinguenda",2002,4,"Spring",-119.7,33.3,"86.7_50","2002:86.7_50","2002:Spring86.7_50","San Nicolas Island",0
7014,2002-04-04,"2002_86.7_50",86.7,"50",33.333,-119.667,2002-04-04 05:22:00,2002-04-04 05:28:00,"Euphausia eximia",2002,4,"Spring",-119.7,33.3,"86.7_50","2002:86.7_50","2002:Spring86.7_50","San Nicolas Island",0
7014,2002-04-04,"2002_86.7_50",86.7,"50",33.333,-119.667,2002-04-04 05:22:00,2002-04-04 05:28:00,"Euphausia gibboides",2002,4,"Spring",-119.7,33.3,"86.7_50","2002:86.7_50","2002:Spring86.7_50","San Nicolas Island",0
7014,2002-04-04,"2002_86.7_50",86.7,"50",33.333,-119.667,2002-04-04 05:22:00,2002-04-04 05:28:00,"Euphausia hemigibba",2002,4,"Spring",-119.7,33.3,"86.7_50","2002:86.7_50","2002:Spring86.7_50","San Nicolas Island",0
7014,2002-04-04,"2002_86.7_50",86.7,"50",33.333,-119.667,2002-04-04 05:22:00,2002-04-04 05:28:00,"Euphausia lamelligera",2002,4,"Spring",-119.7,33.3,"86.7_50","2002:86.7_50","2002:Spring86.7_50","San Nicolas Island",0
7014,2002-04-04,"2002_86.7_50",86.7,"50",33.333,-119.667,2002-04-04 05:22:00,2002-04-04 05:28:00,"Euphausia mutica",2002,4,"Spring",-119.7,33.3,"86.7_50","2002:86.7_50","2002:Spring86.7_50","San Nicolas Island",0
7014,2002-04-04,"2002_86.7_50",86.7,"50",33.333,-119.667,2002-04-04 05:22:00,2002-04-04 05:28:00,"Euphausia pacifica",2002,4,"Spring",-119.7,33.3,"86.7_50","2002:86.7_50","2002:Spring86.7_50","San Nicolas Island",642.072
7014,2002-04-04,"2002_86.7_50",86.7,"50",33.333,-119.667,2002-04-04 05:22:00,2002-04-04 05:28:00,"Euphausia recurva",2002,4,"Spring",-119.7,33.3,"86.7_50","2002:86.7_50","2002:Spring86.7_50","San Nicolas Island",0
7014,2002-04-04,"2002_86.7_50",86.7,"50",33.333,-119.667,2002-04-04 05:22:00,2002-04-04 05:28:00,"Euphausia tenera",2002,4,"Spring",-119.7,33.3,"86.7_50","2002:86.7_50","2002:Spring86.7_50","San Nicolas Island",0
7014,2002-04-04,"2002_86.7_50",86.7,"50",33.333,-119.667,2002-04-04 05:22:00,2002-04-04 05:28:00,"Nematobrachion boopis",2002,4,"Spring",-119.7,33.3,"86.7_50","2002:86.7_50","2002:Spring86.7_50","San Nicolas Island",0
7014,2002-04-04,"2002_86.7_50",86.7,"50",33.333,-119.667,2002-04-04 05:22:00,2002-04-04 05:28:00,"Nematobrachion flexipes",2002,4,"Spring",-119.7,33.3,"86.7_50","2002:86.7_50","2002:Spring86.7_50","San Nicolas Island",0
7014,2002-04-04,"2002_86.7_50",86.7,"50",33.333,-119.667,2002-04-04 05:22:00,2002-04-04 05:28:00,"Nematoscelis atlantica",2002,4,"Spring",-119.7,33.3,"86.7_50","2002:86.7_50","2002:Spring86.7_50","San Nicolas Island",0
7014,2002-04-04,"2002_86.7_50",86.7,"50",33.333,-119.667,2002-04-04 05:22:00,2002-04-04 05:28:00,"Nematoscelis difficilis",2002,4,"Spring",-119.7,33.3,"86.7_50","2002:86.7_50","2002:Spring86.7_50","San Nicolas Island",85.609
7014,2002-04-04,"2002_86.7_50",86.7,"50",33.333,-119.667,2002-04-04 05:22:00,2002-04-04 05:28:00,"Nematoscelis gracilis",2002,4,"Spring",-119.7,33.3,"86.7_50","2002:86.7_50","2002:Spring86.7_50","San Nicolas Island",0
7014,2002-04-04,"2002_86.7_50",86.7,"50",33.333,-119.667,2002-04-04 05:22:00,2002-04-04 05:28:00,"Nematoscelis microps",2002,4,"Spring",-119.7,33.3,"86.7_50","2002:86.7_50","2002:Spring86.7_50","San Nicolas Island",0
7014,2002-04-04,"2002_86.7_50",86.7,"50",33.333,-119.667,2002-04-04 05:22:00,2002-04-04 05:28:00,"Nematoscelis tenella",2002,4,"Spring",-119.7,33.3,"86.7_50","2002:86.7_50","2002:Spring86.7_50","San Nicolas Island",0
7014,2002-04-04,"2002_86.7_50",86.7,"50",33.333,-119.667,2002-04-04 05:22:00,2002-04-04 05:28:00,"Nyctiphanes simplex",2002,4,"Spring",-119.7,33.3,"86.7_50","2002:86.7_50","2002:Spring86.7_50","San Nicolas Island",10.701
7014,2002-04-04,"2002_86.7_50",86.7,"50",33.333,-119.667,2002-04-04 05:22:00,2002-04-04 05:28:00,"Stylocheiron abbreviatum",2002,4,"Spring",-119.7,33.3,"86.7_50","2002:86.7_50","2002:Spring86.7_50","San Nicolas Island",0
7014,2002-04-04,"2002_86.7_50",86.7,"50",33.333,-119.667,2002-04-04 05:22:00,2002-04-04 05:28:00,"Stylocheiron affine",2002,4,"Spring",-119.7,33.3,"86.7_50","2002:86.7_50","2002:Spring86.7_50","San Nicolas Island",0
7014,2002-04-04,"2002_86.7_50",86.7,"50",33.333,-119.667,2002-04-04 05:22:00,2002-04-04 05:28:00,"Stylocheiron carinatum",2002,4,"Spring",-119.7,33.3,"86.7_50","2002:86.7_50","2002:Spring86.7_50","San Nicolas Island",0
7014,2002-04-04,"2002_86.7_50",86.7,"50",33.333,-119.667,2002-04-04 05:22:00,2002-04-04 05:28:00,"Stylocheiron elongatum",2002,4,"Spring",-119.7,33.3,"86.7_50","2002:86.7_50","2002:Spring86.7_50","San Nicolas Island",0
7014,2002-04-04,"2002_86.7_50",86.7,"50",33.333,-119.667,2002-04-04 05:22:00,2002-04-04 05:28:00,"Stylocheiron longicorne",2002,4,"Spring",-119.7,33.3,"86.7_50","2002:86.7_50","2002:Spring86.7_50","San Nicolas Island",0
7014,2002-04-04,"2002_86.7_50",86.7,"50",33.333,-119.667,2002-04-04 05:22:00,2002-04-04 05:28:00,"Stylocheiron maximum",2002,4,"Spring",-119.7,33.3,"86.7_50","2002:86.7_50","2002:Spring86.7_50","San Nicolas Island",0
7014,2002-04-04,"2002_86.7_50",86.7,"50",33.333,-119.667,2002-04-04 05:22:00,2002-04-04 05:28:00,"Stylocheiron suhmi",2002,4,"Spring",-119.7,33.3,"86.7_50","2002:86.7_50","2002:Spring86.7_50","San Nicolas Island",0
7014,2002-04-04,"2002_86.7_50",86.7,"50",33.333,-119.667,2002-04-04 05:22:00,2002-04-04 05:28:00,"Tessarabrachion oculatum",2002,4,"Spring",-119.7,33.3,"86.7_50","2002:86.7_50","2002:Spring86.7_50","San Nicolas Island",0
7014,2002-04-04,"2002_86.7_50",86.7,"50",33.333,-119.667,2002-04-04 05:22:00,2002-04-04 05:28:00,"Thysanoessa gregaria",2002,4,"Spring",-119.7,33.3,"86.7_50","2002:86.7_50","2002:Spring86.7_50","San Nicolas Island",10.701
7014,2002-04-04,"2002_86.7_50",86.7,"50",33.333,-119.667,2002-04-04 05:22:00,2002-04-04 05:28:00,"Thysanoessa longipes",2002,4,"Spring",-119.7,33.3,"86.7_50","2002:86.7_50","2002:Spring86.7_50","San Nicolas Island",0
7014,2002-04-04,"2002_86.7_50",86.7,"50",33.333,-119.667,2002-04-04 05:22:00,2002-04-04 05:28:00,"Thysanoessa spinifera",2002,4,"Spring",-119.7,33.3,"86.7_50","2002:86.7_50","2002:Spring86.7_50","San Nicolas Island",21.402
7014,2002-04-04,"2002_86.7_50",86.7,"50",33.333,-119.667,2002-04-04 05:22:00,2002-04-04 05:28:00,"Thysanopoda astylata",2002,4,"Spring",-119.7,33.3,"86.7_50","2002:86.7_50","2002:Spring86.7_50","San Nicolas Island",0
7014,2002-04-04,"2002_86.7_50",86.7,"50",33.333,-119.667,2002-04-04 05:22:00,2002-04-04 05:28:00,"Thysanopoda cornuta",2002,4,"Spring",-119.7,33.3,"86.7_50","2002:86.7_50","2002:Spring86.7_50","San Nicolas Island",0
7014,2002-04-04,"2002_86.7_50",86.7,"50",33.333,-119.667,2002-04-04 05:22:00,2002-04-04 05:28:00,"Thysanopoda egregia",2002,4,"Spring",-119.7,33.3,"86.7_50","2002:86.7_50","2002:Spring86.7_50","San Nicolas Island",0
7014,2002-04-04,"2002_86.7_50",86.7,"50",33.333,-119.667,2002-04-04 05:22:00,2002-04-04 05:28:00,"Thysanopoda monacantha",2002,4,"Spring",-119.7,33.3,"86.7_50","2002:86.7_50","2002:Spring86.7_50","San Nicolas Island",0
7014,2002-04-04,"2002_86.7_50",86.7,"50",33.333,-119.667,2002-04-04 05:22:00,2002-04-04 05:28:00,"Thysanopoda obtusifrons",2002,4,"Spring",-119.7,33.3,"86.7_50","2002:86.7_50","2002:Spring86.7_50","San Nicolas Island",0
7014,2002-04-04,"2002_86.7_50",86.7,"50",33.333,-119.667,2002-04-04 05:22:00,2002-04-04 05:28:00,"Thysanopoda orientalis",2002,4,"Spring",-119.7,33.3,"86.7_50","2002:86.7_50","2002:Spring86.7_50","San Nicolas Island",0
7014,2002-04-04,"2002_86.7_50",86.7,"50",33.333,-119.667,2002-04-04 05:22:00,2002-04-04 05:28:00,"Thysanopoda pectinata",2002,4,"Spring",-119.7,33.3,"86.7_50","2002:86.7_50","2002:Spring86.7_50","San Nicolas Island",0
7025,2002-04-09,"2002_80_60",80,"60",34.15,-121.15,2002-04-09 02:49:00,2002-04-09 03:10:00,"Euphausia brevis",2002,4,"Spring",-121.2,34.1,"80_60","2002:80_60","2002:Spring80_60","Pt. Conception",0
7025,2002-04-09,"2002_80_60",80,"60",34.15,-121.15,2002-04-09 02:49:00,2002-04-09 03:10:00,"Euphausia diomedeae",2002,4,"Spring",-121.2,34.1,"80_60","2002:80_60","2002:Spring80_60","Pt. Conception",0
7025,2002-04-09,"2002_80_60",80,"60",34.15,-121.15,2002-04-09 02:49:00,2002-04-09 03:10:00,"Euphausia distinguenda",2002,4,"Spring",-121.2,34.1,"80_60","2002:80_60","2002:Spring80_60","Pt. Conception",0
7025,2002-04-09,"2002_80_60",80,"60",34.15,-121.15,2002-04-09 02:49:00,2002-04-09 03:10:00,"Euphausia eximia",2002,4,"Spring",-121.2,34.1,"80_60","2002:80_60","2002:Spring80_60","Pt. Conception",0
7025,2002-04-09,"2002_80_60",80,"60",34.15,-121.15,2002-04-09 02:49:00,2002-04-09 03:10:00,"Euphausia gibboides",2002,4,"Spring",-121.2,34.1,"80_60","2002:80_60","2002:Spring80_60","Pt. Conception",0
7025,2002-04-09,"2002_80_60",80,"60",34.15,-121.15,2002-04-09 02:49:00,2002-04-09 03:10:00,"Euphausia hemigibba",2002,4,"Spring",-121.2,34.1,"80_60","2002:80_60","2002:Spring80_60","Pt. Conception",0
7025,2002-04-09,"2002_80_60",80,"60",34.15,-121.15,2002-04-09 02:49:00,2002-04-09 03:10:00,"Euphausia lamelligera",2002,4,"Spring",-121.2,34.1,"80_60","2002:80_60","2002:Spring80_60","Pt. Conception",0
7025,2002-04-09,"2002_80_60",80,"60",34.15,-121.15,2002-04-09 02:49:00,2002-04-09 03:10:00,"Euphausia mutica",2002,4,"Spring",-121.2,34.1,"80_60","2002:80_60","2002:Spring80_60","Pt. Conception",0
7025,2002-04-09,"2002_80_60",80,"60",34.15,-121.15,2002-04-09 02:49:00,2002-04-09 03:10:00,"Euphausia pacifica",2002,4,"Spring",-121.2,34.1,"80_60","2002:80_60","2002:Spring80_60","Pt. Conception",384.991
7025,2002-04-09,"2002_80_60",80,"60",34.15,-121.15,2002-04-09 02:49:00,2002-04-09 03:10:00,"Euphausia recurva",2002,4,"Spring",-121.2,34.1,"80_60","2002:80_60","2002:Spring80_60","Pt. Conception",0
7025,2002-04-09,"2002_80_60",80,"60",34.15,-121.15,2002-04-09 02:49:00,2002-04-09 03:10:00,"Euphausia tenera",2002,4,"Spring",-121.2,34.1,"80_60","2002:80_60","2002:Spring80_60","Pt. Conception",0
7025,2002-04-09,"2002_80_60",80,"60",34.15,-121.15,2002-04-09 02:49:00,2002-04-09 03:10:00,"Nematobrachion boopis",2002,4,"Spring",-121.2,34.1,"80_60","2002:80_60","2002:Spring80_60","Pt. Conception",0
7025,2002-04-09,"2002_80_60",80,"60",34.15,-121.15,2002-04-09 02:49:00,2002-04-09 03:10:00,"Nematobrachion flexipes",2002,4,"Spring",-121.2,34.1,"80_60","2002:80_60","2002:Spring80_60","Pt. Conception",0
7025,2002-04-09,"2002_80_60",80,"60",34.15,-121.15,2002-04-09 02:49:00,2002-04-09 03:10:00,"Nematoscelis atlantica",2002,4,"Spring",-121.2,34.1,"80_60","2002:80_60","2002:Spring80_60","Pt. Conception",0
7025,2002-04-09,"2002_80_60",80,"60",34.15,-121.15,2002-04-09 02:49:00,2002-04-09 03:10:00,"Nematoscelis difficilis",2002,4,"Spring",-121.2,34.1,"80_60","2002:80_60","2002:Spring80_60","Pt. Conception",288.744
7025,2002-04-09,"2002_80_60",80,"60",34.15,-121.15,2002-04-09 02:49:00,2002-04-09 03:10:00,"Nematoscelis gracilis",2002,4,"Spring",-121.2,34.1,"80_60","2002:80_60","2002:Spring80_60","Pt. Conception",0
7025,2002-04-09,"2002_80_60",80,"60",34.15,-121.15,2002-04-09 02:49:00,2002-04-09 03:10:00,"Nematoscelis microps",2002,4,"Spring",-121.2,34.1,"80_60","2002:80_60","2002:Spring80_60","Pt. Conception",0
7025,2002-04-09,"2002_80_60",80,"60",34.15,-121.15,2002-04-09 02:49:00,2002-04-09 03:10:00,"Nematoscelis tenella",2002,4,"Spring",-121.2,34.1,"80_60","2002:80_60","2002:Spring80_60","Pt. Conception",0
7025,2002-04-09,"2002_80_60",80,"60",34.15,-121.15,2002-04-09 02:49:00,2002-04-09 03:10:00,"Nyctiphanes simplex",2002,4,"Spring",-121.2,34.1,"80_60","2002:80_60","2002:Spring80_60","Pt. Conception",0
7025,2002-04-09,"2002_80_60",80,"60",34.15,-121.15,2002-04-09 02:49:00,2002-04-09 03:10:00,"Stylocheiron abbreviatum",2002,4,"Spring",-121.2,34.1,"80_60","2002:80_60","2002:Spring80_60","Pt. Conception",0
7025,2002-04-09,"2002_80_60",80,"60",34.15,-121.15,2002-04-09 02:49:00,2002-04-09 03:10:00,"Stylocheiron affine",2002,4,"Spring",-121.2,34.1,"80_60","2002:80_60","2002:Spring80_60","Pt. Conception",0
7025,2002-04-09,"2002_80_60",80,"60",34.15,-121.15,2002-04-09 02:49:00,2002-04-09 03:10:00,"Stylocheiron carinatum",2002,4,"Spring",-121.2,34.1,"80_60","2002:80_60","2002:Spring80_60","Pt. Conception",0
7025,2002-04-09,"2002_80_60",80,"60",34.15,-121.15,2002-04-09 02:49:00,2002-04-09 03:10:00,"Stylocheiron elongatum",2002,4,"Spring",-121.2,34.1,"80_60","2002:80_60","2002:Spring80_60","Pt. Conception",0
7025,2002-04-09,"2002_80_60",80,"60",34.15,-121.15,2002-04-09 02:49:00,2002-04-09 03:10:00,"Stylocheiron longicorne",2002,4,"Spring",-121.2,34.1,"80_60","2002:80_60","2002:Spring80_60","Pt. Conception",9.625
7025,2002-04-09,"2002_80_60",80,"60",34.15,-121.15,2002-04-09 02:49:00,2002-04-09 03:10:00,"Stylocheiron maximum",2002,4,"Spring",-121.2,34.1,"80_60","2002:80_60","2002:Spring80_60","Pt. Conception",0
7025,2002-04-09,"2002_80_60",80,"60",34.15,-121.15,2002-04-09 02:49:00,2002-04-09 03:10:00,"Stylocheiron suhmi",2002,4,"Spring",-121.2,34.1,"80_60","2002:80_60","2002:Spring80_60","Pt. Conception",0
7025,2002-04-09,"2002_80_60",80,"60",34.15,-121.15,2002-04-09 02:49:00,2002-04-09 03:10:00,"Tessarabrachion oculatum",2002,4,"Spring",-121.2,34.1,"80_60","2002:80_60","2002:Spring80_60","Pt. Conception",0
7025,2002-04-09,"2002_80_60",80,"60",34.15,-121.15,2002-04-09 02:49:00,2002-04-09 03:10:00,"Thysanoessa gregaria",2002,4,"Spring",-121.2,34.1,"80_60","2002:80_60","2002:Spring80_60","Pt. Conception",76.999
7025,2002-04-09,"2002_80_60",80,"60",34.15,-121.15,2002-04-09 02:49:00,2002-04-09 03:10:00,"Thysanoessa longipes",2002,4,"Spring",-121.2,34.1,"80_60","2002:80_60","2002:Spring80_60","Pt. Conception",0
7025,2002-04-09,"2002_80_60",80,"60",34.15,-121.15,2002-04-09 02:49:00,2002-04-09 03:10:00,"Thysanoessa spinifera",2002,4,"Spring",-121.2,34.1,"80_60","2002:80_60","2002:Spring80_60","Pt. Conception",19.25
7025,2002-04-09,"2002_80_60",80,"60",34.15,-121.15,2002-04-09 02:49:00,2002-04-09 03:10:00,"Thysanopoda astylata",2002,4,"Spring",-121.2,34.1,"80_60","2002:80_60","2002:Spring80_60","Pt. Conception",0
7025,2002-04-09,"2002_80_60",80,"60",34.15,-121.15,2002-04-09 02:49:00,2002-04-09 03:10:00,"Thysanopoda cornuta",2002,4,"Spring",-121.2,34.1,"80_60","2002:80_60","2002:Spring80_60","Pt. Conception",0
7025,2002-04-09,"2002_80_60",80,"60",34.15,-121.15,2002-04-09 02:49:00,2002-04-09 03:10:00,"Thysanopoda egregia",2002,4,"Spring",-121.2,34.1,"80_60","2002:80_60","2002:Spring80_60","Pt. Conception",0
7025,2002-04-09,"2002_80_60",80,"60",34.15,-121.15,2002-04-09 02:49:00,2002-04-09 03:10:00,"Thysanopoda monacantha",2002,4,"Spring",-121.2,34.1,"80_60","2002:80_60","2002:Spring80_60","Pt. Conception",0
7025,2002-04-09,"2002_80_60",80,"60",34.15,-121.15,2002-04-09 02:49:00,2002-04-09 03:10:00,"Thysanopoda obtusifrons",2002,4,"Spring",-121.2,34.1,"80_60","2002:80_60","2002:Spring80_60","Pt. Conception",0
7025,2002-04-09,"2002_80_60",80,"60",34.15,-121.15,2002-04-09 02:49:00,2002-04-09 03:10:00,"Thysanopoda orientalis",2002,4,"Spring",-121.2,34.1,"80_60","2002:80_60","2002:Spring80_60","Pt. Conception",0
7025,2002-04-09,"2002_80_60",80,"60",34.15,-121.15,2002-04-09 02:49:00,2002-04-09 03:10:00,"Thysanopoda pectinata",2002,4,"Spring",-121.2,34.1,"80_60","2002:80_60","2002:Spring80_60","Pt. Conception",0
7031,2003-04-04,"2003_93.3_30",93.3,"30",32.85,-117.533,2003-04-04 20:14:00,2003-04-04 20:35:00,"Euphausia brevis",2003,4,"Spring",-117.5,32.9,"93.3_30","2003:93.3_30","2003:Spring93.3_30","San Diego Inshore",0
7031,2003-04-04,"2003_93.3_30",93.3,"30",32.85,-117.533,2003-04-04 20:14:00,2003-04-04 20:35:00,"Euphausia diomedeae",2003,4,"Spring",-117.5,32.9,"93.3_30","2003:93.3_30","2003:Spring93.3_30","San Diego Inshore",0
7031,2003-04-04,"2003_93.3_30",93.3,"30",32.85,-117.533,2003-04-04 20:14:00,2003-04-04 20:35:00,"Euphausia distinguenda",2003,4,"Spring",-117.5,32.9,"93.3_30","2003:93.3_30","2003:Spring93.3_30","San Diego Inshore",0
7031,2003-04-04,"2003_93.3_30",93.3,"30",32.85,-117.533,2003-04-04 20:14:00,2003-04-04 20:35:00,"Euphausia eximia",2003,4,"Spring",-117.5,32.9,"93.3_30","2003:93.3_30","2003:Spring93.3_30","San Diego Inshore",0
7031,2003-04-04,"2003_93.3_30",93.3,"30",32.85,-117.533,2003-04-04 20:14:00,2003-04-04 20:35:00,"Euphausia gibboides",2003,4,"Spring",-117.5,32.9,"93.3_30","2003:93.3_30","2003:Spring93.3_30","San Diego Inshore",0
7031,2003-04-04,"2003_93.3_30",93.3,"30",32.85,-117.533,2003-04-04 20:14:00,2003-04-04 20:35:00,"Euphausia hemigibba",2003,4,"Spring",-117.5,32.9,"93.3_30","2003:93.3_30","2003:Spring93.3_30","San Diego Inshore",0
7031,2003-04-04,"2003_93.3_30",93.3,"30",32.85,-117.533,2003-04-04 20:14:00,2003-04-04 20:35:00,"Euphausia lamelligera",2003,4,"Spring",-117.5,32.9,"93.3_30","2003:93.3_30","2003:Spring93.3_30","San Diego Inshore",0
7031,2003-04-04,"2003_93.3_30",93.3,"30",32.85,-117.533,2003-04-04 20:14:00,2003-04-04 20:35:00,"Euphausia mutica",2003,4,"Spring",-117.5,32.9,"93.3_30","2003:93.3_30","2003:Spring93.3_30","San Diego Inshore",0
7031,2003-04-04,"2003_93.3_30",93.3,"30",32.85,-117.533,2003-04-04 20:14:00,2003-04-04 20:35:00,"Euphausia pacifica",2003,4,"Spring",-117.5,32.9,"93.3_30","2003:93.3_30","2003:Spring93.3_30","San Diego Inshore",1318.358
7031,2003-04-04,"2003_93.3_30",93.3,"30",32.85,-117.533,2003-04-04 20:14:00,2003-04-04 20:35:00,"Euphausia recurva",2003,4,"Spring",-117.5,32.9,"93.3_30","2003:93.3_30","2003:Spring93.3_30","San Diego Inshore",0
7031,2003-04-04,"2003_93.3_30",93.3,"30",32.85,-117.533,2003-04-04 20:14:00,2003-04-04 20:35:00,"Euphausia tenera",2003,4,"Spring",-117.5,32.9,"93.3_30","2003:93.3_30","2003:Spring93.3_30","San Diego Inshore",0
7031,2003-04-04,"2003_93.3_30",93.3,"30",32.85,-117.533,2003-04-04 20:14:00,2003-04-04 20:35:00,"Nematobrachion boopis",2003,4,"Spring",-117.5,32.9,"93.3_30","2003:93.3_30","2003:Spring93.3_30","San Diego Inshore",0
7031,2003-04-04,"2003_93.3_30",93.3,"30",32.85,-117.533,2003-04-04 20:14:00,2003-04-04 20:35:00,"Nematobrachion flexipes",2003,4,"Spring",-117.5,32.9,"93.3_30","2003:93.3_30","2003:Spring93.3_30","San Diego Inshore",0
7031,2003-04-04,"2003_93.3_30",93.3,"30",32.85,-117.533,2003-04-04 20:14:00,2003-04-04 20:35:00,"Nematoscelis atlantica",2003,4,"Spring",-117.5,32.9,"93.3_30","2003:93.3_30","2003:Spring93.3_30","San Diego Inshore",0
7031,2003-04-04,"2003_93.3_30",93.3,"30",32.85,-117.533,2003-04-04 20:14:00,2003-04-04 20:35:00,"Nematoscelis difficilis",2003,4,"Spring",-117.5,32.9,"93.3_30","2003:93.3_30","2003:Spring93.3_30","San Diego Inshore",537.109
7031,2003-04-04,"2003_93.3_30",93.3,"30",32.85,-117.533,2003-04-04 20:14:00,2003-04-04 20:35:00,"Nematoscelis gracilis",2003,4,"Spring",-117.5,32.9,"93.3_30","2003:93.3_30","2003:Spring93.3_30","San Diego Inshore",0
7031,2003-04-04,"2003_93.3_30",93.3,"30",32.85,-117.533,2003-04-04 20:14:00,2003-04-04 20:35:00,"Nematoscelis microps",2003,4,"Spring",-117.5,32.9,"93.3_30","2003:93.3_30","2003:Spring93.3_30","San Diego Inshore",0
7031,2003-04-04,"2003_93.3_30",93.3,"30",32.85,-117.533,2003-04-04 20:14:00,2003-04-04 20:35:00,"Nematoscelis tenella",2003,4,"Spring",-117.5,32.9,"93.3_30","2003:93.3_30","2003:Spring93.3_30","San Diego Inshore",0
7031,2003-04-04,"2003_93.3_30",93.3,"30",32.85,-117.533,2003-04-04 20:14:00,2003-04-04 20:35:00,"Nyctiphanes simplex",2003,4,"Spring",-117.5,32.9,"93.3_30","2003:93.3_30","2003:Spring93.3_30","San Diego Inshore",32.552
7031,2003-04-04,"2003_93.3_30",93.3,"30",32.85,-117.533,2003-04-04 20:14:00,2003-04-04 20:35:00,"Stylocheiron abbreviatum",2003,4,"Spring",-117.5,32.9,"93.3_30","2003:93.3_30","2003:Spring93.3_30","San Diego Inshore",0
7031,2003-04-04,"2003_93.3_30",93.3,"30",32.85,-117.533,2003-04-04 20:14:00,2003-04-04 20:35:00,"Stylocheiron affine",2003,4,"Spring",-117.5,32.9,"93.3_30","2003:93.3_30","2003:Spring93.3_30","San Diego Inshore",0
7031,2003-04-04,"2003_93.3_30",93.3,"30",32.85,-117.533,2003-04-04 20:14:00,2003-04-04 20:35:00,"Stylocheiron carinatum",2003,4,"Spring",-117.5,32.9,"93.3_30","2003:93.3_30","2003:Spring93.3_30","San Diego Inshore",0
7031,2003-04-04,"2003_93.3_30",93.3,"30",32.85,-117.533,2003-04-04 20:14:00,2003-04-04 20:35:00,"Stylocheiron elongatum",2003,4,"Spring",-117.5,32.9,"93.3_30","2003:93.3_30","2003:Spring93.3_30","San Diego Inshore",0
7031,2003-04-04,"2003_93.3_30",93.3,"30",32.85,-117.533,2003-04-04 20:14:00,2003-04-04 20:35:00,"Stylocheiron longicorne",2003,4,"Spring",-117.5,32.9,"93.3_30","2003:93.3_30","2003:Spring93.3_30","San Diego Inshore",0
7031,2003-04-04,"2003_93.3_30",93.3,"30",32.85,-117.533,2003-04-04 20:14:00,2003-04-04 20:35:00,"Stylocheiron maximum",2003,4,"Spring",-117.5,32.9,"93.3_30","2003:93.3_30","2003:Spring93.3_30","San Diego Inshore",0
7031,2003-04-04,"2003_93.3_30",93.3,"30",32.85,-117.533,2003-04-04 20:14:00,2003-04-04 20:35:00,"Stylocheiron suhmi",2003,4,"Spring",-117.5,32.9,"93.3_30","2003:93.3_30","2003:Spring93.3_30","San Diego Inshore",0
7031,2003-04-04,"2003_93.3_30",93.3,"30",32.85,-117.533,2003-04-04 20:14:00,2003-04-04 20:35:00,"Tessarabrachion oculatum",2003,4,"Spring",-117.5,32.9,"93.3_30","2003:93.3_30","2003:Spring93.3_30","San Diego Inshore",0
7031,2003-04-04,"2003_93.3_30",93.3,"30",32.85,-117.533,2003-04-04 20:14:00,2003-04-04 20:35:00,"Thysanoessa gregaria",2003,4,"Spring",-117.5,32.9,"93.3_30","2003:93.3_30","2003:Spring93.3_30","San Diego Inshore",97.656
7031,2003-04-04,"2003_93.3_30",93.3,"30",32.85,-117.533,2003-04-04 20:14:00,2003-04-04 20:35:00,"Thysanoessa longipes",2003,4,"Spring",-117.5,32.9,"93.3_30","2003:93.3_30","2003:Spring93.3_30","San Diego Inshore",0
7031,2003-04-04,"2003_93.3_30",93.3,"30",32.85,-117.533,2003-04-04 20:14:00,2003-04-04 20:35:00,"Thysanoessa spinifera",2003,4,"Spring",-117.5,32.9,"93.3_30","2003:93.3_30","2003:Spring93.3_30","San Diego Inshore",0
7031,2003-04-04,"2003_93.3_30",93.3,"30",32.85,-117.533,2003-04-04 20:14:00,2003-04-04 20:35:00,"Thysanopoda astylata",2003,4,"Spring",-117.5,32.9,"93.3_30","2003:93.3_30","2003:Spring93.3_30","San Diego Inshore",0
7031,2003-04-04,"2003_93.3_30",93.3,"30",32.85,-117.533,2003-04-04 20:14:00,2003-04-04 20:35:00,"Thysanopoda cornuta",2003,4,"Spring",-117.5,32.9,"93.3_30","2003:93.3_30","2003:Spring93.3_30","San Diego Inshore",0
7031,2003-04-04,"2003_93.3_30",93.3,"30",32.85,-117.533,2003-04-04 20:14:00,2003-04-04 20:35:00,"Thysanopoda egregia",2003,4,"Spring",-117.5,32.9,"93.3_30","2003:93.3_30","2003:Spring93.3_30","San Diego Inshore",0
7031,2003-04-04,"2003_93.3_30",93.3,"30",32.85,-117.533,2003-04-04 20:14:00,2003-04-04 20:35:00,"Thysanopoda monacantha",2003,4,"Spring",-117.5,32.9,"93.3_30","2003:93.3_30","2003:Spring93.3_30","San Diego Inshore",0
7031,2003-04-04,"2003_93.3_30",93.3,"30",32.85,-117.533,2003-04-04 20:14:00,2003-04-04 20:35:00,"Thysanopoda obtusifrons",2003,4,"Spring",-117.5,32.9,"93.3_30","2003:93.3_30","2003:Spring93.3_30","San Diego Inshore",0
7031,2003-04-04,"2003_93.3_30",93.3,"30",32.85,-117.533,2003-04-04 20:14:00,2003-04-04 20:35:00,"Thysanopoda orientalis",2003,4,"Spring",-117.5,32.9,"93.3_30","2003:93.3_30","2003:Spring93.3_30","San Diego Inshore",0
7031,2003-04-04,"2003_93.3_30",93.3,"30",32.85,-117.533,2003-04-04 20:14:00,2003-04-04 20:35:00,"Thysanopoda pectinata",2003,4,"Spring",-117.5,32.9,"93.3_30","2003:93.3_30","2003:Spring93.3_30","San Diego Inshore",0
7034,2003-04-06,"2003_93.3_60",93.3,"60",31.85,-119.567,2003-04-06 00:32:00,2003-04-06 00:54:00,"Euphausia brevis",2003,4,"Spring",-119.6,31.9,"93.3_60","2003:93.3_60","2003:Spring93.3_60","San Diego Offshore",0
7034,2003-04-06,"2003_93.3_60",93.3,"60",31.85,-119.567,2003-04-06 00:32:00,2003-04-06 00:54:00,"Euphausia diomedeae",2003,4,"Spring",-119.6,31.9,"93.3_60","2003:93.3_60","2003:Spring93.3_60","San Diego Offshore",0
7034,2003-04-06,"2003_93.3_60",93.3,"60",31.85,-119.567,2003-04-06 00:32:00,2003-04-06 00:54:00,"Euphausia distinguenda",2003,4,"Spring",-119.6,31.9,"93.3_60","2003:93.3_60","2003:Spring93.3_60","San Diego Offshore",0
7034,2003-04-06,"2003_93.3_60",93.3,"60",31.85,-119.567,2003-04-06 00:32:00,2003-04-06 00:54:00,"Euphausia eximia",2003,4,"Spring",-119.6,31.9,"93.3_60","2003:93.3_60","2003:Spring93.3_60","San Diego Offshore",0
7034,2003-04-06,"2003_93.3_60",93.3,"60",31.85,-119.567,2003-04-06 00:32:00,2003-04-06 00:54:00,"Euphausia gibboides",2003,4,"Spring",-119.6,31.9,"93.3_60","2003:93.3_60","2003:Spring93.3_60","San Diego Offshore",6.312
7034,2003-04-06,"2003_93.3_60",93.3,"60",31.85,-119.567,2003-04-06 00:32:00,2003-04-06 00:54:00,"Euphausia hemigibba",2003,4,"Spring",-119.6,31.9,"93.3_60","2003:93.3_60","2003:Spring93.3_60","San Diego Offshore",0
7034,2003-04-06,"2003_93.3_60",93.3,"60",31.85,-119.567,2003-04-06 00:32:00,2003-04-06 00:54:00,"Euphausia lamelligera",2003,4,"Spring",-119.6,31.9,"93.3_60","2003:93.3_60","2003:Spring93.3_60","San Diego Offshore",0
7034,2003-04-06,"2003_93.3_60",93.3,"60",31.85,-119.567,2003-04-06 00:32:00,2003-04-06 00:54:00,"Euphausia mutica",2003,4,"Spring",-119.6,31.9,"93.3_60","2003:93.3_60","2003:Spring93.3_60","San Diego Offshore",0
7034,2003-04-06,"2003_93.3_60",93.3,"60",31.85,-119.567,2003-04-06 00:32:00,2003-04-06 00:54:00,"Euphausia pacifica",2003,4,"Spring",-119.6,31.9,"93.3_60","2003:93.3_60","2003:Spring93.3_60","San Diego Offshore",290.335
7034,2003-04-06,"2003_93.3_60",93.3,"60",31.85,-119.567,2003-04-06 00:32:00,2003-04-06 00:54:00,"Euphausia recurva",2003,4,"Spring",-119.6,31.9,"93.3_60","2003:93.3_60","2003:Spring93.3_60","San Diego Offshore",31.559
7034,2003-04-06,"2003_93.3_60",93.3,"60",31.85,-119.567,2003-04-06 00:32:00,2003-04-06 00:54:00,"Euphausia tenera",2003,4,"Spring",-119.6,31.9,"93.3_60","2003:93.3_60","2003:Spring93.3_60","San Diego Offshore",0
7034,2003-04-06,"2003_93.3_60",93.3,"60",31.85,-119.567,2003-04-06 00:32:00,2003-04-06 00:54:00,"Nematobrachion boopis",2003,4,"Spring",-119.6,31.9,"93.3_60","2003:93.3_60","2003:Spring93.3_60","San Diego Offshore",0
7034,2003-04-06,"2003_93.3_60",93.3,"60",31.85,-119.567,2003-04-06 00:32:00,2003-04-06 00:54:00,"Nematobrachion flexipes",2003,4,"Spring",-119.6,31.9,"93.3_60","2003:93.3_60","2003:Spring93.3_60","San Diego Offshore",0
7034,2003-04-06,"2003_93.3_60",93.3,"60",31.85,-119.567,2003-04-06 00:32:00,2003-04-06 00:54:00,"Nematoscelis atlantica",2003,4,"Spring",-119.6,31.9,"93.3_60","2003:93.3_60","2003:Spring93.3_60","San Diego Offshore",0
7034,2003-04-06,"2003_93.3_60",93.3,"60",31.85,-119.567,2003-04-06 00:32:00,2003-04-06 00:54:00,"Nematoscelis difficilis",2003,4,"Spring",-119.6,31.9,"93.3_60","2003:93.3_60","2003:Spring93.3_60","San Diego Offshore",88.363
7034,2003-04-06,"2003_93.3_60",93.3,"60",31.85,-119.567,2003-04-06 00:32:00,2003-04-06 00:54:00,"Nematoscelis gracilis",2003,4,"Spring",-119.6,31.9,"93.3_60","2003:93.3_60","2003:Spring93.3_60","San Diego Offshore",0
7034,2003-04-06,"2003_93.3_60",93.3,"60",31.85,-119.567,2003-04-06 00:32:00,2003-04-06 00:54:00,"Nematoscelis microps",2003,4,"Spring",-119.6,31.9,"93.3_60","2003:93.3_60","2003:Spring93.3_60","San Diego Offshore",0
7034,2003-04-06,"2003_93.3_60",93.3,"60",31.85,-119.567,2003-04-06 00:32:00,2003-04-06 00:54:00,"Nematoscelis tenella",2003,4,"Spring",-119.6,31.9,"93.3_60","2003:93.3_60","2003:Spring93.3_60","San Diego Offshore",0
7034,2003-04-06,"2003_93.3_60",93.3,"60",31.85,-119.567,2003-04-06 00:32:00,2003-04-06 00:54:00,"Nyctiphanes simplex",2003,4,"Spring",-119.6,31.9,"93.3_60","2003:93.3_60","2003:Spring93.3_60","San Diego Offshore",0
7034,2003-04-06,"2003_93.3_60",93.3,"60",31.85,-119.567,2003-04-06 00:32:00,2003-04-06 00:54:00,"Stylocheiron abbreviatum",2003,4,"Spring",-119.6,31.9,"93.3_60","2003:93.3_60","2003:Spring93.3_60","San Diego Offshore",0
7034,2003-04-06,"2003_93.3_60",93.3,"60",31.85,-119.567,2003-04-06 00:32:00,2003-04-06 00:54:00,"Stylocheiron affine",2003,4,"Spring",-119.6,31.9,"93.3_60","2003:93.3_60","2003:Spring93.3_60","San Diego Offshore",0
7034,2003-04-06,"2003_93.3_60",93.3,"60",31.85,-119.567,2003-04-06 00:32:00,2003-04-06 00:54:00,"Stylocheiron carinatum",2003,4,"Spring",-119.6,31.9,"93.3_60","2003:93.3_60","2003:Spring93.3_60","San Diego Offshore",0
7034,2003-04-06,"2003_93.3_60",93.3,"60",31.85,-119.567,2003-04-06 00:32:00,2003-04-06 00:54:00,"Stylocheiron elongatum",2003,4,"Spring",-119.6,31.9,"93.3_60","2003:93.3_60","2003:Spring93.3_60","San Diego Offshore",0
7034,2003-04-06,"2003_93.3_60",93.3,"60",31.85,-119.567,2003-04-06 00:32:00,2003-04-06 00:54:00,"Stylocheiron longicorne",2003,4,"Spring",-119.6,31.9,"93.3_60","2003:93.3_60","2003:Spring93.3_60","San Diego Offshore",6.312
7034,2003-04-06,"2003_93.3_60",93.3,"60",31.85,-119.567,2003-04-06 00:32:00,2003-04-06 00:54:00,"Stylocheiron maximum",2003,4,"Spring",-119.6,31.9,"93.3_60","2003:93.3_60","2003:Spring93.3_60","San Diego Offshore",0
7034,2003-04-06,"2003_93.3_60",93.3,"60",31.85,-119.567,2003-04-06 00:32:00,2003-04-06 00:54:00,"Stylocheiron suhmi",2003,4,"Spring",-119.6,31.9,"93.3_60","2003:93.3_60","2003:Spring93.3_60","San Diego Offshore",0
7034,2003-04-06,"2003_93.3_60",93.3,"60",31.85,-119.567,2003-04-06 00:32:00,2003-04-06 00:54:00,"Tessarabrachion oculatum",2003,4,"Spring",-119.6,31.9,"93.3_60","2003:93.3_60","2003:Spring93.3_60","San Diego Offshore",0
7034,2003-04-06,"2003_93.3_60",93.3,"60",31.85,-119.567,2003-04-06 00:32:00,2003-04-06 00:54:00,"Thysanoessa gregaria",2003,4,"Spring",-119.6,31.9,"93.3_60","2003:93.3_60","2003:Spring93.3_60","San Diego Offshore",31.558
7034,2003-04-06,"2003_93.3_60",93.3,"60",31.85,-119.567,2003-04-06 00:32:00,2003-04-06 00:54:00,"Thysanoessa longipes",2003,4,"Spring",-119.6,31.9,"93.3_60","2003:93.3_60","2003:Spring93.3_60","San Diego Offshore",0
7034,2003-04-06,"2003_93.3_60",93.3,"60",31.85,-119.567,2003-04-06 00:32:00,2003-04-06 00:54:00,"Thysanoessa spinifera",2003,4,"Spring",-119.6,31.9,"93.3_60","2003:93.3_60","2003:Spring93.3_60","San Diego Offshore",0
7034,2003-04-06,"2003_93.3_60",93.3,"60",31.85,-119.567,2003-04-06 00:32:00,2003-04-06 00:54:00,"Thysanopoda astylata",2003,4,"Spring",-119.6,31.9,"93.3_60","2003:93.3_60","2003:Spring93.3_60","San Diego Offshore",0
7034,2003-04-06,"2003_93.3_60",93.3,"60",31.85,-119.567,2003-04-06 00:32:00,2003-04-06 00:54:00,"Thysanopoda cornuta",2003,4,"Spring",-119.6,31.9,"93.3_60","2003:93.3_60","2003:Spring93.3_60","San Diego Offshore",0
7034,2003-04-06,"2003_93.3_60",93.3,"60",31.85,-119.567,2003-04-06 00:32:00,2003-04-06 00:54:00,"Thysanopoda egregia",2003,4,"Spring",-119.6,31.9,"93.3_60","2003:93.3_60","2003:Spring93.3_60","San Diego Offshore",0
7034,2003-04-06,"2003_93.3_60",93.3,"60",31.85,-119.567,2003-04-06 00:32:00,2003-04-06 00:54:00,"Thysanopoda monacantha",2003,4,"Spring",-119.6,31.9,"93.3_60","2003:93.3_60","2003:Spring93.3_60","San Diego Offshore",0
7034,2003-04-06,"2003_93.3_60",93.3,"60",31.85,-119.567,2003-04-06 00:32:00,2003-04-06 00:54:00,"Thysanopoda obtusifrons",2003,4,"Spring",-119.6,31.9,"93.3_60","2003:93.3_60","2003:Spring93.3_60","San Diego Offshore",0
7034,2003-04-06,"2003_93.3_60",93.3,"60",31.85,-119.567,2003-04-06 00:32:00,2003-04-06 00:54:00,"Thysanopoda orientalis",2003,4,"Spring",-119.6,31.9,"93.3_60","2003:93.3_60","2003:Spring93.3_60","San Diego Offshore",0
7034,2003-04-06,"2003_93.3_60",93.3,"60",31.85,-119.567,2003-04-06 00:32:00,2003-04-06 00:54:00,"Thysanopoda pectinata",2003,4,"Spring",-119.6,31.9,"93.3_60","2003:93.3_60","2003:Spring93.3_60","San Diego Offshore",0
7065,2004-03-24,"2004_93.3_60",93.3,"60",31.85,-119.567,2004-03-24 19:27:00,2004-03-24 19:48:00,"Euphausia brevis",2004,3,"Spring",-119.6,31.9,"93.3_60","2004:93.3_60","2004:Spring93.3_60","San Diego Offshore",0
7065,2004-03-24,"2004_93.3_60",93.3,"60",31.85,-119.567,2004-03-24 19:27:00,2004-03-24 19:48:00,"Euphausia diomedeae",2004,3,"Spring",-119.6,31.9,"93.3_60","2004:93.3_60","2004:Spring93.3_60","San Diego Offshore",0
7065,2004-03-24,"2004_93.3_60",93.3,"60",31.85,-119.567,2004-03-24 19:27:00,2004-03-24 19:48:00,"Euphausia distinguenda",2004,3,"Spring",-119.6,31.9,"93.3_60","2004:93.3_60","2004:Spring93.3_60","San Diego Offshore",0
7065,2004-03-24,"2004_93.3_60",93.3,"60",31.85,-119.567,2004-03-24 19:27:00,2004-03-24 19:48:00,"Euphausia eximia",2004,3,"Spring",-119.6,31.9,"93.3_60","2004:93.3_60","2004:Spring93.3_60","San Diego Offshore",0
7065,2004-03-24,"2004_93.3_60",93.3,"60",31.85,-119.567,2004-03-24 19:27:00,2004-03-24 19:48:00,"Euphausia gibboides",2004,3,"Spring",-119.6,31.9,"93.3_60","2004:93.3_60","2004:Spring93.3_60","San Diego Offshore",0
7065,2004-03-24,"2004_93.3_60",93.3,"60",31.85,-119.567,2004-03-24 19:27:00,2004-03-24 19:48:00,"Euphausia hemigibba",2004,3,"Spring",-119.6,31.9,"93.3_60","2004:93.3_60","2004:Spring93.3_60","San Diego Offshore",0
7065,2004-03-24,"2004_93.3_60",93.3,"60",31.85,-119.567,2004-03-24 19:27:00,2004-03-24 19:48:00,"Euphausia lamelligera",2004,3,"Spring",-119.6,31.9,"93.3_60","2004:93.3_60","2004:Spring93.3_60","San Diego Offshore",0
7065,2004-03-24,"2004_93.3_60",93.3,"60",31.85,-119.567,2004-03-24 19:27:00,2004-03-24 19:48:00,"Euphausia mutica",2004,3,"Spring",-119.6,31.9,"93.3_60","2004:93.3_60","2004:Spring93.3_60","San Diego Offshore",1.917
7065,2004-03-24,"2004_93.3_60",93.3,"60",31.85,-119.567,2004-03-24 19:27:00,2004-03-24 19:48:00,"Euphausia pacifica",2004,3,"Spring",-119.6,31.9,"93.3_60","2004:93.3_60","2004:Spring93.3_60","San Diego Offshore",1532.535
7065,2004-03-24,"2004_93.3_60",93.3,"60",31.85,-119.567,2004-03-24 19:27:00,2004-03-24 19:48:00,"Euphausia recurva",2004,3,"Spring",-119.6,31.9,"93.3_60","2004:93.3_60","2004:Spring93.3_60","San Diego Offshore",5.964
7065,2004-03-24,"2004_93.3_60",93.3,"60",31.85,-119.567,2004-03-24 19:27:00,2004-03-24 19:48:00,"Euphausia tenera",2004,3,"Spring",-119.6,31.9,"93.3_60","2004:93.3_60","2004:Spring93.3_60","San Diego Offshore",0
7065,2004-03-24,"2004_93.3_60",93.3,"60",31.85,-119.567,2004-03-24 19:27:00,2004-03-24 19:48:00,"Nematobrachion boopis",2004,3,"Spring",-119.6,31.9,"93.3_60","2004:93.3_60","2004:Spring93.3_60","San Diego Offshore",0
7065,2004-03-24,"2004_93.3_60",93.3,"60",31.85,-119.567,2004-03-24 19:27:00,2004-03-24 19:48:00,"Nematobrachion flexipes",2004,3,"Spring",-119.6,31.9,"93.3_60","2004:93.3_60","2004:Spring93.3_60","San Diego Offshore",0
7065,2004-03-24,"2004_93.3_60",93.3,"60",31.85,-119.567,2004-03-24 19:27:00,2004-03-24 19:48:00,"Nematoscelis atlantica",2004,3,"Spring",-119.6,31.9,"93.3_60","2004:93.3_60","2004:Spring93.3_60","San Diego Offshore",0
7065,2004-03-24,"2004_93.3_60",93.3,"60",31.85,-119.567,2004-03-24 19:27:00,2004-03-24 19:48:00,"Nematoscelis difficilis",2004,3,"Spring",-119.6,31.9,"93.3_60","2004:93.3_60","2004:Spring93.3_60","San Diego Offshore",361.248
7065,2004-03-24,"2004_93.3_60",93.3,"60",31.85,-119.567,2004-03-24 19:27:00,2004-03-24 19:48:00,"Nematoscelis gracilis",2004,3,"Spring",-119.6,31.9,"93.3_60","2004:93.3_60","2004:Spring93.3_60","San Diego Offshore",0
7065,2004-03-24,"2004_93.3_60",93.3,"60",31.85,-119.567,2004-03-24 19:27:00,2004-03-24 19:48:00,"Nematoscelis microps",2004,3,"Spring",-119.6,31.9,"93.3_60","2004:93.3_60","2004:Spring93.3_60","San Diego Offshore",0
7065,2004-03-24,"2004_93.3_60",93.3,"60",31.85,-119.567,2004-03-24 19:27:00,2004-03-24 19:48:00,"Nematoscelis tenella",2004,3,"Spring",-119.6,31.9,"93.3_60","2004:93.3_60","2004:Spring93.3_60","San Diego Offshore",1.917
7065,2004-03-24,"2004_93.3_60",93.3,"60",31.85,-119.567,2004-03-24 19:27:00,2004-03-24 19:48:00,"Nyctiphanes simplex",2004,3,"Spring",-119.6,31.9,"93.3_60","2004:93.3_60","2004:Spring93.3_60","San Diego Offshore",0
7065,2004-03-24,"2004_93.3_60",93.3,"60",31.85,-119.567,2004-03-24 19:27:00,2004-03-24 19:48:00,"Stylocheiron abbreviatum",2004,3,"Spring",-119.6,31.9,"93.3_60","2004:93.3_60","2004:Spring93.3_60","San Diego Offshore",0
7065,2004-03-24,"2004_93.3_60",93.3,"60",31.85,-119.567,2004-03-24 19:27:00,2004-03-24 19:48:00,"Stylocheiron affine",2004,3,"Spring",-119.6,31.9,"93.3_60","2004:93.3_60","2004:Spring93.3_60","San Diego Offshore",11.928
7065,2004-03-24,"2004_93.3_60",93.3,"60",31.85,-119.567,2004-03-24 19:27:00,2004-03-24 19:48:00,"Stylocheiron carinatum",2004,3,"Spring",-119.6,31.9,"93.3_60","2004:93.3_60","2004:Spring93.3_60","San Diego Offshore",0
7065,2004-03-24,"2004_93.3_60",93.3,"60",31.85,-119.567,2004-03-24 19:27:00,2004-03-24 19:48:00,"Stylocheiron elongatum",2004,3,"Spring",-119.6,31.9,"93.3_60","2004:93.3_60","2004:Spring93.3_60","San Diego Offshore",0
7065,2004-03-24,"2004_93.3_60",93.3,"60",31.85,-119.567,2004-03-24 19:27:00,2004-03-24 19:48:00,"Stylocheiron longicorne",2004,3,"Spring",-119.6,31.9,"93.3_60","2004:93.3_60","2004:Spring93.3_60","San Diego Offshore",19.809
7065,2004-03-24,"2004_93.3_60",93.3,"60",31.85,-119.567,2004-03-24 19:27:00,2004-03-24 19:48:00,"Stylocheiron maximum",2004,3,"Spring",-119.6,31.9,"93.3_60","2004:93.3_60","2004:Spring93.3_60","San Diego Offshore",5.751
7065,2004-03-24,"2004_93.3_60",93.3,"60",31.85,-119.567,2004-03-24 19:27:00,2004-03-24 19:48:00,"Stylocheiron suhmi",2004,3,"Spring",-119.6,31.9,"93.3_60","2004:93.3_60","2004:Spring93.3_60","San Diego Offshore",0
7065,2004-03-24,"2004_93.3_60",93.3,"60",31.85,-119.567,2004-03-24 19:27:00,2004-03-24 19:48:00,"Tessarabrachion oculatum",2004,3,"Spring",-119.6,31.9,"93.3_60","2004:93.3_60","2004:Spring93.3_60","San Diego Offshore",0
7065,2004-03-24,"2004_93.3_60",93.3,"60",31.85,-119.567,2004-03-24 19:27:00,2004-03-24 19:48:00,"Thysanoessa gregaria",2004,3,"Spring",-119.6,31.9,"93.3_60","2004:93.3_60","2004:Spring93.3_60","San Diego Offshore",214.278
7065,2004-03-24,"2004_93.3_60",93.3,"60",31.85,-119.567,2004-03-24 19:27:00,2004-03-24 19:48:00,"Thysanoessa longipes",2004,3,"Spring",-119.6,31.9,"93.3_60","2004:93.3_60","2004:Spring93.3_60","San Diego Offshore",0
7065,2004-03-24,"2004_93.3_60",93.3,"60",31.85,-119.567,2004-03-24 19:27:00,2004-03-24 19:48:00,"Thysanoessa spinifera",2004,3,"Spring",-119.6,31.9,"93.3_60","2004:93.3_60","2004:Spring93.3_60","San Diego Offshore",4.047
7065,2004-03-24,"2004_93.3_60",93.3,"60",31.85,-119.567,2004-03-24 19:27:00,2004-03-24 19:48:00,"Thysanopoda astylata",2004,3,"Spring",-119.6,31.9,"93.3_60","2004:93.3_60","2004:Spring93.3_60","San Diego Offshore",0
7065,2004-03-24,"2004_93.3_60",93.3,"60",31.85,-119.567,2004-03-24 19:27:00,2004-03-24 19:48:00,"Thysanopoda cornuta",2004,3,"Spring",-119.6,31.9,"93.3_60","2004:93.3_60","2004:Spring93.3_60","San Diego Offshore",0
7065,2004-03-24,"2004_93.3_60",93.3,"60",31.85,-119.567,2004-03-24 19:27:00,2004-03-24 19:48:00,"Thysanopoda egregia",2004,3,"Spring",-119.6,31.9,"93.3_60","2004:93.3_60","2004:Spring93.3_60","San Diego Offshore",0
7065,2004-03-24,"2004_93.3_60",93.3,"60",31.85,-119.567,2004-03-24 19:27:00,2004-03-24 19:48:00,"Thysanopoda monacantha",2004,3,"Spring",-119.6,31.9,"93.3_60","2004:93.3_60","2004:Spring93.3_60","San Diego Offshore",0
7065,2004-03-24,"2004_93.3_60",93.3,"60",31.85,-119.567,2004-03-24 19:27:00,2004-03-24 19:48:00,"Thysanopoda obtusifrons",2004,3,"Spring",-119.6,31.9,"93.3_60","2004:93.3_60","2004:Spring93.3_60","San Diego Offshore",0
7065,2004-03-24,"2004_93.3_60",93.3,"60",31.85,-119.567,2004-03-24 19:27:00,2004-03-24 19:48:00,"Thysanopoda orientalis",2004,3,"Spring",-119.6,31.9,"93.3_60","2004:93.3_60","2004:Spring93.3_60","San Diego Offshore",0
7065,2004-03-24,"2004_93.3_60",93.3,"60",31.85,-119.567,2004-03-24 19:27:00,2004-03-24 19:48:00,"Thysanopoda pectinata",2004,3,"Spring",-119.6,31.9,"93.3_60","2004:93.3_60","2004:Spring93.3_60","San Diego Offshore",0
7091,2005-04-15,"2005_93.3_30",93.3,"30",32.85,-117.533,2005-04-15 22:42:00,2005-04-15 23:02:00,"Euphausia brevis",2005,4,"Spring",-117.5,32.9,"93.3_30","2005:93.3_30","2005:Spring93.3_30","San Diego Inshore",0
7091,2005-04-15,"2005_93.3_30",93.3,"30",32.85,-117.533,2005-04-15 22:42:00,2005-04-15 23:02:00,"Euphausia diomedeae",2005,4,"Spring",-117.5,32.9,"93.3_30","2005:93.3_30","2005:Spring93.3_30","San Diego Inshore",0
7091,2005-04-15,"2005_93.3_30",93.3,"30",32.85,-117.533,2005-04-15 22:42:00,2005-04-15 23:02:00,"Euphausia distinguenda",2005,4,"Spring",-117.5,32.9,"93.3_30","2005:93.3_30","2005:Spring93.3_30","San Diego Inshore",0
7091,2005-04-15,"2005_93.3_30",93.3,"30",32.85,-117.533,2005-04-15 22:42:00,2005-04-15 23:02:00,"Euphausia eximia",2005,4,"Spring",-117.5,32.9,"93.3_30","2005:93.3_30","2005:Spring93.3_30","San Diego Inshore",0
7091,2005-04-15,"2005_93.3_30",93.3,"30",32.85,-117.533,2005-04-15 22:42:00,2005-04-15 23:02:00,"Euphausia gibboides",2005,4,"Spring",-117.5,32.9,"93.3_30","2005:93.3_30","2005:Spring93.3_30","San Diego Inshore",0
7091,2005-04-15,"2005_93.3_30",93.3,"30",32.85,-117.533,2005-04-15 22:42:00,2005-04-15 23:02:00,"Euphausia hemigibba",2005,4,"Spring",-117.5,32.9,"93.3_30","2005:93.3_30","2005:Spring93.3_30","San Diego Inshore",0
7091,2005-04-15,"2005_93.3_30",93.3,"30",32.85,-117.533,2005-04-15 22:42:00,2005-04-15 23:02:00,"Euphausia lamelligera",2005,4,"Spring",-117.5,32.9,"93.3_30","2005:93.3_30","2005:Spring93.3_30","San Diego Inshore",0
7091,2005-04-15,"2005_93.3_30",93.3,"30",32.85,-117.533,2005-04-15 22:42:00,2005-04-15 23:02:00,"Euphausia mutica",2005,4,"Spring",-117.5,32.9,"93.3_30","2005:93.3_30","2005:Spring93.3_30","San Diego Inshore",0
7091,2005-04-15,"2005_93.3_30",93.3,"30",32.85,-117.533,2005-04-15 22:42:00,2005-04-15 23:02:00,"Euphausia pacifica",2005,4,"Spring",-117.5,32.9,"93.3_30","2005:93.3_30","2005:Spring93.3_30","San Diego Inshore",8454.71
7091,2005-04-15,"2005_93.3_30",93.3,"30",32.85,-117.533,2005-04-15 22:42:00,2005-04-15 23:02:00,"Euphausia recurva",2005,4,"Spring",-117.5,32.9,"93.3_30","2005:93.3_30","2005:Spring93.3_30","San Diego Inshore",25.25
7091,2005-04-15,"2005_93.3_30",93.3,"30",32.85,-117.533,2005-04-15 22:42:00,2005-04-15 23:02:00,"Euphausia tenera",2005,4,"Spring",-117.5,32.9,"93.3_30","2005:93.3_30","2005:Spring93.3_30","San Diego Inshore",0
7091,2005-04-15,"2005_93.3_30",93.3,"30",32.85,-117.533,2005-04-15 22:42:00,2005-04-15 23:02:00,"Nematobrachion boopis",2005,4,"Spring",-117.5,32.9,"93.3_30","2005:93.3_30","2005:Spring93.3_30","San Diego Inshore",0
7091,2005-04-15,"2005_93.3_30",93.3,"30",32.85,-117.533,2005-04-15 22:42:00,2005-04-15 23:02:00,"Nematobrachion flexipes",2005,4,"Spring",-117.5,32.9,"93.3_30","2005:93.3_30","2005:Spring93.3_30","San Diego Inshore",0
7091,2005-04-15,"2005_93.3_30",93.3,"30",32.85,-117.533,2005-04-15 22:42:00,2005-04-15 23:02:00,"Nematoscelis atlantica",2005,4,"Spring",-117.5,32.9,"93.3_30","2005:93.3_30","2005:Spring93.3_30","San Diego Inshore",0
7091,2005-04-15,"2005_93.3_30",93.3,"30",32.85,-117.533,2005-04-15 22:42:00,2005-04-15 23:02:00,"Nematoscelis difficilis",2005,4,"Spring",-117.5,32.9,"93.3_30","2005:93.3_30","2005:Spring93.3_30","San Diego Inshore",303
7091,2005-04-15,"2005_93.3_30",93.3,"30",32.85,-117.533,2005-04-15 22:42:00,2005-04-15 23:02:00,"Nematoscelis gracilis",2005,4,"Spring",-117.5,32.9,"93.3_30","2005:93.3_30","2005:Spring93.3_30","San Diego Inshore",0
7091,2005-04-15,"2005_93.3_30",93.3,"30",32.85,-117.533,2005-04-15 22:42:00,2005-04-15 23:02:00,"Nematoscelis microps",2005,4,"Spring",-117.5,32.9,"93.3_30","2005:93.3_30","2005:Spring93.3_30","San Diego Inshore",0
7091,2005-04-15,"2005_93.3_30",93.3,"30",32.85,-117.533,2005-04-15 22:42:00,2005-04-15 23:02:00,"Nematoscelis tenella",2005,4,"Spring",-117.5,32.9,"93.3_30","2005:93.3_30","2005:Spring93.3_30","San Diego Inshore",0
7091,2005-04-15,"2005_93.3_30",93.3,"30",32.85,-117.533,2005-04-15 22:42:00,2005-04-15 23:02:00,"Nyctiphanes simplex",2005,4,"Spring",-117.5,32.9,"93.3_30","2005:93.3_30","2005:Spring93.3_30","San Diego Inshore",48.48
7091,2005-04-15,"2005_93.3_30",93.3,"30",32.85,-117.533,2005-04-15 22:42:00,2005-04-15 23:02:00,"Stylocheiron abbreviatum",2005,4,"Spring",-117.5,32.9,"93.3_30","2005:93.3_30","2005:Spring93.3_30","San Diego Inshore",0
7091,2005-04-15,"2005_93.3_30",93.3,"30",32.85,-117.533,2005-04-15 22:42:00,2005-04-15 23:02:00,"Stylocheiron affine",2005,4,"Spring",-117.5,32.9,"93.3_30","2005:93.3_30","2005:Spring93.3_30","San Diego Inshore",0
7091,2005-04-15,"2005_93.3_30",93.3,"30",32.85,-117.533,2005-04-15 22:42:00,2005-04-15 23:02:00,"Stylocheiron carinatum",2005,4,"Spring",-117.5,32.9,"93.3_30","2005:93.3_30","2005:Spring93.3_30","San Diego Inshore",0
7091,2005-04-15,"2005_93.3_30",93.3,"30",32.85,-117.533,2005-04-15 22:42:00,2005-04-15 23:02:00,"Stylocheiron elongatum",2005,4,"Spring",-117.5,32.9,"93.3_30","2005:93.3_30","2005:Spring93.3_30","San Diego Inshore",0
7091,2005-04-15,"2005_93.3_30",93.3,"30",32.85,-117.533,2005-04-15 22:42:00,2005-04-15 23:02:00,"Stylocheiron longicorne",2005,4,"Spring",-117.5,32.9,"93.3_30","2005:93.3_30","2005:Spring93.3_30","San Diego Inshore",0
7091,2005-04-15,"2005_93.3_30",93.3,"30",32.85,-117.533,2005-04-15 22:42:00,2005-04-15 23:02:00,"Stylocheiron maximum",2005,4,"Spring",-117.5,32.9,"93.3_30","2005:93.3_30","2005:Spring93.3_30","San Diego Inshore",0
7091,2005-04-15,"2005_93.3_30",93.3,"30",32.85,-117.533,2005-04-15 22:42:00,2005-04-15 23:02:00,"Stylocheiron suhmi",2005,4,"Spring",-117.5,32.9,"93.3_30","2005:93.3_30","2005:Spring93.3_30","San Diego Inshore",0
7091,2005-04-15,"2005_93.3_30",93.3,"30",32.85,-117.533,2005-04-15 22:42:00,2005-04-15 23:02:00,"Tessarabrachion oculatum",2005,4,"Spring",-117.5,32.9,"93.3_30","2005:93.3_30","2005:Spring93.3_30","San Diego Inshore",0
7091,2005-04-15,"2005_93.3_30",93.3,"30",32.85,-117.533,2005-04-15 22:42:00,2005-04-15 23:02:00,"Thysanoessa gregaria",2005,4,"Spring",-117.5,32.9,"93.3_30","2005:93.3_30","2005:Spring93.3_30","San Diego Inshore",176.75
7091,2005-04-15,"2005_93.3_30",93.3,"30",32.85,-117.533,2005-04-15 22:42:00,2005-04-15 23:02:00,"Thysanoessa longipes",2005,4,"Spring",-117.5,32.9,"93.3_30","2005:93.3_30","2005:Spring93.3_30","San Diego Inshore",0
7091,2005-04-15,"2005_93.3_30",93.3,"30",32.85,-117.533,2005-04-15 22:42:00,2005-04-15 23:02:00,"Thysanoessa spinifera",2005,4,"Spring",-117.5,32.9,"93.3_30","2005:93.3_30","2005:Spring93.3_30","San Diego Inshore",877.488
7091,2005-04-15,"2005_93.3_30",93.3,"30",32.85,-117.533,2005-04-15 22:42:00,2005-04-15 23:02:00,"Thysanopoda astylata",2005,4,"Spring",-117.5,32.9,"93.3_30","2005:93.3_30","2005:Spring93.3_30","San Diego Inshore",0
7091,2005-04-15,"2005_93.3_30",93.3,"30",32.85,-117.533,2005-04-15 22:42:00,2005-04-15 23:02:00,"Thysanopoda cornuta",2005,4,"Spring",-117.5,32.9,"93.3_30","2005:93.3_30","2005:Spring93.3_30","San Diego Inshore",0
7091,2005-04-15,"2005_93.3_30",93.3,"30",32.85,-117.533,2005-04-15 22:42:00,2005-04-15 23:02:00,"Thysanopoda egregia",2005,4,"Spring",-117.5,32.9,"93.3_30","2005:93.3_30","2005:Spring93.3_30","San Diego Inshore",0
7091,2005-04-15,"2005_93.3_30",93.3,"30",32.85,-117.533,2005-04-15 22:42:00,2005-04-15 23:02:00,"Thysanopoda monacantha",2005,4,"Spring",-117.5,32.9,"93.3_30","2005:93.3_30","2005:Spring93.3_30","San Diego Inshore",0
7091,2005-04-15,"2005_93.3_30",93.3,"30",32.85,-117.533,2005-04-15 22:42:00,2005-04-15 23:02:00,"Thysanopoda obtusifrons",2005,4,"Spring",-117.5,32.9,"93.3_30","2005:93.3_30","2005:Spring93.3_30","San Diego Inshore",0
7091,2005-04-15,"2005_93.3_30",93.3,"30",32.85,-117.533,2005-04-15 22:42:00,2005-04-15 23:02:00,"Thysanopoda orientalis",2005,4,"Spring",-117.5,32.9,"93.3_30","2005:93.3_30","2005:Spring93.3_30","San Diego Inshore",0
7091,2005-04-15,"2005_93.3_30",93.3,"30",32.85,-117.533,2005-04-15 22:42:00,2005-04-15 23:02:00,"Thysanopoda pectinata",2005,4,"Spring",-117.5,32.9,"93.3_30","2005:93.3_30","2005:Spring93.3_30","San Diego Inshore",0
7094,2005-04-16,"2005_93.3_60",93.3,"60",31.85,-119.567,2005-04-16 23:18:00,2005-04-16 23:39:00,"Euphausia brevis",2005,4,"Spring",-119.6,31.9,"93.3_60","2005:93.3_60","2005:Spring93.3_60","San Diego Offshore",0
7094,2005-04-16,"2005_93.3_60",93.3,"60",31.85,-119.567,2005-04-16 23:18:00,2005-04-16 23:39:00,"Euphausia diomedeae",2005,4,"Spring",-119.6,31.9,"93.3_60","2005:93.3_60","2005:Spring93.3_60","San Diego Offshore",0
7094,2005-04-16,"2005_93.3_60",93.3,"60",31.85,-119.567,2005-04-16 23:18:00,2005-04-16 23:39:00,"Euphausia distinguenda",2005,4,"Spring",-119.6,31.9,"93.3_60","2005:93.3_60","2005:Spring93.3_60","San Diego Offshore",0
7094,2005-04-16,"2005_93.3_60",93.3,"60",31.85,-119.567,2005-04-16 23:18:00,2005-04-16 23:39:00,"Euphausia eximia",2005,4,"Spring",-119.6,31.9,"93.3_60","2005:93.3_60","2005:Spring93.3_60","San Diego Offshore",2.09
7094,2005-04-16,"2005_93.3_60",93.3,"60",31.85,-119.567,2005-04-16 23:18:00,2005-04-16 23:39:00,"Euphausia gibboides",2005,4,"Spring",-119.6,31.9,"93.3_60","2005:93.3_60","2005:Spring93.3_60","San Diego Offshore",293.436
7094,2005-04-16,"2005_93.3_60",93.3,"60",31.85,-119.567,2005-04-16 23:18:00,2005-04-16 23:39:00,"Euphausia hemigibba",2005,4,"Spring",-119.6,31.9,"93.3_60","2005:93.3_60","2005:Spring93.3_60","San Diego Offshore",24.453
7094,2005-04-16,"2005_93.3_60",93.3,"60",31.85,-119.567,2005-04-16 23:18:00,2005-04-16 23:39:00,"Euphausia lamelligera",2005,4,"Spring",-119.6,31.9,"93.3_60","2005:93.3_60","2005:Spring93.3_60","San Diego Offshore",0
7094,2005-04-16,"2005_93.3_60",93.3,"60",31.85,-119.567,2005-04-16 23:18:00,2005-04-16 23:39:00,"Euphausia mutica",2005,4,"Spring",-119.6,31.9,"93.3_60","2005:93.3_60","2005:Spring93.3_60","San Diego Offshore",0
7094,2005-04-16,"2005_93.3_60",93.3,"60",31.85,-119.567,2005-04-16 23:18:00,2005-04-16 23:39:00,"Euphausia pacifica",2005,4,"Spring",-119.6,31.9,"93.3_60","2005:93.3_60","2005:Spring93.3_60","San Diego Offshore",28.424
7094,2005-04-16,"2005_93.3_60",93.3,"60",31.85,-119.567,2005-04-16 23:18:00,2005-04-16 23:39:00,"Euphausia recurva",2005,4,"Spring",-119.6,31.9,"93.3_60","2005:93.3_60","2005:Spring93.3_60","San Diego Offshore",105.127
7094,2005-04-16,"2005_93.3_60",93.3,"60",31.85,-119.567,2005-04-16 23:18:00,2005-04-16 23:39:00,"Euphausia tenera",2005,4,"Spring",-119.6,31.9,"93.3_60","2005:93.3_60","2005:Spring93.3_60","San Diego Offshore",0
7094,2005-04-16,"2005_93.3_60",93.3,"60",31.85,-119.567,2005-04-16 23:18:00,2005-04-16 23:39:00,"Nematobrachion boopis",2005,4,"Spring",-119.6,31.9,"93.3_60","2005:93.3_60","2005:Spring93.3_60","San Diego Offshore",0
7094,2005-04-16,"2005_93.3_60",93.3,"60",31.85,-119.567,2005-04-16 23:18:00,2005-04-16 23:39:00,"Nematobrachion flexipes",2005,4,"Spring",-119.6,31.9,"93.3_60","2005:93.3_60","2005:Spring93.3_60","San Diego Offshore",0
7094,2005-04-16,"2005_93.3_60",93.3,"60",31.85,-119.567,2005-04-16 23:18:00,2005-04-16 23:39:00,"Nematoscelis atlantica",2005,4,"Spring",-119.6,31.9,"93.3_60","2005:93.3_60","2005:Spring93.3_60","San Diego Offshore",0
7094,2005-04-16,"2005_93.3_60",93.3,"60",31.85,-119.567,2005-04-16 23:18:00,2005-04-16 23:39:00,"Nematoscelis difficilis",2005,4,"Spring",-119.6,31.9,"93.3_60","2005:93.3_60","2005:Spring93.3_60","San Diego Offshore",109.307
7094,2005-04-16,"2005_93.3_60",93.3,"60",31.85,-119.567,2005-04-16 23:18:00,2005-04-16 23:39:00,"Nematoscelis gracilis",2005,4,"Spring",-119.6,31.9,"93.3_60","2005:93.3_60","2005:Spring93.3_60","San Diego Offshore",0
7094,2005-04-16,"2005_93.3_60",93.3,"60",31.85,-119.567,2005-04-16 23:18:00,2005-04-16 23:39:00,"Nematoscelis microps",2005,4,"Spring",-119.6,31.9,"93.3_60","2005:93.3_60","2005:Spring93.3_60","San Diego Offshore",0
7094,2005-04-16,"2005_93.3_60",93.3,"60",31.85,-119.567,2005-04-16 23:18:00,2005-04-16 23:39:00,"Nematoscelis tenella",2005,4,"Spring",-119.6,31.9,"93.3_60","2005:93.3_60","2005:Spring93.3_60","San Diego Offshore",2.09
7094,2005-04-16,"2005_93.3_60",93.3,"60",31.85,-119.567,2005-04-16 23:18:00,2005-04-16 23:39:00,"Nyctiphanes simplex",2005,4,"Spring",-119.6,31.9,"93.3_60","2005:93.3_60","2005:Spring93.3_60","San Diego Offshore",0
7094,2005-04-16,"2005_93.3_60",93.3,"60",31.85,-119.567,2005-04-16 23:18:00,2005-04-16 23:39:00,"Stylocheiron abbreviatum",2005,4,"Spring",-119.6,31.9,"93.3_60","2005:93.3_60","2005:Spring93.3_60","San Diego Offshore",0
7094,2005-04-16,"2005_93.3_60",93.3,"60",31.85,-119.567,2005-04-16 23:18:00,2005-04-16 23:39:00,"Stylocheiron affine",2005,4,"Spring",-119.6,31.9,"93.3_60","2005:93.3_60","2005:Spring93.3_60","San Diego Offshore",157.795
7094,2005-04-16,"2005_93.3_60",93.3,"60",31.85,-119.567,2005-04-16 23:18:00,2005-04-16 23:39:00,"Stylocheiron carinatum",2005,4,"Spring",-119.6,31.9,"93.3_60","2005:93.3_60","2005:Spring93.3_60","San Diego Offshore",0
7094,2005-04-16,"2005_93.3_60",93.3,"60",31.85,-119.567,2005-04-16 23:18:00,2005-04-16 23:39:00,"Stylocheiron elongatum",2005,4,"Spring",-119.6,31.9,"93.3_60","2005:93.3_60","2005:Spring93.3_60","San Diego Offshore",0
7094,2005-04-16,"2005_93.3_60",93.3,"60",31.85,-119.567,2005-04-16 23:18:00,2005-04-16 23:39:00,"Stylocheiron longicorne",2005,4,"Spring",-119.6,31.9,"93.3_60","2005:93.3_60","2005:Spring93.3_60","San Diego Offshore",24.244
7094,2005-04-16,"2005_93.3_60",93.3,"60",31.85,-119.567,2005-04-16 23:18:00,2005-04-16 23:39:00,"Stylocheiron maximum",2005,4,"Spring",-119.6,31.9,"93.3_60","2005:93.3_60","2005:Spring93.3_60","San Diego Offshore",0
7094,2005-04-16,"2005_93.3_60",93.3,"60",31.85,-119.567,2005-04-16 23:18:00,2005-04-16 23:39:00,"Stylocheiron suhmi",2005,4,"Spring",-119.6,31.9,"93.3_60","2005:93.3_60","2005:Spring93.3_60","San Diego Offshore",0
7094,2005-04-16,"2005_93.3_60",93.3,"60",31.85,-119.567,2005-04-16 23:18:00,2005-04-16 23:39:00,"Tessarabrachion oculatum",2005,4,"Spring",-119.6,31.9,"93.3_60","2005:93.3_60","2005:Spring93.3_60","San Diego Offshore",0
7094,2005-04-16,"2005_93.3_60",93.3,"60",31.85,-119.567,2005-04-16 23:18:00,2005-04-16 23:39:00,"Thysanoessa gregaria",2005,4,"Spring",-119.6,31.9,"93.3_60","2005:93.3_60","2005:Spring93.3_60","San Diego Offshore",165.946
7094,2005-04-16,"2005_93.3_60",93.3,"60",31.85,-119.567,2005-04-16 23:18:00,2005-04-16 23:39:00,"Thysanoessa longipes",2005,4,"Spring",-119.6,31.9,"93.3_60","2005:93.3_60","2005:Spring93.3_60","San Diego Offshore",0
7094,2005-04-16,"2005_93.3_60",93.3,"60",31.85,-119.567,2005-04-16 23:18:00,2005-04-16 23:39:00,"Thysanoessa spinifera",2005,4,"Spring",-119.6,31.9,"93.3_60","2005:93.3_60","2005:Spring93.3_60","San Diego Offshore",0
7094,2005-04-16,"2005_93.3_60",93.3,"60",31.85,-119.567,2005-04-16 23:18:00,2005-04-16 23:39:00,"Thysanopoda astylata",2005,4,"Spring",-119.6,31.9,"93.3_60","2005:93.3_60","2005:Spring93.3_60","San Diego Offshore",0
7094,2005-04-16,"2005_93.3_60",93.3,"60",31.85,-119.567,2005-04-16 23:18:00,2005-04-16 23:39:00,"Thysanopoda cornuta",2005,4,"Spring",-119.6,31.9,"93.3_60","2005:93.3_60","2005:Spring93.3_60","San Diego Offshore",0
7094,2005-04-16,"2005_93.3_60",93.3,"60",31.85,-119.567,2005-04-16 23:18:00,2005-04-16 23:39:00,"Thysanopoda egregia",2005,4,"Spring",-119.6,31.9,"93.3_60","2005:93.3_60","2005:Spring93.3_60","San Diego Offshore",0
7094,2005-04-16,"2005_93.3_60",93.3,"60",31.85,-119.567,2005-04-16 23:18:00,2005-04-16 23:39:00,"Thysanopoda monacantha",2005,4,"Spring",-119.6,31.9,"93.3_60","2005:93.3_60","2005:Spring93.3_60","San Diego Offshore",0
7094,2005-04-16,"2005_93.3_60",93.3,"60",31.85,-119.567,2005-04-16 23:18:00,2005-04-16 23:39:00,"Thysanopoda obtusifrons",2005,4,"Spring",-119.6,31.9,"93.3_60","2005:93.3_60","2005:Spring93.3_60","San Diego Offshore",0
7094,2005-04-16,"2005_93.3_60",93.3,"60",31.85,-119.567,2005-04-16 23:18:00,2005-04-16 23:39:00,"Thysanopoda orientalis",2005,4,"Spring",-119.6,31.9,"93.3_60","2005:93.3_60","2005:Spring93.3_60","San Diego Offshore",0
7094,2005-04-16,"2005_93.3_60",93.3,"60",31.85,-119.567,2005-04-16 23:18:00,2005-04-16 23:39:00,"Thysanopoda pectinata",2005,4,"Spring",-119.6,31.9,"93.3_60","2005:93.3_60","2005:Spring93.3_60","San Diego Offshore",0
7117,2006-04-02,"2006_93.3_30",93.3,"30",32.85,-117.533,2006-04-02 00:43:00,2006-04-02 01:03:00,"Euphausia brevis",2006,4,"Spring",-117.5,32.9,"93.3_30","2006:93.3_30","2006:Spring93.3_30","San Diego Inshore",0
7117,2006-04-02,"2006_93.3_30",93.3,"30",32.85,-117.533,2006-04-02 00:43:00,2006-04-02 01:03:00,"Euphausia diomedeae",2006,4,"Spring",-117.5,32.9,"93.3_30","2006:93.3_30","2006:Spring93.3_30","San Diego Inshore",0
7117,2006-04-02,"2006_93.3_30",93.3,"30",32.85,-117.533,2006-04-02 00:43:00,2006-04-02 01:03:00,"Euphausia distinguenda",2006,4,"Spring",-117.5,32.9,"93.3_30","2006:93.3_30","2006:Spring93.3_30","San Diego Inshore",0
7117,2006-04-02,"2006_93.3_30",93.3,"30",32.85,-117.533,2006-04-02 00:43:00,2006-04-02 01:03:00,"Euphausia eximia",2006,4,"Spring",-117.5,32.9,"93.3_30","2006:93.3_30","2006:Spring93.3_30","San Diego Inshore",0
7117,2006-04-02,"2006_93.3_30",93.3,"30",32.85,-117.533,2006-04-02 00:43:00,2006-04-02 01:03:00,"Euphausia gibboides",2006,4,"Spring",-117.5,32.9,"93.3_30","2006:93.3_30","2006:Spring93.3_30","San Diego Inshore",0
7117,2006-04-02,"2006_93.3_30",93.3,"30",32.85,-117.533,2006-04-02 00:43:00,2006-04-02 01:03:00,"Euphausia hemigibba",2006,4,"Spring",-117.5,32.9,"93.3_30","2006:93.3_30","2006:Spring93.3_30","San Diego Inshore",0
7117,2006-04-02,"2006_93.3_30",93.3,"30",32.85,-117.533,2006-04-02 00:43:00,2006-04-02 01:03:00,"Euphausia lamelligera",2006,4,"Spring",-117.5,32.9,"93.3_30","2006:93.3_30","2006:Spring93.3_30","San Diego Inshore",0
7117,2006-04-02,"2006_93.3_30",93.3,"30",32.85,-117.533,2006-04-02 00:43:00,2006-04-02 01:03:00,"Euphausia mutica",2006,4,"Spring",-117.5,32.9,"93.3_30","2006:93.3_30","2006:Spring93.3_30","San Diego Inshore",0
7117,2006-04-02,"2006_93.3_30",93.3,"30",32.85,-117.533,2006-04-02 00:43:00,2006-04-02 01:03:00,"Euphausia pacifica",2006,4,"Spring",-117.5,32.9,"93.3_30","2006:93.3_30","2006:Spring93.3_30","San Diego Inshore",1401.37
7117,2006-04-02,"2006_93.3_30",93.3,"30",32.85,-117.533,2006-04-02 00:43:00,2006-04-02 01:03:00,"Euphausia recurva",2006,4,"Spring",-117.5,32.9,"93.3_30","2006:93.3_30","2006:Spring93.3_30","San Diego Inshore",0
7117,2006-04-02,"2006_93.3_30",93.3,"30",32.85,-117.533,2006-04-02 00:43:00,2006-04-02 01:03:00,"Euphausia tenera",2006,4,"Spring",-117.5,32.9,"93.3_30","2006:93.3_30","2006:Spring93.3_30","San Diego Inshore",0
7117,2006-04-02,"2006_93.3_30",93.3,"30",32.85,-117.533,2006-04-02 00:43:00,2006-04-02 01:03:00,"Nematobrachion boopis",2006,4,"Spring",-117.5,32.9,"93.3_30","2006:93.3_30","2006:Spring93.3_30","San Diego Inshore",0
7117,2006-04-02,"2006_93.3_30",93.3,"30",32.85,-117.533,2006-04-02 00:43:00,2006-04-02 01:03:00,"Nematobrachion flexipes",2006,4,"Spring",-117.5,32.9,"93.3_30","2006:93.3_30","2006:Spring93.3_30","San Diego Inshore",0
7117,2006-04-02,"2006_93.3_30",93.3,"30",32.85,-117.533,2006-04-02 00:43:00,2006-04-02 01:03:00,"Nematoscelis atlantica",2006,4,"Spring",-117.5,32.9,"93.3_30","2006:93.3_30","2006:Spring93.3_30","San Diego Inshore",0
7117,2006-04-02,"2006_93.3_30",93.3,"30",32.85,-117.533,2006-04-02 00:43:00,2006-04-02 01:03:00,"Nematoscelis difficilis",2006,4,"Spring",-117.5,32.9,"93.3_30","2006:93.3_30","2006:Spring93.3_30","San Diego Inshore",165.98
7117,2006-04-02,"2006_93.3_30",93.3,"30",32.85,-117.533,2006-04-02 00:43:00,2006-04-02 01:03:00,"Nematoscelis gracilis",2006,4,"Spring",-117.5,32.9,"93.3_30","2006:93.3_30","2006:Spring93.3_30","San Diego Inshore",0
7117,2006-04-02,"2006_93.3_30",93.3,"30",32.85,-117.533,2006-04-02 00:43:00,2006-04-02 01:03:00,"Nematoscelis microps",2006,4,"Spring",-117.5,32.9,"93.3_30","2006:93.3_30","2006:Spring93.3_30","San Diego Inshore",0
7117,2006-04-02,"2006_93.3_30",93.3,"30",32.85,-117.533,2006-04-02 00:43:00,2006-04-02 01:03:00,"Nematoscelis tenella",2006,4,"Spring",-117.5,32.9,"93.3_30","2006:93.3_30","2006:Spring93.3_30","San Diego Inshore",0
7117,2006-04-02,"2006_93.3_30",93.3,"30",32.85,-117.533,2006-04-02 00:43:00,2006-04-02 01:03:00,"Nyctiphanes simplex",2006,4,"Spring",-117.5,32.9,"93.3_30","2006:93.3_30","2006:Spring93.3_30","San Diego Inshore",4.3
7117,2006-04-02,"2006_93.3_30",93.3,"30",32.85,-117.533,2006-04-02 00:43:00,2006-04-02 01:03:00,"Stylocheiron abbreviatum",2006,4,"Spring",-117.5,32.9,"93.3_30","2006:93.3_30","2006:Spring93.3_30","San Diego Inshore",0
7117,2006-04-02,"2006_93.3_30",93.3,"30",32.85,-117.533,2006-04-02 00:43:00,2006-04-02 01:03:00,"Stylocheiron affine",2006,4,"Spring",-117.5,32.9,"93.3_30","2006:93.3_30","2006:Spring93.3_30","San Diego Inshore",0
7117,2006-04-02,"2006_93.3_30",93.3,"30",32.85,-117.533,2006-04-02 00:43:00,2006-04-02 01:03:00,"Stylocheiron carinatum",2006,4,"Spring",-117.5,32.9,"93.3_30","2006:93.3_30","2006:Spring93.3_30","San Diego Inshore",0
7117,2006-04-02,"2006_93.3_30",93.3,"30",32.85,-117.533,2006-04-02 00:43:00,2006-04-02 01:03:00,"Stylocheiron elongatum",2006,4,"Spring",-117.5,32.9,"93.3_30","2006:93.3_30","2006:Spring93.3_30","San Diego Inshore",0
7117,2006-04-02,"2006_93.3_30",93.3,"30",32.85,-117.533,2006-04-02 00:43:00,2006-04-02 01:03:00,"Stylocheiron longicorne",2006,4,"Spring",-117.5,32.9,"93.3_30","2006:93.3_30","2006:Spring93.3_30","San Diego Inshore",0
7117,2006-04-02,"2006_93.3_30",93.3,"30",32.85,-117.533,2006-04-02 00:43:00,2006-04-02 01:03:00,"Stylocheiron maximum",2006,4,"Spring",-117.5,32.9,"93.3_30","2006:93.3_30","2006:Spring93.3_30","San Diego Inshore",0
7117,2006-04-02,"2006_93.3_30",93.3,"30",32.85,-117.533,2006-04-02 00:43:00,2006-04-02 01:03:00,"Stylocheiron suhmi",2006,4,"Spring",-117.5,32.9,"93.3_30","2006:93.3_30","2006:Spring93.3_30","San Diego Inshore",0
7117,2006-04-02,"2006_93.3_30",93.3,"30",32.85,-117.533,2006-04-02 00:43:00,2006-04-02 01:03:00,"Tessarabrachion oculatum",2006,4,"Spring",-117.5,32.9,"93.3_30","2006:93.3_30","2006:Spring93.3_30","San Diego Inshore",0
7117,2006-04-02,"2006_93.3_30",93.3,"30",32.85,-117.533,2006-04-02 00:43:00,2006-04-02 01:03:00,"Thysanoessa gregaria",2006,4,"Spring",-117.5,32.9,"93.3_30","2006:93.3_30","2006:Spring93.3_30","San Diego Inshore",0
7117,2006-04-02,"2006_93.3_30",93.3,"30",32.85,-117.533,2006-04-02 00:43:00,2006-04-02 01:03:00,"Thysanoessa longipes",2006,4,"Spring",-117.5,32.9,"93.3_30","2006:93.3_30","2006:Spring93.3_30","San Diego Inshore",0
7117,2006-04-02,"2006_93.3_30",93.3,"30",32.85,-117.533,2006-04-02 00:43:00,2006-04-02 01:03:00,"Thysanoessa spinifera",2006,4,"Spring",-117.5,32.9,"93.3_30","2006:93.3_30","2006:Spring93.3_30","San Diego Inshore",0
7117,2006-04-02,"2006_93.3_30",93.3,"30",32.85,-117.533,2006-04-02 00:43:00,2006-04-02 01:03:00,"Thysanopoda astylata",2006,4,"Spring",-117.5,32.9,"93.3_30","2006:93.3_30","2006:Spring93.3_30","San Diego Inshore",0
7117,2006-04-02,"2006_93.3_30",93.3,"30",32.85,-117.533,2006-04-02 00:43:00,2006-04-02 01:03:00,"Thysanopoda cornuta",2006,4,"Spring",-117.5,32.9,"93.3_30","2006:93.3_30","2006:Spring93.3_30","San Diego Inshore",0
7117,2006-04-02,"2006_93.3_30",93.3,"30",32.85,-117.533,2006-04-02 00:43:00,2006-04-02 01:03:00,"Thysanopoda egregia",2006,4,"Spring",-117.5,32.9,"93.3_30","2006:93.3_30","2006:Spring93.3_30","San Diego Inshore",0
7117,2006-04-02,"2006_93.3_30",93.3,"30",32.85,-117.533,2006-04-02 00:43:00,2006-04-02 01:03:00,"Thysanopoda monacantha",2006,4,"Spring",-117.5,32.9,"93.3_30","2006:93.3_30","2006:Spring93.3_30","San Diego Inshore",0
7117,2006-04-02,"2006_93.3_30",93.3,"30",32.85,-117.533,2006-04-02 00:43:00,2006-04-02 01:03:00,"Thysanopoda obtusifrons",2006,4,"Spring",-117.5,32.9,"93.3_30","2006:93.3_30","2006:Spring93.3_30","San Diego Inshore",0
7117,2006-04-02,"2006_93.3_30",93.3,"30",32.85,-117.533,2006-04-02 00:43:00,2006-04-02 01:03:00,"Thysanopoda orientalis",2006,4,"Spring",-117.5,32.9,"93.3_30","2006:93.3_30","2006:Spring93.3_30","San Diego Inshore",0
7117,2006-04-02,"2006_93.3_30",93.3,"30",32.85,-117.533,2006-04-02 00:43:00,2006-04-02 01:03:00,"Thysanopoda pectinata",2006,4,"Spring",-117.5,32.9,"93.3_30","2006:93.3_30","2006:Spring93.3_30","San Diego Inshore",0
7120,2006-04-03,"2006_93.3_60",93.3,"60",31.85,-119.567,2006-04-03 03:20:00,2006-04-03 03:41:00,"Euphausia brevis",2006,4,"Spring",-119.6,31.9,"93.3_60","2006:93.3_60","2006:Spring93.3_60","San Diego Offshore",0
7120,2006-04-03,"2006_93.3_60",93.3,"60",31.85,-119.567,2006-04-03 03:20:00,2006-04-03 03:41:00,"Euphausia diomedeae",2006,4,"Spring",-119.6,31.9,"93.3_60","2006:93.3_60","2006:Spring93.3_60","San Diego Offshore",0
7120,2006-04-03,"2006_93.3_60",93.3,"60",31.85,-119.567,2006-04-03 03:20:00,2006-04-03 03:41:00,"Euphausia distinguenda",2006,4,"Spring",-119.6,31.9,"93.3_60","2006:93.3_60","2006:Spring93.3_60","San Diego Offshore",0
7120,2006-04-03,"2006_93.3_60",93.3,"60",31.85,-119.567,2006-04-03 03:20:00,2006-04-03 03:41:00,"Euphausia eximia",2006,4,"Spring",-119.6,31.9,"93.3_60","2006:93.3_60","2006:Spring93.3_60","San Diego Offshore",0
7120,2006-04-03,"2006_93.3_60",93.3,"60",31.85,-119.567,2006-04-03 03:20:00,2006-04-03 03:41:00,"Euphausia gibboides",2006,4,"Spring",-119.6,31.9,"93.3_60","2006:93.3_60","2006:Spring93.3_60","San Diego Offshore",0
7120,2006-04-03,"2006_93.3_60",93.3,"60",31.85,-119.567,2006-04-03 03:20:00,2006-04-03 03:41:00,"Euphausia hemigibba",2006,4,"Spring",-119.6,31.9,"93.3_60","2006:93.3_60","2006:Spring93.3_60","San Diego Offshore",0
7120,2006-04-03,"2006_93.3_60",93.3,"60",31.85,-119.567,2006-04-03 03:20:00,2006-04-03 03:41:00,"Euphausia lamelligera",2006,4,"Spring",-119.6,31.9,"93.3_60","2006:93.3_60","2006:Spring93.3_60","San Diego Offshore",0
7120,2006-04-03,"2006_93.3_60",93.3,"60",31.85,-119.567,2006-04-03 03:20:00,2006-04-03 03:41:00,"Euphausia mutica",2006,4,"Spring",-119.6,31.9,"93.3_60","2006:93.3_60","2006:Spring93.3_60","San Diego Offshore",0
7120,2006-04-03,"2006_93.3_60",93.3,"60",31.85,-119.567,2006-04-03 03:20:00,2006-04-03 03:41:00,"Euphausia pacifica",2006,4,"Spring",-119.6,31.9,"93.3_60","2006:93.3_60","2006:Spring93.3_60","San Diego Offshore",2194.965
7120,2006-04-03,"2006_93.3_60",93.3,"60",31.85,-119.567,2006-04-03 03:20:00,2006-04-03 03:41:00,"Euphausia recurva",2006,4,"Spring",-119.6,31.9,"93.3_60","2006:93.3_60","2006:Spring93.3_60","San Diego Offshore",0
7120,2006-04-03,"2006_93.3_60",93.3,"60",31.85,-119.567,2006-04-03 03:20:00,2006-04-03 03:41:00,"Euphausia tenera",2006,4,"Spring",-119.6,31.9,"93.3_60","2006:93.3_60","2006:Spring93.3_60","San Diego Offshore",0
7120,2006-04-03,"2006_93.3_60",93.3,"60",31.85,-119.567,2006-04-03 03:20:00,2006-04-03 03:41:00,"Nematobrachion boopis",2006,4,"Spring",-119.6,31.9,"93.3_60","2006:93.3_60","2006:Spring93.3_60","San Diego Offshore",0
7120,2006-04-03,"2006_93.3_60",93.3,"60",31.85,-119.567,2006-04-03 03:20:00,2006-04-03 03:41:00,"Nematobrachion flexipes",2006,4,"Spring",-119.6,31.9,"93.3_60","2006:93.3_60","2006:Spring93.3_60","San Diego Offshore",4.047
7120,2006-04-03,"2006_93.3_60",93.3,"60",31.85,-119.567,2006-04-03 03:20:00,2006-04-03 03:41:00,"Nematoscelis atlantica",2006,4,"Spring",-119.6,31.9,"93.3_60","2006:93.3_60","2006:Spring93.3_60","San Diego Offshore",0
7120,2006-04-03,"2006_93.3_60",93.3,"60",31.85,-119.567,2006-04-03 03:20:00,2006-04-03 03:41:00,"Nematoscelis difficilis",2006,4,"Spring",-119.6,31.9,"93.3_60","2006:93.3_60","2006:Spring93.3_60","San Diego Offshore",433.242
7120,2006-04-03,"2006_93.3_60",93.3,"60",31.85,-119.567,2006-04-03 03:20:00,2006-04-03 03:41:00,"Nematoscelis gracilis",2006,4,"Spring",-119.6,31.9,"93.3_60","2006:93.3_60","2006:Spring93.3_60","San Diego Offshore",0
7120,2006-04-03,"2006_93.3_60",93.3,"60",31.85,-119.567,2006-04-03 03:20:00,2006-04-03 03:41:00,"Nematoscelis microps",2006,4,"Spring",-119.6,31.9,"93.3_60","2006:93.3_60","2006:Spring93.3_60","San Diego Offshore",0
7120,2006-04-03,"2006_93.3_60",93.3,"60",31.85,-119.567,2006-04-03 03:20:00,2006-04-03 03:41:00,"Nematoscelis tenella",2006,4,"Spring",-119.6,31.9,"93.3_60","2006:93.3_60","2006:Spring93.3_60","San Diego Offshore",0
7120,2006-04-03,"2006_93.3_60",93.3,"60",31.85,-119.567,2006-04-03 03:20:00,2006-04-03 03:41:00,"Nyctiphanes simplex",2006,4,"Spring",-119.6,31.9,"93.3_60","2006:93.3_60","2006:Spring93.3_60","San Diego Offshore",4.047
7120,2006-04-03,"2006_93.3_60",93.3,"60",31.85,-119.567,2006-04-03 03:20:00,2006-04-03 03:41:00,"Stylocheiron abbreviatum",2006,4,"Spring",-119.6,31.9,"93.3_60","2006:93.3_60","2006:Spring93.3_60","San Diego Offshore",0
7120,2006-04-03,"2006_93.3_60",93.3,"60",31.85,-119.567,2006-04-03 03:20:00,2006-04-03 03:41:00,"Stylocheiron affine",2006,4,"Spring",-119.6,31.9,"93.3_60","2006:93.3_60","2006:Spring93.3_60","San Diego Offshore",4.047
7120,2006-04-03,"2006_93.3_60",93.3,"60",31.85,-119.567,2006-04-03 03:20:00,2006-04-03 03:41:00,"Stylocheiron carinatum",2006,4,"Spring",-119.6,31.9,"93.3_60","2006:93.3_60","2006:Spring93.3_60","San Diego Offshore",0
7120,2006-04-03,"2006_93.3_60",93.3,"60",31.85,-119.567,2006-04-03 03:20:00,2006-04-03 03:41:00,"Stylocheiron elongatum",2006,4,"Spring",-119.6,31.9,"93.3_60","2006:93.3_60","2006:Spring93.3_60","San Diego Offshore",0
7120,2006-04-03,"2006_93.3_60",93.3,"60",31.85,-119.567,2006-04-03 03:20:00,2006-04-03 03:41:00,"Stylocheiron longicorne",2006,4,"Spring",-119.6,31.9,"93.3_60","2006:93.3_60","2006:Spring93.3_60","San Diego Offshore",8.307
7120,2006-04-03,"2006_93.3_60",93.3,"60",31.85,-119.567,2006-04-03 03:20:00,2006-04-03 03:41:00,"Stylocheiron maximum",2006,4,"Spring",-119.6,31.9,"93.3_60","2006:93.3_60","2006:Spring93.3_60","San Diego Offshore",8.094
7120,2006-04-03,"2006_93.3_60",93.3,"60",31.85,-119.567,2006-04-03 03:20:00,2006-04-03 03:41:00,"Stylocheiron suhmi",2006,4,"Spring",-119.6,31.9,"93.3_60","2006:93.3_60","2006:Spring93.3_60","San Diego Offshore",0
7120,2006-04-03,"2006_93.3_60",93.3,"60",31.85,-119.567,2006-04-03 03:20:00,2006-04-03 03:41:00,"Tessarabrachion oculatum",2006,4,"Spring",-119.6,31.9,"93.3_60","2006:93.3_60","2006:Spring93.3_60","San Diego Offshore",0
7120,2006-04-03,"2006_93.3_60",93.3,"60",31.85,-119.567,2006-04-03 03:20:00,2006-04-03 03:41:00,"Thysanoessa gregaria",2006,4,"Spring",-119.6,31.9,"93.3_60","2006:93.3_60","2006:Spring93.3_60","San Diego Offshore",4.047
7120,2006-04-03,"2006_93.3_60",93.3,"60",31.85,-119.567,2006-04-03 03:20:00,2006-04-03 03:41:00,"Thysanoessa longipes",2006,4,"Spring",-119.6,31.9,"93.3_60","2006:93.3_60","2006:Spring93.3_60","San Diego Offshore",0
7120,2006-04-03,"2006_93.3_60",93.3,"60",31.85,-119.567,2006-04-03 03:20:00,2006-04-03 03:41:00,"Thysanoessa spinifera",2006,4,"Spring",-119.6,31.9,"93.3_60","2006:93.3_60","2006:Spring93.3_60","San Diego Offshore",0
7120,2006-04-03,"2006_93.3_60",93.3,"60",31.85,-119.567,2006-04-03 03:20:00,2006-04-03 03:41:00,"Thysanopoda astylata",2006,4,"Spring",-119.6,31.9,"93.3_60","2006:93.3_60","2006:Spring93.3_60","San Diego Offshore",0
7120,2006-04-03,"2006_93.3_60",93.3,"60",31.85,-119.567,2006-04-03 03:20:00,2006-04-03 03:41:00,"Thysanopoda cornuta",2006,4,"Spring",-119.6,31.9,"93.3_60","2006:93.3_60","2006:Spring93.3_60","San Diego Offshore",0
7120,2006-04-03,"2006_93.3_60",93.3,"60",31.85,-119.567,2006-04-03 03:20:00,2006-04-03 03:41:00,"Thysanopoda egregia",2006,4,"Spring",-119.6,31.9,"93.3_60","2006:93.3_60","2006:Spring93.3_60","San Diego Offshore",0
7120,2006-04-03,"2006_93.3_60",93.3,"60",31.85,-119.567,2006-04-03 03:20:00,2006-04-03 03:41:00,"Thysanopoda monacantha",2006,4,"Spring",-119.6,31.9,"93.3_60","2006:93.3_60","2006:Spring93.3_60","San Diego Offshore",0
7120,2006-04-03,"2006_93.3_60",93.3,"60",31.85,-119.567,2006-04-03 03:20:00,2006-04-03 03:41:00,"Thysanopoda obtusifrons",2006,4,"Spring",-119.6,31.9,"93.3_60","2006:93.3_60","2006:Spring93.3_60","San Diego Offshore",0
7120,2006-04-03,"2006_93.3_60",93.3,"60",31.85,-119.567,2006-04-03 03:20:00,2006-04-03 03:41:00,"Thysanopoda orientalis",2006,4,"Spring",-119.6,31.9,"93.3_60","2006:93.3_60","2006:Spring93.3_60","San Diego Offshore",0
7120,2006-04-03,"2006_93.3_60",93.3,"60",31.85,-119.567,2006-04-03 03:20:00,2006-04-03 03:41:00,"Thysanopoda pectinata",2006,4,"Spring",-119.6,31.9,"93.3_60","2006:93.3_60","2006:Spring93.3_60","San Diego Offshore",0
7135,2006-04-14,"2006_80_60",80,"60",34.15,-121.15,2006-04-14 01:55:00,2006-04-14 02:16:00,"Euphausia brevis",2006,4,"Spring",-121.2,34.1,"80_60","2006:80_60","2006:Spring80_60","Pt. Conception",0
7135,2006-04-14,"2006_80_60",80,"60",34.15,-121.15,2006-04-14 01:55:00,2006-04-14 02:16:00,"Euphausia diomedeae",2006,4,"Spring",-121.2,34.1,"80_60","2006:80_60","2006:Spring80_60","Pt. Conception",0
7135,2006-04-14,"2006_80_60",80,"60",34.15,-121.15,2006-04-14 01:55:00,2006-04-14 02:16:00,"Euphausia distinguenda",2006,4,"Spring",-121.2,34.1,"80_60","2006:80_60","2006:Spring80_60","Pt. Conception",0
7135,2006-04-14,"2006_80_60",80,"60",34.15,-121.15,2006-04-14 01:55:00,2006-04-14 02:16:00,"Euphausia eximia",2006,4,"Spring",-121.2,34.1,"80_60","2006:80_60","2006:Spring80_60","Pt. Conception",0
7135,2006-04-14,"2006_80_60",80,"60",34.15,-121.15,2006-04-14 01:55:00,2006-04-14 02:16:00,"Euphausia gibboides",2006,4,"Spring",-121.2,34.1,"80_60","2006:80_60","2006:Spring80_60","Pt. Conception",0
7135,2006-04-14,"2006_80_60",80,"60",34.15,-121.15,2006-04-14 01:55:00,2006-04-14 02:16:00,"Euphausia hemigibba",2006,4,"Spring",-121.2,34.1,"80_60","2006:80_60","2006:Spring80_60","Pt. Conception",0
7135,2006-04-14,"2006_80_60",80,"60",34.15,-121.15,2006-04-14 01:55:00,2006-04-14 02:16:00,"Euphausia lamelligera",2006,4,"Spring",-121.2,34.1,"80_60","2006:80_60","2006:Spring80_60","Pt. Conception",0
7135,2006-04-14,"2006_80_60",80,"60",34.15,-121.15,2006-04-14 01:55:00,2006-04-14 02:16:00,"Euphausia mutica",2006,4,"Spring",-121.2,34.1,"80_60","2006:80_60","2006:Spring80_60","Pt. Conception",0
7135,2006-04-14,"2006_80_60",80,"60",34.15,-121.15,2006-04-14 01:55:00,2006-04-14 02:16:00,"Euphausia pacifica",2006,4,"Spring",-121.2,34.1,"80_60","2006:80_60","2006:Spring80_60","Pt. Conception",2812.18
7135,2006-04-14,"2006_80_60",80,"60",34.15,-121.15,2006-04-14 01:55:00,2006-04-14 02:16:00,"Euphausia recurva",2006,4,"Spring",-121.2,34.1,"80_60","2006:80_60","2006:Spring80_60","Pt. Conception",0
7135,2006-04-14,"2006_80_60",80,"60",34.15,-121.15,2006-04-14 01:55:00,2006-04-14 02:16:00,"Euphausia tenera",2006,4,"Spring",-121.2,34.1,"80_60","2006:80_60","2006:Spring80_60","Pt. Conception",0
7135,2006-04-14,"2006_80_60",80,"60",34.15,-121.15,2006-04-14 01:55:00,2006-04-14 02:16:00,"Nematobrachion boopis",2006,4,"Spring",-121.2,34.1,"80_60","2006:80_60","2006:Spring80_60","Pt. Conception",0
7135,2006-04-14,"2006_80_60",80,"60",34.15,-121.15,2006-04-14 01:55:00,2006-04-14 02:16:00,"Nematobrachion flexipes",2006,4,"Spring",-121.2,34.1,"80_60","2006:80_60","2006:Spring80_60","Pt. Conception",0
7135,2006-04-14,"2006_80_60",80,"60",34.15,-121.15,2006-04-14 01:55:00,2006-04-14 02:16:00,"Nematoscelis atlantica",2006,4,"Spring",-121.2,34.1,"80_60","2006:80_60","2006:Spring80_60","Pt. Conception",0
7135,2006-04-14,"2006_80_60",80,"60",34.15,-121.15,2006-04-14 01:55:00,2006-04-14 02:16:00,"Nematoscelis difficilis",2006,4,"Spring",-121.2,34.1,"80_60","2006:80_60","2006:Spring80_60","Pt. Conception",929.62
7135,2006-04-14,"2006_80_60",80,"60",34.15,-121.15,2006-04-14 01:55:00,2006-04-14 02:16:00,"Nematoscelis gracilis",2006,4,"Spring",-121.2,34.1,"80_60","2006:80_60","2006:Spring80_60","Pt. Conception",0
7135,2006-04-14,"2006_80_60",80,"60",34.15,-121.15,2006-04-14 01:55:00,2006-04-14 02:16:00,"Nematoscelis microps",2006,4,"Spring",-121.2,34.1,"80_60","2006:80_60","2006:Spring80_60","Pt. Conception",0
7135,2006-04-14,"2006_80_60",80,"60",34.15,-121.15,2006-04-14 01:55:00,2006-04-14 02:16:00,"Nematoscelis tenella",2006,4,"Spring",-121.2,34.1,"80_60","2006:80_60","2006:Spring80_60","Pt. Conception",0
7135,2006-04-14,"2006_80_60",80,"60",34.15,-121.15,2006-04-14 01:55:00,2006-04-14 02:16:00,"Nyctiphanes simplex",2006,4,"Spring",-121.2,34.1,"80_60","2006:80_60","2006:Spring80_60","Pt. Conception",15.688
7135,2006-04-14,"2006_80_60",80,"60",34.15,-121.15,2006-04-14 01:55:00,2006-04-14 02:16:00,"Stylocheiron abbreviatum",2006,4,"Spring",-121.2,34.1,"80_60","2006:80_60","2006:Spring80_60","Pt. Conception",0
7135,2006-04-14,"2006_80_60",80,"60",34.15,-121.15,2006-04-14 01:55:00,2006-04-14 02:16:00,"Stylocheiron affine",2006,4,"Spring",-121.2,34.1,"80_60","2006:80_60","2006:Spring80_60","Pt. Conception",0
7135,2006-04-14,"2006_80_60",80,"60",34.15,-121.15,2006-04-14 01:55:00,2006-04-14 02:16:00,"Stylocheiron carinatum",2006,4,"Spring",-121.2,34.1,"80_60","2006:80_60","2006:Spring80_60","Pt. Conception",0
7135,2006-04-14,"2006_80_60",80,"60",34.15,-121.15,2006-04-14 01:55:00,2006-04-14 02:16:00,"Stylocheiron elongatum",2006,4,"Spring",-121.2,34.1,"80_60","2006:80_60","2006:Spring80_60","Pt. Conception",0
7135,2006-04-14,"2006_80_60",80,"60",34.15,-121.15,2006-04-14 01:55:00,2006-04-14 02:16:00,"Stylocheiron longicorne",2006,4,"Spring",-121.2,34.1,"80_60","2006:80_60","2006:Spring80_60","Pt. Conception",0
7135,2006-04-14,"2006_80_60",80,"60",34.15,-121.15,2006-04-14 01:55:00,2006-04-14 02:16:00,"Stylocheiron maximum",2006,4,"Spring",-121.2,34.1,"80_60","2006:80_60","2006:Spring80_60","Pt. Conception",0
7135,2006-04-14,"2006_80_60",80,"60",34.15,-121.15,2006-04-14 01:55:00,2006-04-14 02:16:00,"Stylocheiron suhmi",2006,4,"Spring",-121.2,34.1,"80_60","2006:80_60","2006:Spring80_60","Pt. Conception",0
7135,2006-04-14,"2006_80_60",80,"60",34.15,-121.15,2006-04-14 01:55:00,2006-04-14 02:16:00,"Tessarabrachion oculatum",2006,4,"Spring",-121.2,34.1,"80_60","2006:80_60","2006:Spring80_60","Pt. Conception",0
7135,2006-04-14,"2006_80_60",80,"60",34.15,-121.15,2006-04-14 01:55:00,2006-04-14 02:16:00,"Thysanoessa gregaria",2006,4,"Spring",-121.2,34.1,"80_60","2006:80_60","2006:Spring80_60","Pt. Conception",3.816
7135,2006-04-14,"2006_80_60",80,"60",34.15,-121.15,2006-04-14 01:55:00,2006-04-14 02:16:00,"Thysanoessa longipes",2006,4,"Spring",-121.2,34.1,"80_60","2006:80_60","2006:Spring80_60","Pt. Conception",0
7135,2006-04-14,"2006_80_60",80,"60",34.15,-121.15,2006-04-14 01:55:00,2006-04-14 02:16:00,"Thysanoessa spinifera",2006,4,"Spring",-121.2,34.1,"80_60","2006:80_60","2006:Spring80_60","Pt. Conception",0
7135,2006-04-14,"2006_80_60",80,"60",34.15,-121.15,2006-04-14 01:55:00,2006-04-14 02:16:00,"Thysanopoda astylata",2006,4,"Spring",-121.2,34.1,"80_60","2006:80_60","2006:Spring80_60","Pt. Conception",0
7135,2006-04-14,"2006_80_60",80,"60",34.15,-121.15,2006-04-14 01:55:00,2006-04-14 02:16:00,"Thysanopoda cornuta",2006,4,"Spring",-121.2,34.1,"80_60","2006:80_60","2006:Spring80_60","Pt. Conception",0
7135,2006-04-14,"2006_80_60",80,"60",34.15,-121.15,2006-04-14 01:55:00,2006-04-14 02:16:00,"Thysanopoda egregia",2006,4,"Spring",-121.2,34.1,"80_60","2006:80_60","2006:Spring80_60","Pt. Conception",0
7135,2006-04-14,"2006_80_60",80,"60",34.15,-121.15,2006-04-14 01:55:00,2006-04-14 02:16:00,"Thysanopoda monacantha",2006,4,"Spring",-121.2,34.1,"80_60","2006:80_60","2006:Spring80_60","Pt. Conception",0
7135,2006-04-14,"2006_80_60",80,"60",34.15,-121.15,2006-04-14 01:55:00,2006-04-14 02:16:00,"Thysanopoda obtusifrons",2006,4,"Spring",-121.2,34.1,"80_60","2006:80_60","2006:Spring80_60","Pt. Conception",0
7135,2006-04-14,"2006_80_60",80,"60",34.15,-121.15,2006-04-14 01:55:00,2006-04-14 02:16:00,"Thysanopoda orientalis",2006,4,"Spring",-121.2,34.1,"80_60","2006:80_60","2006:Spring80_60","Pt. Conception",0
7135,2006-04-14,"2006_80_60",80,"60",34.15,-121.15,2006-04-14 01:55:00,2006-04-14 02:16:00,"Thysanopoda pectinata",2006,4,"Spring",-121.2,34.1,"80_60","2006:80_60","2006:Spring80_60","Pt. Conception",0
7154,2007-04-07,"2007_86.7_50",86.7,"50",33.333,-119.667,2007-04-07 21:42:00,2007-04-07 21:49:00,"Euphausia brevis",2007,4,"Spring",-119.7,33.3,"86.7_50","2007:86.7_50","2007:Spring86.7_50","San Nicolas Island",0
7154,2007-04-07,"2007_86.7_50",86.7,"50",33.333,-119.667,2007-04-07 21:42:00,2007-04-07 21:49:00,"Euphausia diomedeae",2007,4,"Spring",-119.7,33.3,"86.7_50","2007:86.7_50","2007:Spring86.7_50","San Nicolas Island",0
7154,2007-04-07,"2007_86.7_50",86.7,"50",33.333,-119.667,2007-04-07 21:42:00,2007-04-07 21:49:00,"Euphausia distinguenda",2007,4,"Spring",-119.7,33.3,"86.7_50","2007:86.7_50","2007:Spring86.7_50","San Nicolas Island",0
7154,2007-04-07,"2007_86.7_50",86.7,"50",33.333,-119.667,2007-04-07 21:42:00,2007-04-07 21:49:00,"Euphausia eximia",2007,4,"Spring",-119.7,33.3,"86.7_50","2007:86.7_50","2007:Spring86.7_50","San Nicolas Island",0
7154,2007-04-07,"2007_86.7_50",86.7,"50",33.333,-119.667,2007-04-07 21:42:00,2007-04-07 21:49:00,"Euphausia gibboides",2007,4,"Spring",-119.7,33.3,"86.7_50","2007:86.7_50","2007:Spring86.7_50","San Nicolas Island",0
7154,2007-04-07,"2007_86.7_50",86.7,"50",33.333,-119.667,2007-04-07 21:42:00,2007-04-07 21:49:00,"Euphausia hemigibba",2007,4,"Spring",-119.7,33.3,"86.7_50","2007:86.7_50","2007:Spring86.7_50","San Nicolas Island",0
7154,2007-04-07,"2007_86.7_50",86.7,"50",33.333,-119.667,2007-04-07 21:42:00,2007-04-07 21:49:00,"Euphausia lamelligera",2007,4,"Spring",-119.7,33.3,"86.7_50","2007:86.7_50","2007:Spring86.7_50","San Nicolas Island",0
7154,2007-04-07,"2007_86.7_50",86.7,"50",33.333,-119.667,2007-04-07 21:42:00,2007-04-07 21:49:00,"Euphausia mutica",2007,4,"Spring",-119.7,33.3,"86.7_50","2007:86.7_50","2007:Spring86.7_50","San Nicolas Island",0
7154,2007-04-07,"2007_86.7_50",86.7,"50",33.333,-119.667,2007-04-07 21:42:00,2007-04-07 21:49:00,"Euphausia pacifica",2007,4,"Spring",-119.7,33.3,"86.7_50","2007:86.7_50","2007:Spring86.7_50","San Nicolas Island",782.18
7154,2007-04-07,"2007_86.7_50",86.7,"50",33.333,-119.667,2007-04-07 21:42:00,2007-04-07 21:49:00,"Euphausia recurva",2007,4,"Spring",-119.7,33.3,"86.7_50","2007:86.7_50","2007:Spring86.7_50","San Nicolas Island",0
7154,2007-04-07,"2007_86.7_50",86.7,"50",33.333,-119.667,2007-04-07 21:42:00,2007-04-07 21:49:00,"Euphausia tenera",2007,4,"Spring",-119.7,33.3,"86.7_50","2007:86.7_50","2007:Spring86.7_50","San Nicolas Island",0
7154,2007-04-07,"2007_86.7_50",86.7,"50",33.333,-119.667,2007-04-07 21:42:00,2007-04-07 21:49:00,"Nematobrachion boopis",2007,4,"Spring",-119.7,33.3,"86.7_50","2007:86.7_50","2007:Spring86.7_50","San Nicolas Island",0
7154,2007-04-07,"2007_86.7_50",86.7,"50",33.333,-119.667,2007-04-07 21:42:00,2007-04-07 21:49:00,"Nematobrachion flexipes",2007,4,"Spring",-119.7,33.3,"86.7_50","2007:86.7_50","2007:Spring86.7_50","San Nicolas Island",0
7154,2007-04-07,"2007_86.7_50",86.7,"50",33.333,-119.667,2007-04-07 21:42:00,2007-04-07 21:49:00,"Nematoscelis atlantica",2007,4,"Spring",-119.7,33.3,"86.7_50","2007:86.7_50","2007:Spring86.7_50","San Nicolas Island",0
7154,2007-04-07,"2007_86.7_50",86.7,"50",33.333,-119.667,2007-04-07 21:42:00,2007-04-07 21:49:00,"Nematoscelis difficilis",2007,4,"Spring",-119.7,33.3,"86.7_50","2007:86.7_50","2007:Spring86.7_50","San Nicolas Island",328.86
7154,2007-04-07,"2007_86.7_50",86.7,"50",33.333,-119.667,2007-04-07 21:42:00,2007-04-07 21:49:00,"Nematoscelis gracilis",2007,4,"Spring",-119.7,33.3,"86.7_50","2007:86.7_50","2007:Spring86.7_50","San Nicolas Island",0
7154,2007-04-07,"2007_86.7_50",86.7,"50",33.333,-119.667,2007-04-07 21:42:00,2007-04-07 21:49:00,"Nematoscelis microps",2007,4,"Spring",-119.7,33.3,"86.7_50","2007:86.7_50","2007:Spring86.7_50","San Nicolas Island",0
7154,2007-04-07,"2007_86.7_50",86.7,"50",33.333,-119.667,2007-04-07 21:42:00,2007-04-07 21:49:00,"Nematoscelis tenella",2007,4,"Spring",-119.7,33.3,"86.7_50","2007:86.7_50","2007:Spring86.7_50","San Nicolas Island",0
7154,2007-04-07,"2007_86.7_50",86.7,"50",33.333,-119.667,2007-04-07 21:42:00,2007-04-07 21:49:00,"Nyctiphanes simplex",2007,4,"Spring",-119.7,33.3,"86.7_50","2007:86.7_50","2007:Spring86.7_50","San Nicolas Island",8.89
7154,2007-04-07,"2007_86.7_50",86.7,"50",33.333,-119.667,2007-04-07 21:42:00,2007-04-07 21:49:00,"Stylocheiron abbreviatum",2007,4,"Spring",-119.7,33.3,"86.7_50","2007:86.7_50","2007:Spring86.7_50","San Nicolas Island",0
7154,2007-04-07,"2007_86.7_50",86.7,"50",33.333,-119.667,2007-04-07 21:42:00,2007-04-07 21:49:00,"Stylocheiron affine",2007,4,"Spring",-119.7,33.3,"86.7_50","2007:86.7_50","2007:Spring86.7_50","San Nicolas Island",0
7154,2007-04-07,"2007_86.7_50",86.7,"50",33.333,-119.667,2007-04-07 21:42:00,2007-04-07 21:49:00,"Stylocheiron carinatum",2007,4,"Spring",-119.7,33.3,"86.7_50","2007:86.7_50","2007:Spring86.7_50","San Nicolas Island",0
7154,2007-04-07,"2007_86.7_50",86.7,"50",33.333,-119.667,2007-04-07 21:42:00,2007-04-07 21:49:00,"Stylocheiron elongatum",2007,4,"Spring",-119.7,33.3,"86.7_50","2007:86.7_50","2007:Spring86.7_50","San Nicolas Island",0
7154,2007-04-07,"2007_86.7_50",86.7,"50",33.333,-119.667,2007-04-07 21:42:00,2007-04-07 21:49:00,"Stylocheiron longicorne",2007,4,"Spring",-119.7,33.3,"86.7_50","2007:86.7_50","2007:Spring86.7_50","San Nicolas Island",0
7154,2007-04-07,"2007_86.7_50",86.7,"50",33.333,-119.667,2007-04-07 21:42:00,2007-04-07 21:49:00,"Stylocheiron maximum",2007,4,"Spring",-119.7,33.3,"86.7_50","2007:86.7_50","2007:Spring86.7_50","San Nicolas Island",0
7154,2007-04-07,"2007_86.7_50",86.7,"50",33.333,-119.667,2007-04-07 21:42:00,2007-04-07 21:49:00,"Stylocheiron suhmi",2007,4,"Spring",-119.7,33.3,"86.7_50","2007:86.7_50","2007:Spring86.7_50","San Nicolas Island",0
7154,2007-04-07,"2007_86.7_50",86.7,"50",33.333,-119.667,2007-04-07 21:42:00,2007-04-07 21:49:00,"Tessarabrachion oculatum",2007,4,"Spring",-119.7,33.3,"86.7_50","2007:86.7_50","2007:Spring86.7_50","San Nicolas Island",0
7154,2007-04-07,"2007_86.7_50",86.7,"50",33.333,-119.667,2007-04-07 21:42:00,2007-04-07 21:49:00,"Thysanoessa gregaria",2007,4,"Spring",-119.7,33.3,"86.7_50","2007:86.7_50","2007:Spring86.7_50","San Nicolas Island",33.32
7154,2007-04-07,"2007_86.7_50",86.7,"50",33.333,-119.667,2007-04-07 21:42:00,2007-04-07 21:49:00,"Thysanoessa longipes",2007,4,"Spring",-119.7,33.3,"86.7_50","2007:86.7_50","2007:Spring86.7_50","San Nicolas Island",0
7154,2007-04-07,"2007_86.7_50",86.7,"50",33.333,-119.667,2007-04-07 21:42:00,2007-04-07 21:49:00,"Thysanoessa spinifera",2007,4,"Spring",-119.7,33.3,"86.7_50","2007:86.7_50","2007:Spring86.7_50","San Nicolas Island",35.56
7154,2007-04-07,"2007_86.7_50",86.7,"50",33.333,-119.667,2007-04-07 21:42:00,2007-04-07 21:49:00,"Thysanopoda astylata",2007,4,"Spring",-119.7,33.3,"86.7_50","2007:86.7_50","2007:Spring86.7_50","San Nicolas Island",0
7154,2007-04-07,"2007_86.7_50",86.7,"50",33.333,-119.667,2007-04-07 21:42:00,2007-04-07 21:49:00,"Thysanopoda cornuta",2007,4,"Spring",-119.7,33.3,"86.7_50","2007:86.7_50","2007:Spring86.7_50","San Nicolas Island",0
7154,2007-04-07,"2007_86.7_50",86.7,"50",33.333,-119.667,2007-04-07 21:42:00,2007-04-07 21:49:00,"Thysanopoda egregia",2007,4,"Spring",-119.7,33.3,"86.7_50","2007:86.7_50","2007:Spring86.7_50","San Nicolas Island",0
7154,2007-04-07,"2007_86.7_50",86.7,"50",33.333,-119.667,2007-04-07 21:42:00,2007-04-07 21:49:00,"Thysanopoda monacantha",2007,4,"Spring",-119.7,33.3,"86.7_50","2007:86.7_50","2007:Spring86.7_50","San Nicolas Island",0
7154,2007-04-07,"2007_86.7_50",86.7,"50",33.333,-119.667,2007-04-07 21:42:00,2007-04-07 21:49:00,"Thysanopoda obtusifrons",2007,4,"Spring",-119.7,33.3,"86.7_50","2007:86.7_50","2007:Spring86.7_50","San Nicolas Island",0
7154,2007-04-07,"2007_86.7_50",86.7,"50",33.333,-119.667,2007-04-07 21:42:00,2007-04-07 21:49:00,"Thysanopoda orientalis",2007,4,"Spring",-119.7,33.3,"86.7_50","2007:86.7_50","2007:Spring86.7_50","San Nicolas Island",0
7154,2007-04-07,"2007_86.7_50",86.7,"50",33.333,-119.667,2007-04-07 21:42:00,2007-04-07 21:49:00,"Thysanopoda pectinata",2007,4,"Spring",-119.7,33.3,"86.7_50","2007:86.7_50","2007:Spring86.7_50","San Nicolas Island",0
7158,2007-04-14,"2007_80_60",80,"60",34.15,-121.15,2007-04-14 01:13:00,2007-04-14 01:34:00,"Euphausia brevis",2007,4,"Spring",-121.2,34.1,"80_60","2007:80_60","2007:Spring80_60","Pt. Conception",0
7158,2007-04-14,"2007_80_60",80,"60",34.15,-121.15,2007-04-14 01:13:00,2007-04-14 01:34:00,"Euphausia diomedeae",2007,4,"Spring",-121.2,34.1,"80_60","2007:80_60","2007:Spring80_60","Pt. Conception",0
7158,2007-04-14,"2007_80_60",80,"60",34.15,-121.15,2007-04-14 01:13:00,2007-04-14 01:34:00,"Euphausia distinguenda",2007,4,"Spring",-121.2,34.1,"80_60","2007:80_60","2007:Spring80_60","Pt. Conception",0
7158,2007-04-14,"2007_80_60",80,"60",34.15,-121.15,2007-04-14 01:13:00,2007-04-14 01:34:00,"Euphausia eximia",2007,4,"Spring",-121.2,34.1,"80_60","2007:80_60","2007:Spring80_60","Pt. Conception",0
7158,2007-04-14,"2007_80_60",80,"60",34.15,-121.15,2007-04-14 01:13:00,2007-04-14 01:34:00,"Euphausia gibboides",2007,4,"Spring",-121.2,34.1,"80_60","2007:80_60","2007:Spring80_60","Pt. Conception",0
7158,2007-04-14,"2007_80_60",80,"60",34.15,-121.15,2007-04-14 01:13:00,2007-04-14 01:34:00,"Euphausia hemigibba",2007,4,"Spring",-121.2,34.1,"80_60","2007:80_60","2007:Spring80_60","Pt. Conception",0
7158,2007-04-14,"2007_80_60",80,"60",34.15,-121.15,2007-04-14 01:13:00,2007-04-14 01:34:00,"Euphausia lamelligera",2007,4,"Spring",-121.2,34.1,"80_60","2007:80_60","2007:Spring80_60","Pt. Conception",0
7158,2007-04-14,"2007_80_60",80,"60",34.15,-121.15,2007-04-14 01:13:00,2007-04-14 01:34:00,"Euphausia mutica",2007,4,"Spring",-121.2,34.1,"80_60","2007:80_60","2007:Spring80_60","Pt. Conception",0
7158,2007-04-14,"2007_80_60",80,"60",34.15,-121.15,2007-04-14 01:13:00,2007-04-14 01:34:00,"Euphausia pacifica",2007,4,"Spring",-121.2,34.1,"80_60","2007:80_60","2007:Spring80_60","Pt. Conception",2137.808
7158,2007-04-14,"2007_80_60",80,"60",34.15,-121.15,2007-04-14 01:13:00,2007-04-14 01:34:00,"Euphausia recurva",2007,4,"Spring",-121.2,34.1,"80_60","2007:80_60","2007:Spring80_60","Pt. Conception",0
7158,2007-04-14,"2007_80_60",80,"60",34.15,-121.15,2007-04-14 01:13:00,2007-04-14 01:34:00,"Euphausia tenera",2007,4,"Spring",-121.2,34.1,"80_60","2007:80_60","2007:Spring80_60","Pt. Conception",0
7158,2007-04-14,"2007_80_60",80,"60",34.15,-121.15,2007-04-14 01:13:00,2007-04-14 01:34:00,"Nematobrachion boopis",2007,4,"Spring",-121.2,34.1,"80_60","2007:80_60","2007:Spring80_60","Pt. Conception",0
7158,2007-04-14,"2007_80_60",80,"60",34.15,-121.15,2007-04-14 01:13:00,2007-04-14 01:34:00,"Nematobrachion flexipes",2007,4,"Spring",-121.2,34.1,"80_60","2007:80_60","2007:Spring80_60","Pt. Conception",0
7158,2007-04-14,"2007_80_60",80,"60",34.15,-121.15,2007-04-14 01:13:00,2007-04-14 01:34:00,"Nematoscelis atlantica",2007,4,"Spring",-121.2,34.1,"80_60","2007:80_60","2007:Spring80_60","Pt. Conception",0
7158,2007-04-14,"2007_80_60",80,"60",34.15,-121.15,2007-04-14 01:13:00,2007-04-14 01:34:00,"Nematoscelis difficilis",2007,4,"Spring",-121.2,34.1,"80_60","2007:80_60","2007:Spring80_60","Pt. Conception",187.196
7158,2007-04-14,"2007_80_60",80,"60",34.15,-121.15,2007-04-14 01:13:00,2007-04-14 01:34:00,"Nematoscelis gracilis",2007,4,"Spring",-121.2,34.1,"80_60","2007:80_60","2007:Spring80_60","Pt. Conception",0
7158,2007-04-14,"2007_80_60",80,"60",34.15,-121.15,2007-04-14 01:13:00,2007-04-14 01:34:00,"Nematoscelis microps",2007,4,"Spring",-121.2,34.1,"80_60","2007:80_60","2007:Spring80_60","Pt. Conception",0
7158,2007-04-14,"2007_80_60",80,"60",34.15,-121.15,2007-04-14 01:13:00,2007-04-14 01:34:00,"Nematoscelis tenella",2007,4,"Spring",-121.2,34.1,"80_60","2007:80_60","2007:Spring80_60","Pt. Conception",0
7158,2007-04-14,"2007_80_60",80,"60",34.15,-121.15,2007-04-14 01:13:00,2007-04-14 01:34:00,"Nyctiphanes simplex",2007,4,"Spring",-121.2,34.1,"80_60","2007:80_60","2007:Spring80_60","Pt. Conception",2.12
7158,2007-04-14,"2007_80_60",80,"60",34.15,-121.15,2007-04-14 01:13:00,2007-04-14 01:34:00,"Stylocheiron abbreviatum",2007,4,"Spring",-121.2,34.1,"80_60","2007:80_60","2007:Spring80_60","Pt. Conception",0
7158,2007-04-14,"2007_80_60",80,"60",34.15,-121.15,2007-04-14 01:13:00,2007-04-14 01:34:00,"Stylocheiron affine",2007,4,"Spring",-121.2,34.1,"80_60","2007:80_60","2007:Spring80_60","Pt. Conception",4.24
7158,2007-04-14,"2007_80_60",80,"60",34.15,-121.15,2007-04-14 01:13:00,2007-04-14 01:34:00,"Stylocheiron carinatum",2007,4,"Spring",-121.2,34.1,"80_60","2007:80_60","2007:Spring80_60","Pt. Conception",0
7158,2007-04-14,"2007_80_60",80,"60",34.15,-121.15,2007-04-14 01:13:00,2007-04-14 01:34:00,"Stylocheiron elongatum",2007,4,"Spring",-121.2,34.1,"80_60","2007:80_60","2007:Spring80_60","Pt. Conception",0
7158,2007-04-14,"2007_80_60",80,"60",34.15,-121.15,2007-04-14 01:13:00,2007-04-14 01:34:00,"Stylocheiron longicorne",2007,4,"Spring",-121.2,34.1,"80_60","2007:80_60","2007:Spring80_60","Pt. Conception",8.48
7158,2007-04-14,"2007_80_60",80,"60",34.15,-121.15,2007-04-14 01:13:00,2007-04-14 01:34:00,"Stylocheiron maximum",2007,4,"Spring",-121.2,34.1,"80_60","2007:80_60","2007:Spring80_60","Pt. Conception",2.12
7158,2007-04-14,"2007_80_60",80,"60",34.15,-121.15,2007-04-14 01:13:00,2007-04-14 01:34:00,"Stylocheiron suhmi",2007,4,"Spring",-121.2,34.1,"80_60","2007:80_60","2007:Spring80_60","Pt. Conception",0
7158,2007-04-14,"2007_80_60",80,"60",34.15,-121.15,2007-04-14 01:13:00,2007-04-14 01:34:00,"Tessarabrachion oculatum",2007,4,"Spring",-121.2,34.1,"80_60","2007:80_60","2007:Spring80_60","Pt. Conception",0
7158,2007-04-14,"2007_80_60",80,"60",34.15,-121.15,2007-04-14 01:13:00,2007-04-14 01:34:00,"Thysanoessa gregaria",2007,4,"Spring",-121.2,34.1,"80_60","2007:80_60","2007:Spring80_60","Pt. Conception",2.12
7158,2007-04-14,"2007_80_60",80,"60",34.15,-121.15,2007-04-14 01:13:00,2007-04-14 01:34:00,"Thysanoessa longipes",2007,4,"Spring",-121.2,34.1,"80_60","2007:80_60","2007:Spring80_60","Pt. Conception",0
7158,2007-04-14,"2007_80_60",80,"60",34.15,-121.15,2007-04-14 01:13:00,2007-04-14 01:34:00,"Thysanoessa spinifera",2007,4,"Spring",-121.2,34.1,"80_60","2007:80_60","2007:Spring80_60","Pt. Conception",50.456
7158,2007-04-14,"2007_80_60",80,"60",34.15,-121.15,2007-04-14 01:13:00,2007-04-14 01:34:00,"Thysanopoda astylata",2007,4,"Spring",-121.2,34.1,"80_60","2007:80_60","2007:Spring80_60","Pt. Conception",0
7158,2007-04-14,"2007_80_60",80,"60",34.15,-121.15,2007-04-14 01:13:00,2007-04-14 01:34:00,"Thysanopoda cornuta",2007,4,"Spring",-121.2,34.1,"80_60","2007:80_60","2007:Spring80_60","Pt. Conception",0
7158,2007-04-14,"2007_80_60",80,"60",34.15,-121.15,2007-04-14 01:13:00,2007-04-14 01:34:00,"Thysanopoda egregia",2007,4,"Spring",-121.2,34.1,"80_60","2007:80_60","2007:Spring80_60","Pt. Conception",0
7158,2007-04-14,"2007_80_60",80,"60",34.15,-121.15,2007-04-14 01:13:00,2007-04-14 01:34:00,"Thysanopoda monacantha",2007,4,"Spring",-121.2,34.1,"80_60","2007:80_60","2007:Spring80_60","Pt. Conception",0
7158,2007-04-14,"2007_80_60",80,"60",34.15,-121.15,2007-04-14 01:13:00,2007-04-14 01:34:00,"Thysanopoda obtusifrons",2007,4,"Spring",-121.2,34.1,"80_60","2007:80_60","2007:Spring80_60","Pt. Conception",0
7158,2007-04-14,"2007_80_60",80,"60",34.15,-121.15,2007-04-14 01:13:00,2007-04-14 01:34:00,"Thysanopoda orientalis",2007,4,"Spring",-121.2,34.1,"80_60","2007:80_60","2007:Spring80_60","Pt. Conception",0
7158,2007-04-14,"2007_80_60",80,"60",34.15,-121.15,2007-04-14 01:13:00,2007-04-14 01:34:00,"Thysanopoda pectinata",2007,4,"Spring",-121.2,34.1,"80_60","2007:80_60","2007:Spring80_60","Pt. Conception",0
7265,2010-05-16,"2010_80_60",80,"60",34,-121.15,2010-05-16 19:08:00,2010-05-16 19:29:00,"Euphausia brevis",2010,5,"Spring",-121.2,34,"80_60","2010:80_60","2010:Spring80_60","Pt. Conception",0
7265,2010-05-16,"2010_80_60",80,"60",34,-121.15,2010-05-16 19:08:00,2010-05-16 19:29:00,"Euphausia diomedeae",2010,5,"Spring",-121.2,34,"80_60","2010:80_60","2010:Spring80_60","Pt. Conception",0
7265,2010-05-16,"2010_80_60",80,"60",34,-121.15,2010-05-16 19:08:00,2010-05-16 19:29:00,"Euphausia distinguenda",2010,5,"Spring",-121.2,34,"80_60","2010:80_60","2010:Spring80_60","Pt. Conception",0
7265,2010-05-16,"2010_80_60",80,"60",34,-121.15,2010-05-16 19:08:00,2010-05-16 19:29:00,"Euphausia eximia",2010,5,"Spring",-121.2,34,"80_60","2010:80_60","2010:Spring80_60","Pt. Conception",0
7265,2010-05-16,"2010_80_60",80,"60",34,-121.15,2010-05-16 19:08:00,2010-05-16 19:29:00,"Euphausia gibboides",2010,5,"Spring",-121.2,34,"80_60","2010:80_60","2010:Spring80_60","Pt. Conception",0
7265,2010-05-16,"2010_80_60",80,"60",34,-121.15,2010-05-16 19:08:00,2010-05-16 19:29:00,"Euphausia hemigibba",2010,5,"Spring",-121.2,34,"80_60","2010:80_60","2010:Spring80_60","Pt. Conception",0
7265,2010-05-16,"2010_80_60",80,"60",34,-121.15,2010-05-16 19:08:00,2010-05-16 19:29:00,"Euphausia lamelligera",2010,5,"Spring",-121.2,34,"80_60","2010:80_60","2010:Spring80_60","Pt. Conception",0
7265,2010-05-16,"2010_80_60",80,"60",34,-121.15,2010-05-16 19:08:00,2010-05-16 19:29:00,"Euphausia mutica",2010,5,"Spring",-121.2,34,"80_60","2010:80_60","2010:Spring80_60","Pt. Conception",0
7265,2010-05-16,"2010_80_60",80,"60",34,-121.15,2010-05-16 19:08:00,2010-05-16 19:29:00,"Euphausia pacifica",2010,5,"Spring",-121.2,34,"80_60","2010:80_60","2010:Spring80_60","Pt. Conception",1073.65
7265,2010-05-16,"2010_80_60",80,"60",34,-121.15,2010-05-16 19:08:00,2010-05-16 19:29:00,"Euphausia recurva",2010,5,"Spring",-121.2,34,"80_60","2010:80_60","2010:Spring80_60","Pt. Conception",0
7265,2010-05-16,"2010_80_60",80,"60",34,-121.15,2010-05-16 19:08:00,2010-05-16 19:29:00,"Euphausia tenera",2010,5,"Spring",-121.2,34,"80_60","2010:80_60","2010:Spring80_60","Pt. Conception",0
7265,2010-05-16,"2010_80_60",80,"60",34,-121.15,2010-05-16 19:08:00,2010-05-16 19:29:00,"Nematobrachion boopis",2010,5,"Spring",-121.2,34,"80_60","2010:80_60","2010:Spring80_60","Pt. Conception",0
7265,2010-05-16,"2010_80_60",80,"60",34,-121.15,2010-05-16 19:08:00,2010-05-16 19:29:00,"Nematobrachion flexipes",2010,5,"Spring",-121.2,34,"80_60","2010:80_60","2010:Spring80_60","Pt. Conception",0
7265,2010-05-16,"2010_80_60",80,"60",34,-121.15,2010-05-16 19:08:00,2010-05-16 19:29:00,"Nematoscelis atlantica",2010,5,"Spring",-121.2,34,"80_60","2010:80_60","2010:Spring80_60","Pt. Conception",0
7265,2010-05-16,"2010_80_60",80,"60",34,-121.15,2010-05-16 19:08:00,2010-05-16 19:29:00,"Nematoscelis difficilis",2010,5,"Spring",-121.2,34,"80_60","2010:80_60","2010:Spring80_60","Pt. Conception",315.882
7265,2010-05-16,"2010_80_60",80,"60",34,-121.15,2010-05-16 19:08:00,2010-05-16 19:29:00,"Nematoscelis gracilis",2010,5,"Spring",-121.2,34,"80_60","2010:80_60","2010:Spring80_60","Pt. Conception",0
7265,2010-05-16,"2010_80_60",80,"60",34,-121.15,2010-05-16 19:08:00,2010-05-16 19:29:00,"Nematoscelis microps",2010,5,"Spring",-121.2,34,"80_60","2010:80_60","2010:Spring80_60","Pt. Conception",0
7265,2010-05-16,"2010_80_60",80,"60",34,-121.15,2010-05-16 19:08:00,2010-05-16 19:29:00,"Nematoscelis tenella",2010,5,"Spring",-121.2,34,"80_60","2010:80_60","2010:Spring80_60","Pt. Conception",0
7265,2010-05-16,"2010_80_60",80,"60",34,-121.15,2010-05-16 19:08:00,2010-05-16 19:29:00,"Nyctiphanes simplex",2010,5,"Spring",-121.2,34,"80_60","2010:80_60","2010:Spring80_60","Pt. Conception",0
7265,2010-05-16,"2010_80_60",80,"60",34,-121.15,2010-05-16 19:08:00,2010-05-16 19:29:00,"Stylocheiron abbreviatum",2010,5,"Spring",-121.2,34,"80_60","2010:80_60","2010:Spring80_60","Pt. Conception",0
7265,2010-05-16,"2010_80_60",80,"60",34,-121.15,2010-05-16 19:08:00,2010-05-16 19:29:00,"Stylocheiron affine",2010,5,"Spring",-121.2,34,"80_60","2010:80_60","2010:Spring80_60","Pt. Conception",0
7265,2010-05-16,"2010_80_60",80,"60",34,-121.15,2010-05-16 19:08:00,2010-05-16 19:29:00,"Stylocheiron carinatum",2010,5,"Spring",-121.2,34,"80_60","2010:80_60","2010:Spring80_60","Pt. Conception",0
7265,2010-05-16,"2010_80_60",80,"60",34,-121.15,2010-05-16 19:08:00,2010-05-16 19:29:00,"Stylocheiron elongatum",2010,5,"Spring",-121.2,34,"80_60","2010:80_60","2010:Spring80_60","Pt. Conception",0
7265,2010-05-16,"2010_80_60",80,"60",34,-121.15,2010-05-16 19:08:00,2010-05-16 19:29:00,"Stylocheiron longicorne",2010,5,"Spring",-121.2,34,"80_60","2010:80_60","2010:Spring80_60","Pt. Conception",24.416
7265,2010-05-16,"2010_80_60",80,"60",34,-121.15,2010-05-16 19:08:00,2010-05-16 19:29:00,"Stylocheiron maximum",2010,5,"Spring",-121.2,34,"80_60","2010:80_60","2010:Spring80_60","Pt. Conception",0
7265,2010-05-16,"2010_80_60",80,"60",34,-121.15,2010-05-16 19:08:00,2010-05-16 19:29:00,"Stylocheiron suhmi",2010,5,"Spring",-121.2,34,"80_60","2010:80_60","2010:Spring80_60","Pt. Conception",0
7265,2010-05-16,"2010_80_60",80,"60",34,-121.15,2010-05-16 19:08:00,2010-05-16 19:29:00,"Tessarabrachion oculatum",2010,5,"Spring",-121.2,34,"80_60","2010:80_60","2010:Spring80_60","Pt. Conception",0
7265,2010-05-16,"2010_80_60",80,"60",34,-121.15,2010-05-16 19:08:00,2010-05-16 19:29:00,"Thysanoessa gregaria",2010,5,"Spring",-121.2,34,"80_60","2010:80_60","2010:Spring80_60","Pt. Conception",14.606
7265,2010-05-16,"2010_80_60",80,"60",34,-121.15,2010-05-16 19:08:00,2010-05-16 19:29:00,"Thysanoessa longipes",2010,5,"Spring",-121.2,34,"80_60","2010:80_60","2010:Spring80_60","Pt. Conception",0
7265,2010-05-16,"2010_80_60",80,"60",34,-121.15,2010-05-16 19:08:00,2010-05-16 19:29:00,"Thysanoessa spinifera",2010,5,"Spring",-121.2,34,"80_60","2010:80_60","2010:Spring80_60","Pt. Conception",0
7265,2010-05-16,"2010_80_60",80,"60",34,-121.15,2010-05-16 19:08:00,2010-05-16 19:29:00,"Thysanopoda astylata",2010,5,"Spring",-121.2,34,"80_60","2010:80_60","2010:Spring80_60","Pt. Conception",0
7265,2010-05-16,"2010_80_60",80,"60",34,-121.15,2010-05-16 19:08:00,2010-05-16 19:29:00,"Thysanopoda cornuta",2010,5,"Spring",-121.2,34,"80_60","2010:80_60","2010:Spring80_60","Pt. Conception",0
7265,2010-05-16,"2010_80_60",80,"60",34,-121.15,2010-05-16 19:08:00,2010-05-16 19:29:00,"Thysanopoda egregia",2010,5,"Spring",-121.2,34,"80_60","2010:80_60","2010:Spring80_60","Pt. Conception",0
7265,2010-05-16,"2010_80_60",80,"60",34,-121.15,2010-05-16 19:08:00,2010-05-16 19:29:00,"Thysanopoda monacantha",2010,5,"Spring",-121.2,34,"80_60","2010:80_60","2010:Spring80_60","Pt. Conception",0
7265,2010-05-16,"2010_80_60",80,"60",34,-121.15,2010-05-16 19:08:00,2010-05-16 19:29:00,"Thysanopoda obtusifrons",2010,5,"Spring",-121.2,34,"80_60","2010:80_60","2010:Spring80_60","Pt. Conception",0
7265,2010-05-16,"2010_80_60",80,"60",34,-121.15,2010-05-16 19:08:00,2010-05-16 19:29:00,"Thysanopoda orientalis",2010,5,"Spring",-121.2,34,"80_60","2010:80_60","2010:Spring80_60","Pt. Conception",0
7265,2010-05-16,"2010_80_60",80,"60",34,-121.15,2010-05-16 19:08:00,2010-05-16 19:29:00,"Thysanopoda pectinata",2010,5,"Spring",-121.2,34,"80_60","2010:80_60","2010:Spring80_60","Pt. Conception",0
7269,2011-04-10,"2011_93.3_30",93.3,"30",32.85,-117.533,2011-04-10 02:48:00,2011-04-10 03:07:00,"Euphausia brevis",2011,4,"Spring",-117.5,32.9,"93.3_30","2011:93.3_30","2011:Spring93.3_30","San Diego Inshore",0
7269,2011-04-10,"2011_93.3_30",93.3,"30",32.85,-117.533,2011-04-10 02:48:00,2011-04-10 03:07:00,"Euphausia diomedeae",2011,4,"Spring",-117.5,32.9,"93.3_30","2011:93.3_30","2011:Spring93.3_30","San Diego Inshore",0
7269,2011-04-10,"2011_93.3_30",93.3,"30",32.85,-117.533,2011-04-10 02:48:00,2011-04-10 03:07:00,"Euphausia distinguenda",2011,4,"Spring",-117.5,32.9,"93.3_30","2011:93.3_30","2011:Spring93.3_30","San Diego Inshore",0
7269,2011-04-10,"2011_93.3_30",93.3,"30",32.85,-117.533,2011-04-10 02:48:00,2011-04-10 03:07:00,"Euphausia eximia",2011,4,"Spring",-117.5,32.9,"93.3_30","2011:93.3_30","2011:Spring93.3_30","San Diego Inshore",0
7269,2011-04-10,"2011_93.3_30",93.3,"30",32.85,-117.533,2011-04-10 02:48:00,2011-04-10 03:07:00,"Euphausia gibboides",2011,4,"Spring",-117.5,32.9,"93.3_30","2011:93.3_30","2011:Spring93.3_30","San Diego Inshore",0
7269,2011-04-10,"2011_93.3_30",93.3,"30",32.85,-117.533,2011-04-10 02:48:00,2011-04-10 03:07:00,"Euphausia hemigibba",2011,4,"Spring",-117.5,32.9,"93.3_30","2011:93.3_30","2011:Spring93.3_30","San Diego Inshore",0
7269,2011-04-10,"2011_93.3_30",93.3,"30",32.85,-117.533,2011-04-10 02:48:00,2011-04-10 03:07:00,"Euphausia lamelligera",2011,4,"Spring",-117.5,32.9,"93.3_30","2011:93.3_30","2011:Spring93.3_30","San Diego Inshore",0
7269,2011-04-10,"2011_93.3_30",93.3,"30",32.85,-117.533,2011-04-10 02:48:00,2011-04-10 03:07:00,"Euphausia mutica",2011,4,"Spring",-117.5,32.9,"93.3_30","2011:93.3_30","2011:Spring93.3_30","San Diego Inshore",0
7269,2011-04-10,"2011_93.3_30",93.3,"30",32.85,-117.533,2011-04-10 02:48:00,2011-04-10 03:07:00,"Euphausia pacifica",2011,4,"Spring",-117.5,32.9,"93.3_30","2011:93.3_30","2011:Spring93.3_30","San Diego Inshore",181.684
7269,2011-04-10,"2011_93.3_30",93.3,"30",32.85,-117.533,2011-04-10 02:48:00,2011-04-10 03:07:00,"Euphausia recurva",2011,4,"Spring",-117.5,32.9,"93.3_30","2011:93.3_30","2011:Spring93.3_30","San Diego Inshore",0
7269,2011-04-10,"2011_93.3_30",93.3,"30",32.85,-117.533,2011-04-10 02:48:00,2011-04-10 03:07:00,"Euphausia tenera",2011,4,"Spring",-117.5,32.9,"93.3_30","2011:93.3_30","2011:Spring93.3_30","San Diego Inshore",0
7269,2011-04-10,"2011_93.3_30",93.3,"30",32.85,-117.533,2011-04-10 02:48:00,2011-04-10 03:07:00,"Nematobrachion boopis",2011,4,"Spring",-117.5,32.9,"93.3_30","2011:93.3_30","2011:Spring93.3_30","San Diego Inshore",0
7269,2011-04-10,"2011_93.3_30",93.3,"30",32.85,-117.533,2011-04-10 02:48:00,2011-04-10 03:07:00,"Nematobrachion flexipes",2011,4,"Spring",-117.5,32.9,"93.3_30","2011:93.3_30","2011:Spring93.3_30","San Diego Inshore",0
7269,2011-04-10,"2011_93.3_30",93.3,"30",32.85,-117.533,2011-04-10 02:48:00,2011-04-10 03:07:00,"Nematoscelis atlantica",2011,4,"Spring",-117.5,32.9,"93.3_30","2011:93.3_30","2011:Spring93.3_30","San Diego Inshore",0
7269,2011-04-10,"2011_93.3_30",93.3,"30",32.85,-117.533,2011-04-10 02:48:00,2011-04-10 03:07:00,"Nematoscelis difficilis",2011,4,"Spring",-117.5,32.9,"93.3_30","2011:93.3_30","2011:Spring93.3_30","San Diego Inshore",71.444
7269,2011-04-10,"2011_93.3_30",93.3,"30",32.85,-117.533,2011-04-10 02:48:00,2011-04-10 03:07:00,"Nematoscelis gracilis",2011,4,"Spring",-117.5,32.9,"93.3_30","2011:93.3_30","2011:Spring93.3_30","San Diego Inshore",0
7269,2011-04-10,"2011_93.3_30",93.3,"30",32.85,-117.533,2011-04-10 02:48:00,2011-04-10 03:07:00,"Nematoscelis microps",2011,4,"Spring",-117.5,32.9,"93.3_30","2011:93.3_30","2011:Spring93.3_30","San Diego Inshore",0
7269,2011-04-10,"2011_93.3_30",93.3,"30",32.85,-117.533,2011-04-10 02:48:00,2011-04-10 03:07:00,"Nematoscelis tenella",2011,4,"Spring",-117.5,32.9,"93.3_30","2011:93.3_30","2011:Spring93.3_30","San Diego Inshore",0
7269,2011-04-10,"2011_93.3_30",93.3,"30",32.85,-117.533,2011-04-10 02:48:00,2011-04-10 03:07:00,"Nyctiphanes simplex",2011,4,"Spring",-117.5,32.9,"93.3_30","2011:93.3_30","2011:Spring93.3_30","San Diego Inshore",0
7269,2011-04-10,"2011_93.3_30",93.3,"30",32.85,-117.533,2011-04-10 02:48:00,2011-04-10 03:07:00,"Stylocheiron abbreviatum",2011,4,"Spring",-117.5,32.9,"93.3_30","2011:93.3_30","2011:Spring93.3_30","San Diego Inshore",0
7269,2011-04-10,"2011_93.3_30",93.3,"30",32.85,-117.533,2011-04-10 02:48:00,2011-04-10 03:07:00,"Stylocheiron affine",2011,4,"Spring",-117.5,32.9,"93.3_30","2011:93.3_30","2011:Spring93.3_30","San Diego Inshore",0
7269,2011-04-10,"2011_93.3_30",93.3,"30",32.85,-117.533,2011-04-10 02:48:00,2011-04-10 03:07:00,"Stylocheiron carinatum",2011,4,"Spring",-117.5,32.9,"93.3_30","2011:93.3_30","2011:Spring93.3_30","San Diego Inshore",0
7269,2011-04-10,"2011_93.3_30",93.3,"30",32.85,-117.533,2011-04-10 02:48:00,2011-04-10 03:07:00,"Stylocheiron elongatum",2011,4,"Spring",-117.5,32.9,"93.3_30","2011:93.3_30","2011:Spring93.3_30","San Diego Inshore",0
7269,2011-04-10,"2011_93.3_30",93.3,"30",32.85,-117.533,2011-04-10 02:48:00,2011-04-10 03:07:00,"Stylocheiron longicorne",2011,4,"Spring",-117.5,32.9,"93.3_30","2011:93.3_30","2011:Spring93.3_30","San Diego Inshore",2.12
7269,2011-04-10,"2011_93.3_30",93.3,"30",32.85,-117.533,2011-04-10 02:48:00,2011-04-10 03:07:00,"Stylocheiron maximum",2011,4,"Spring",-117.5,32.9,"93.3_30","2011:93.3_30","2011:Spring93.3_30","San Diego Inshore",0
7269,2011-04-10,"2011_93.3_30",93.3,"30",32.85,-117.533,2011-04-10 02:48:00,2011-04-10 03:07:00,"Stylocheiron suhmi",2011,4,"Spring",-117.5,32.9,"93.3_30","2011:93.3_30","2011:Spring93.3_30","San Diego Inshore",0
7269,2011-04-10,"2011_93.3_30",93.3,"30",32.85,-117.533,2011-04-10 02:48:00,2011-04-10 03:07:00,"Tessarabrachion oculatum",2011,4,"Spring",-117.5,32.9,"93.3_30","2011:93.3_30","2011:Spring93.3_30","San Diego Inshore",0
7269,2011-04-10,"2011_93.3_30",93.3,"30",32.85,-117.533,2011-04-10 02:48:00,2011-04-10 03:07:00,"Thysanoessa gregaria",2011,4,"Spring",-117.5,32.9,"93.3_30","2011:93.3_30","2011:Spring93.3_30","San Diego Inshore",12.932
7269,2011-04-10,"2011_93.3_30",93.3,"30",32.85,-117.533,2011-04-10 02:48:00,2011-04-10 03:07:00,"Thysanoessa longipes",2011,4,"Spring",-117.5,32.9,"93.3_30","2011:93.3_30","2011:Spring93.3_30","San Diego Inshore",0
7269,2011-04-10,"2011_93.3_30",93.3,"30",32.85,-117.533,2011-04-10 02:48:00,2011-04-10 03:07:00,"Thysanoessa spinifera",2011,4,"Spring",-117.5,32.9,"93.3_30","2011:93.3_30","2011:Spring93.3_30","San Diego Inshore",62.752
7269,2011-04-10,"2011_93.3_30",93.3,"30",32.85,-117.533,2011-04-10 02:48:00,2011-04-10 03:07:00,"Thysanopoda astylata",2011,4,"Spring",-117.5,32.9,"93.3_30","2011:93.3_30","2011:Spring93.3_30","San Diego Inshore",0
7269,2011-04-10,"2011_93.3_30",93.3,"30",32.85,-117.533,2011-04-10 02:48:00,2011-04-10 03:07:00,"Thysanopoda cornuta",2011,4,"Spring",-117.5,32.9,"93.3_30","2011:93.3_30","2011:Spring93.3_30","San Diego Inshore",0
7269,2011-04-10,"2011_93.3_30",93.3,"30",32.85,-117.533,2011-04-10 02:48:00,2011-04-10 03:07:00,"Thysanopoda egregia",2011,4,"Spring",-117.5,32.9,"93.3_30","2011:93.3_30","2011:Spring93.3_30","San Diego Inshore",0
7269,2011-04-10,"2011_93.3_30",93.3,"30",32.85,-117.533,2011-04-10 02:48:00,2011-04-10 03:07:00,"Thysanopoda monacantha",2011,4,"Spring",-117.5,32.9,"93.3_30","2011:93.3_30","2011:Spring93.3_30","San Diego Inshore",0
7269,2011-04-10,"2011_93.3_30",93.3,"30",32.85,-117.533,2011-04-10 02:48:00,2011-04-10 03:07:00,"Thysanopoda obtusifrons",2011,4,"Spring",-117.5,32.9,"93.3_30","2011:93.3_30","2011:Spring93.3_30","San Diego Inshore",0
7269,2011-04-10,"2011_93.3_30",93.3,"30",32.85,-117.533,2011-04-10 02:48:00,2011-04-10 03:07:00,"Thysanopoda orientalis",2011,4,"Spring",-117.5,32.9,"93.3_30","2011:93.3_30","2011:Spring93.3_30","San Diego Inshore",0
7269,2011-04-10,"2011_93.3_30",93.3,"30",32.85,-117.533,2011-04-10 02:48:00,2011-04-10 03:07:00,"Thysanopoda pectinata",2011,4,"Spring",-117.5,32.9,"93.3_30","2011:93.3_30","2011:Spring93.3_30","San Diego Inshore",0
7285,2012-03-25,"2012_93.3_30",93.3,"30",32.85,-117.533,2012-03-25 03:35:00,2012-03-25 03:55:00,"Euphausia brevis",2012,3,"Spring",-117.5,32.9,"93.3_30","2012:93.3_30","2012:Spring93.3_30","San Diego Inshore",0
7285,2012-03-25,"2012_93.3_30",93.3,"30",32.85,-117.533,2012-03-25 03:35:00,2012-03-25 03:55:00,"Euphausia diomedeae",2012,3,"Spring",-117.5,32.9,"93.3_30","2012:93.3_30","2012:Spring93.3_30","San Diego Inshore",0
7285,2012-03-25,"2012_93.3_30",93.3,"30",32.85,-117.533,2012-03-25 03:35:00,2012-03-25 03:55:00,"Euphausia distinguenda",2012,3,"Spring",-117.5,32.9,"93.3_30","2012:93.3_30","2012:Spring93.3_30","San Diego Inshore",0
7285,2012-03-25,"2012_93.3_30",93.3,"30",32.85,-117.533,2012-03-25 03:35:00,2012-03-25 03:55:00,"Euphausia eximia",2012,3,"Spring",-117.5,32.9,"93.3_30","2012:93.3_30","2012:Spring93.3_30","San Diego Inshore",0
7285,2012-03-25,"2012_93.3_30",93.3,"30",32.85,-117.533,2012-03-25 03:35:00,2012-03-25 03:55:00,"Euphausia gibboides",2012,3,"Spring",-117.5,32.9,"93.3_30","2012:93.3_30","2012:Spring93.3_30","San Diego Inshore",0
7285,2012-03-25,"2012_93.3_30",93.3,"30",32.85,-117.533,2012-03-25 03:35:00,2012-03-25 03:55:00,"Euphausia hemigibba",2012,3,"Spring",-117.5,32.9,"93.3_30","2012:93.3_30","2012:Spring93.3_30","San Diego Inshore",0
7285,2012-03-25,"2012_93.3_30",93.3,"30",32.85,-117.533,2012-03-25 03:35:00,2012-03-25 03:55:00,"Euphausia lamelligera",2012,3,"Spring",-117.5,32.9,"93.3_30","2012:93.3_30","2012:Spring93.3_30","San Diego Inshore",0
7285,2012-03-25,"2012_93.3_30",93.3,"30",32.85,-117.533,2012-03-25 03:35:00,2012-03-25 03:55:00,"Euphausia mutica",2012,3,"Spring",-117.5,32.9,"93.3_30","2012:93.3_30","2012:Spring93.3_30","San Diego Inshore",0
7285,2012-03-25,"2012_93.3_30",93.3,"30",32.85,-117.533,2012-03-25 03:35:00,2012-03-25 03:55:00,"Euphausia pacifica",2012,3,"Spring",-117.5,32.9,"93.3_30","2012:93.3_30","2012:Spring93.3_30","San Diego Inshore",733.285
7285,2012-03-25,"2012_93.3_30",93.3,"30",32.85,-117.533,2012-03-25 03:35:00,2012-03-25 03:55:00,"Euphausia recurva",2012,3,"Spring",-117.5,32.9,"93.3_30","2012:93.3_30","2012:Spring93.3_30","San Diego Inshore",0
7285,2012-03-25,"2012_93.3_30",93.3,"30",32.85,-117.533,2012-03-25 03:35:00,2012-03-25 03:55:00,"Euphausia tenera",2012,3,"Spring",-117.5,32.9,"93.3_30","2012:93.3_30","2012:Spring93.3_30","San Diego Inshore",0
7285,2012-03-25,"2012_93.3_30",93.3,"30",32.85,-117.533,2012-03-25 03:35:00,2012-03-25 03:55:00,"Nematobrachion boopis",2012,3,"Spring",-117.5,32.9,"93.3_30","2012:93.3_30","2012:Spring93.3_30","San Diego Inshore",0
7285,2012-03-25,"2012_93.3_30",93.3,"30",32.85,-117.533,2012-03-25 03:35:00,2012-03-25 03:55:00,"Nematobrachion flexipes",2012,3,"Spring",-117.5,32.9,"93.3_30","2012:93.3_30","2012:Spring93.3_30","San Diego Inshore",0
7285,2012-03-25,"2012_93.3_30",93.3,"30",32.85,-117.533,2012-03-25 03:35:00,2012-03-25 03:55:00,"Nematoscelis atlantica",2012,3,"Spring",-117.5,32.9,"93.3_30","2012:93.3_30","2012:Spring93.3_30","San Diego Inshore",0
7285,2012-03-25,"2012_93.3_30",93.3,"30",32.85,-117.533,2012-03-25 03:35:00,2012-03-25 03:55:00,"Nematoscelis difficilis",2012,3,"Spring",-117.5,32.9,"93.3_30","2012:93.3_30","2012:Spring93.3_30","San Diego Inshore",126.28
7285,2012-03-25,"2012_93.3_30",93.3,"30",32.85,-117.533,2012-03-25 03:35:00,2012-03-25 03:55:00,"Nematoscelis gracilis",2012,3,"Spring",-117.5,32.9,"93.3_30","2012:93.3_30","2012:Spring93.3_30","San Diego Inshore",0
7285,2012-03-25,"2012_93.3_30",93.3,"30",32.85,-117.533,2012-03-25 03:35:00,2012-03-25 03:55:00,"Nematoscelis microps",2012,3,"Spring",-117.5,32.9,"93.3_30","2012:93.3_30","2012:Spring93.3_30","San Diego Inshore",0
7285,2012-03-25,"2012_93.3_30",93.3,"30",32.85,-117.533,2012-03-25 03:35:00,2012-03-25 03:55:00,"Nematoscelis tenella",2012,3,"Spring",-117.5,32.9,"93.3_30","2012:93.3_30","2012:Spring93.3_30","San Diego Inshore",0
7285,2012-03-25,"2012_93.3_30",93.3,"30",32.85,-117.533,2012-03-25 03:35:00,2012-03-25 03:55:00,"Nyctiphanes simplex",2012,3,"Spring",-117.5,32.9,"93.3_30","2012:93.3_30","2012:Spring93.3_30","San Diego Inshore",0
7285,2012-03-25,"2012_93.3_30",93.3,"30",32.85,-117.533,2012-03-25 03:35:00,2012-03-25 03:55:00,"Stylocheiron abbreviatum",2012,3,"Spring",-117.5,32.9,"93.3_30","2012:93.3_30","2012:Spring93.3_30","San Diego Inshore",0
7285,2012-03-25,"2012_93.3_30",93.3,"30",32.85,-117.533,2012-03-25 03:35:00,2012-03-25 03:55:00,"Stylocheiron affine",2012,3,"Spring",-117.5,32.9,"93.3_30","2012:93.3_30","2012:Spring93.3_30","San Diego Inshore",0
7285,2012-03-25,"2012_93.3_30",93.3,"30",32.85,-117.533,2012-03-25 03:35:00,2012-03-25 03:55:00,"Stylocheiron carinatum",2012,3,"Spring",-117.5,32.9,"93.3_30","2012:93.3_30","2012:Spring93.3_30","San Diego Inshore",0
7285,2012-03-25,"2012_93.3_30",93.3,"30",32.85,-117.533,2012-03-25 03:35:00,2012-03-25 03:55:00,"Stylocheiron elongatum",2012,3,"Spring",-117.5,32.9,"93.3_30","2012:93.3_30","2012:Spring93.3_30","San Diego Inshore",0
7285,2012-03-25,"2012_93.3_30",93.3,"30",32.85,-117.533,2012-03-25 03:35:00,2012-03-25 03:55:00,"Stylocheiron longicorne",2012,3,"Spring",-117.5,32.9,"93.3_30","2012:93.3_30","2012:Spring93.3_30","San Diego Inshore",0
7285,2012-03-25,"2012_93.3_30",93.3,"30",32.85,-117.533,2012-03-25 03:35:00,2012-03-25 03:55:00,"Stylocheiron maximum",2012,3,"Spring",-117.5,32.9,"93.3_30","2012:93.3_30","2012:Spring93.3_30","San Diego Inshore",3.895
7285,2012-03-25,"2012_93.3_30",93.3,"30",32.85,-117.533,2012-03-25 03:35:00,2012-03-25 03:55:00,"Stylocheiron suhmi",2012,3,"Spring",-117.5,32.9,"93.3_30","2012:93.3_30","2012:Spring93.3_30","San Diego Inshore",0
7285,2012-03-25,"2012_93.3_30",93.3,"30",32.85,-117.533,2012-03-25 03:35:00,2012-03-25 03:55:00,"Tessarabrachion oculatum",2012,3,"Spring",-117.5,32.9,"93.3_30","2012:93.3_30","2012:Spring93.3_30","San Diego Inshore",0
7285,2012-03-25,"2012_93.3_30",93.3,"30",32.85,-117.533,2012-03-25 03:35:00,2012-03-25 03:55:00,"Thysanoessa gregaria",2012,3,"Spring",-117.5,32.9,"93.3_30","2012:93.3_30","2012:Spring93.3_30","San Diego Inshore",62.935
7285,2012-03-25,"2012_93.3_30",93.3,"30",32.85,-117.533,2012-03-25 03:35:00,2012-03-25 03:55:00,"Thysanoessa longipes",2012,3,"Spring",-117.5,32.9,"93.3_30","2012:93.3_30","2012:Spring93.3_30","San Diego Inshore",0
7285,2012-03-25,"2012_93.3_30",93.3,"30",32.85,-117.533,2012-03-25 03:35:00,2012-03-25 03:55:00,"Thysanoessa spinifera",2012,3,"Spring",-117.5,32.9,"93.3_30","2012:93.3_30","2012:Spring93.3_30","San Diego Inshore",449.36
7285,2012-03-25,"2012_93.3_30",93.3,"30",32.85,-117.533,2012-03-25 03:35:00,2012-03-25 03:55:00,"Thysanopoda astylata",2012,3,"Spring",-117.5,32.9,"93.3_30","2012:93.3_30","2012:Spring93.3_30","San Diego Inshore",0
7285,2012-03-25,"2012_93.3_30",93.3,"30",32.85,-117.533,2012-03-25 03:35:00,2012-03-25 03:55:00,"Thysanopoda cornuta",2012,3,"Spring",-117.5,32.9,"93.3_30","2012:93.3_30","2012:Spring93.3_30","San Diego Inshore",0
7285,2012-03-25,"2012_93.3_30",93.3,"30",32.85,-117.533,2012-03-25 03:35:00,2012-03-25 03:55:00,"Thysanopoda egregia",2012,3,"Spring",-117.5,32.9,"93.3_30","2012:93.3_30","2012:Spring93.3_30","San Diego Inshore",0
7285,2012-03-25,"2012_93.3_30",93.3,"30",32.85,-117.533,2012-03-25 03:35:00,2012-03-25 03:55:00,"Thysanopoda monacantha",2012,3,"Spring",-117.5,32.9,"93.3_30","2012:93.3_30","2012:Spring93.3_30","San Diego Inshore",0
7285,2012-03-25,"2012_93.3_30",93.3,"30",32.85,-117.533,2012-03-25 03:35:00,2012-03-25 03:55:00,"Thysanopoda obtusifrons",2012,3,"Spring",-117.5,32.9,"93.3_30","2012:93.3_30","2012:Spring93.3_30","San Diego Inshore",0
7285,2012-03-25,"2012_93.3_30",93.3,"30",32.85,-117.533,2012-03-25 03:35:00,2012-03-25 03:55:00,"Thysanopoda orientalis",2012,3,"Spring",-117.5,32.9,"93.3_30","2012:93.3_30","2012:Spring93.3_30","San Diego Inshore",3.895
7285,2012-03-25,"2012_93.3_30",93.3,"30",32.85,-117.533,2012-03-25 03:35:00,2012-03-25 03:55:00,"Thysanopoda pectinata",2012,3,"Spring",-117.5,32.9,"93.3_30","2012:93.3_30","2012:Spring93.3_30","San Diego Inshore",0
7288,2012-03-26,"2012_93.3_60",93.3,"60",31.85,-119.567,2012-03-26 04:18:00,2012-03-26 04:38:00,"Euphausia brevis",2012,3,"Spring",-119.6,31.9,"93.3_60","2012:93.3_60","2012:Spring93.3_60","San Diego Offshore",0
7288,2012-03-26,"2012_93.3_60",93.3,"60",31.85,-119.567,2012-03-26 04:18:00,2012-03-26 04:38:00,"Euphausia diomedeae",2012,3,"Spring",-119.6,31.9,"93.3_60","2012:93.3_60","2012:Spring93.3_60","San Diego Offshore",0
7288,2012-03-26,"2012_93.3_60",93.3,"60",31.85,-119.567,2012-03-26 04:18:00,2012-03-26 04:38:00,"Euphausia distinguenda",2012,3,"Spring",-119.6,31.9,"93.3_60","2012:93.3_60","2012:Spring93.3_60","San Diego Offshore",0
7288,2012-03-26,"2012_93.3_60",93.3,"60",31.85,-119.567,2012-03-26 04:18:00,2012-03-26 04:38:00,"Euphausia eximia",2012,3,"Spring",-119.6,31.9,"93.3_60","2012:93.3_60","2012:Spring93.3_60","San Diego Offshore",0
7288,2012-03-26,"2012_93.3_60",93.3,"60",31.85,-119.567,2012-03-26 04:18:00,2012-03-26 04:38:00,"Euphausia gibboides",2012,3,"Spring",-119.6,31.9,"93.3_60","2012:93.3_60","2012:Spring93.3_60","San Diego Offshore",3.344
7288,2012-03-26,"2012_93.3_60",93.3,"60",31.85,-119.567,2012-03-26 04:18:00,2012-03-26 04:38:00,"Euphausia hemigibba",2012,3,"Spring",-119.6,31.9,"93.3_60","2012:93.3_60","2012:Spring93.3_60","San Diego Offshore",0
7288,2012-03-26,"2012_93.3_60",93.3,"60",31.85,-119.567,2012-03-26 04:18:00,2012-03-26 04:38:00,"Euphausia lamelligera",2012,3,"Spring",-119.6,31.9,"93.3_60","2012:93.3_60","2012:Spring93.3_60","San Diego Offshore",0
7288,2012-03-26,"2012_93.3_60",93.3,"60",31.85,-119.567,2012-03-26 04:18:00,2012-03-26 04:38:00,"Euphausia mutica",2012,3,"Spring",-119.6,31.9,"93.3_60","2012:93.3_60","2012:Spring93.3_60","San Diego Offshore",0
7288,2012-03-26,"2012_93.3_60",93.3,"60",31.85,-119.567,2012-03-26 04:18:00,2012-03-26 04:38:00,"Euphausia pacifica",2012,3,"Spring",-119.6,31.9,"93.3_60","2012:93.3_60","2012:Spring93.3_60","San Diego Offshore",6.897
7288,2012-03-26,"2012_93.3_60",93.3,"60",31.85,-119.567,2012-03-26 04:18:00,2012-03-26 04:38:00,"Euphausia recurva",2012,3,"Spring",-119.6,31.9,"93.3_60","2012:93.3_60","2012:Spring93.3_60","San Diego Offshore",14.003
7288,2012-03-26,"2012_93.3_60",93.3,"60",31.85,-119.567,2012-03-26 04:18:00,2012-03-26 04:38:00,"Euphausia tenera",2012,3,"Spring",-119.6,31.9,"93.3_60","2012:93.3_60","2012:Spring93.3_60","San Diego Offshore",0
7288,2012-03-26,"2012_93.3_60",93.3,"60",31.85,-119.567,2012-03-26 04:18:00,2012-03-26 04:38:00,"Nematobrachion boopis",2012,3,"Spring",-119.6,31.9,"93.3_60","2012:93.3_60","2012:Spring93.3_60","San Diego Offshore",0
7288,2012-03-26,"2012_93.3_60",93.3,"60",31.85,-119.567,2012-03-26 04:18:00,2012-03-26 04:38:00,"Nematobrachion flexipes",2012,3,"Spring",-119.6,31.9,"93.3_60","2012:93.3_60","2012:Spring93.3_60","San Diego Offshore",5.225
7288,2012-03-26,"2012_93.3_60",93.3,"60",31.85,-119.567,2012-03-26 04:18:00,2012-03-26 04:38:00,"Nematoscelis atlantica",2012,3,"Spring",-119.6,31.9,"93.3_60","2012:93.3_60","2012:Spring93.3_60","San Diego Offshore",0
7288,2012-03-26,"2012_93.3_60",93.3,"60",31.85,-119.567,2012-03-26 04:18:00,2012-03-26 04:38:00,"Nematoscelis difficilis",2012,3,"Spring",-119.6,31.9,"93.3_60","2012:93.3_60","2012:Spring93.3_60","San Diego Offshore",82.973
7288,2012-03-26,"2012_93.3_60",93.3,"60",31.85,-119.567,2012-03-26 04:18:00,2012-03-26 04:38:00,"Nematoscelis gracilis",2012,3,"Spring",-119.6,31.9,"93.3_60","2012:93.3_60","2012:Spring93.3_60","San Diego Offshore",0
7288,2012-03-26,"2012_93.3_60",93.3,"60",31.85,-119.567,2012-03-26 04:18:00,2012-03-26 04:38:00,"Nematoscelis microps",2012,3,"Spring",-119.6,31.9,"93.3_60","2012:93.3_60","2012:Spring93.3_60","San Diego Offshore",0
7288,2012-03-26,"2012_93.3_60",93.3,"60",31.85,-119.567,2012-03-26 04:18:00,2012-03-26 04:38:00,"Nematoscelis tenella",2012,3,"Spring",-119.6,31.9,"93.3_60","2012:93.3_60","2012:Spring93.3_60","San Diego Offshore",0
7288,2012-03-26,"2012_93.3_60",93.3,"60",31.85,-119.567,2012-03-26 04:18:00,2012-03-26 04:38:00,"Nyctiphanes simplex",2012,3,"Spring",-119.6,31.9,"93.3_60","2012:93.3_60","2012:Spring93.3_60","San Diego Offshore",0
7288,2012-03-26,"2012_93.3_60",93.3,"60",31.85,-119.567,2012-03-26 04:18:00,2012-03-26 04:38:00,"Stylocheiron abbreviatum",2012,3,"Spring",-119.6,31.9,"93.3_60","2012:93.3_60","2012:Spring93.3_60","San Diego Offshore",0
7288,2012-03-26,"2012_93.3_60",93.3,"60",31.85,-119.567,2012-03-26 04:18:00,2012-03-26 04:38:00,"Stylocheiron affine",2012,3,"Spring",-119.6,31.9,"93.3_60","2012:93.3_60","2012:Spring93.3_60","San Diego Offshore",11.913
7288,2012-03-26,"2012_93.3_60",93.3,"60",31.85,-119.567,2012-03-26 04:18:00,2012-03-26 04:38:00,"Stylocheiron carinatum",2012,3,"Spring",-119.6,31.9,"93.3_60","2012:93.3_60","2012:Spring93.3_60","San Diego Offshore",0
7288,2012-03-26,"2012_93.3_60",93.3,"60",31.85,-119.567,2012-03-26 04:18:00,2012-03-26 04:38:00,"Stylocheiron elongatum",2012,3,"Spring",-119.6,31.9,"93.3_60","2012:93.3_60","2012:Spring93.3_60","San Diego Offshore",0
7288,2012-03-26,"2012_93.3_60",93.3,"60",31.85,-119.567,2012-03-26 04:18:00,2012-03-26 04:38:00,"Stylocheiron longicorne",2012,3,"Spring",-119.6,31.9,"93.3_60","2012:93.3_60","2012:Spring93.3_60","San Diego Offshore",43.263
7288,2012-03-26,"2012_93.3_60",93.3,"60",31.85,-119.567,2012-03-26 04:18:00,2012-03-26 04:38:00,"Stylocheiron maximum",2012,3,"Spring",-119.6,31.9,"93.3_60","2012:93.3_60","2012:Spring93.3_60","San Diego Offshore",5.225
7288,2012-03-26,"2012_93.3_60",93.3,"60",31.85,-119.567,2012-03-26 04:18:00,2012-03-26 04:38:00,"Stylocheiron suhmi",2012,3,"Spring",-119.6,31.9,"93.3_60","2012:93.3_60","2012:Spring93.3_60","San Diego Offshore",0
7288,2012-03-26,"2012_93.3_60",93.3,"60",31.85,-119.567,2012-03-26 04:18:00,2012-03-26 04:38:00,"Tessarabrachion oculatum",2012,3,"Spring",-119.6,31.9,"93.3_60","2012:93.3_60","2012:Spring93.3_60","San Diego Offshore",0
7288,2012-03-26,"2012_93.3_60",93.3,"60",31.85,-119.567,2012-03-26 04:18:00,2012-03-26 04:38:00,"Thysanoessa gregaria",2012,3,"Spring",-119.6,31.9,"93.3_60","2012:93.3_60","2012:Spring93.3_60","San Diego Offshore",15.466
7288,2012-03-26,"2012_93.3_60",93.3,"60",31.85,-119.567,2012-03-26 04:18:00,2012-03-26 04:38:00,"Thysanoessa longipes",2012,3,"Spring",-119.6,31.9,"93.3_60","2012:93.3_60","2012:Spring93.3_60","San Diego Offshore",0
7288,2012-03-26,"2012_93.3_60",93.3,"60",31.85,-119.567,2012-03-26 04:18:00,2012-03-26 04:38:00,"Thysanoessa spinifera",2012,3,"Spring",-119.6,31.9,"93.3_60","2012:93.3_60","2012:Spring93.3_60","San Diego Offshore",0
7288,2012-03-26,"2012_93.3_60",93.3,"60",31.85,-119.567,2012-03-26 04:18:00,2012-03-26 04:38:00,"Thysanopoda astylata",2012,3,"Spring",-119.6,31.9,"93.3_60","2012:93.3_60","2012:Spring93.3_60","San Diego Offshore",0
7288,2012-03-26,"2012_93.3_60",93.3,"60",31.85,-119.567,2012-03-26 04:18:00,2012-03-26 04:38:00,"Thysanopoda cornuta",2012,3,"Spring",-119.6,31.9,"93.3_60","2012:93.3_60","2012:Spring93.3_60","San Diego Offshore",0
7288,2012-03-26,"2012_93.3_60",93.3,"60",31.85,-119.567,2012-03-26 04:18:00,2012-03-26 04:38:00,"Thysanopoda egregia",2012,3,"Spring",-119.6,31.9,"93.3_60","2012:93.3_60","2012:Spring93.3_60","San Diego Offshore",0
7288,2012-03-26,"2012_93.3_60",93.3,"60",31.85,-119.567,2012-03-26 04:18:00,2012-03-26 04:38:00,"Thysanopoda monacantha",2012,3,"Spring",-119.6,31.9,"93.3_60","2012:93.3_60","2012:Spring93.3_60","San Diego Offshore",0
7288,2012-03-26,"2012_93.3_60",93.3,"60",31.85,-119.567,2012-03-26 04:18:00,2012-03-26 04:38:00,"Thysanopoda obtusifrons",2012,3,"Spring",-119.6,31.9,"93.3_60","2012:93.3_60","2012:Spring93.3_60","San Diego Offshore",0
7288,2012-03-26,"2012_93.3_60",93.3,"60",31.85,-119.567,2012-03-26 04:18:00,2012-03-26 04:38:00,"Thysanopoda orientalis",2012,3,"Spring",-119.6,31.9,"93.3_60","2012:93.3_60","2012:Spring93.3_60","San Diego Offshore",0
7288,2012-03-26,"2012_93.3_60",93.3,"60",31.85,-119.567,2012-03-26 04:18:00,2012-03-26 04:38:00,"Thysanopoda pectinata",2012,3,"Spring",-119.6,31.9,"93.3_60","2012:93.3_60","2012:Spring93.3_60","San Diego Offshore",0
7293,2012-03-30,"2012_86.7_50",86.7,"50",33.317,-119.667,2012-03-30 19:22:00,2012-03-30 19:27:00,"Euphausia brevis",2012,3,"Spring",-119.7,33.3,"86.7_50","2012:86.7_50","2012:Spring86.7_50","San Nicolas Island",0
7293,2012-03-30,"2012_86.7_50",86.7,"50",33.317,-119.667,2012-03-30 19:22:00,2012-03-30 19:27:00,"Euphausia diomedeae",2012,3,"Spring",-119.7,33.3,"86.7_50","2012:86.7_50","2012:Spring86.7_50","San Nicolas Island",0
7293,2012-03-30,"2012_86.7_50",86.7,"50",33.317,-119.667,2012-03-30 19:22:00,2012-03-30 19:27:00,"Euphausia distinguenda",2012,3,"Spring",-119.7,33.3,"86.7_50","2012:86.7_50","2012:Spring86.7_50","San Nicolas Island",0
7293,2012-03-30,"2012_86.7_50",86.7,"50",33.317,-119.667,2012-03-30 19:22:00,2012-03-30 19:27:00,"Euphausia eximia",2012,3,"Spring",-119.7,33.3,"86.7_50","2012:86.7_50","2012:Spring86.7_50","San Nicolas Island",0
7293,2012-03-30,"2012_86.7_50",86.7,"50",33.317,-119.667,2012-03-30 19:22:00,2012-03-30 19:27:00,"Euphausia gibboides",2012,3,"Spring",-119.7,33.3,"86.7_50","2012:86.7_50","2012:Spring86.7_50","San Nicolas Island",0
7293,2012-03-30,"2012_86.7_50",86.7,"50",33.317,-119.667,2012-03-30 19:22:00,2012-03-30 19:27:00,"Euphausia hemigibba",2012,3,"Spring",-119.7,33.3,"86.7_50","2012:86.7_50","2012:Spring86.7_50","San Nicolas Island",0
7293,2012-03-30,"2012_86.7_50",86.7,"50",33.317,-119.667,2012-03-30 19:22:00,2012-03-30 19:27:00,"Euphausia lamelligera",2012,3,"Spring",-119.7,33.3,"86.7_50","2012:86.7_50","2012:Spring86.7_50","San Nicolas Island",0
7293,2012-03-30,"2012_86.7_50",86.7,"50",33.317,-119.667,2012-03-30 19:22:00,2012-03-30 19:27:00,"Euphausia mutica",2012,3,"Spring",-119.7,33.3,"86.7_50","2012:86.7_50","2012:Spring86.7_50","San Nicolas Island",0
7293,2012-03-30,"2012_86.7_50",86.7,"50",33.317,-119.667,2012-03-30 19:22:00,2012-03-30 19:27:00,"Euphausia pacifica",2012,3,"Spring",-119.7,33.3,"86.7_50","2012:86.7_50","2012:Spring86.7_50","San Nicolas Island",151.648
7293,2012-03-30,"2012_86.7_50",86.7,"50",33.317,-119.667,2012-03-30 19:22:00,2012-03-30 19:27:00,"Euphausia recurva",2012,3,"Spring",-119.7,33.3,"86.7_50","2012:86.7_50","2012:Spring86.7_50","San Nicolas Island",0
7293,2012-03-30,"2012_86.7_50",86.7,"50",33.317,-119.667,2012-03-30 19:22:00,2012-03-30 19:27:00,"Euphausia tenera",2012,3,"Spring",-119.7,33.3,"86.7_50","2012:86.7_50","2012:Spring86.7_50","San Nicolas Island",0
7293,2012-03-30,"2012_86.7_50",86.7,"50",33.317,-119.667,2012-03-30 19:22:00,2012-03-30 19:27:00,"Nematobrachion boopis",2012,3,"Spring",-119.7,33.3,"86.7_50","2012:86.7_50","2012:Spring86.7_50","San Nicolas Island",0
7293,2012-03-30,"2012_86.7_50",86.7,"50",33.317,-119.667,2012-03-30 19:22:00,2012-03-30 19:27:00,"Nematobrachion flexipes",2012,3,"Spring",-119.7,33.3,"86.7_50","2012:86.7_50","2012:Spring86.7_50","San Nicolas Island",0
7293,2012-03-30,"2012_86.7_50",86.7,"50",33.317,-119.667,2012-03-30 19:22:00,2012-03-30 19:27:00,"Nematoscelis atlantica",2012,3,"Spring",-119.7,33.3,"86.7_50","2012:86.7_50","2012:Spring86.7_50","San Nicolas Island",0
7293,2012-03-30,"2012_86.7_50",86.7,"50",33.317,-119.667,2012-03-30 19:22:00,2012-03-30 19:27:00,"Nematoscelis difficilis",2012,3,"Spring",-119.7,33.3,"86.7_50","2012:86.7_50","2012:Spring86.7_50","San Nicolas Island",272.272
7293,2012-03-30,"2012_86.7_50",86.7,"50",33.317,-119.667,2012-03-30 19:22:00,2012-03-30 19:27:00,"Nematoscelis gracilis",2012,3,"Spring",-119.7,33.3,"86.7_50","2012:86.7_50","2012:Spring86.7_50","San Nicolas Island",0
7293,2012-03-30,"2012_86.7_50",86.7,"50",33.317,-119.667,2012-03-30 19:22:00,2012-03-30 19:27:00,"Nematoscelis microps",2012,3,"Spring",-119.7,33.3,"86.7_50","2012:86.7_50","2012:Spring86.7_50","San Nicolas Island",0
7293,2012-03-30,"2012_86.7_50",86.7,"50",33.317,-119.667,2012-03-30 19:22:00,2012-03-30 19:27:00,"Nematoscelis tenella",2012,3,"Spring",-119.7,33.3,"86.7_50","2012:86.7_50","2012:Spring86.7_50","San Nicolas Island",0
7293,2012-03-30,"2012_86.7_50",86.7,"50",33.317,-119.667,2012-03-30 19:22:00,2012-03-30 19:27:00,"Nyctiphanes simplex",2012,3,"Spring",-119.7,33.3,"86.7_50","2012:86.7_50","2012:Spring86.7_50","San Nicolas Island",0
7293,2012-03-30,"2012_86.7_50",86.7,"50",33.317,-119.667,2012-03-30 19:22:00,2012-03-30 19:27:00,"Stylocheiron abbreviatum",2012,3,"Spring",-119.7,33.3,"86.7_50","2012:86.7_50","2012:Spring86.7_50","San Nicolas Island",0
7293,2012-03-30,"2012_86.7_50",86.7,"50",33.317,-119.667,2012-03-30 19:22:00,2012-03-30 19:27:00,"Stylocheiron affine",2012,3,"Spring",-119.7,33.3,"86.7_50","2012:86.7_50","2012:Spring86.7_50","San Nicolas Island",0
7293,2012-03-30,"2012_86.7_50",86.7,"50",33.317,-119.667,2012-03-30 19:22:00,2012-03-30 19:27:00,"Stylocheiron carinatum",2012,3,"Spring",-119.7,33.3,"86.7_50","2012:86.7_50","2012:Spring86.7_50","San Nicolas Island",0
7293,2012-03-30,"2012_86.7_50",86.7,"50",33.317,-119.667,2012-03-30 19:22:00,2012-03-30 19:27:00,"Stylocheiron elongatum",2012,3,"Spring",-119.7,33.3,"86.7_50","2012:86.7_50","2012:Spring86.7_50","San Nicolas Island",0
7293,2012-03-30,"2012_86.7_50",86.7,"50",33.317,-119.667,2012-03-30 19:22:00,2012-03-30 19:27:00,"Stylocheiron longicorne",2012,3,"Spring",-119.7,33.3,"86.7_50","2012:86.7_50","2012:Spring86.7_50","San Nicolas Island",0
7293,2012-03-30,"2012_86.7_50",86.7,"50",33.317,-119.667,2012-03-30 19:22:00,2012-03-30 19:27:00,"Stylocheiron maximum",2012,3,"Spring",-119.7,33.3,"86.7_50","2012:86.7_50","2012:Spring86.7_50","San Nicolas Island",0
7293,2012-03-30,"2012_86.7_50",86.7,"50",33.317,-119.667,2012-03-30 19:22:00,2012-03-30 19:27:00,"Stylocheiron suhmi",2012,3,"Spring",-119.7,33.3,"86.7_50","2012:86.7_50","2012:Spring86.7_50","San Nicolas Island",0
7293,2012-03-30,"2012_86.7_50",86.7,"50",33.317,-119.667,2012-03-30 19:22:00,2012-03-30 19:27:00,"Tessarabrachion oculatum",2012,3,"Spring",-119.7,33.3,"86.7_50","2012:86.7_50","2012:Spring86.7_50","San Nicolas Island",0
7293,2012-03-30,"2012_86.7_50",86.7,"50",33.317,-119.667,2012-03-30 19:22:00,2012-03-30 19:27:00,"Thysanoessa gregaria",2012,3,"Spring",-119.7,33.3,"86.7_50","2012:86.7_50","2012:Spring86.7_50","San Nicolas Island",5.208
7293,2012-03-30,"2012_86.7_50",86.7,"50",33.317,-119.667,2012-03-30 19:22:00,2012-03-30 19:27:00,"Thysanoessa longipes",2012,3,"Spring",-119.7,33.3,"86.7_50","2012:86.7_50","2012:Spring86.7_50","San Nicolas Island",0
7293,2012-03-30,"2012_86.7_50",86.7,"50",33.317,-119.667,2012-03-30 19:22:00,2012-03-30 19:27:00,"Thysanoessa spinifera",2012,3,"Spring",-119.7,33.3,"86.7_50","2012:86.7_50","2012:Spring86.7_50","San Nicolas Island",12.096
7293,2012-03-30,"2012_86.7_50",86.7,"50",33.317,-119.667,2012-03-30 19:22:00,2012-03-30 19:27:00,"Thysanopoda astylata",2012,3,"Spring",-119.7,33.3,"86.7_50","2012:86.7_50","2012:Spring86.7_50","San Nicolas Island",0
7293,2012-03-30,"2012_86.7_50",86.7,"50",33.317,-119.667,2012-03-30 19:22:00,2012-03-30 19:27:00,"Thysanopoda cornuta",2012,3,"Spring",-119.7,33.3,"86.7_50","2012:86.7_50","2012:Spring86.7_50","San Nicolas Island",0
7293,2012-03-30,"2012_86.7_50",86.7,"50",33.317,-119.667,2012-03-30 19:22:00,2012-03-30 19:27:00,"Thysanopoda egregia",2012,3,"Spring",-119.7,33.3,"86.7_50","2012:86.7_50","2012:Spring86.7_50","San Nicolas Island",0
7293,2012-03-30,"2012_86.7_50",86.7,"50",33.317,-119.667,2012-03-30 19:22:00,2012-03-30 19:27:00,"Thysanopoda monacantha",2012,3,"Spring",-119.7,33.3,"86.7_50","2012:86.7_50","2012:Spring86.7_50","San Nicolas Island",0
7293,2012-03-30,"2012_86.7_50",86.7,"50",33.317,-119.667,2012-03-30 19:22:00,2012-03-30 19:27:00,"Thysanopoda obtusifrons",2012,3,"Spring",-119.7,33.3,"86.7_50","2012:86.7_50","2012:Spring86.7_50","San Nicolas Island",0
7293,2012-03-30,"2012_86.7_50",86.7,"50",33.317,-119.667,2012-03-30 19:22:00,2012-03-30 19:27:00,"Thysanopoda orientalis",2012,3,"Spring",-119.7,33.3,"86.7_50","2012:86.7_50","2012:Spring86.7_50","San Nicolas Island",0
7293,2012-03-30,"2012_86.7_50",86.7,"50",33.317,-119.667,2012-03-30 19:22:00,2012-03-30 19:27:00,"Thysanopoda pectinata",2012,3,"Spring",-119.7,33.3,"86.7_50","2012:86.7_50","2012:Spring86.7_50","San Nicolas Island",0
7315,2013-04-07,"2013_93.3_30",93.3,"30",32.85,-117.533,2013-04-07 00:40:00,2013-04-07 01:00:00,"Euphausia brevis",2013,4,"Spring",-117.5,32.9,"93.3_30","2013:93.3_30","2013:Spring93.3_30","San Diego Inshore",0
7315,2013-04-07,"2013_93.3_30",93.3,"30",32.85,-117.533,2013-04-07 00:40:00,2013-04-07 01:00:00,"Euphausia diomedeae",2013,4,"Spring",-117.5,32.9,"93.3_30","2013:93.3_30","2013:Spring93.3_30","San Diego Inshore",0
7315,2013-04-07,"2013_93.3_30",93.3,"30",32.85,-117.533,2013-04-07 00:40:00,2013-04-07 01:00:00,"Euphausia distinguenda",2013,4,"Spring",-117.5,32.9,"93.3_30","2013:93.3_30","2013:Spring93.3_30","San Diego Inshore",0
7315,2013-04-07,"2013_93.3_30",93.3,"30",32.85,-117.533,2013-04-07 00:40:00,2013-04-07 01:00:00,"Euphausia eximia",2013,4,"Spring",-117.5,32.9,"93.3_30","2013:93.3_30","2013:Spring93.3_30","San Diego Inshore",0
7315,2013-04-07,"2013_93.3_30",93.3,"30",32.85,-117.533,2013-04-07 00:40:00,2013-04-07 01:00:00,"Euphausia gibboides",2013,4,"Spring",-117.5,32.9,"93.3_30","2013:93.3_30","2013:Spring93.3_30","San Diego Inshore",0
7315,2013-04-07,"2013_93.3_30",93.3,"30",32.85,-117.533,2013-04-07 00:40:00,2013-04-07 01:00:00,"Euphausia hemigibba",2013,4,"Spring",-117.5,32.9,"93.3_30","2013:93.3_30","2013:Spring93.3_30","San Diego Inshore",0
7315,2013-04-07,"2013_93.3_30",93.3,"30",32.85,-117.533,2013-04-07 00:40:00,2013-04-07 01:00:00,"Euphausia lamelligera",2013,4,"Spring",-117.5,32.9,"93.3_30","2013:93.3_30","2013:Spring93.3_30","San Diego Inshore",0
7315,2013-04-07,"2013_93.3_30",93.3,"30",32.85,-117.533,2013-04-07 00:40:00,2013-04-07 01:00:00,"Euphausia mutica",2013,4,"Spring",-117.5,32.9,"93.3_30","2013:93.3_30","2013:Spring93.3_30","San Diego Inshore",0
7315,2013-04-07,"2013_93.3_30",93.3,"30",32.85,-117.533,2013-04-07 00:40:00,2013-04-07 01:00:00,"Euphausia pacifica",2013,4,"Spring",-117.5,32.9,"93.3_30","2013:93.3_30","2013:Spring93.3_30","San Diego Inshore",239.838
7315,2013-04-07,"2013_93.3_30",93.3,"30",32.85,-117.533,2013-04-07 00:40:00,2013-04-07 01:00:00,"Euphausia recurva",2013,4,"Spring",-117.5,32.9,"93.3_30","2013:93.3_30","2013:Spring93.3_30","San Diego Inshore",0
7315,2013-04-07,"2013_93.3_30",93.3,"30",32.85,-117.533,2013-04-07 00:40:00,2013-04-07 01:00:00,"Euphausia tenera",2013,4,"Spring",-117.5,32.9,"93.3_30","2013:93.3_30","2013:Spring93.3_30","San Diego Inshore",0
7315,2013-04-07,"2013_93.3_30",93.3,"30",32.85,-117.533,2013-04-07 00:40:00,2013-04-07 01:00:00,"Nematobrachion boopis",2013,4,"Spring",-117.5,32.9,"93.3_30","2013:93.3_30","2013:Spring93.3_30","San Diego Inshore",0
7315,2013-04-07,"2013_93.3_30",93.3,"30",32.85,-117.533,2013-04-07 00:40:00,2013-04-07 01:00:00,"Nematobrachion flexipes",2013,4,"Spring",-117.5,32.9,"93.3_30","2013:93.3_30","2013:Spring93.3_30","San Diego Inshore",0
7315,2013-04-07,"2013_93.3_30",93.3,"30",32.85,-117.533,2013-04-07 00:40:00,2013-04-07 01:00:00,"Nematoscelis atlantica",2013,4,"Spring",-117.5,32.9,"93.3_30","2013:93.3_30","2013:Spring93.3_30","San Diego Inshore",0
7315,2013-04-07,"2013_93.3_30",93.3,"30",32.85,-117.533,2013-04-07 00:40:00,2013-04-07 01:00:00,"Nematoscelis difficilis",2013,4,"Spring",-117.5,32.9,"93.3_30","2013:93.3_30","2013:Spring93.3_30","San Diego Inshore",122.049
7315,2013-04-07,"2013_93.3_30",93.3,"30",32.85,-117.533,2013-04-07 00:40:00,2013-04-07 01:00:00,"Nematoscelis gracilis",2013,4,"Spring",-117.5,32.9,"93.3_30","2013:93.3_30","2013:Spring93.3_30","San Diego Inshore",0
7315,2013-04-07,"2013_93.3_30",93.3,"30",32.85,-117.533,2013-04-07 00:40:00,2013-04-07 01:00:00,"Nematoscelis microps",2013,4,"Spring",-117.5,32.9,"93.3_30","2013:93.3_30","2013:Spring93.3_30","San Diego Inshore",0
7315,2013-04-07,"2013_93.3_30",93.3,"30",32.85,-117.533,2013-04-07 00:40:00,2013-04-07 01:00:00,"Nematoscelis tenella",2013,4,"Spring",-117.5,32.9,"93.3_30","2013:93.3_30","2013:Spring93.3_30","San Diego Inshore",0
7315,2013-04-07,"2013_93.3_30",93.3,"30",32.85,-117.533,2013-04-07 00:40:00,2013-04-07 01:00:00,"Nyctiphanes simplex",2013,4,"Spring",-117.5,32.9,"93.3_30","2013:93.3_30","2013:Spring93.3_30","San Diego Inshore",0
7315,2013-04-07,"2013_93.3_30",93.3,"30",32.85,-117.533,2013-04-07 00:40:00,2013-04-07 01:00:00,"Stylocheiron abbreviatum",2013,4,"Spring",-117.5,32.9,"93.3_30","2013:93.3_30","2013:Spring93.3_30","San Diego Inshore",0
7315,2013-04-07,"2013_93.3_30",93.3,"30",32.85,-117.533,2013-04-07 00:40:00,2013-04-07 01:00:00,"Stylocheiron affine",2013,4,"Spring",-117.5,32.9,"93.3_30","2013:93.3_30","2013:Spring93.3_30","San Diego Inshore",0
7315,2013-04-07,"2013_93.3_30",93.3,"30",32.85,-117.533,2013-04-07 00:40:00,2013-04-07 01:00:00,"Stylocheiron carinatum",2013,4,"Spring",-117.5,32.9,"93.3_30","2013:93.3_30","2013:Spring93.3_30","San Diego Inshore",0
7315,2013-04-07,"2013_93.3_30",93.3,"30",32.85,-117.533,2013-04-07 00:40:00,2013-04-07 01:00:00,"Stylocheiron elongatum",2013,4,"Spring",-117.5,32.9,"93.3_30","2013:93.3_30","2013:Spring93.3_30","San Diego Inshore",0
7315,2013-04-07,"2013_93.3_30",93.3,"30",32.85,-117.533,2013-04-07 00:40:00,2013-04-07 01:00:00,"Stylocheiron longicorne",2013,4,"Spring",-117.5,32.9,"93.3_30","2013:93.3_30","2013:Spring93.3_30","San Diego Inshore",9.585
7315,2013-04-07,"2013_93.3_30",93.3,"30",32.85,-117.533,2013-04-07 00:40:00,2013-04-07 01:00:00,"Stylocheiron maximum",2013,4,"Spring",-117.5,32.9,"93.3_30","2013:93.3_30","2013:Spring93.3_30","San Diego Inshore",1.917
7315,2013-04-07,"2013_93.3_30",93.3,"30",32.85,-117.533,2013-04-07 00:40:00,2013-04-07 01:00:00,"Stylocheiron suhmi",2013,4,"Spring",-117.5,32.9,"93.3_30","2013:93.3_30","2013:Spring93.3_30","San Diego Inshore",0
7315,2013-04-07,"2013_93.3_30",93.3,"30",32.85,-117.533,2013-04-07 00:40:00,2013-04-07 01:00:00,"Tessarabrachion oculatum",2013,4,"Spring",-117.5,32.9,"93.3_30","2013:93.3_30","2013:Spring93.3_30","San Diego Inshore",0
7315,2013-04-07,"2013_93.3_30",93.3,"30",32.85,-117.533,2013-04-07 00:40:00,2013-04-07 01:00:00,"Thysanoessa gregaria",2013,4,"Spring",-117.5,32.9,"93.3_30","2013:93.3_30","2013:Spring93.3_30","San Diego Inshore",21.513
7315,2013-04-07,"2013_93.3_30",93.3,"30",32.85,-117.533,2013-04-07 00:40:00,2013-04-07 01:00:00,"Thysanoessa longipes",2013,4,"Spring",-117.5,32.9,"93.3_30","2013:93.3_30","2013:Spring93.3_30","San Diego Inshore",0
7315,2013-04-07,"2013_93.3_30",93.3,"30",32.85,-117.533,2013-04-07 00:40:00,2013-04-07 01:00:00,"Thysanoessa spinifera",2013,4,"Spring",-117.5,32.9,"93.3_30","2013:93.3_30","2013:Spring93.3_30","San Diego Inshore",66.882
7315,2013-04-07,"2013_93.3_30",93.3,"30",32.85,-117.533,2013-04-07 00:40:00,2013-04-07 01:00:00,"Thysanopoda astylata",2013,4,"Spring",-117.5,32.9,"93.3_30","2013:93.3_30","2013:Spring93.3_30","San Diego Inshore",0
7315,2013-04-07,"2013_93.3_30",93.3,"30",32.85,-117.533,2013-04-07 00:40:00,2013-04-07 01:00:00,"Thysanopoda cornuta",2013,4,"Spring",-117.5,32.9,"93.3_30","2013:93.3_30","2013:Spring93.3_30","San Diego Inshore",0
7315,2013-04-07,"2013_93.3_30",93.3,"30",32.85,-117.533,2013-04-07 00:40:00,2013-04-07 01:00:00,"Thysanopoda egregia",2013,4,"Spring",-117.5,32.9,"93.3_30","2013:93.3_30","2013:Spring93.3_30","San Diego Inshore",0
7315,2013-04-07,"2013_93.3_30",93.3,"30",32.85,-117.533,2013-04-07 00:40:00,2013-04-07 01:00:00,"Thysanopoda monacantha",2013,4,"Spring",-117.5,32.9,"93.3_30","2013:93.3_30","2013:Spring93.3_30","San Diego Inshore",0
7315,2013-04-07,"2013_93.3_30",93.3,"30",32.85,-117.533,2013-04-07 00:40:00,2013-04-07 01:00:00,"Thysanopoda obtusifrons",2013,4,"Spring",-117.5,32.9,"93.3_30","2013:93.3_30","2013:Spring93.3_30","San Diego Inshore",0
7315,2013-04-07,"2013_93.3_30",93.3,"30",32.85,-117.533,2013-04-07 00:40:00,2013-04-07 01:00:00,"Thysanopoda orientalis",2013,4,"Spring",-117.5,32.9,"93.3_30","2013:93.3_30","2013:Spring93.3_30","San Diego Inshore",0
7315,2013-04-07,"2013_93.3_30",93.3,"30",32.85,-117.533,2013-04-07 00:40:00,2013-04-07 01:00:00,"Thysanopoda pectinata",2013,4,"Spring",-117.5,32.9,"93.3_30","2013:93.3_30","2013:Spring93.3_30","San Diego Inshore",0
7321,2013-04-14,"2013_86.7_50",86.7,"50",33.317,-119.667,2013-04-14 04:40:00,2013-04-14 04:47:00,"Euphausia brevis",2013,4,"Spring",-119.7,33.3,"86.7_50","2013:86.7_50","2013:Spring86.7_50","San Nicolas Island",0
7321,2013-04-14,"2013_86.7_50",86.7,"50",33.317,-119.667,2013-04-14 04:40:00,2013-04-14 04:47:00,"Euphausia diomedeae",2013,4,"Spring",-119.7,33.3,"86.7_50","2013:86.7_50","2013:Spring86.7_50","San Nicolas Island",0
7321,2013-04-14,"2013_86.7_50",86.7,"50",33.317,-119.667,2013-04-14 04:40:00,2013-04-14 04:47:00,"Euphausia distinguenda",2013,4,"Spring",-119.7,33.3,"86.7_50","2013:86.7_50","2013:Spring86.7_50","San Nicolas Island",0
7321,2013-04-14,"2013_86.7_50",86.7,"50",33.317,-119.667,2013-04-14 04:40:00,2013-04-14 04:47:00,"Euphausia eximia",2013,4,"Spring",-119.7,33.3,"86.7_50","2013:86.7_50","2013:Spring86.7_50","San Nicolas Island",0
7321,2013-04-14,"2013_86.7_50",86.7,"50",33.317,-119.667,2013-04-14 04:40:00,2013-04-14 04:47:00,"Euphausia gibboides",2013,4,"Spring",-119.7,33.3,"86.7_50","2013:86.7_50","2013:Spring86.7_50","San Nicolas Island",0
7321,2013-04-14,"2013_86.7_50",86.7,"50",33.317,-119.667,2013-04-14 04:40:00,2013-04-14 04:47:00,"Euphausia hemigibba",2013,4,"Spring",-119.7,33.3,"86.7_50","2013:86.7_50","2013:Spring86.7_50","San Nicolas Island",0
7321,2013-04-14,"2013_86.7_50",86.7,"50",33.317,-119.667,2013-04-14 04:40:00,2013-04-14 04:47:00,"Euphausia lamelligera",2013,4,"Spring",-119.7,33.3,"86.7_50","2013:86.7_50","2013:Spring86.7_50","San Nicolas Island",0
7321,2013-04-14,"2013_86.7_50",86.7,"50",33.317,-119.667,2013-04-14 04:40:00,2013-04-14 04:47:00,"Euphausia mutica",2013,4,"Spring",-119.7,33.3,"86.7_50","2013:86.7_50","2013:Spring86.7_50","San Nicolas Island",0
7321,2013-04-14,"2013_86.7_50",86.7,"50",33.317,-119.667,2013-04-14 04:40:00,2013-04-14 04:47:00,"Euphausia pacifica",2013,4,"Spring",-119.7,33.3,"86.7_50","2013:86.7_50","2013:Spring86.7_50","San Nicolas Island",960.628
7321,2013-04-14,"2013_86.7_50",86.7,"50",33.317,-119.667,2013-04-14 04:40:00,2013-04-14 04:47:00,"Euphausia recurva",2013,4,"Spring",-119.7,33.3,"86.7_50","2013:86.7_50","2013:Spring86.7_50","San Nicolas Island",0
7321,2013-04-14,"2013_86.7_50",86.7,"50",33.317,-119.667,2013-04-14 04:40:00,2013-04-14 04:47:00,"Euphausia tenera",2013,4,"Spring",-119.7,33.3,"86.7_50","2013:86.7_50","2013:Spring86.7_50","San Nicolas Island",0
7321,2013-04-14,"2013_86.7_50",86.7,"50",33.317,-119.667,2013-04-14 04:40:00,2013-04-14 04:47:00,"Nematobrachion boopis",2013,4,"Spring",-119.7,33.3,"86.7_50","2013:86.7_50","2013:Spring86.7_50","San Nicolas Island",0
7321,2013-04-14,"2013_86.7_50",86.7,"50",33.317,-119.667,2013-04-14 04:40:00,2013-04-14 04:47:00,"Nematobrachion flexipes",2013,4,"Spring",-119.7,33.3,"86.7_50","2013:86.7_50","2013:Spring86.7_50","San Nicolas Island",0
7321,2013-04-14,"2013_86.7_50",86.7,"50",33.317,-119.667,2013-04-14 04:40:00,2013-04-14 04:47:00,"Nematoscelis atlantica",2013,4,"Spring",-119.7,33.3,"86.7_50","2013:86.7_50","2013:Spring86.7_50","San Nicolas Island",0
7321,2013-04-14,"2013_86.7_50",86.7,"50",33.317,-119.667,2013-04-14 04:40:00,2013-04-14 04:47:00,"Nematoscelis difficilis",2013,4,"Spring",-119.7,33.3,"86.7_50","2013:86.7_50","2013:Spring86.7_50","San Nicolas Island",51.336
7321,2013-04-14,"2013_86.7_50",86.7,"50",33.317,-119.667,2013-04-14 04:40:00,2013-04-14 04:47:00,"Nematoscelis gracilis",2013,4,"Spring",-119.7,33.3,"86.7_50","2013:86.7_50","2013:Spring86.7_50","San Nicolas Island",0
7321,2013-04-14,"2013_86.7_50",86.7,"50",33.317,-119.667,2013-04-14 04:40:00,2013-04-14 04:47:00,"Nematoscelis microps",2013,4,"Spring",-119.7,33.3,"86.7_50","2013:86.7_50","2013:Spring86.7_50","San Nicolas Island",0
7321,2013-04-14,"2013_86.7_50",86.7,"50",33.317,-119.667,2013-04-14 04:40:00,2013-04-14 04:47:00,"Nematoscelis tenella",2013,4,"Spring",-119.7,33.3,"86.7_50","2013:86.7_50","2013:Spring86.7_50","San Nicolas Island",0
7321,2013-04-14,"2013_86.7_50",86.7,"50",33.317,-119.667,2013-04-14 04:40:00,2013-04-14 04:47:00,"Nyctiphanes simplex",2013,4,"Spring",-119.7,33.3,"86.7_50","2013:86.7_50","2013:Spring86.7_50","San Nicolas Island",0
7321,2013-04-14,"2013_86.7_50",86.7,"50",33.317,-119.667,2013-04-14 04:40:00,2013-04-14 04:47:00,"Stylocheiron abbreviatum",2013,4,"Spring",-119.7,33.3,"86.7_50","2013:86.7_50","2013:Spring86.7_50","San Nicolas Island",0
7321,2013-04-14,"2013_86.7_50",86.7,"50",33.317,-119.667,2013-04-14 04:40:00,2013-04-14 04:47:00,"Stylocheiron affine",2013,4,"Spring",-119.7,33.3,"86.7_50","2013:86.7_50","2013:Spring86.7_50","San Nicolas Island",0
7321,2013-04-14,"2013_86.7_50",86.7,"50",33.317,-119.667,2013-04-14 04:40:00,2013-04-14 04:47:00,"Stylocheiron carinatum",2013,4,"Spring",-119.7,33.3,"86.7_50","2013:86.7_50","2013:Spring86.7_50","San Nicolas Island",0
7321,2013-04-14,"2013_86.7_50",86.7,"50",33.317,-119.667,2013-04-14 04:40:00,2013-04-14 04:47:00,"Stylocheiron elongatum",2013,4,"Spring",-119.7,33.3,"86.7_50","2013:86.7_50","2013:Spring86.7_50","San Nicolas Island",0
7321,2013-04-14,"2013_86.7_50",86.7,"50",33.317,-119.667,2013-04-14 04:40:00,2013-04-14 04:47:00,"Stylocheiron longicorne",2013,4,"Spring",-119.7,33.3,"86.7_50","2013:86.7_50","2013:Spring86.7_50","San Nicolas Island",0
7321,2013-04-14,"2013_86.7_50",86.7,"50",33.317,-119.667,2013-04-14 04:40:00,2013-04-14 04:47:00,"Stylocheiron maximum",2013,4,"Spring",-119.7,33.3,"86.7_50","2013:86.7_50","2013:Spring86.7_50","San Nicolas Island",0
7321,2013-04-14,"2013_86.7_50",86.7,"50",33.317,-119.667,2013-04-14 04:40:00,2013-04-14 04:47:00,"Stylocheiron suhmi",2013,4,"Spring",-119.7,33.3,"86.7_50","2013:86.7_50","2013:Spring86.7_50","San Nicolas Island",0
7321,2013-04-14,"2013_86.7_50",86.7,"50",33.317,-119.667,2013-04-14 04:40:00,2013-04-14 04:47:00,"Tessarabrachion oculatum",2013,4,"Spring",-119.7,33.3,"86.7_50","2013:86.7_50","2013:Spring86.7_50","San Nicolas Island",0
7321,2013-04-14,"2013_86.7_50",86.7,"50",33.317,-119.667,2013-04-14 04:40:00,2013-04-14 04:47:00,"Thysanoessa gregaria",2013,4,"Spring",-119.7,33.3,"86.7_50","2013:86.7_50","2013:Spring86.7_50","San Nicolas Island",68.386
7321,2013-04-14,"2013_86.7_50",86.7,"50",33.317,-119.667,2013-04-14 04:40:00,2013-04-14 04:47:00,"Thysanoessa longipes",2013,4,"Spring",-119.7,33.3,"86.7_50","2013:86.7_50","2013:Spring86.7_50","San Nicolas Island",0
7321,2013-04-14,"2013_86.7_50",86.7,"50",33.317,-119.667,2013-04-14 04:40:00,2013-04-14 04:47:00,"Thysanoessa spinifera",2013,4,"Spring",-119.7,33.3,"86.7_50","2013:86.7_50","2013:Spring86.7_50","San Nicolas Island",188.17
7321,2013-04-14,"2013_86.7_50",86.7,"50",33.317,-119.667,2013-04-14 04:40:00,2013-04-14 04:47:00,"Thysanopoda astylata",2013,4,"Spring",-119.7,33.3,"86.7_50","2013:86.7_50","2013:Spring86.7_50","San Nicolas Island",0
7321,2013-04-14,"2013_86.7_50",86.7,"50",33.317,-119.667,2013-04-14 04:40:00,2013-04-14 04:47:00,"Thysanopoda cornuta",2013,4,"Spring",-119.7,33.3,"86.7_50","2013:86.7_50","2013:Spring86.7_50","San Nicolas Island",0
7321,2013-04-14,"2013_86.7_50",86.7,"50",33.317,-119.667,2013-04-14 04:40:00,2013-04-14 04:47:00,"Thysanopoda egregia",2013,4,"Spring",-119.7,33.3,"86.7_50","2013:86.7_50","2013:Spring86.7_50","San Nicolas Island",0
7321,2013-04-14,"2013_86.7_50",86.7,"50",33.317,-119.667,2013-04-14 04:40:00,2013-04-14 04:47:00,"Thysanopoda monacantha",2013,4,"Spring",-119.7,33.3,"86.7_50","2013:86.7_50","2013:Spring86.7_50","San Nicolas Island",0
7321,2013-04-14,"2013_86.7_50",86.7,"50",33.317,-119.667,2013-04-14 04:40:00,2013-04-14 04:47:00,"Thysanopoda obtusifrons",2013,4,"Spring",-119.7,33.3,"86.7_50","2013:86.7_50","2013:Spring86.7_50","San Nicolas Island",0
7321,2013-04-14,"2013_86.7_50",86.7,"50",33.317,-119.667,2013-04-14 04:40:00,2013-04-14 04:47:00,"Thysanopoda orientalis",2013,4,"Spring",-119.7,33.3,"86.7_50","2013:86.7_50","2013:Spring86.7_50","San Nicolas Island",0
7321,2013-04-14,"2013_86.7_50",86.7,"50",33.317,-119.667,2013-04-14 04:40:00,2013-04-14 04:47:00,"Thysanopoda pectinata",2013,4,"Spring",-119.7,33.3,"86.7_50","2013:86.7_50","2013:Spring86.7_50","San Nicolas Island",0
7337,2014-04-01,"2014_93.3_30",93.3,"30",32.85,-117.533,2014-04-01 21:02:00,2014-04-01 21:17:00,"Euphausia brevis",2014,4,"Spring",-117.5,32.9,"93.3_30","2014:93.3_30","2014:Spring93.3_30","San Diego Inshore",0
7337,2014-04-01,"2014_93.3_30",93.3,"30",32.85,-117.533,2014-04-01 21:02:00,2014-04-01 21:17:00,"Euphausia diomedeae",2014,4,"Spring",-117.5,32.9,"93.3_30","2014:93.3_30","2014:Spring93.3_30","San Diego Inshore",0
7337,2014-04-01,"2014_93.3_30",93.3,"30",32.85,-117.533,2014-04-01 21:02:00,2014-04-01 21:17:00,"Euphausia distinguenda",2014,4,"Spring",-117.5,32.9,"93.3_30","2014:93.3_30","2014:Spring93.3_30","San Diego Inshore",0
7337,2014-04-01,"2014_93.3_30",93.3,"30",32.85,-117.533,2014-04-01 21:02:00,2014-04-01 21:17:00,"Euphausia eximia",2014,4,"Spring",-117.5,32.9,"93.3_30","2014:93.3_30","2014:Spring93.3_30","San Diego Inshore",0
7337,2014-04-01,"2014_93.3_30",93.3,"30",32.85,-117.533,2014-04-01 21:02:00,2014-04-01 21:17:00,"Euphausia gibboides",2014,4,"Spring",-117.5,32.9,"93.3_30","2014:93.3_30","2014:Spring93.3_30","San Diego Inshore",0
7337,2014-04-01,"2014_93.3_30",93.3,"30",32.85,-117.533,2014-04-01 21:02:00,2014-04-01 21:17:00,"Euphausia hemigibba",2014,4,"Spring",-117.5,32.9,"93.3_30","2014:93.3_30","2014:Spring93.3_30","San Diego Inshore",0
7337,2014-04-01,"2014_93.3_30",93.3,"30",32.85,-117.533,2014-04-01 21:02:00,2014-04-01 21:17:00,"Euphausia lamelligera",2014,4,"Spring",-117.5,32.9,"93.3_30","2014:93.3_30","2014:Spring93.3_30","San Diego Inshore",0
7337,2014-04-01,"2014_93.3_30",93.3,"30",32.85,-117.533,2014-04-01 21:02:00,2014-04-01 21:17:00,"Euphausia mutica",2014,4,"Spring",-117.5,32.9,"93.3_30","2014:93.3_30","2014:Spring93.3_30","San Diego Inshore",0
7337,2014-04-01,"2014_93.3_30",93.3,"30",32.85,-117.533,2014-04-01 21:02:00,2014-04-01 21:17:00,"Euphausia pacifica",2014,4,"Spring",-117.5,32.9,"93.3_30","2014:93.3_30","2014:Spring93.3_30","San Diego Inshore",200.88
7337,2014-04-01,"2014_93.3_30",93.3,"30",32.85,-117.533,2014-04-01 21:02:00,2014-04-01 21:17:00,"Euphausia recurva",2014,4,"Spring",-117.5,32.9,"93.3_30","2014:93.3_30","2014:Spring93.3_30","San Diego Inshore",0
7337,2014-04-01,"2014_93.3_30",93.3,"30",32.85,-117.533,2014-04-01 21:02:00,2014-04-01 21:17:00,"Euphausia tenera",2014,4,"Spring",-117.5,32.9,"93.3_30","2014:93.3_30","2014:Spring93.3_30","San Diego Inshore",0
7337,2014-04-01,"2014_93.3_30",93.3,"30",32.85,-117.533,2014-04-01 21:02:00,2014-04-01 21:17:00,"Nematobrachion boopis",2014,4,"Spring",-117.5,32.9,"93.3_30","2014:93.3_30","2014:Spring93.3_30","San Diego Inshore",0
7337,2014-04-01,"2014_93.3_30",93.3,"30",32.85,-117.533,2014-04-01 21:02:00,2014-04-01 21:17:00,"Nematobrachion flexipes",2014,4,"Spring",-117.5,32.9,"93.3_30","2014:93.3_30","2014:Spring93.3_30","San Diego Inshore",0
7337,2014-04-01,"2014_93.3_30",93.3,"30",32.85,-117.533,2014-04-01 21:02:00,2014-04-01 21:17:00,"Nematoscelis atlantica",2014,4,"Spring",-117.5,32.9,"93.3_30","2014:93.3_30","2014:Spring93.3_30","San Diego Inshore",0
7337,2014-04-01,"2014_93.3_30",93.3,"30",32.85,-117.533,2014-04-01 21:02:00,2014-04-01 21:17:00,"Nematoscelis difficilis",2014,4,"Spring",-117.5,32.9,"93.3_30","2014:93.3_30","2014:Spring93.3_30","San Diego Inshore",301.506
7337,2014-04-01,"2014_93.3_30",93.3,"30",32.85,-117.533,2014-04-01 21:02:00,2014-04-01 21:17:00,"Nematoscelis gracilis",2014,4,"Spring",-117.5,32.9,"93.3_30","2014:93.3_30","2014:Spring93.3_30","San Diego Inshore",0
7337,2014-04-01,"2014_93.3_30",93.3,"30",32.85,-117.533,2014-04-01 21:02:00,2014-04-01 21:17:00,"Nematoscelis microps",2014,4,"Spring",-117.5,32.9,"93.3_30","2014:93.3_30","2014:Spring93.3_30","San Diego Inshore",0
7337,2014-04-01,"2014_93.3_30",93.3,"30",32.85,-117.533,2014-04-01 21:02:00,2014-04-01 21:17:00,"Nematoscelis tenella",2014,4,"Spring",-117.5,32.9,"93.3_30","2014:93.3_30","2014:Spring93.3_30","San Diego Inshore",0
7337,2014-04-01,"2014_93.3_30",93.3,"30",32.85,-117.533,2014-04-01 21:02:00,2014-04-01 21:17:00,"Nyctiphanes simplex",2014,4,"Spring",-117.5,32.9,"93.3_30","2014:93.3_30","2014:Spring93.3_30","San Diego Inshore",6.696
7337,2014-04-01,"2014_93.3_30",93.3,"30",32.85,-117.533,2014-04-01 21:02:00,2014-04-01 21:17:00,"Stylocheiron abbreviatum",2014,4,"Spring",-117.5,32.9,"93.3_30","2014:93.3_30","2014:Spring93.3_30","San Diego Inshore",0
7337,2014-04-01,"2014_93.3_30",93.3,"30",32.85,-117.533,2014-04-01 21:02:00,2014-04-01 21:17:00,"Stylocheiron affine",2014,4,"Spring",-117.5,32.9,"93.3_30","2014:93.3_30","2014:Spring93.3_30","San Diego Inshore",0
7337,2014-04-01,"2014_93.3_30",93.3,"30",32.85,-117.533,2014-04-01 21:02:00,2014-04-01 21:17:00,"Stylocheiron carinatum",2014,4,"Spring",-117.5,32.9,"93.3_30","2014:93.3_30","2014:Spring93.3_30","San Diego Inshore",0
7337,2014-04-01,"2014_93.3_30",93.3,"30",32.85,-117.533,2014-04-01 21:02:00,2014-04-01 21:17:00,"Stylocheiron elongatum",2014,4,"Spring",-117.5,32.9,"93.3_30","2014:93.3_30","2014:Spring93.3_30","San Diego Inshore",0
7337,2014-04-01,"2014_93.3_30",93.3,"30",32.85,-117.533,2014-04-01 21:02:00,2014-04-01 21:17:00,"Stylocheiron longicorne",2014,4,"Spring",-117.5,32.9,"93.3_30","2014:93.3_30","2014:Spring93.3_30","San Diego Inshore",2.232
7337,2014-04-01,"2014_93.3_30",93.3,"30",32.85,-117.533,2014-04-01 21:02:00,2014-04-01 21:17:00,"Stylocheiron maximum",2014,4,"Spring",-117.5,32.9,"93.3_30","2014:93.3_30","2014:Spring93.3_30","San Diego Inshore",2.232
7337,2014-04-01,"2014_93.3_30",93.3,"30",32.85,-117.533,2014-04-01 21:02:00,2014-04-01 21:17:00,"Stylocheiron suhmi",2014,4,"Spring",-117.5,32.9,"93.3_30","2014:93.3_30","2014:Spring93.3_30","San Diego Inshore",0
7337,2014-04-01,"2014_93.3_30",93.3,"30",32.85,-117.533,2014-04-01 21:02:00,2014-04-01 21:17:00,"Tessarabrachion oculatum",2014,4,"Spring",-117.5,32.9,"93.3_30","2014:93.3_30","2014:Spring93.3_30","San Diego Inshore",0
7337,2014-04-01,"2014_93.3_30",93.3,"30",32.85,-117.533,2014-04-01 21:02:00,2014-04-01 21:17:00,"Thysanoessa gregaria",2014,4,"Spring",-117.5,32.9,"93.3_30","2014:93.3_30","2014:Spring93.3_30","San Diego Inshore",104.904
7337,2014-04-01,"2014_93.3_30",93.3,"30",32.85,-117.533,2014-04-01 21:02:00,2014-04-01 21:17:00,"Thysanoessa longipes",2014,4,"Spring",-117.5,32.9,"93.3_30","2014:93.3_30","2014:Spring93.3_30","San Diego Inshore",0
7337,2014-04-01,"2014_93.3_30",93.3,"30",32.85,-117.533,2014-04-01 21:02:00,2014-04-01 21:17:00,"Thysanoessa spinifera",2014,4,"Spring",-117.5,32.9,"93.3_30","2014:93.3_30","2014:Spring93.3_30","San Diego Inshore",0
7337,2014-04-01,"2014_93.3_30",93.3,"30",32.85,-117.533,2014-04-01 21:02:00,2014-04-01 21:17:00,"Thysanopoda astylata",2014,4,"Spring",-117.5,32.9,"93.3_30","2014:93.3_30","2014:Spring93.3_30","San Diego Inshore",0
7337,2014-04-01,"2014_93.3_30",93.3,"30",32.85,-117.533,2014-04-01 21:02:00,2014-04-01 21:17:00,"Thysanopoda cornuta",2014,4,"Spring",-117.5,32.9,"93.3_30","2014:93.3_30","2014:Spring93.3_30","San Diego Inshore",0
7337,2014-04-01,"2014_93.3_30",93.3,"30",32.85,-117.533,2014-04-01 21:02:00,2014-04-01 21:17:00,"Thysanopoda egregia",2014,4,"Spring",-117.5,32.9,"93.3_30","2014:93.3_30","2014:Spring93.3_30","San Diego Inshore",0
7337,2014-04-01,"2014_93.3_30",93.3,"30",32.85,-117.533,2014-04-01 21:02:00,2014-04-01 21:17:00,"Thysanopoda monacantha",2014,4,"Spring",-117.5,32.9,"93.3_30","2014:93.3_30","2014:Spring93.3_30","San Diego Inshore",0
7337,2014-04-01,"2014_93.3_30",93.3,"30",32.85,-117.533,2014-04-01 21:02:00,2014-04-01 21:17:00,"Thysanopoda obtusifrons",2014,4,"Spring",-117.5,32.9,"93.3_30","2014:93.3_30","2014:Spring93.3_30","San Diego Inshore",0
7337,2014-04-01,"2014_93.3_30",93.3,"30",32.85,-117.533,2014-04-01 21:02:00,2014-04-01 21:17:00,"Thysanopoda orientalis",2014,4,"Spring",-117.5,32.9,"93.3_30","2014:93.3_30","2014:Spring93.3_30","San Diego Inshore",2.232
7337,2014-04-01,"2014_93.3_30",93.3,"30",32.85,-117.533,2014-04-01 21:02:00,2014-04-01 21:17:00,"Thysanopoda pectinata",2014,4,"Spring",-117.5,32.9,"93.3_30","2014:93.3_30","2014:Spring93.3_30","San Diego Inshore",0
7340,2014-04-03,"2014_93.3_60",93.3,"60",31.85,-119.567,2014-04-03 01:14:00,2014-04-03 01:34:00,"Euphausia brevis",2014,4,"Spring",-119.6,31.9,"93.3_60","2014:93.3_60","2014:Spring93.3_60","San Diego Offshore",0
7340,2014-04-03,"2014_93.3_60",93.3,"60",31.85,-119.567,2014-04-03 01:14:00,2014-04-03 01:34:00,"Euphausia diomedeae",2014,4,"Spring",-119.6,31.9,"93.3_60","2014:93.3_60","2014:Spring93.3_60","San Diego Offshore",0
7340,2014-04-03,"2014_93.3_60",93.3,"60",31.85,-119.567,2014-04-03 01:14:00,2014-04-03 01:34:00,"Euphausia distinguenda",2014,4,"Spring",-119.6,31.9,"93.3_60","2014:93.3_60","2014:Spring93.3_60","San Diego Offshore",0
7340,2014-04-03,"2014_93.3_60",93.3,"60",31.85,-119.567,2014-04-03 01:14:00,2014-04-03 01:34:00,"Euphausia eximia",2014,4,"Spring",-119.6,31.9,"93.3_60","2014:93.3_60","2014:Spring93.3_60","San Diego Offshore",0
7340,2014-04-03,"2014_93.3_60",93.3,"60",31.85,-119.567,2014-04-03 01:14:00,2014-04-03 01:34:00,"Euphausia gibboides",2014,4,"Spring",-119.6,31.9,"93.3_60","2014:93.3_60","2014:Spring93.3_60","San Diego Offshore",0
7340,2014-04-03,"2014_93.3_60",93.3,"60",31.85,-119.567,2014-04-03 01:14:00,2014-04-03 01:34:00,"Euphausia hemigibba",2014,4,"Spring",-119.6,31.9,"93.3_60","2014:93.3_60","2014:Spring93.3_60","San Diego Offshore",0
7340,2014-04-03,"2014_93.3_60",93.3,"60",31.85,-119.567,2014-04-03 01:14:00,2014-04-03 01:34:00,"Euphausia lamelligera",2014,4,"Spring",-119.6,31.9,"93.3_60","2014:93.3_60","2014:Spring93.3_60","San Diego Offshore",0
7340,2014-04-03,"2014_93.3_60",93.3,"60",31.85,-119.567,2014-04-03 01:14:00,2014-04-03 01:34:00,"Euphausia mutica",2014,4,"Spring",-119.6,31.9,"93.3_60","2014:93.3_60","2014:Spring93.3_60","San Diego Offshore",0
7340,2014-04-03,"2014_93.3_60",93.3,"60",31.85,-119.567,2014-04-03 01:14:00,2014-04-03 01:34:00,"Euphausia pacifica",2014,4,"Spring",-119.6,31.9,"93.3_60","2014:93.3_60","2014:Spring93.3_60","San Diego Offshore",126.27
7340,2014-04-03,"2014_93.3_60",93.3,"60",31.85,-119.567,2014-04-03 01:14:00,2014-04-03 01:34:00,"Euphausia recurva",2014,4,"Spring",-119.6,31.9,"93.3_60","2014:93.3_60","2014:Spring93.3_60","San Diego Offshore",10.35
7340,2014-04-03,"2014_93.3_60",93.3,"60",31.85,-119.567,2014-04-03 01:14:00,2014-04-03 01:34:00,"Euphausia tenera",2014,4,"Spring",-119.6,31.9,"93.3_60","2014:93.3_60","2014:Spring93.3_60","San Diego Offshore",0
7340,2014-04-03,"2014_93.3_60",93.3,"60",31.85,-119.567,2014-04-03 01:14:00,2014-04-03 01:34:00,"Nematobrachion boopis",2014,4,"Spring",-119.6,31.9,"93.3_60","2014:93.3_60","2014:Spring93.3_60","San Diego Offshore",0
7340,2014-04-03,"2014_93.3_60",93.3,"60",31.85,-119.567,2014-04-03 01:14:00,2014-04-03 01:34:00,"Nematobrachion flexipes",2014,4,"Spring",-119.6,31.9,"93.3_60","2014:93.3_60","2014:Spring93.3_60","San Diego Offshore",0
7340,2014-04-03,"2014_93.3_60",93.3,"60",31.85,-119.567,2014-04-03 01:14:00,2014-04-03 01:34:00,"Nematoscelis atlantica",2014,4,"Spring",-119.6,31.9,"93.3_60","2014:93.3_60","2014:Spring93.3_60","San Diego Offshore",0
7340,2014-04-03,"2014_93.3_60",93.3,"60",31.85,-119.567,2014-04-03 01:14:00,2014-04-03 01:34:00,"Nematoscelis difficilis",2014,4,"Spring",-119.6,31.9,"93.3_60","2014:93.3_60","2014:Spring93.3_60","San Diego Offshore",45.54
7340,2014-04-03,"2014_93.3_60",93.3,"60",31.85,-119.567,2014-04-03 01:14:00,2014-04-03 01:34:00,"Nematoscelis gracilis",2014,4,"Spring",-119.6,31.9,"93.3_60","2014:93.3_60","2014:Spring93.3_60","San Diego Offshore",0
7340,2014-04-03,"2014_93.3_60",93.3,"60",31.85,-119.567,2014-04-03 01:14:00,2014-04-03 01:34:00,"Nematoscelis microps",2014,4,"Spring",-119.6,31.9,"93.3_60","2014:93.3_60","2014:Spring93.3_60","San Diego Offshore",0
7340,2014-04-03,"2014_93.3_60",93.3,"60",31.85,-119.567,2014-04-03 01:14:00,2014-04-03 01:34:00,"Nematoscelis tenella",2014,4,"Spring",-119.6,31.9,"93.3_60","2014:93.3_60","2014:Spring93.3_60","San Diego Offshore",0
7340,2014-04-03,"2014_93.3_60",93.3,"60",31.85,-119.567,2014-04-03 01:14:00,2014-04-03 01:34:00,"Nyctiphanes simplex",2014,4,"Spring",-119.6,31.9,"93.3_60","2014:93.3_60","2014:Spring93.3_60","San Diego Offshore",0
7340,2014-04-03,"2014_93.3_60",93.3,"60",31.85,-119.567,2014-04-03 01:14:00,2014-04-03 01:34:00,"Stylocheiron abbreviatum",2014,4,"Spring",-119.6,31.9,"93.3_60","2014:93.3_60","2014:Spring93.3_60","San Diego Offshore",0
7340,2014-04-03,"2014_93.3_60",93.3,"60",31.85,-119.567,2014-04-03 01:14:00,2014-04-03 01:34:00,"Stylocheiron affine",2014,4,"Spring",-119.6,31.9,"93.3_60","2014:93.3_60","2014:Spring93.3_60","San Diego Offshore",6.21
7340,2014-04-03,"2014_93.3_60",93.3,"60",31.85,-119.567,2014-04-03 01:14:00,2014-04-03 01:34:00,"Stylocheiron carinatum",2014,4,"Spring",-119.6,31.9,"93.3_60","2014:93.3_60","2014:Spring93.3_60","San Diego Offshore",0
7340,2014-04-03,"2014_93.3_60",93.3,"60",31.85,-119.567,2014-04-03 01:14:00,2014-04-03 01:34:00,"Stylocheiron elongatum",2014,4,"Spring",-119.6,31.9,"93.3_60","2014:93.3_60","2014:Spring93.3_60","San Diego Offshore",0
7340,2014-04-03,"2014_93.3_60",93.3,"60",31.85,-119.567,2014-04-03 01:14:00,2014-04-03 01:34:00,"Stylocheiron longicorne",2014,4,"Spring",-119.6,31.9,"93.3_60","2014:93.3_60","2014:Spring93.3_60","San Diego Offshore",41.4
7340,2014-04-03,"2014_93.3_60",93.3,"60",31.85,-119.567,2014-04-03 01:14:00,2014-04-03 01:34:00,"Stylocheiron maximum",2014,4,"Spring",-119.6,31.9,"93.3_60","2014:93.3_60","2014:Spring93.3_60","San Diego Offshore",2.07
7340,2014-04-03,"2014_93.3_60",93.3,"60",31.85,-119.567,2014-04-03 01:14:00,2014-04-03 01:34:00,"Stylocheiron suhmi",2014,4,"Spring",-119.6,31.9,"93.3_60","2014:93.3_60","2014:Spring93.3_60","San Diego Offshore",0
7340,2014-04-03,"2014_93.3_60",93.3,"60",31.85,-119.567,2014-04-03 01:14:00,2014-04-03 01:34:00,"Tessarabrachion oculatum",2014,4,"Spring",-119.6,31.9,"93.3_60","2014:93.3_60","2014:Spring93.3_60","San Diego Offshore",0
7340,2014-04-03,"2014_93.3_60",93.3,"60",31.85,-119.567,2014-04-03 01:14:00,2014-04-03 01:34:00,"Thysanoessa gregaria",2014,4,"Spring",-119.6,31.9,"93.3_60","2014:93.3_60","2014:Spring93.3_60","San Diego Offshore",6.21
7340,2014-04-03,"2014_93.3_60",93.3,"60",31.85,-119.567,2014-04-03 01:14:00,2014-04-03 01:34:00,"Thysanoessa longipes",2014,4,"Spring",-119.6,31.9,"93.3_60","2014:93.3_60","2014:Spring93.3_60","San Diego Offshore",0
7340,2014-04-03,"2014_93.3_60",93.3,"60",31.85,-119.567,2014-04-03 01:14:00,2014-04-03 01:34:00,"Thysanoessa spinifera",2014,4,"Spring",-119.6,31.9,"93.3_60","2014:93.3_60","2014:Spring93.3_60","San Diego Offshore",0
7340,2014-04-03,"2014_93.3_60",93.3,"60",31.85,-119.567,2014-04-03 01:14:00,2014-04-03 01:34:00,"Thysanopoda astylata",2014,4,"Spring",-119.6,31.9,"93.3_60","2014:93.3_60","2014:Spring93.3_60","San Diego Offshore",0
7340,2014-04-03,"2014_93.3_60",93.3,"60",31.85,-119.567,2014-04-03 01:14:00,2014-04-03 01:34:00,"Thysanopoda cornuta",2014,4,"Spring",-119.6,31.9,"93.3_60","2014:93.3_60","2014:Spring93.3_60","San Diego Offshore",0
7340,2014-04-03,"2014_93.3_60",93.3,"60",31.85,-119.567,2014-04-03 01:14:00,2014-04-03 01:34:00,"Thysanopoda egregia",2014,4,"Spring",-119.6,31.9,"93.3_60","2014:93.3_60","2014:Spring93.3_60","San Diego Offshore",0
7340,2014-04-03,"2014_93.3_60",93.3,"60",31.85,-119.567,2014-04-03 01:14:00,2014-04-03 01:34:00,"Thysanopoda monacantha",2014,4,"Spring",-119.6,31.9,"93.3_60","2014:93.3_60","2014:Spring93.3_60","San Diego Offshore",0
7340,2014-04-03,"2014_93.3_60",93.3,"60",31.85,-119.567,2014-04-03 01:14:00,2014-04-03 01:34:00,"Thysanopoda obtusifrons",2014,4,"Spring",-119.6,31.9,"93.3_60","2014:93.3_60","2014:Spring93.3_60","San Diego Offshore",0
7340,2014-04-03,"2014_93.3_60",93.3,"60",31.85,-119.567,2014-04-03 01:14:00,2014-04-03 01:34:00,"Thysanopoda orientalis",2014,4,"Spring",-119.6,31.9,"93.3_60","2014:93.3_60","2014:Spring93.3_60","San Diego Offshore",0
7340,2014-04-03,"2014_93.3_60",93.3,"60",31.85,-119.567,2014-04-03 01:14:00,2014-04-03 01:34:00,"Thysanopoda pectinata",2014,4,"Spring",-119.6,31.9,"93.3_60","2014:93.3_60","2014:Spring93.3_60","San Diego Offshore",0
7358,2015-04-04,"2015_93.3_30",93.3,"30",32.843,-117.535,2015-04-04 22:20:00,2015-04-04 22:41:00,"Euphausia brevis",2015,4,"Spring",-117.5,32.8,"93.3_30","2015:93.3_30","2015:Spring93.3_30","San Diego Inshore",0
7358,2015-04-04,"2015_93.3_30",93.3,"30",32.843,-117.535,2015-04-04 22:20:00,2015-04-04 22:41:00,"Euphausia diomedeae",2015,4,"Spring",-117.5,32.8,"93.3_30","2015:93.3_30","2015:Spring93.3_30","San Diego Inshore",0
7358,2015-04-04,"2015_93.3_30",93.3,"30",32.843,-117.535,2015-04-04 22:20:00,2015-04-04 22:41:00,"Euphausia distinguenda",2015,4,"Spring",-117.5,32.8,"93.3_30","2015:93.3_30","2015:Spring93.3_30","San Diego Inshore",0
7358,2015-04-04,"2015_93.3_30",93.3,"30",32.843,-117.535,2015-04-04 22:20:00,2015-04-04 22:41:00,"Euphausia eximia",2015,4,"Spring",-117.5,32.8,"93.3_30","2015:93.3_30","2015:Spring93.3_30","San Diego Inshore",13.356
7358,2015-04-04,"2015_93.3_30",93.3,"30",32.843,-117.535,2015-04-04 22:20:00,2015-04-04 22:41:00,"Euphausia gibboides",2015,4,"Spring",-117.5,32.8,"93.3_30","2015:93.3_30","2015:Spring93.3_30","San Diego Inshore",38.372
7358,2015-04-04,"2015_93.3_30",93.3,"30",32.843,-117.535,2015-04-04 22:20:00,2015-04-04 22:41:00,"Euphausia hemigibba",2015,4,"Spring",-117.5,32.8,"93.3_30","2015:93.3_30","2015:Spring93.3_30","San Diego Inshore",1.908
7358,2015-04-04,"2015_93.3_30",93.3,"30",32.843,-117.535,2015-04-04 22:20:00,2015-04-04 22:41:00,"Euphausia lamelligera",2015,4,"Spring",-117.5,32.8,"93.3_30","2015:93.3_30","2015:Spring93.3_30","San Diego Inshore",0
7358,2015-04-04,"2015_93.3_30",93.3,"30",32.843,-117.535,2015-04-04 22:20:00,2015-04-04 22:41:00,"Euphausia mutica",2015,4,"Spring",-117.5,32.8,"93.3_30","2015:93.3_30","2015:Spring93.3_30","San Diego Inshore",0
7358,2015-04-04,"2015_93.3_30",93.3,"30",32.843,-117.535,2015-04-04 22:20:00,2015-04-04 22:41:00,"Euphausia pacifica",2015,4,"Spring",-117.5,32.8,"93.3_30","2015:93.3_30","2015:Spring93.3_30","San Diego Inshore",82.68
7358,2015-04-04,"2015_93.3_30",93.3,"30",32.843,-117.535,2015-04-04 22:20:00,2015-04-04 22:41:00,"Euphausia recurva",2015,4,"Spring",-117.5,32.8,"93.3_30","2015:93.3_30","2015:Spring93.3_30","San Diego Inshore",53.636
7358,2015-04-04,"2015_93.3_30",93.3,"30",32.843,-117.535,2015-04-04 22:20:00,2015-04-04 22:41:00,"Euphausia tenera",2015,4,"Spring",-117.5,32.8,"93.3_30","2015:93.3_30","2015:Spring93.3_30","San Diego Inshore",0
7358,2015-04-04,"2015_93.3_30",93.3,"30",32.843,-117.535,2015-04-04 22:20:00,2015-04-04 22:41:00,"Nematobrachion boopis",2015,4,"Spring",-117.5,32.8,"93.3_30","2015:93.3_30","2015:Spring93.3_30","San Diego Inshore",0
7358,2015-04-04,"2015_93.3_30",93.3,"30",32.843,-117.535,2015-04-04 22:20:00,2015-04-04 22:41:00,"Nematobrachion flexipes",2015,4,"Spring",-117.5,32.8,"93.3_30","2015:93.3_30","2015:Spring93.3_30","San Diego Inshore",0
7358,2015-04-04,"2015_93.3_30",93.3,"30",32.843,-117.535,2015-04-04 22:20:00,2015-04-04 22:41:00,"Nematoscelis atlantica",2015,4,"Spring",-117.5,32.8,"93.3_30","2015:93.3_30","2015:Spring93.3_30","San Diego Inshore",0
7358,2015-04-04,"2015_93.3_30",93.3,"30",32.843,-117.535,2015-04-04 22:20:00,2015-04-04 22:41:00,"Nematoscelis difficilis",2015,4,"Spring",-117.5,32.8,"93.3_30","2015:93.3_30","2015:Spring93.3_30","San Diego Inshore",396.016
7358,2015-04-04,"2015_93.3_30",93.3,"30",32.843,-117.535,2015-04-04 22:20:00,2015-04-04 22:41:00,"Nematoscelis gracilis",2015,4,"Spring",-117.5,32.8,"93.3_30","2015:93.3_30","2015:Spring93.3_30","San Diego Inshore",0
7358,2015-04-04,"2015_93.3_30",93.3,"30",32.843,-117.535,2015-04-04 22:20:00,2015-04-04 22:41:00,"Nematoscelis microps",2015,4,"Spring",-117.5,32.8,"93.3_30","2015:93.3_30","2015:Spring93.3_30","San Diego Inshore",0
7358,2015-04-04,"2015_93.3_30",93.3,"30",32.843,-117.535,2015-04-04 22:20:00,2015-04-04 22:41:00,"Nematoscelis tenella",2015,4,"Spring",-117.5,32.8,"93.3_30","2015:93.3_30","2015:Spring93.3_30","San Diego Inshore",0
7358,2015-04-04,"2015_93.3_30",93.3,"30",32.843,-117.535,2015-04-04 22:20:00,2015-04-04 22:41:00,"Nyctiphanes simplex",2015,4,"Spring",-117.5,32.8,"93.3_30","2015:93.3_30","2015:Spring93.3_30","San Diego Inshore",1.908
7358,2015-04-04,"2015_93.3_30",93.3,"30",32.843,-117.535,2015-04-04 22:20:00,2015-04-04 22:41:00,"Stylocheiron abbreviatum",2015,4,"Spring",-117.5,32.8,"93.3_30","2015:93.3_30","2015:Spring93.3_30","San Diego Inshore",0
7358,2015-04-04,"2015_93.3_30",93.3,"30",32.843,-117.535,2015-04-04 22:20:00,2015-04-04 22:41:00,"Stylocheiron affine",2015,4,"Spring",-117.5,32.8,"93.3_30","2015:93.3_30","2015:Spring93.3_30","San Diego Inshore",15.264
7358,2015-04-04,"2015_93.3_30",93.3,"30",32.843,-117.535,2015-04-04 22:20:00,2015-04-04 22:41:00,"Stylocheiron carinatum",2015,4,"Spring",-117.5,32.8,"93.3_30","2015:93.3_30","2015:Spring93.3_30","San Diego Inshore",1.908
7358,2015-04-04,"2015_93.3_30",93.3,"30",32.843,-117.535,2015-04-04 22:20:00,2015-04-04 22:41:00,"Stylocheiron elongatum",2015,4,"Spring",-117.5,32.8,"93.3_30","2015:93.3_30","2015:Spring93.3_30","San Diego Inshore",0
7358,2015-04-04,"2015_93.3_30",93.3,"30",32.843,-117.535,2015-04-04 22:20:00,2015-04-04 22:41:00,"Stylocheiron longicorne",2015,4,"Spring",-117.5,32.8,"93.3_30","2015:93.3_30","2015:Spring93.3_30","San Diego Inshore",1.908
7358,2015-04-04,"2015_93.3_30",93.3,"30",32.843,-117.535,2015-04-04 22:20:00,2015-04-04 22:41:00,"Stylocheiron maximum",2015,4,"Spring",-117.5,32.8,"93.3_30","2015:93.3_30","2015:Spring93.3_30","San Diego Inshore",0
7358,2015-04-04,"2015_93.3_30",93.3,"30",32.843,-117.535,2015-04-04 22:20:00,2015-04-04 22:41:00,"Stylocheiron suhmi",2015,4,"Spring",-117.5,32.8,"93.3_30","2015:93.3_30","2015:Spring93.3_30","San Diego Inshore",0
7358,2015-04-04,"2015_93.3_30",93.3,"30",32.843,-117.535,2015-04-04 22:20:00,2015-04-04 22:41:00,"Tessarabrachion oculatum",2015,4,"Spring",-117.5,32.8,"93.3_30","2015:93.3_30","2015:Spring93.3_30","San Diego Inshore",0
7358,2015-04-04,"2015_93.3_30",93.3,"30",32.843,-117.535,2015-04-04 22:20:00,2015-04-04 22:41:00,"Thysanoessa gregaria",2015,4,"Spring",-117.5,32.8,"93.3_30","2015:93.3_30","2015:Spring93.3_30","San Diego Inshore",186.348
7358,2015-04-04,"2015_93.3_30",93.3,"30",32.843,-117.535,2015-04-04 22:20:00,2015-04-04 22:41:00,"Thysanoessa longipes",2015,4,"Spring",-117.5,32.8,"93.3_30","2015:93.3_30","2015:Spring93.3_30","San Diego Inshore",0
7358,2015-04-04,"2015_93.3_30",93.3,"30",32.843,-117.535,2015-04-04 22:20:00,2015-04-04 22:41:00,"Thysanoessa spinifera",2015,4,"Spring",-117.5,32.8,"93.3_30","2015:93.3_30","2015:Spring93.3_30","San Diego Inshore",13.356
7358,2015-04-04,"2015_93.3_30",93.3,"30",32.843,-117.535,2015-04-04 22:20:00,2015-04-04 22:41:00,"Thysanopoda astylata",2015,4,"Spring",-117.5,32.8,"93.3_30","2015:93.3_30","2015:Spring93.3_30","San Diego Inshore",0
7358,2015-04-04,"2015_93.3_30",93.3,"30",32.843,-117.535,2015-04-04 22:20:00,2015-04-04 22:41:00,"Thysanopoda cornuta",2015,4,"Spring",-117.5,32.8,"93.3_30","2015:93.3_30","2015:Spring93.3_30","San Diego Inshore",0
7358,2015-04-04,"2015_93.3_30",93.3,"30",32.843,-117.535,2015-04-04 22:20:00,2015-04-04 22:41:00,"Thysanopoda egregia",2015,4,"Spring",-117.5,32.8,"93.3_30","2015:93.3_30","2015:Spring93.3_30","San Diego Inshore",0
7358,2015-04-04,"2015_93.3_30",93.3,"30",32.843,-117.535,2015-04-04 22:20:00,2015-04-04 22:41:00,"Thysanopoda monacantha",2015,4,"Spring",-117.5,32.8,"93.3_30","2015:93.3_30","2015:Spring93.3_30","San Diego Inshore",0
7358,2015-04-04,"2015_93.3_30",93.3,"30",32.843,-117.535,2015-04-04 22:20:00,2015-04-04 22:41:00,"Thysanopoda obtusifrons",2015,4,"Spring",-117.5,32.8,"93.3_30","2015:93.3_30","2015:Spring93.3_30","San Diego Inshore",0
7358,2015-04-04,"2015_93.3_30",93.3,"30",32.843,-117.535,2015-04-04 22:20:00,2015-04-04 22:41:00,"Thysanopoda orientalis",2015,4,"Spring",-117.5,32.8,"93.3_30","2015:93.3_30","2015:Spring93.3_30","San Diego Inshore",1.908
7358,2015-04-04,"2015_93.3_30",93.3,"30",32.843,-117.535,2015-04-04 22:20:00,2015-04-04 22:41:00,"Thysanopoda pectinata",2015,4,"Spring",-117.5,32.8,"93.3_30","2015:93.3_30","2015:Spring93.3_30","San Diego Inshore",0
7361,2015-04-05,"2015_93.3_60",93.3,"60",31.843,-119.565,2015-04-05 23:45:00,2015-04-05 00:08:00,"Euphausia brevis",2015,4,"Spring",-119.6,31.8,"93.3_60","2015:93.3_60","2015:Spring93.3_60","San Diego Offshore",0
7361,2015-04-05,"2015_93.3_60",93.3,"60",31.843,-119.565,2015-04-05 23:45:00,2015-04-05 00:08:00,"Euphausia diomedeae",2015,4,"Spring",-119.6,31.8,"93.3_60","2015:93.3_60","2015:Spring93.3_60","San Diego Offshore",0
7361,2015-04-05,"2015_93.3_60",93.3,"60",31.843,-119.565,2015-04-05 23:45:00,2015-04-05 00:08:00,"Euphausia distinguenda",2015,4,"Spring",-119.6,31.8,"93.3_60","2015:93.3_60","2015:Spring93.3_60","San Diego Offshore",0
7361,2015-04-05,"2015_93.3_60",93.3,"60",31.843,-119.565,2015-04-05 23:45:00,2015-04-05 00:08:00,"Euphausia eximia",2015,4,"Spring",-119.6,31.8,"93.3_60","2015:93.3_60","2015:Spring93.3_60","San Diego Offshore",1.68
7361,2015-04-05,"2015_93.3_60",93.3,"60",31.843,-119.565,2015-04-05 23:45:00,2015-04-05 00:08:00,"Euphausia gibboides",2015,4,"Spring",-119.6,31.8,"93.3_60","2015:93.3_60","2015:Spring93.3_60","San Diego Offshore",112.98
7361,2015-04-05,"2015_93.3_60",93.3,"60",31.843,-119.565,2015-04-05 23:45:00,2015-04-05 00:08:00,"Euphausia hemigibba",2015,4,"Spring",-119.6,31.8,"93.3_60","2015:93.3_60","2015:Spring93.3_60","San Diego Offshore",16.17
7361,2015-04-05,"2015_93.3_60",93.3,"60",31.843,-119.565,2015-04-05 23:45:00,2015-04-05 00:08:00,"Euphausia lamelligera",2015,4,"Spring",-119.6,31.8,"93.3_60","2015:93.3_60","2015:Spring93.3_60","San Diego Offshore",0
7361,2015-04-05,"2015_93.3_60",93.3,"60",31.843,-119.565,2015-04-05 23:45:00,2015-04-05 00:08:00,"Euphausia mutica",2015,4,"Spring",-119.6,31.8,"93.3_60","2015:93.3_60","2015:Spring93.3_60","San Diego Offshore",1.89
7361,2015-04-05,"2015_93.3_60",93.3,"60",31.843,-119.565,2015-04-05 23:45:00,2015-04-05 00:08:00,"Euphausia pacifica",2015,4,"Spring",-119.6,31.8,"93.3_60","2015:93.3_60","2015:Spring93.3_60","San Diego Offshore",2.73
7361,2015-04-05,"2015_93.3_60",93.3,"60",31.843,-119.565,2015-04-05 23:45:00,2015-04-05 00:08:00,"Euphausia recurva",2015,4,"Spring",-119.6,31.8,"93.3_60","2015:93.3_60","2015:Spring93.3_60","San Diego Offshore",38.01
7361,2015-04-05,"2015_93.3_60",93.3,"60",31.843,-119.565,2015-04-05 23:45:00,2015-04-05 00:08:00,"Euphausia tenera",2015,4,"Spring",-119.6,31.8,"93.3_60","2015:93.3_60","2015:Spring93.3_60","San Diego Offshore",0
7361,2015-04-05,"2015_93.3_60",93.3,"60",31.843,-119.565,2015-04-05 23:45:00,2015-04-05 00:08:00,"Nematobrachion boopis",2015,4,"Spring",-119.6,31.8,"93.3_60","2015:93.3_60","2015:Spring93.3_60","San Diego Offshore",0
7361,2015-04-05,"2015_93.3_60",93.3,"60",31.843,-119.565,2015-04-05 23:45:00,2015-04-05 00:08:00,"Nematobrachion flexipes",2015,4,"Spring",-119.6,31.8,"93.3_60","2015:93.3_60","2015:Spring93.3_60","San Diego Offshore",0.84
7361,2015-04-05,"2015_93.3_60",93.3,"60",31.843,-119.565,2015-04-05 23:45:00,2015-04-05 00:08:00,"Nematoscelis atlantica",2015,4,"Spring",-119.6,31.8,"93.3_60","2015:93.3_60","2015:Spring93.3_60","San Diego Offshore",0
7361,2015-04-05,"2015_93.3_60",93.3,"60",31.843,-119.565,2015-04-05 23:45:00,2015-04-05 00:08:00,"Nematoscelis difficilis",2015,4,"Spring",-119.6,31.8,"93.3_60","2015:93.3_60","2015:Spring93.3_60","San Diego Offshore",26.25
7361,2015-04-05,"2015_93.3_60",93.3,"60",31.843,-119.565,2015-04-05 23:45:00,2015-04-05 00:08:00,"Nematoscelis gracilis",2015,4,"Spring",-119.6,31.8,"93.3_60","2015:93.3_60","2015:Spring93.3_60","San Diego Offshore",0
7361,2015-04-05,"2015_93.3_60",93.3,"60",31.843,-119.565,2015-04-05 23:45:00,2015-04-05 00:08:00,"Nematoscelis microps",2015,4,"Spring",-119.6,31.8,"93.3_60","2015:93.3_60","2015:Spring93.3_60","San Diego Offshore",0
7361,2015-04-05,"2015_93.3_60",93.3,"60",31.843,-119.565,2015-04-05 23:45:00,2015-04-05 00:08:00,"Nematoscelis tenella",2015,4,"Spring",-119.6,31.8,"93.3_60","2015:93.3_60","2015:Spring93.3_60","San Diego Offshore",1.68
7361,2015-04-05,"2015_93.3_60",93.3,"60",31.843,-119.565,2015-04-05 23:45:00,2015-04-05 00:08:00,"Nyctiphanes simplex",2015,4,"Spring",-119.6,31.8,"93.3_60","2015:93.3_60","2015:Spring93.3_60","San Diego Offshore",1.68
7361,2015-04-05,"2015_93.3_60",93.3,"60",31.843,-119.565,2015-04-05 23:45:00,2015-04-05 00:08:00,"Stylocheiron abbreviatum",2015,4,"Spring",-119.6,31.8,"93.3_60","2015:93.3_60","2015:Spring93.3_60","San Diego Offshore",0
7361,2015-04-05,"2015_93.3_60",93.3,"60",31.843,-119.565,2015-04-05 23:45:00,2015-04-05 00:08:00,"Stylocheiron affine",2015,4,"Spring",-119.6,31.8,"93.3_60","2015:93.3_60","2015:Spring93.3_60","San Diego Offshore",20.79
7361,2015-04-05,"2015_93.3_60",93.3,"60",31.843,-119.565,2015-04-05 23:45:00,2015-04-05 00:08:00,"Stylocheiron carinatum",2015,4,"Spring",-119.6,31.8,"93.3_60","2015:93.3_60","2015:Spring93.3_60","San Diego Offshore",0
7361,2015-04-05,"2015_93.3_60",93.3,"60",31.843,-119.565,2015-04-05 23:45:00,2015-04-05 00:08:00,"Stylocheiron elongatum",2015,4,"Spring",-119.6,31.8,"93.3_60","2015:93.3_60","2015:Spring93.3_60","San Diego Offshore",0
7361,2015-04-05,"2015_93.3_60",93.3,"60",31.843,-119.565,2015-04-05 23:45:00,2015-04-05 00:08:00,"Stylocheiron longicorne",2015,4,"Spring",-119.6,31.8,"93.3_60","2015:93.3_60","2015:Spring93.3_60","San Diego Offshore",24.36
7361,2015-04-05,"2015_93.3_60",93.3,"60",31.843,-119.565,2015-04-05 23:45:00,2015-04-05 00:08:00,"Stylocheiron maximum",2015,4,"Spring",-119.6,31.8,"93.3_60","2015:93.3_60","2015:Spring93.3_60","San Diego Offshore",0.84
7361,2015-04-05,"2015_93.3_60",93.3,"60",31.843,-119.565,2015-04-05 23:45:00,2015-04-05 00:08:00,"Stylocheiron suhmi",2015,4,"Spring",-119.6,31.8,"93.3_60","2015:93.3_60","2015:Spring93.3_60","San Diego Offshore",1.89
7361,2015-04-05,"2015_93.3_60",93.3,"60",31.843,-119.565,2015-04-05 23:45:00,2015-04-05 00:08:00,"Tessarabrachion oculatum",2015,4,"Spring",-119.6,31.8,"93.3_60","2015:93.3_60","2015:Spring93.3_60","San Diego Offshore",0
7361,2015-04-05,"2015_93.3_60",93.3,"60",31.843,-119.565,2015-04-05 23:45:00,2015-04-05 00:08:00,"Thysanoessa gregaria",2015,4,"Spring",-119.6,31.8,"93.3_60","2015:93.3_60","2015:Spring93.3_60","San Diego Offshore",44.52
7361,2015-04-05,"2015_93.3_60",93.3,"60",31.843,-119.565,2015-04-05 23:45:00,2015-04-05 00:08:00,"Thysanoessa longipes",2015,4,"Spring",-119.6,31.8,"93.3_60","2015:93.3_60","2015:Spring93.3_60","San Diego Offshore",0
7361,2015-04-05,"2015_93.3_60",93.3,"60",31.843,-119.565,2015-04-05 23:45:00,2015-04-05 00:08:00,"Thysanoessa spinifera",2015,4,"Spring",-119.6,31.8,"93.3_60","2015:93.3_60","2015:Spring93.3_60","San Diego Offshore",0
7361,2015-04-05,"2015_93.3_60",93.3,"60",31.843,-119.565,2015-04-05 23:45:00,2015-04-05 00:08:00,"Thysanopoda astylata",2015,4,"Spring",-119.6,31.8,"93.3_60","2015:93.3_60","2015:Spring93.3_60","San Diego Offshore",0
7361,2015-04-05,"2015_93.3_60",93.3,"60",31.843,-119.565,2015-04-05 23:45:00,2015-04-05 00:08:00,"Thysanopoda cornuta",2015,4,"Spring",-119.6,31.8,"93.3_60","2015:93.3_60","2015:Spring93.3_60","San Diego Offshore",0
7361,2015-04-05,"2015_93.3_60",93.3,"60",31.843,-119.565,2015-04-05 23:45:00,2015-04-05 00:08:00,"Thysanopoda egregia",2015,4,"Spring",-119.6,31.8,"93.3_60","2015:93.3_60","2015:Spring93.3_60","San Diego Offshore",0
7361,2015-04-05,"2015_93.3_60",93.3,"60",31.843,-119.565,2015-04-05 23:45:00,2015-04-05 00:08:00,"Thysanopoda monacantha",2015,4,"Spring",-119.6,31.8,"93.3_60","2015:93.3_60","2015:Spring93.3_60","San Diego Offshore",0
7361,2015-04-05,"2015_93.3_60",93.3,"60",31.843,-119.565,2015-04-05 23:45:00,2015-04-05 00:08:00,"Thysanopoda obtusifrons",2015,4,"Spring",-119.6,31.8,"93.3_60","2015:93.3_60","2015:Spring93.3_60","San Diego Offshore",0
7361,2015-04-05,"2015_93.3_60",93.3,"60",31.843,-119.565,2015-04-05 23:45:00,2015-04-05 00:08:00,"Thysanopoda orientalis",2015,4,"Spring",-119.6,31.8,"93.3_60","2015:93.3_60","2015:Spring93.3_60","San Diego Offshore",0
7361,2015-04-05,"2015_93.3_60",93.3,"60",31.843,-119.565,2015-04-05 23:45:00,2015-04-05 00:08:00,"Thysanopoda pectinata",2015,4,"Spring",-119.6,31.8,"93.3_60","2015:93.3_60","2015:Spring93.3_60","San Diego Offshore",0
7375,2016-04-01,"2016_93.3_30",93.3,"30",32.843,-117.532,2016-04-01 22:41:00,2016-04-01 23:02:00,"Euphausia brevis",2016,4,"Spring",-117.5,32.8,"93.3_30","2016:93.3_30","2016:Spring93.3_30","San Diego Inshore",0
7375,2016-04-01,"2016_93.3_30",93.3,"30",32.843,-117.532,2016-04-01 22:41:00,2016-04-01 23:02:00,"Euphausia diomedeae",2016,4,"Spring",-117.5,32.8,"93.3_30","2016:93.3_30","2016:Spring93.3_30","San Diego Inshore",0
7375,2016-04-01,"2016_93.3_30",93.3,"30",32.843,-117.532,2016-04-01 22:41:00,2016-04-01 23:02:00,"Euphausia distinguenda",2016,4,"Spring",-117.5,32.8,"93.3_30","2016:93.3_30","2016:Spring93.3_30","San Diego Inshore",0
7375,2016-04-01,"2016_93.3_30",93.3,"30",32.843,-117.532,2016-04-01 22:41:00,2016-04-01 23:02:00,"Euphausia eximia",2016,4,"Spring",-117.5,32.8,"93.3_30","2016:93.3_30","2016:Spring93.3_30","San Diego Inshore",1.881
7375,2016-04-01,"2016_93.3_30",93.3,"30",32.843,-117.532,2016-04-01 22:41:00,2016-04-01 23:02:00,"Euphausia gibboides",2016,4,"Spring",-117.5,32.8,"93.3_30","2016:93.3_30","2016:Spring93.3_30","San Diego Inshore",0
7375,2016-04-01,"2016_93.3_30",93.3,"30",32.843,-117.532,2016-04-01 22:41:00,2016-04-01 23:02:00,"Euphausia hemigibba",2016,4,"Spring",-117.5,32.8,"93.3_30","2016:93.3_30","2016:Spring93.3_30","San Diego Inshore",0
7375,2016-04-01,"2016_93.3_30",93.3,"30",32.843,-117.532,2016-04-01 22:41:00,2016-04-01 23:02:00,"Euphausia lamelligera",2016,4,"Spring",-117.5,32.8,"93.3_30","2016:93.3_30","2016:Spring93.3_30","San Diego Inshore",0
7375,2016-04-01,"2016_93.3_30",93.3,"30",32.843,-117.532,2016-04-01 22:41:00,2016-04-01 23:02:00,"Euphausia mutica",2016,4,"Spring",-117.5,32.8,"93.3_30","2016:93.3_30","2016:Spring93.3_30","San Diego Inshore",0
7375,2016-04-01,"2016_93.3_30",93.3,"30",32.843,-117.532,2016-04-01 22:41:00,2016-04-01 23:02:00,"Euphausia pacifica",2016,4,"Spring",-117.5,32.8,"93.3_30","2016:93.3_30","2016:Spring93.3_30","San Diego Inshore",47.443
7375,2016-04-01,"2016_93.3_30",93.3,"30",32.843,-117.532,2016-04-01 22:41:00,2016-04-01 23:02:00,"Euphausia recurva",2016,4,"Spring",-117.5,32.8,"93.3_30","2016:93.3_30","2016:Spring93.3_30","San Diego Inshore",1.881
7375,2016-04-01,"2016_93.3_30",93.3,"30",32.843,-117.532,2016-04-01 22:41:00,2016-04-01 23:02:00,"Euphausia tenera",2016,4,"Spring",-117.5,32.8,"93.3_30","2016:93.3_30","2016:Spring93.3_30","San Diego Inshore",0
7375,2016-04-01,"2016_93.3_30",93.3,"30",32.843,-117.532,2016-04-01 22:41:00,2016-04-01 23:02:00,"Nematobrachion boopis",2016,4,"Spring",-117.5,32.8,"93.3_30","2016:93.3_30","2016:Spring93.3_30","San Diego Inshore",0
7375,2016-04-01,"2016_93.3_30",93.3,"30",32.843,-117.532,2016-04-01 22:41:00,2016-04-01 23:02:00,"Nematobrachion flexipes",2016,4,"Spring",-117.5,32.8,"93.3_30","2016:93.3_30","2016:Spring93.3_30","San Diego Inshore",0
7375,2016-04-01,"2016_93.3_30",93.3,"30",32.843,-117.532,2016-04-01 22:41:00,2016-04-01 23:02:00,"Nematoscelis atlantica",2016,4,"Spring",-117.5,32.8,"93.3_30","2016:93.3_30","2016:Spring93.3_30","San Diego Inshore",0
7375,2016-04-01,"2016_93.3_30",93.3,"30",32.843,-117.532,2016-04-01 22:41:00,2016-04-01 23:02:00,"Nematoscelis difficilis",2016,4,"Spring",-117.5,32.8,"93.3_30","2016:93.3_30","2016:Spring93.3_30","San Diego Inshore",270.446
7375,2016-04-01,"2016_93.3_30",93.3,"30",32.843,-117.532,2016-04-01 22:41:00,2016-04-01 23:02:00,"Nematoscelis gracilis",2016,4,"Spring",-117.5,32.8,"93.3_30","2016:93.3_30","2016:Spring93.3_30","San Diego Inshore",0
7375,2016-04-01,"2016_93.3_30",93.3,"30",32.843,-117.532,2016-04-01 22:41:00,2016-04-01 23:02:00,"Nematoscelis microps",2016,4,"Spring",-117.5,32.8,"93.3_30","2016:93.3_30","2016:Spring93.3_30","San Diego Inshore",0
7375,2016-04-01,"2016_93.3_30",93.3,"30",32.843,-117.532,2016-04-01 22:41:00,2016-04-01 23:02:00,"Nematoscelis tenella",2016,4,"Spring",-117.5,32.8,"93.3_30","2016:93.3_30","2016:Spring93.3_30","San Diego Inshore",0
7375,2016-04-01,"2016_93.3_30",93.3,"30",32.843,-117.532,2016-04-01 22:41:00,2016-04-01 23:02:00,"Nyctiphanes simplex",2016,4,"Spring",-117.5,32.8,"93.3_30","2016:93.3_30","2016:Spring93.3_30","San Diego Inshore",203.566
7375,2016-04-01,"2016_93.3_30",93.3,"30",32.843,-117.532,2016-04-01 22:41:00,2016-04-01 23:02:00,"Stylocheiron abbreviatum",2016,4,"Spring",-117.5,32.8,"93.3_30","2016:93.3_30","2016:Spring93.3_30","San Diego Inshore",0
7375,2016-04-01,"2016_93.3_30",93.3,"30",32.843,-117.532,2016-04-01 22:41:00,2016-04-01 23:02:00,"Stylocheiron affine",2016,4,"Spring",-117.5,32.8,"93.3_30","2016:93.3_30","2016:Spring93.3_30","San Diego Inshore",1.881
7375,2016-04-01,"2016_93.3_30",93.3,"30",32.843,-117.532,2016-04-01 22:41:00,2016-04-01 23:02:00,"Stylocheiron carinatum",2016,4,"Spring",-117.5,32.8,"93.3_30","2016:93.3_30","2016:Spring93.3_30","San Diego Inshore",0
7375,2016-04-01,"2016_93.3_30",93.3,"30",32.843,-117.532,2016-04-01 22:41:00,2016-04-01 23:02:00,"Stylocheiron elongatum",2016,4,"Spring",-117.5,32.8,"93.3_30","2016:93.3_30","2016:Spring93.3_30","San Diego Inshore",0
7375,2016-04-01,"2016_93.3_30",93.3,"30",32.843,-117.532,2016-04-01 22:41:00,2016-04-01 23:02:00,"Stylocheiron longicorne",2016,4,"Spring",-117.5,32.8,"93.3_30","2016:93.3_30","2016:Spring93.3_30","San Diego Inshore",0
7375,2016-04-01,"2016_93.3_30",93.3,"30",32.843,-117.532,2016-04-01 22:41:00,2016-04-01 23:02:00,"Stylocheiron maximum",2016,4,"Spring",-117.5,32.8,"93.3_30","2016:93.3_30","2016:Spring93.3_30","San Diego Inshore",0
7375,2016-04-01,"2016_93.3_30",93.3,"30",32.843,-117.532,2016-04-01 22:41:00,2016-04-01 23:02:00,"Stylocheiron suhmi",2016,4,"Spring",-117.5,32.8,"93.3_30","2016:93.3_30","2016:Spring93.3_30","San Diego Inshore",0
7375,2016-04-01,"2016_93.3_30",93.3,"30",32.843,-117.532,2016-04-01 22:41:00,2016-04-01 23:02:00,"Tessarabrachion oculatum",2016,4,"Spring",-117.5,32.8,"93.3_30","2016:93.3_30","2016:Spring93.3_30","San Diego Inshore",0
7375,2016-04-01,"2016_93.3_30",93.3,"30",32.843,-117.532,2016-04-01 22:41:00,2016-04-01 23:02:00,"Thysanoessa gregaria",2016,4,"Spring",-117.5,32.8,"93.3_30","2016:93.3_30","2016:Spring93.3_30","San Diego Inshore",13.585
7375,2016-04-01,"2016_93.3_30",93.3,"30",32.843,-117.532,2016-04-01 22:41:00,2016-04-01 23:02:00,"Thysanoessa longipes",2016,4,"Spring",-117.5,32.8,"93.3_30","2016:93.3_30","2016:Spring93.3_30","San Diego Inshore",0
7375,2016-04-01,"2016_93.3_30",93.3,"30",32.843,-117.532,2016-04-01 22:41:00,2016-04-01 23:02:00,"Thysanoessa spinifera",2016,4,"Spring",-117.5,32.8,"93.3_30","2016:93.3_30","2016:Spring93.3_30","San Diego Inshore",221.331
7375,2016-04-01,"2016_93.3_30",93.3,"30",32.843,-117.532,2016-04-01 22:41:00,2016-04-01 23:02:00,"Thysanopoda astylata",2016,4,"Spring",-117.5,32.8,"93.3_30","2016:93.3_30","2016:Spring93.3_30","San Diego Inshore",0
7375,2016-04-01,"2016_93.3_30",93.3,"30",32.843,-117.532,2016-04-01 22:41:00,2016-04-01 23:02:00,"Thysanopoda cornuta",2016,4,"Spring",-117.5,32.8,"93.3_30","2016:93.3_30","2016:Spring93.3_30","San Diego Inshore",0
7375,2016-04-01,"2016_93.3_30",93.3,"30",32.843,-117.532,2016-04-01 22:41:00,2016-04-01 23:02:00,"Thysanopoda egregia",2016,4,"Spring",-117.5,32.8,"93.3_30","2016:93.3_30","2016:Spring93.3_30","San Diego Inshore",0
7375,2016-04-01,"2016_93.3_30",93.3,"30",32.843,-117.532,2016-04-01 22:41:00,2016-04-01 23:02:00,"Thysanopoda monacantha",2016,4,"Spring",-117.5,32.8,"93.3_30","2016:93.3_30","2016:Spring93.3_30","San Diego Inshore",0
7375,2016-04-01,"2016_93.3_30",93.3,"30",32.843,-117.532,2016-04-01 22:41:00,2016-04-01 23:02:00,"Thysanopoda obtusifrons",2016,4,"Spring",-117.5,32.8,"93.3_30","2016:93.3_30","2016:Spring93.3_30","San Diego Inshore",0
7375,2016-04-01,"2016_93.3_30",93.3,"30",32.843,-117.532,2016-04-01 22:41:00,2016-04-01 23:02:00,"Thysanopoda orientalis",2016,4,"Spring",-117.5,32.8,"93.3_30","2016:93.3_30","2016:Spring93.3_30","San Diego Inshore",0
7375,2016-04-01,"2016_93.3_30",93.3,"30",32.843,-117.532,2016-04-01 22:41:00,2016-04-01 23:02:00,"Thysanopoda pectinata",2016,4,"Spring",-117.5,32.8,"93.3_30","2016:93.3_30","2016:Spring93.3_30","San Diego Inshore",0
7377,2016-04-02,"2016_93.3_60",93.3,"60",31.843,-119.57,2016-04-02 22:35:00,2016-04-02 22:56:00,"Euphausia brevis",2016,4,"Spring",-119.6,31.8,"93.3_60","2016:93.3_60","2016:Spring93.3_60","San Diego Offshore",0
7377,2016-04-02,"2016_93.3_60",93.3,"60",31.843,-119.57,2016-04-02 22:35:00,2016-04-02 22:56:00,"Euphausia diomedeae",2016,4,"Spring",-119.6,31.8,"93.3_60","2016:93.3_60","2016:Spring93.3_60","San Diego Offshore",0
7377,2016-04-02,"2016_93.3_60",93.3,"60",31.843,-119.57,2016-04-02 22:35:00,2016-04-02 22:56:00,"Euphausia distinguenda",2016,4,"Spring",-119.6,31.8,"93.3_60","2016:93.3_60","2016:Spring93.3_60","San Diego Offshore",0
7377,2016-04-02,"2016_93.3_60",93.3,"60",31.843,-119.57,2016-04-02 22:35:00,2016-04-02 22:56:00,"Euphausia eximia",2016,4,"Spring",-119.6,31.8,"93.3_60","2016:93.3_60","2016:Spring93.3_60","San Diego Offshore",10.4
7377,2016-04-02,"2016_93.3_60",93.3,"60",31.843,-119.57,2016-04-02 22:35:00,2016-04-02 22:56:00,"Euphausia gibboides",2016,4,"Spring",-119.6,31.8,"93.3_60","2016:93.3_60","2016:Spring93.3_60","San Diego Offshore",2.08
7377,2016-04-02,"2016_93.3_60",93.3,"60",31.843,-119.57,2016-04-02 22:35:00,2016-04-02 22:56:00,"Euphausia hemigibba",2016,4,"Spring",-119.6,31.8,"93.3_60","2016:93.3_60","2016:Spring93.3_60","San Diego Offshore",0
7377,2016-04-02,"2016_93.3_60",93.3,"60",31.843,-119.57,2016-04-02 22:35:00,2016-04-02 22:56:00,"Euphausia lamelligera",2016,4,"Spring",-119.6,31.8,"93.3_60","2016:93.3_60","2016:Spring93.3_60","San Diego Offshore",0
7377,2016-04-02,"2016_93.3_60",93.3,"60",31.843,-119.57,2016-04-02 22:35:00,2016-04-02 22:56:00,"Euphausia mutica",2016,4,"Spring",-119.6,31.8,"93.3_60","2016:93.3_60","2016:Spring93.3_60","San Diego Offshore",0
7377,2016-04-02,"2016_93.3_60",93.3,"60",31.843,-119.57,2016-04-02 22:35:00,2016-04-02 22:56:00,"Euphausia pacifica",2016,4,"Spring",-119.6,31.8,"93.3_60","2016:93.3_60","2016:Spring93.3_60","San Diego Offshore",12.48
7377,2016-04-02,"2016_93.3_60",93.3,"60",31.843,-119.57,2016-04-02 22:35:00,2016-04-02 22:56:00,"Euphausia recurva",2016,4,"Spring",-119.6,31.8,"93.3_60","2016:93.3_60","2016:Spring93.3_60","San Diego Offshore",0
7377,2016-04-02,"2016_93.3_60",93.3,"60",31.843,-119.57,2016-04-02 22:35:00,2016-04-02 22:56:00,"Euphausia tenera",2016,4,"Spring",-119.6,31.8,"93.3_60","2016:93.3_60","2016:Spring93.3_60","San Diego Offshore",0
7377,2016-04-02,"2016_93.3_60",93.3,"60",31.843,-119.57,2016-04-02 22:35:00,2016-04-02 22:56:00,"Nematobrachion boopis",2016,4,"Spring",-119.6,31.8,"93.3_60","2016:93.3_60","2016:Spring93.3_60","San Diego Offshore",0
7377,2016-04-02,"2016_93.3_60",93.3,"60",31.843,-119.57,2016-04-02 22:35:00,2016-04-02 22:56:00,"Nematobrachion flexipes",2016,4,"Spring",-119.6,31.8,"93.3_60","2016:93.3_60","2016:Spring93.3_60","San Diego Offshore",2.08
7377,2016-04-02,"2016_93.3_60",93.3,"60",31.843,-119.57,2016-04-02 22:35:00,2016-04-02 22:56:00,"Nematoscelis atlantica",2016,4,"Spring",-119.6,31.8,"93.3_60","2016:93.3_60","2016:Spring93.3_60","San Diego Offshore",0
7377,2016-04-02,"2016_93.3_60",93.3,"60",31.843,-119.57,2016-04-02 22:35:00,2016-04-02 22:56:00,"Nematoscelis difficilis",2016,4,"Spring",-119.6,31.8,"93.3_60","2016:93.3_60","2016:Spring93.3_60","San Diego Offshore",238.576
7377,2016-04-02,"2016_93.3_60",93.3,"60",31.843,-119.57,2016-04-02 22:35:00,2016-04-02 22:56:00,"Nematoscelis gracilis",2016,4,"Spring",-119.6,31.8,"93.3_60","2016:93.3_60","2016:Spring93.3_60","San Diego Offshore",0
7377,2016-04-02,"2016_93.3_60",93.3,"60",31.843,-119.57,2016-04-02 22:35:00,2016-04-02 22:56:00,"Nematoscelis microps",2016,4,"Spring",-119.6,31.8,"93.3_60","2016:93.3_60","2016:Spring93.3_60","San Diego Offshore",0
7377,2016-04-02,"2016_93.3_60",93.3,"60",31.843,-119.57,2016-04-02 22:35:00,2016-04-02 22:56:00,"Nematoscelis tenella",2016,4,"Spring",-119.6,31.8,"93.3_60","2016:93.3_60","2016:Spring93.3_60","San Diego Offshore",0
7377,2016-04-02,"2016_93.3_60",93.3,"60",31.843,-119.57,2016-04-02 22:35:00,2016-04-02 22:56:00,"Nyctiphanes simplex",2016,4,"Spring",-119.6,31.8,"93.3_60","2016:93.3_60","2016:Spring93.3_60","San Diego Offshore",27.04
7377,2016-04-02,"2016_93.3_60",93.3,"60",31.843,-119.57,2016-04-02 22:35:00,2016-04-02 22:56:00,"Stylocheiron abbreviatum",2016,4,"Spring",-119.6,31.8,"93.3_60","2016:93.3_60","2016:Spring93.3_60","San Diego Offshore",0
7377,2016-04-02,"2016_93.3_60",93.3,"60",31.843,-119.57,2016-04-02 22:35:00,2016-04-02 22:56:00,"Stylocheiron affine",2016,4,"Spring",-119.6,31.8,"93.3_60","2016:93.3_60","2016:Spring93.3_60","San Diego Offshore",8.32
7377,2016-04-02,"2016_93.3_60",93.3,"60",31.843,-119.57,2016-04-02 22:35:00,2016-04-02 22:56:00,"Stylocheiron carinatum",2016,4,"Spring",-119.6,31.8,"93.3_60","2016:93.3_60","2016:Spring93.3_60","San Diego Offshore",0
7377,2016-04-02,"2016_93.3_60",93.3,"60",31.843,-119.57,2016-04-02 22:35:00,2016-04-02 22:56:00,"Stylocheiron elongatum",2016,4,"Spring",-119.6,31.8,"93.3_60","2016:93.3_60","2016:Spring93.3_60","San Diego Offshore",0
7377,2016-04-02,"2016_93.3_60",93.3,"60",31.843,-119.57,2016-04-02 22:35:00,2016-04-02 22:56:00,"Stylocheiron longicorne",2016,4,"Spring",-119.6,31.8,"93.3_60","2016:93.3_60","2016:Spring93.3_60","San Diego Offshore",4.16
7377,2016-04-02,"2016_93.3_60",93.3,"60",31.843,-119.57,2016-04-02 22:35:00,2016-04-02 22:56:00,"Stylocheiron maximum",2016,4,"Spring",-119.6,31.8,"93.3_60","2016:93.3_60","2016:Spring93.3_60","San Diego Offshore",0
7377,2016-04-02,"2016_93.3_60",93.3,"60",31.843,-119.57,2016-04-02 22:35:00,2016-04-02 22:56:00,"Stylocheiron suhmi",2016,4,"Spring",-119.6,31.8,"93.3_60","2016:93.3_60","2016:Spring93.3_60","San Diego Offshore",0
7377,2016-04-02,"2016_93.3_60",93.3,"60",31.843,-119.57,2016-04-02 22:35:00,2016-04-02 22:56:00,"Tessarabrachion oculatum",2016,4,"Spring",-119.6,31.8,"93.3_60","2016:93.3_60","2016:Spring93.3_60","San Diego Offshore",0
7377,2016-04-02,"2016_93.3_60",93.3,"60",31.843,-119.57,2016-04-02 22:35:00,2016-04-02 22:56:00,"Thysanoessa gregaria",2016,4,"Spring",-119.6,31.8,"93.3_60","2016:93.3_60","2016:Spring93.3_60","San Diego Offshore",62.4
7377,2016-04-02,"2016_93.3_60",93.3,"60",31.843,-119.57,2016-04-02 22:35:00,2016-04-02 22:56:00,"Thysanoessa longipes",2016,4,"Spring",-119.6,31.8,"93.3_60","2016:93.3_60","2016:Spring93.3_60","San Diego Offshore",0
7377,2016-04-02,"2016_93.3_60",93.3,"60",31.843,-119.57,2016-04-02 22:35:00,2016-04-02 22:56:00,"Thysanoessa spinifera",2016,4,"Spring",-119.6,31.8,"93.3_60","2016:93.3_60","2016:Spring93.3_60","San Diego Offshore",0
7377,2016-04-02,"2016_93.3_60",93.3,"60",31.843,-119.57,2016-04-02 22:35:00,2016-04-02 22:56:00,"Thysanopoda astylata",2016,4,"Spring",-119.6,31.8,"93.3_60","2016:93.3_60","2016:Spring93.3_60","San Diego Offshore",0
7377,2016-04-02,"2016_93.3_60",93.3,"60",31.843,-119.57,2016-04-02 22:35:00,2016-04-02 22:56:00,"Thysanopoda cornuta",2016,4,"Spring",-119.6,31.8,"93.3_60","2016:93.3_60","2016:Spring93.3_60","San Diego Offshore",0
7377,2016-04-02,"2016_93.3_60",93.3,"60",31.843,-119.57,2016-04-02 22:35:00,2016-04-02 22:56:00,"Thysanopoda egregia",2016,4,"Spring",-119.6,31.8,"93.3_60","2016:93.3_60","2016:Spring93.3_60","San Diego Offshore",0
7377,2016-04-02,"2016_93.3_60",93.3,"60",31.843,-119.57,2016-04-02 22:35:00,2016-04-02 22:56:00,"Thysanopoda monacantha",2016,4,"Spring",-119.6,31.8,"93.3_60","2016:93.3_60","2016:Spring93.3_60","San Diego Offshore",0
7377,2016-04-02,"2016_93.3_60",93.3,"60",31.843,-119.57,2016-04-02 22:35:00,2016-04-02 22:56:00,"Thysanopoda obtusifrons",2016,4,"Spring",-119.6,31.8,"93.3_60","2016:93.3_60","2016:Spring93.3_60","San Diego Offshore",0
7377,2016-04-02,"2016_93.3_60",93.3,"60",31.843,-119.57,2016-04-02 22:35:00,2016-04-02 22:56:00,"Thysanopoda orientalis",2016,4,"Spring",-119.6,31.8,"93.3_60","2016:93.3_60","2016:Spring93.3_60","San Diego Offshore",0
7377,2016-04-02,"2016_93.3_60",93.3,"60",31.843,-119.57,2016-04-02 22:35:00,2016-04-02 22:56:00,"Thysanopoda pectinata",2016,4,"Spring",-119.6,31.8,"93.3_60","2016:93.3_60","2016:Spring93.3_60","San Diego Offshore",0
7384,2016-04-08,"2016_86.7_50",86.7,"50",33.315,-119.657,2016-04-08 19:57:00,2016-04-08 20:02:00,"Euphausia brevis",2016,4,"Spring",-119.7,33.3,"86.7_50","2016:86.7_50","2016:Spring86.7_50","San Nicolas Island",0
7384,2016-04-08,"2016_86.7_50",86.7,"50",33.315,-119.657,2016-04-08 19:57:00,2016-04-08 20:02:00,"Euphausia diomedeae",2016,4,"Spring",-119.7,33.3,"86.7_50","2016:86.7_50","2016:Spring86.7_50","San Nicolas Island",0
7384,2016-04-08,"2016_86.7_50",86.7,"50",33.315,-119.657,2016-04-08 19:57:00,2016-04-08 20:02:00,"Euphausia distinguenda",2016,4,"Spring",-119.7,33.3,"86.7_50","2016:86.7_50","2016:Spring86.7_50","San Nicolas Island",0
7384,2016-04-08,"2016_86.7_50",86.7,"50",33.315,-119.657,2016-04-08 19:57:00,2016-04-08 20:02:00,"Euphausia eximia",2016,4,"Spring",-119.7,33.3,"86.7_50","2016:86.7_50","2016:Spring86.7_50","San Nicolas Island",0
7384,2016-04-08,"2016_86.7_50",86.7,"50",33.315,-119.657,2016-04-08 19:57:00,2016-04-08 20:02:00,"Euphausia gibboides",2016,4,"Spring",-119.7,33.3,"86.7_50","2016:86.7_50","2016:Spring86.7_50","San Nicolas Island",0
7384,2016-04-08,"2016_86.7_50",86.7,"50",33.315,-119.657,2016-04-08 19:57:00,2016-04-08 20:02:00,"Euphausia hemigibba",2016,4,"Spring",-119.7,33.3,"86.7_50","2016:86.7_50","2016:Spring86.7_50","San Nicolas Island",0
7384,2016-04-08,"2016_86.7_50",86.7,"50",33.315,-119.657,2016-04-08 19:57:00,2016-04-08 20:02:00,"Euphausia lamelligera",2016,4,"Spring",-119.7,33.3,"86.7_50","2016:86.7_50","2016:Spring86.7_50","San Nicolas Island",0
7384,2016-04-08,"2016_86.7_50",86.7,"50",33.315,-119.657,2016-04-08 19:57:00,2016-04-08 20:02:00,"Euphausia mutica",2016,4,"Spring",-119.7,33.3,"86.7_50","2016:86.7_50","2016:Spring86.7_50","San Nicolas Island",0
7384,2016-04-08,"2016_86.7_50",86.7,"50",33.315,-119.657,2016-04-08 19:57:00,2016-04-08 20:02:00,"Euphausia pacifica",2016,4,"Spring",-119.7,33.3,"86.7_50","2016:86.7_50","2016:Spring86.7_50","San Nicolas Island",3754.656
7384,2016-04-08,"2016_86.7_50",86.7,"50",33.315,-119.657,2016-04-08 19:57:00,2016-04-08 20:02:00,"Euphausia recurva",2016,4,"Spring",-119.7,33.3,"86.7_50","2016:86.7_50","2016:Spring86.7_50","San Nicolas Island",0
7384,2016-04-08,"2016_86.7_50",86.7,"50",33.315,-119.657,2016-04-08 19:57:00,2016-04-08 20:02:00,"Euphausia tenera",2016,4,"Spring",-119.7,33.3,"86.7_50","2016:86.7_50","2016:Spring86.7_50","San Nicolas Island",0
7384,2016-04-08,"2016_86.7_50",86.7,"50",33.315,-119.657,2016-04-08 19:57:00,2016-04-08 20:02:00,"Nematobrachion boopis",2016,4,"Spring",-119.7,33.3,"86.7_50","2016:86.7_50","2016:Spring86.7_50","San Nicolas Island",0
7384,2016-04-08,"2016_86.7_50",86.7,"50",33.315,-119.657,2016-04-08 19:57:00,2016-04-08 20:02:00,"Nematobrachion flexipes",2016,4,"Spring",-119.7,33.3,"86.7_50","2016:86.7_50","2016:Spring86.7_50","San Nicolas Island",0
7384,2016-04-08,"2016_86.7_50",86.7,"50",33.315,-119.657,2016-04-08 19:57:00,2016-04-08 20:02:00,"Nematoscelis atlantica",2016,4,"Spring",-119.7,33.3,"86.7_50","2016:86.7_50","2016:Spring86.7_50","San Nicolas Island",0
7384,2016-04-08,"2016_86.7_50",86.7,"50",33.315,-119.657,2016-04-08 19:57:00,2016-04-08 20:02:00,"Nematoscelis difficilis",2016,4,"Spring",-119.7,33.3,"86.7_50","2016:86.7_50","2016:Spring86.7_50","San Nicolas Island",698.16
7384,2016-04-08,"2016_86.7_50",86.7,"50",33.315,-119.657,2016-04-08 19:57:00,2016-04-08 20:02:00,"Nematoscelis gracilis",2016,4,"Spring",-119.7,33.3,"86.7_50","2016:86.7_50","2016:Spring86.7_50","San Nicolas Island",0
7384,2016-04-08,"2016_86.7_50",86.7,"50",33.315,-119.657,2016-04-08 19:57:00,2016-04-08 20:02:00,"Nematoscelis microps",2016,4,"Spring",-119.7,33.3,"86.7_50","2016:86.7_50","2016:Spring86.7_50","San Nicolas Island",0
7384,2016-04-08,"2016_86.7_50",86.7,"50",33.315,-119.657,2016-04-08 19:57:00,2016-04-08 20:02:00,"Nematoscelis tenella",2016,4,"Spring",-119.7,33.3,"86.7_50","2016:86.7_50","2016:Spring86.7_50","San Nicolas Island",0
7384,2016-04-08,"2016_86.7_50",86.7,"50",33.315,-119.657,2016-04-08 19:57:00,2016-04-08 20:02:00,"Nyctiphanes simplex",2016,4,"Spring",-119.7,33.3,"86.7_50","2016:86.7_50","2016:Spring86.7_50","San Nicolas Island",5554.416
7384,2016-04-08,"2016_86.7_50",86.7,"50",33.315,-119.657,2016-04-08 19:57:00,2016-04-08 20:02:00,"Stylocheiron abbreviatum",2016,4,"Spring",-119.7,33.3,"86.7_50","2016:86.7_50","2016:Spring86.7_50","San Nicolas Island",0
7384,2016-04-08,"2016_86.7_50",86.7,"50",33.315,-119.657,2016-04-08 19:57:00,2016-04-08 20:02:00,"Stylocheiron affine",2016,4,"Spring",-119.7,33.3,"86.7_50","2016:86.7_50","2016:Spring86.7_50","San Nicolas Island",0
7384,2016-04-08,"2016_86.7_50",86.7,"50",33.315,-119.657,2016-04-08 19:57:00,2016-04-08 20:02:00,"Stylocheiron carinatum",2016,4,"Spring",-119.7,33.3,"86.7_50","2016:86.7_50","2016:Spring86.7_50","San Nicolas Island",0
7384,2016-04-08,"2016_86.7_50",86.7,"50",33.315,-119.657,2016-04-08 19:57:00,2016-04-08 20:02:00,"Stylocheiron elongatum",2016,4,"Spring",-119.7,33.3,"86.7_50","2016:86.7_50","2016:Spring86.7_50","San Nicolas Island",0
7384,2016-04-08,"2016_86.7_50",86.7,"50",33.315,-119.657,2016-04-08 19:57:00,2016-04-08 20:02:00,"Stylocheiron longicorne",2016,4,"Spring",-119.7,33.3,"86.7_50","2016:86.7_50","2016:Spring86.7_50","San Nicolas Island",0
7384,2016-04-08,"2016_86.7_50",86.7,"50",33.315,-119.657,2016-04-08 19:57:00,2016-04-08 20:02:00,"Stylocheiron maximum",2016,4,"Spring",-119.7,33.3,"86.7_50","2016:86.7_50","2016:Spring86.7_50","San Nicolas Island",0
7384,2016-04-08,"2016_86.7_50",86.7,"50",33.315,-119.657,2016-04-08 19:57:00,2016-04-08 20:02:00,"Stylocheiron suhmi",2016,4,"Spring",-119.7,33.3,"86.7_50","2016:86.7_50","2016:Spring86.7_50","San Nicolas Island",0
7384,2016-04-08,"2016_86.7_50",86.7,"50",33.315,-119.657,2016-04-08 19:57:00,2016-04-08 20:02:00,"Tessarabrachion oculatum",2016,4,"Spring",-119.7,33.3,"86.7_50","2016:86.7_50","2016:Spring86.7_50","San Nicolas Island",0
7384,2016-04-08,"2016_86.7_50",86.7,"50",33.315,-119.657,2016-04-08 19:57:00,2016-04-08 20:02:00,"Thysanoessa gregaria",2016,4,"Spring",-119.7,33.3,"86.7_50","2016:86.7_50","2016:Spring86.7_50","San Nicolas Island",597.312
7384,2016-04-08,"2016_86.7_50",86.7,"50",33.315,-119.657,2016-04-08 19:57:00,2016-04-08 20:02:00,"Thysanoessa longipes",2016,4,"Spring",-119.7,33.3,"86.7_50","2016:86.7_50","2016:Spring86.7_50","San Nicolas Island",0
7384,2016-04-08,"2016_86.7_50",86.7,"50",33.315,-119.657,2016-04-08 19:57:00,2016-04-08 20:02:00,"Thysanoessa spinifera",2016,4,"Spring",-119.7,33.3,"86.7_50","2016:86.7_50","2016:Spring86.7_50","San Nicolas Island",659.376
7384,2016-04-08,"2016_86.7_50",86.7,"50",33.315,-119.657,2016-04-08 19:57:00,2016-04-08 20:02:00,"Thysanopoda astylata",2016,4,"Spring",-119.7,33.3,"86.7_50","2016:86.7_50","2016:Spring86.7_50","San Nicolas Island",0
7384,2016-04-08,"2016_86.7_50",86.7,"50",33.315,-119.657,2016-04-08 19:57:00,2016-04-08 20:02:00,"Thysanopoda cornuta",2016,4,"Spring",-119.7,33.3,"86.7_50","2016:86.7_50","2016:Spring86.7_50","San Nicolas Island",0
7384,2016-04-08,"2016_86.7_50",86.7,"50",33.315,-119.657,2016-04-08 19:57:00,2016-04-08 20:02:00,"Thysanopoda egregia",2016,4,"Spring",-119.7,33.3,"86.7_50","2016:86.7_50","2016:Spring86.7_50","San Nicolas Island",0
7384,2016-04-08,"2016_86.7_50",86.7,"50",33.315,-119.657,2016-04-08 19:57:00,2016-04-08 20:02:00,"Thysanopoda monacantha",2016,4,"Spring",-119.7,33.3,"86.7_50","2016:86.7_50","2016:Spring86.7_50","San Nicolas Island",0
7384,2016-04-08,"2016_86.7_50",86.7,"50",33.315,-119.657,2016-04-08 19:57:00,2016-04-08 20:02:00,"Thysanopoda obtusifrons",2016,4,"Spring",-119.7,33.3,"86.7_50","2016:86.7_50","2016:Spring86.7_50","San Nicolas Island",0
7384,2016-04-08,"2016_86.7_50",86.7,"50",33.315,-119.657,2016-04-08 19:57:00,2016-04-08 20:02:00,"Thysanopoda orientalis",2016,4,"Spring",-119.7,33.3,"86.7_50","2016:86.7_50","2016:Spring86.7_50","San Nicolas Island",0
7384,2016-04-08,"2016_86.7_50",86.7,"50",33.315,-119.657,2016-04-08 19:57:00,2016-04-08 20:02:00,"Thysanopoda pectinata",2016,4,"Spring",-119.7,33.3,"86.7_50","2016:86.7_50","2016:Spring86.7_50","San Nicolas Island",0
7435,2018-04-05,"2018_93.3_30",93.3,"30",32.848,-117.523,2018-04-05 22:57:00,2018-04-05 23:18:00,"Euphausia brevis",2018,4,"Spring",-117.5,32.8,"93.3_30","2018:93.3_30","2018:Spring93.3_30","San Diego Inshore",0
7435,2018-04-05,"2018_93.3_30",93.3,"30",32.848,-117.523,2018-04-05 22:57:00,2018-04-05 23:18:00,"Euphausia diomedeae",2018,4,"Spring",-117.5,32.8,"93.3_30","2018:93.3_30","2018:Spring93.3_30","San Diego Inshore",0
7435,2018-04-05,"2018_93.3_30",93.3,"30",32.848,-117.523,2018-04-05 22:57:00,2018-04-05 23:18:00,"Euphausia distinguenda",2018,4,"Spring",-117.5,32.8,"93.3_30","2018:93.3_30","2018:Spring93.3_30","San Diego Inshore",0
7435,2018-04-05,"2018_93.3_30",93.3,"30",32.848,-117.523,2018-04-05 22:57:00,2018-04-05 23:18:00,"Euphausia eximia",2018,4,"Spring",-117.5,32.8,"93.3_30","2018:93.3_30","2018:Spring93.3_30","San Diego Inshore",0
7435,2018-04-05,"2018_93.3_30",93.3,"30",32.848,-117.523,2018-04-05 22:57:00,2018-04-05 23:18:00,"Euphausia gibboides",2018,4,"Spring",-117.5,32.8,"93.3_30","2018:93.3_30","2018:Spring93.3_30","San Diego Inshore",0
7435,2018-04-05,"2018_93.3_30",93.3,"30",32.848,-117.523,2018-04-05 22:57:00,2018-04-05 23:18:00,"Euphausia hemigibba",2018,4,"Spring",-117.5,32.8,"93.3_30","2018:93.3_30","2018:Spring93.3_30","San Diego Inshore",0
7435,2018-04-05,"2018_93.3_30",93.3,"30",32.848,-117.523,2018-04-05 22:57:00,2018-04-05 23:18:00,"Euphausia lamelligera",2018,4,"Spring",-117.5,32.8,"93.3_30","2018:93.3_30","2018:Spring93.3_30","San Diego Inshore",0
7435,2018-04-05,"2018_93.3_30",93.3,"30",32.848,-117.523,2018-04-05 22:57:00,2018-04-05 23:18:00,"Euphausia mutica",2018,4,"Spring",-117.5,32.8,"93.3_30","2018:93.3_30","2018:Spring93.3_30","San Diego Inshore",0
7435,2018-04-05,"2018_93.3_30",93.3,"30",32.848,-117.523,2018-04-05 22:57:00,2018-04-05 23:18:00,"Euphausia pacifica",2018,4,"Spring",-117.5,32.8,"93.3_30","2018:93.3_30","2018:Spring93.3_30","San Diego Inshore",46.833
7435,2018-04-05,"2018_93.3_30",93.3,"30",32.848,-117.523,2018-04-05 22:57:00,2018-04-05 23:18:00,"Euphausia recurva",2018,4,"Spring",-117.5,32.8,"93.3_30","2018:93.3_30","2018:Spring93.3_30","San Diego Inshore",0
7435,2018-04-05,"2018_93.3_30",93.3,"30",32.848,-117.523,2018-04-05 22:57:00,2018-04-05 23:18:00,"Euphausia tenera",2018,4,"Spring",-117.5,32.8,"93.3_30","2018:93.3_30","2018:Spring93.3_30","San Diego Inshore",0
7435,2018-04-05,"2018_93.3_30",93.3,"30",32.848,-117.523,2018-04-05 22:57:00,2018-04-05 23:18:00,"Nematobrachion boopis",2018,4,"Spring",-117.5,32.8,"93.3_30","2018:93.3_30","2018:Spring93.3_30","San Diego Inshore",0
7435,2018-04-05,"2018_93.3_30",93.3,"30",32.848,-117.523,2018-04-05 22:57:00,2018-04-05 23:18:00,"Nematobrachion flexipes",2018,4,"Spring",-117.5,32.8,"93.3_30","2018:93.3_30","2018:Spring93.3_30","San Diego Inshore",1.809
7435,2018-04-05,"2018_93.3_30",93.3,"30",32.848,-117.523,2018-04-05 22:57:00,2018-04-05 23:18:00,"Nematoscelis atlantica",2018,4,"Spring",-117.5,32.8,"93.3_30","2018:93.3_30","2018:Spring93.3_30","San Diego Inshore",0
7435,2018-04-05,"2018_93.3_30",93.3,"30",32.848,-117.523,2018-04-05 22:57:00,2018-04-05 23:18:00,"Nematoscelis difficilis",2018,4,"Spring",-117.5,32.8,"93.3_30","2018:93.3_30","2018:Spring93.3_30","San Diego Inshore",337.278
7435,2018-04-05,"2018_93.3_30",93.3,"30",32.848,-117.523,2018-04-05 22:57:00,2018-04-05 23:18:00,"Nematoscelis gracilis",2018,4,"Spring",-117.5,32.8,"93.3_30","2018:93.3_30","2018:Spring93.3_30","San Diego Inshore",0
7435,2018-04-05,"2018_93.3_30",93.3,"30",32.848,-117.523,2018-04-05 22:57:00,2018-04-05 23:18:00,"Nematoscelis microps",2018,4,"Spring",-117.5,32.8,"93.3_30","2018:93.3_30","2018:Spring93.3_30","San Diego Inshore",0
7435,2018-04-05,"2018_93.3_30",93.3,"30",32.848,-117.523,2018-04-05 22:57:00,2018-04-05 23:18:00,"Nematoscelis tenella",2018,4,"Spring",-117.5,32.8,"93.3_30","2018:93.3_30","2018:Spring93.3_30","San Diego Inshore",0
7435,2018-04-05,"2018_93.3_30",93.3,"30",32.848,-117.523,2018-04-05 22:57:00,2018-04-05 23:18:00,"Nyctiphanes simplex",2018,4,"Spring",-117.5,32.8,"93.3_30","2018:93.3_30","2018:Spring93.3_30","San Diego Inshore",7.437
7435,2018-04-05,"2018_93.3_30",93.3,"30",32.848,-117.523,2018-04-05 22:57:00,2018-04-05 23:18:00,"Stylocheiron abbreviatum",2018,4,"Spring",-117.5,32.8,"93.3_30","2018:93.3_30","2018:Spring93.3_30","San Diego Inshore",0
7435,2018-04-05,"2018_93.3_30",93.3,"30",32.848,-117.523,2018-04-05 22:57:00,2018-04-05 23:18:00,"Stylocheiron affine",2018,4,"Spring",-117.5,32.8,"93.3_30","2018:93.3_30","2018:Spring93.3_30","San Diego Inshore",0
7435,2018-04-05,"2018_93.3_30",93.3,"30",32.848,-117.523,2018-04-05 22:57:00,2018-04-05 23:18:00,"Stylocheiron carinatum",2018,4,"Spring",-117.5,32.8,"93.3_30","2018:93.3_30","2018:Spring93.3_30","San Diego Inshore",0
7435,2018-04-05,"2018_93.3_30",93.3,"30",32.848,-117.523,2018-04-05 22:57:00,2018-04-05 23:18:00,"Stylocheiron elongatum",2018,4,"Spring",-117.5,32.8,"93.3_30","2018:93.3_30","2018:Spring93.3_30","San Diego Inshore",0
7435,2018-04-05,"2018_93.3_30",93.3,"30",32.848,-117.523,2018-04-05 22:57:00,2018-04-05 23:18:00,"Stylocheiron longicorne",2018,4,"Spring",-117.5,32.8,"93.3_30","2018:93.3_30","2018:Spring93.3_30","San Diego Inshore",7.638
7435,2018-04-05,"2018_93.3_30",93.3,"30",32.848,-117.523,2018-04-05 22:57:00,2018-04-05 23:18:00,"Stylocheiron maximum",2018,4,"Spring",-117.5,32.8,"93.3_30","2018:93.3_30","2018:Spring93.3_30","San Diego Inshore",1.809
7435,2018-04-05,"2018_93.3_30",93.3,"30",32.848,-117.523,2018-04-05 22:57:00,2018-04-05 23:18:00,"Stylocheiron suhmi",2018,4,"Spring",-117.5,32.8,"93.3_30","2018:93.3_30","2018:Spring93.3_30","San Diego Inshore",0
7435,2018-04-05,"2018_93.3_30",93.3,"30",32.848,-117.523,2018-04-05 22:57:00,2018-04-05 23:18:00,"Tessarabrachion oculatum",2018,4,"Spring",-117.5,32.8,"93.3_30","2018:93.3_30","2018:Spring93.3_30","San Diego Inshore",0
7435,2018-04-05,"2018_93.3_30",93.3,"30",32.848,-117.523,2018-04-05 22:57:00,2018-04-05 23:18:00,"Thysanoessa gregaria",2018,4,"Spring",-117.5,32.8,"93.3_30","2018:93.3_30","2018:Spring93.3_30","San Diego Inshore",13.065
7435,2018-04-05,"2018_93.3_30",93.3,"30",32.848,-117.523,2018-04-05 22:57:00,2018-04-05 23:18:00,"Thysanoessa longipes",2018,4,"Spring",-117.5,32.8,"93.3_30","2018:93.3_30","2018:Spring93.3_30","San Diego Inshore",0
7435,2018-04-05,"2018_93.3_30",93.3,"30",32.848,-117.523,2018-04-05 22:57:00,2018-04-05 23:18:00,"Thysanoessa spinifera",2018,4,"Spring",-117.5,32.8,"93.3_30","2018:93.3_30","2018:Spring93.3_30","San Diego Inshore",33.768
7435,2018-04-05,"2018_93.3_30",93.3,"30",32.848,-117.523,2018-04-05 22:57:00,2018-04-05 23:18:00,"Thysanopoda astylata",2018,4,"Spring",-117.5,32.8,"93.3_30","2018:93.3_30","2018:Spring93.3_30","San Diego Inshore",0
7435,2018-04-05,"2018_93.3_30",93.3,"30",32.848,-117.523,2018-04-05 22:57:00,2018-04-05 23:18:00,"Thysanopoda cornuta",2018,4,"Spring",-117.5,32.8,"93.3_30","2018:93.3_30","2018:Spring93.3_30","San Diego Inshore",0
7435,2018-04-05,"2018_93.3_30",93.3,"30",32.848,-117.523,2018-04-05 22:57:00,2018-04-05 23:18:00,"Thysanopoda egregia",2018,4,"Spring",-117.5,32.8,"93.3_30","2018:93.3_30","2018:Spring93.3_30","San Diego Inshore",0
7435,2018-04-05,"2018_93.3_30",93.3,"30",32.848,-117.523,2018-04-05 22:57:00,2018-04-05 23:18:00,"Thysanopoda monacantha",2018,4,"Spring",-117.5,32.8,"93.3_30","2018:93.3_30","2018:Spring93.3_30","San Diego Inshore",0
7435,2018-04-05,"2018_93.3_30",93.3,"30",32.848,-117.523,2018-04-05 22:57:00,2018-04-05 23:18:00,"Thysanopoda obtusifrons",2018,4,"Spring",-117.5,32.8,"93.3_30","2018:93.3_30","2018:Spring93.3_30","San Diego Inshore",0
7435,2018-04-05,"2018_93.3_30",93.3,"30",32.848,-117.523,2018-04-05 22:57:00,2018-04-05 23:18:00,"Thysanopoda orientalis",2018,4,"Spring",-117.5,32.8,"93.3_30","2018:93.3_30","2018:Spring93.3_30","San Diego Inshore",0
7435,2018-04-05,"2018_93.3_30",93.3,"30",32.848,-117.523,2018-04-05 22:57:00,2018-04-05 23:18:00,"Thysanopoda pectinata",2018,4,"Spring",-117.5,32.8,"93.3_30","2018:93.3_30","2018:Spring93.3_30","San Diego Inshore",0
7437,2018-04-06,"2018_93.3_60",93.3,"60",31.848,-119.572,2018-04-06 22:21:00,2018-04-06 22:43:00,"Euphausia brevis",2018,4,"Spring",-119.6,31.8,"93.3_60","2018:93.3_60","2018:Spring93.3_60","San Diego Offshore",0
7437,2018-04-06,"2018_93.3_60",93.3,"60",31.848,-119.572,2018-04-06 22:21:00,2018-04-06 22:43:00,"Euphausia diomedeae",2018,4,"Spring",-119.6,31.8,"93.3_60","2018:93.3_60","2018:Spring93.3_60","San Diego Offshore",0
7437,2018-04-06,"2018_93.3_60",93.3,"60",31.848,-119.572,2018-04-06 22:21:00,2018-04-06 22:43:00,"Euphausia distinguenda",2018,4,"Spring",-119.6,31.8,"93.3_60","2018:93.3_60","2018:Spring93.3_60","San Diego Offshore",0
7437,2018-04-06,"2018_93.3_60",93.3,"60",31.848,-119.572,2018-04-06 22:21:00,2018-04-06 22:43:00,"Euphausia eximia",2018,4,"Spring",-119.6,31.8,"93.3_60","2018:93.3_60","2018:Spring93.3_60","San Diego Offshore",0
7437,2018-04-06,"2018_93.3_60",93.3,"60",31.848,-119.572,2018-04-06 22:21:00,2018-04-06 22:43:00,"Euphausia gibboides",2018,4,"Spring",-119.6,31.8,"93.3_60","2018:93.3_60","2018:Spring93.3_60","San Diego Offshore",3.834
7437,2018-04-06,"2018_93.3_60",93.3,"60",31.848,-119.572,2018-04-06 22:21:00,2018-04-06 22:43:00,"Euphausia hemigibba",2018,4,"Spring",-119.6,31.8,"93.3_60","2018:93.3_60","2018:Spring93.3_60","San Diego Offshore",0
7437,2018-04-06,"2018_93.3_60",93.3,"60",31.848,-119.572,2018-04-06 22:21:00,2018-04-06 22:43:00,"Euphausia lamelligera",2018,4,"Spring",-119.6,31.8,"93.3_60","2018:93.3_60","2018:Spring93.3_60","San Diego Offshore",0
7437,2018-04-06,"2018_93.3_60",93.3,"60",31.848,-119.572,2018-04-06 22:21:00,2018-04-06 22:43:00,"Euphausia mutica",2018,4,"Spring",-119.6,31.8,"93.3_60","2018:93.3_60","2018:Spring93.3_60","San Diego Offshore",3.834
7437,2018-04-06,"2018_93.3_60",93.3,"60",31.848,-119.572,2018-04-06 22:21:00,2018-04-06 22:43:00,"Euphausia pacifica",2018,4,"Spring",-119.6,31.8,"93.3_60","2018:93.3_60","2018:Spring93.3_60","San Diego Offshore",34.506
7437,2018-04-06,"2018_93.3_60",93.3,"60",31.848,-119.572,2018-04-06 22:21:00,2018-04-06 22:43:00,"Euphausia recurva",2018,4,"Spring",-119.6,31.8,"93.3_60","2018:93.3_60","2018:Spring93.3_60","San Diego Offshore",7.668
7437,2018-04-06,"2018_93.3_60",93.3,"60",31.848,-119.572,2018-04-06 22:21:00,2018-04-06 22:43:00,"Euphausia tenera",2018,4,"Spring",-119.6,31.8,"93.3_60","2018:93.3_60","2018:Spring93.3_60","San Diego Offshore",0
7437,2018-04-06,"2018_93.3_60",93.3,"60",31.848,-119.572,2018-04-06 22:21:00,2018-04-06 22:43:00,"Nematobrachion boopis",2018,4,"Spring",-119.6,31.8,"93.3_60","2018:93.3_60","2018:Spring93.3_60","San Diego Offshore",0
7437,2018-04-06,"2018_93.3_60",93.3,"60",31.848,-119.572,2018-04-06 22:21:00,2018-04-06 22:43:00,"Nematobrachion flexipes",2018,4,"Spring",-119.6,31.8,"93.3_60","2018:93.3_60","2018:Spring93.3_60","San Diego Offshore",9.585
7437,2018-04-06,"2018_93.3_60",93.3,"60",31.848,-119.572,2018-04-06 22:21:00,2018-04-06 22:43:00,"Nematoscelis atlantica",2018,4,"Spring",-119.6,31.8,"93.3_60","2018:93.3_60","2018:Spring93.3_60","San Diego Offshore",0
7437,2018-04-06,"2018_93.3_60",93.3,"60",31.848,-119.572,2018-04-06 22:21:00,2018-04-06 22:43:00,"Nematoscelis difficilis",2018,4,"Spring",-119.6,31.8,"93.3_60","2018:93.3_60","2018:Spring93.3_60","San Diego Offshore",90.099
7437,2018-04-06,"2018_93.3_60",93.3,"60",31.848,-119.572,2018-04-06 22:21:00,2018-04-06 22:43:00,"Nematoscelis gracilis",2018,4,"Spring",-119.6,31.8,"93.3_60","2018:93.3_60","2018:Spring93.3_60","San Diego Offshore",0
7437,2018-04-06,"2018_93.3_60",93.3,"60",31.848,-119.572,2018-04-06 22:21:00,2018-04-06 22:43:00,"Nematoscelis microps",2018,4,"Spring",-119.6,31.8,"93.3_60","2018:93.3_60","2018:Spring93.3_60","San Diego Offshore",0
7437,2018-04-06,"2018_93.3_60",93.3,"60",31.848,-119.572,2018-04-06 22:21:00,2018-04-06 22:43:00,"Nematoscelis tenella",2018,4,"Spring",-119.6,31.8,"93.3_60","2018:93.3_60","2018:Spring93.3_60","San Diego Offshore",0
7437,2018-04-06,"2018_93.3_60",93.3,"60",31.848,-119.572,2018-04-06 22:21:00,2018-04-06 22:43:00,"Nyctiphanes simplex",2018,4,"Spring",-119.6,31.8,"93.3_60","2018:93.3_60","2018:Spring93.3_60","San Diego Offshore",0
7437,2018-04-06,"2018_93.3_60",93.3,"60",31.848,-119.572,2018-04-06 22:21:00,2018-04-06 22:43:00,"Stylocheiron abbreviatum",2018,4,"Spring",-119.6,31.8,"93.3_60","2018:93.3_60","2018:Spring93.3_60","San Diego Offshore",0
7437,2018-04-06,"2018_93.3_60",93.3,"60",31.848,-119.572,2018-04-06 22:21:00,2018-04-06 22:43:00,"Stylocheiron affine",2018,4,"Spring",-119.6,31.8,"93.3_60","2018:93.3_60","2018:Spring93.3_60","San Diego Offshore",11.502
7437,2018-04-06,"2018_93.3_60",93.3,"60",31.848,-119.572,2018-04-06 22:21:00,2018-04-06 22:43:00,"Stylocheiron carinatum",2018,4,"Spring",-119.6,31.8,"93.3_60","2018:93.3_60","2018:Spring93.3_60","San Diego Offshore",0
7437,2018-04-06,"2018_93.3_60",93.3,"60",31.848,-119.572,2018-04-06 22:21:00,2018-04-06 22:43:00,"Stylocheiron elongatum",2018,4,"Spring",-119.6,31.8,"93.3_60","2018:93.3_60","2018:Spring93.3_60","San Diego Offshore",0
7437,2018-04-06,"2018_93.3_60",93.3,"60",31.848,-119.572,2018-04-06 22:21:00,2018-04-06 22:43:00,"Stylocheiron longicorne",2018,4,"Spring",-119.6,31.8,"93.3_60","2018:93.3_60","2018:Spring93.3_60","San Diego Offshore",46.008
7437,2018-04-06,"2018_93.3_60",93.3,"60",31.848,-119.572,2018-04-06 22:21:00,2018-04-06 22:43:00,"Stylocheiron maximum",2018,4,"Spring",-119.6,31.8,"93.3_60","2018:93.3_60","2018:Spring93.3_60","San Diego Offshore",11.502
7437,2018-04-06,"2018_93.3_60",93.3,"60",31.848,-119.572,2018-04-06 22:21:00,2018-04-06 22:43:00,"Stylocheiron suhmi",2018,4,"Spring",-119.6,31.8,"93.3_60","2018:93.3_60","2018:Spring93.3_60","San Diego Offshore",0
7437,2018-04-06,"2018_93.3_60",93.3,"60",31.848,-119.572,2018-04-06 22:21:00,2018-04-06 22:43:00,"Tessarabrachion oculatum",2018,4,"Spring",-119.6,31.8,"93.3_60","2018:93.3_60","2018:Spring93.3_60","San Diego Offshore",0
7437,2018-04-06,"2018_93.3_60",93.3,"60",31.848,-119.572,2018-04-06 22:21:00,2018-04-06 22:43:00,"Thysanoessa gregaria",2018,4,"Spring",-119.6,31.8,"93.3_60","2018:93.3_60","2018:Spring93.3_60","San Diego Offshore",21.087
7437,2018-04-06,"2018_93.3_60",93.3,"60",31.848,-119.572,2018-04-06 22:21:00,2018-04-06 22:43:00,"Thysanoessa longipes",2018,4,"Spring",-119.6,31.8,"93.3_60","2018:93.3_60","2018:Spring93.3_60","San Diego Offshore",0
7437,2018-04-06,"2018_93.3_60",93.3,"60",31.848,-119.572,2018-04-06 22:21:00,2018-04-06 22:43:00,"Thysanoessa spinifera",2018,4,"Spring",-119.6,31.8,"93.3_60","2018:93.3_60","2018:Spring93.3_60","San Diego Offshore",0
7437,2018-04-06,"2018_93.3_60",93.3,"60",31.848,-119.572,2018-04-06 22:21:00,2018-04-06 22:43:00,"Thysanopoda astylata",2018,4,"Spring",-119.6,31.8,"93.3_60","2018:93.3_60","2018:Spring93.3_60","San Diego Offshore",0
7437,2018-04-06,"2018_93.3_60",93.3,"60",31.848,-119.572,2018-04-06 22:21:00,2018-04-06 22:43:00,"Thysanopoda cornuta",2018,4,"Spring",-119.6,31.8,"93.3_60","2018:93.3_60","2018:Spring93.3_60","San Diego Offshore",0
7437,2018-04-06,"2018_93.3_60",93.3,"60",31.848,-119.572,2018-04-06 22:21:00,2018-04-06 22:43:00,"Thysanopoda egregia",2018,4,"Spring",-119.6,31.8,"93.3_60","2018:93.3_60","2018:Spring93.3_60","San Diego Offshore",0
7437,2018-04-06,"2018_93.3_60",93.3,"60",31.848,-119.572,2018-04-06 22:21:00,2018-04-06 22:43:00,"Thysanopoda monacantha",2018,4,"Spring",-119.6,31.8,"93.3_60","2018:93.3_60","2018:Spring93.3_60","San Diego Offshore",0
7437,2018-04-06,"2018_93.3_60",93.3,"60",31.848,-119.572,2018-04-06 22:21:00,2018-04-06 22:43:00,"Thysanopoda obtusifrons",2018,4,"Spring",-119.6,31.8,"93.3_60","2018:93.3_60","2018:Spring93.3_60","San Diego Offshore",0
7437,2018-04-06,"2018_93.3_60",93.3,"60",31.848,-119.572,2018-04-06 22:21:00,2018-04-06 22:43:00,"Thysanopoda orientalis",2018,4,"Spring",-119.6,31.8,"93.3_60","2018:93.3_60","2018:Spring93.3_60","San Diego Offshore",0
7437,2018-04-06,"2018_93.3_60",93.3,"60",31.848,-119.572,2018-04-06 22:21:00,2018-04-06 22:43:00,"Thysanopoda pectinata",2018,4,"Spring",-119.6,31.8,"93.3_60","2018:93.3_60","2018:Spring93.3_60","San Diego Offshore",0
7451,2018-04-18,"2018_80_60",80,"60",34.148,-121.148,2018-04-18 01:16:00,2018-04-18 01:40:00,"Euphausia brevis",2018,4,"Spring",-121.1,34.1,"80_60","2018:80_60","2018:Spring80_60","Pt. Conception",0
7451,2018-04-18,"2018_80_60",80,"60",34.148,-121.148,2018-04-18 01:16:00,2018-04-18 01:40:00,"Euphausia diomedeae",2018,4,"Spring",-121.1,34.1,"80_60","2018:80_60","2018:Spring80_60","Pt. Conception",0
7451,2018-04-18,"2018_80_60",80,"60",34.148,-121.148,2018-04-18 01:16:00,2018-04-18 01:40:00,"Euphausia distinguenda",2018,4,"Spring",-121.1,34.1,"80_60","2018:80_60","2018:Spring80_60","Pt. Conception",0
7451,2018-04-18,"2018_80_60",80,"60",34.148,-121.148,2018-04-18 01:16:00,2018-04-18 01:40:00,"Euphausia eximia",2018,4,"Spring",-121.1,34.1,"80_60","2018:80_60","2018:Spring80_60","Pt. Conception",0
7451,2018-04-18,"2018_80_60",80,"60",34.148,-121.148,2018-04-18 01:16:00,2018-04-18 01:40:00,"Euphausia gibboides",2018,4,"Spring",-121.1,34.1,"80_60","2018:80_60","2018:Spring80_60","Pt. Conception",0
7451,2018-04-18,"2018_80_60",80,"60",34.148,-121.148,2018-04-18 01:16:00,2018-04-18 01:40:00,"Euphausia hemigibba",2018,4,"Spring",-121.1,34.1,"80_60","2018:80_60","2018:Spring80_60","Pt. Conception",0
7451,2018-04-18,"2018_80_60",80,"60",34.148,-121.148,2018-04-18 01:16:00,2018-04-18 01:40:00,"Euphausia lamelligera",2018,4,"Spring",-121.1,34.1,"80_60","2018:80_60","2018:Spring80_60","Pt. Conception",0
7451,2018-04-18,"2018_80_60",80,"60",34.148,-121.148,2018-04-18 01:16:00,2018-04-18 01:40:00,"Euphausia mutica",2018,4,"Spring",-121.1,34.1,"80_60","2018:80_60","2018:Spring80_60","Pt. Conception",0
7451,2018-04-18,"2018_80_60",80,"60",34.148,-121.148,2018-04-18 01:16:00,2018-04-18 01:40:00,"Euphausia pacifica",2018,4,"Spring",-121.1,34.1,"80_60","2018:80_60","2018:Spring80_60","Pt. Conception",1292.886
7451,2018-04-18,"2018_80_60",80,"60",34.148,-121.148,2018-04-18 01:16:00,2018-04-18 01:40:00,"Euphausia recurva",2018,4,"Spring",-121.1,34.1,"80_60","2018:80_60","2018:Spring80_60","Pt. Conception",0
7451,2018-04-18,"2018_80_60",80,"60",34.148,-121.148,2018-04-18 01:16:00,2018-04-18 01:40:00,"Euphausia tenera",2018,4,"Spring",-121.1,34.1,"80_60","2018:80_60","2018:Spring80_60","Pt. Conception",0
7451,2018-04-18,"2018_80_60",80,"60",34.148,-121.148,2018-04-18 01:16:00,2018-04-18 01:40:00,"Nematobrachion boopis",2018,4,"Spring",-121.1,34.1,"80_60","2018:80_60","2018:Spring80_60","Pt. Conception",0
7451,2018-04-18,"2018_80_60",80,"60",34.148,-121.148,2018-04-18 01:16:00,2018-04-18 01:40:00,"Nematobrachion flexipes",2018,4,"Spring",-121.1,34.1,"80_60","2018:80_60","2018:Spring80_60","Pt. Conception",0
7451,2018-04-18,"2018_80_60",80,"60",34.148,-121.148,2018-04-18 01:16:00,2018-04-18 01:40:00,"Nematoscelis atlantica",2018,4,"Spring",-121.1,34.1,"80_60","2018:80_60","2018:Spring80_60","Pt. Conception",0
7451,2018-04-18,"2018_80_60",80,"60",34.148,-121.148,2018-04-18 01:16:00,2018-04-18 01:40:00,"Nematoscelis difficilis",2018,4,"Spring",-121.1,34.1,"80_60","2018:80_60","2018:Spring80_60","Pt. Conception",179.025
7451,2018-04-18,"2018_80_60",80,"60",34.148,-121.148,2018-04-18 01:16:00,2018-04-18 01:40:00,"Nematoscelis gracilis",2018,4,"Spring",-121.1,34.1,"80_60","2018:80_60","2018:Spring80_60","Pt. Conception",0
7451,2018-04-18,"2018_80_60",80,"60",34.148,-121.148,2018-04-18 01:16:00,2018-04-18 01:40:00,"Nematoscelis microps",2018,4,"Spring",-121.1,34.1,"80_60","2018:80_60","2018:Spring80_60","Pt. Conception",0
7451,2018-04-18,"2018_80_60",80,"60",34.148,-121.148,2018-04-18 01:16:00,2018-04-18 01:40:00,"Nematoscelis tenella",2018,4,"Spring",-121.1,34.1,"80_60","2018:80_60","2018:Spring80_60","Pt. Conception",0
7451,2018-04-18,"2018_80_60",80,"60",34.148,-121.148,2018-04-18 01:16:00,2018-04-18 01:40:00,"Nyctiphanes simplex",2018,4,"Spring",-121.1,34.1,"80_60","2018:80_60","2018:Spring80_60","Pt. Conception",22.351
7451,2018-04-18,"2018_80_60",80,"60",34.148,-121.148,2018-04-18 01:16:00,2018-04-18 01:40:00,"Stylocheiron abbreviatum",2018,4,"Spring",-121.1,34.1,"80_60","2018:80_60","2018:Spring80_60","Pt. Conception",0
7451,2018-04-18,"2018_80_60",80,"60",34.148,-121.148,2018-04-18 01:16:00,2018-04-18 01:40:00,"Stylocheiron affine",2018,4,"Spring",-121.1,34.1,"80_60","2018:80_60","2018:Spring80_60","Pt. Conception",7.378
7451,2018-04-18,"2018_80_60",80,"60",34.148,-121.148,2018-04-18 01:16:00,2018-04-18 01:40:00,"Stylocheiron carinatum",2018,4,"Spring",-121.1,34.1,"80_60","2018:80_60","2018:Spring80_60","Pt. Conception",0
7451,2018-04-18,"2018_80_60",80,"60",34.148,-121.148,2018-04-18 01:16:00,2018-04-18 01:40:00,"Stylocheiron elongatum",2018,4,"Spring",-121.1,34.1,"80_60","2018:80_60","2018:Spring80_60","Pt. Conception",0
7451,2018-04-18,"2018_80_60",80,"60",34.148,-121.148,2018-04-18 01:16:00,2018-04-18 01:40:00,"Stylocheiron longicorne",2018,4,"Spring",-121.1,34.1,"80_60","2018:80_60","2018:Spring80_60","Pt. Conception",7.378
7451,2018-04-18,"2018_80_60",80,"60",34.148,-121.148,2018-04-18 01:16:00,2018-04-18 01:40:00,"Stylocheiron maximum",2018,4,"Spring",-121.1,34.1,"80_60","2018:80_60","2018:Spring80_60","Pt. Conception",0
7451,2018-04-18,"2018_80_60",80,"60",34.148,-121.148,2018-04-18 01:16:00,2018-04-18 01:40:00,"Stylocheiron suhmi",2018,4,"Spring",-121.1,34.1,"80_60","2018:80_60","2018:Spring80_60","Pt. Conception",0
7451,2018-04-18,"2018_80_60",80,"60",34.148,-121.148,2018-04-18 01:16:00,2018-04-18 01:40:00,"Tessarabrachion oculatum",2018,4,"Spring",-121.1,34.1,"80_60","2018:80_60","2018:Spring80_60","Pt. Conception",0
7451,2018-04-18,"2018_80_60",80,"60",34.148,-121.148,2018-04-18 01:16:00,2018-04-18 01:40:00,"Thysanoessa gregaria",2018,4,"Spring",-121.1,34.1,"80_60","2018:80_60","2018:Spring80_60","Pt. Conception",0
7451,2018-04-18,"2018_80_60",80,"60",34.148,-121.148,2018-04-18 01:16:00,2018-04-18 01:40:00,"Thysanoessa longipes",2018,4,"Spring",-121.1,34.1,"80_60","2018:80_60","2018:Spring80_60","Pt. Conception",0
7451,2018-04-18,"2018_80_60",80,"60",34.148,-121.148,2018-04-18 01:16:00,2018-04-18 01:40:00,"Thysanoessa spinifera",2018,4,"Spring",-121.1,34.1,"80_60","2018:80_60","2018:Spring80_60","Pt. Conception",7.378
7451,2018-04-18,"2018_80_60",80,"60",34.148,-121.148,2018-04-18 01:16:00,2018-04-18 01:40:00,"Thysanopoda astylata",2018,4,"Spring",-121.1,34.1,"80_60","2018:80_60","2018:Spring80_60","Pt. Conception",0
7451,2018-04-18,"2018_80_60",80,"60",34.148,-121.148,2018-04-18 01:16:00,2018-04-18 01:40:00,"Thysanopoda cornuta",2018,4,"Spring",-121.1,34.1,"80_60","2018:80_60","2018:Spring80_60","Pt. Conception",0
7451,2018-04-18,"2018_80_60",80,"60",34.148,-121.148,2018-04-18 01:16:00,2018-04-18 01:40:00,"Thysanopoda egregia",2018,4,"Spring",-121.1,34.1,"80_60","2018:80_60","2018:Spring80_60","Pt. Conception",0
7451,2018-04-18,"2018_80_60",80,"60",34.148,-121.148,2018-04-18 01:16:00,2018-04-18 01:40:00,"Thysanopoda monacantha",2018,4,"Spring",-121.1,34.1,"80_60","2018:80_60","2018:Spring80_60","Pt. Conception",0
7451,2018-04-18,"2018_80_60",80,"60",34.148,-121.148,2018-04-18 01:16:00,2018-04-18 01:40:00,"Thysanopoda obtusifrons",2018,4,"Spring",-121.1,34.1,"80_60","2018:80_60","2018:Spring80_60","Pt. Conception",0
7451,2018-04-18,"2018_80_60",80,"60",34.148,-121.148,2018-04-18 01:16:00,2018-04-18 01:40:00,"Thysanopoda orientalis",2018,4,"Spring",-121.1,34.1,"80_60","2018:80_60","2018:Spring80_60","Pt. Conception",0
7451,2018-04-18,"2018_80_60",80,"60",34.148,-121.148,2018-04-18 01:16:00,2018-04-18 01:40:00,"Thysanopoda pectinata",2018,4,"Spring",-121.1,34.1,"80_60","2018:80_60","2018:Spring80_60","Pt. Conception",0
7466,2019-04-02,"2019_93.3_30",93.3,"30",32.848,-117.525,2019-04-02 21:23:00,2019-04-02 21:44:00,"Euphausia brevis",2019,4,"Spring",-117.5,32.8,"93.3_30","2019:93.3_30","2019:Spring93.3_30","San Diego Inshore",0
7466,2019-04-02,"2019_93.3_30",93.3,"30",32.848,-117.525,2019-04-02 21:23:00,2019-04-02 21:44:00,"Euphausia diomedeae",2019,4,"Spring",-117.5,32.8,"93.3_30","2019:93.3_30","2019:Spring93.3_30","San Diego Inshore",0
7466,2019-04-02,"2019_93.3_30",93.3,"30",32.848,-117.525,2019-04-02 21:23:00,2019-04-02 21:44:00,"Euphausia distinguenda",2019,4,"Spring",-117.5,32.8,"93.3_30","2019:93.3_30","2019:Spring93.3_30","San Diego Inshore",0
7466,2019-04-02,"2019_93.3_30",93.3,"30",32.848,-117.525,2019-04-02 21:23:00,2019-04-02 21:44:00,"Euphausia eximia",2019,4,"Spring",-117.5,32.8,"93.3_30","2019:93.3_30","2019:Spring93.3_30","San Diego Inshore",0
7466,2019-04-02,"2019_93.3_30",93.3,"30",32.848,-117.525,2019-04-02 21:23:00,2019-04-02 21:44:00,"Euphausia gibboides",2019,4,"Spring",-117.5,32.8,"93.3_30","2019:93.3_30","2019:Spring93.3_30","San Diego Inshore",3.69
7466,2019-04-02,"2019_93.3_30",93.3,"30",32.848,-117.525,2019-04-02 21:23:00,2019-04-02 21:44:00,"Euphausia hemigibba",2019,4,"Spring",-117.5,32.8,"93.3_30","2019:93.3_30","2019:Spring93.3_30","San Diego Inshore",0
7466,2019-04-02,"2019_93.3_30",93.3,"30",32.848,-117.525,2019-04-02 21:23:00,2019-04-02 21:44:00,"Euphausia lamelligera",2019,4,"Spring",-117.5,32.8,"93.3_30","2019:93.3_30","2019:Spring93.3_30","San Diego Inshore",0
7466,2019-04-02,"2019_93.3_30",93.3,"30",32.848,-117.525,2019-04-02 21:23:00,2019-04-02 21:44:00,"Euphausia mutica",2019,4,"Spring",-117.5,32.8,"93.3_30","2019:93.3_30","2019:Spring93.3_30","San Diego Inshore",0
7466,2019-04-02,"2019_93.3_30",93.3,"30",32.848,-117.525,2019-04-02 21:23:00,2019-04-02 21:44:00,"Euphausia pacifica",2019,4,"Spring",-117.5,32.8,"93.3_30","2019:93.3_30","2019:Spring93.3_30","San Diego Inshore",855.67
7466,2019-04-02,"2019_93.3_30",93.3,"30",32.848,-117.525,2019-04-02 21:23:00,2019-04-02 21:44:00,"Euphausia recurva",2019,4,"Spring",-117.5,32.8,"93.3_30","2019:93.3_30","2019:Spring93.3_30","San Diego Inshore",18.86
7466,2019-04-02,"2019_93.3_30",93.3,"30",32.848,-117.525,2019-04-02 21:23:00,2019-04-02 21:44:00,"Euphausia tenera",2019,4,"Spring",-117.5,32.8,"93.3_30","2019:93.3_30","2019:Spring93.3_30","San Diego Inshore",0
7466,2019-04-02,"2019_93.3_30",93.3,"30",32.848,-117.525,2019-04-02 21:23:00,2019-04-02 21:44:00,"Nematobrachion boopis",2019,4,"Spring",-117.5,32.8,"93.3_30","2019:93.3_30","2019:Spring93.3_30","San Diego Inshore",0
7466,2019-04-02,"2019_93.3_30",93.3,"30",32.848,-117.525,2019-04-02 21:23:00,2019-04-02 21:44:00,"Nematobrachion flexipes",2019,4,"Spring",-117.5,32.8,"93.3_30","2019:93.3_30","2019:Spring93.3_30","San Diego Inshore",0
7466,2019-04-02,"2019_93.3_30",93.3,"30",32.848,-117.525,2019-04-02 21:23:00,2019-04-02 21:44:00,"Nematoscelis atlantica",2019,4,"Spring",-117.5,32.8,"93.3_30","2019:93.3_30","2019:Spring93.3_30","San Diego Inshore",0
7466,2019-04-02,"2019_93.3_30",93.3,"30",32.848,-117.525,2019-04-02 21:23:00,2019-04-02 21:44:00,"Nematoscelis difficilis",2019,4,"Spring",-117.5,32.8,"93.3_30","2019:93.3_30","2019:Spring93.3_30","San Diego Inshore",984
7466,2019-04-02,"2019_93.3_30",93.3,"30",32.848,-117.525,2019-04-02 21:23:00,2019-04-02 21:44:00,"Nematoscelis gracilis",2019,4,"Spring",-117.5,32.8,"93.3_30","2019:93.3_30","2019:Spring93.3_30","San Diego Inshore",0
7466,2019-04-02,"2019_93.3_30",93.3,"30",32.848,-117.525,2019-04-02 21:23:00,2019-04-02 21:44:00,"Nematoscelis microps",2019,4,"Spring",-117.5,32.8,"93.3_30","2019:93.3_30","2019:Spring93.3_30","San Diego Inshore",0
7466,2019-04-02,"2019_93.3_30",93.3,"30",32.848,-117.525,2019-04-02 21:23:00,2019-04-02 21:44:00,"Nematoscelis tenella",2019,4,"Spring",-117.5,32.8,"93.3_30","2019:93.3_30","2019:Spring93.3_30","San Diego Inshore",0
7466,2019-04-02,"2019_93.3_30",93.3,"30",32.848,-117.525,2019-04-02 21:23:00,2019-04-02 21:44:00,"Nyctiphanes simplex",2019,4,"Spring",-117.5,32.8,"93.3_30","2019:93.3_30","2019:Spring93.3_30","San Diego Inshore",252.765
7466,2019-04-02,"2019_93.3_30",93.3,"30",32.848,-117.525,2019-04-02 21:23:00,2019-04-02 21:44:00,"Stylocheiron abbreviatum",2019,4,"Spring",-117.5,32.8,"93.3_30","2019:93.3_30","2019:Spring93.3_30","San Diego Inshore",0
7466,2019-04-02,"2019_93.3_30",93.3,"30",32.848,-117.525,2019-04-02 21:23:00,2019-04-02 21:44:00,"Stylocheiron affine",2019,4,"Spring",-117.5,32.8,"93.3_30","2019:93.3_30","2019:Spring93.3_30","San Diego Inshore",22.55
7466,2019-04-02,"2019_93.3_30",93.3,"30",32.848,-117.525,2019-04-02 21:23:00,2019-04-02 21:44:00,"Stylocheiron carinatum",2019,4,"Spring",-117.5,32.8,"93.3_30","2019:93.3_30","2019:Spring93.3_30","San Diego Inshore",0
7466,2019-04-02,"2019_93.3_30",93.3,"30",32.848,-117.525,2019-04-02 21:23:00,2019-04-02 21:44:00,"Stylocheiron elongatum",2019,4,"Spring",-117.5,32.8,"93.3_30","2019:93.3_30","2019:Spring93.3_30","San Diego Inshore",0
7466,2019-04-02,"2019_93.3_30",93.3,"30",32.848,-117.525,2019-04-02 21:23:00,2019-04-02 21:44:00,"Stylocheiron longicorne",2019,4,"Spring",-117.5,32.8,"93.3_30","2019:93.3_30","2019:Spring93.3_30","San Diego Inshore",0
7466,2019-04-02,"2019_93.3_30",93.3,"30",32.848,-117.525,2019-04-02 21:23:00,2019-04-02 21:44:00,"Stylocheiron maximum",2019,4,"Spring",-117.5,32.8,"93.3_30","2019:93.3_30","2019:Spring93.3_30","San Diego Inshore",0
7466,2019-04-02,"2019_93.3_30",93.3,"30",32.848,-117.525,2019-04-02 21:23:00,2019-04-02 21:44:00,"Stylocheiron suhmi",2019,4,"Spring",-117.5,32.8,"93.3_30","2019:93.3_30","2019:Spring93.3_30","San Diego Inshore",0
7466,2019-04-02,"2019_93.3_30",93.3,"30",32.848,-117.525,2019-04-02 21:23:00,2019-04-02 21:44:00,"Tessarabrachion oculatum",2019,4,"Spring",-117.5,32.8,"93.3_30","2019:93.3_30","2019:Spring93.3_30","San Diego Inshore",0
7466,2019-04-02,"2019_93.3_30",93.3,"30",32.848,-117.525,2019-04-02 21:23:00,2019-04-02 21:44:00,"Thysanoessa gregaria",2019,4,"Spring",-117.5,32.8,"93.3_30","2019:93.3_30","2019:Spring93.3_30","San Diego Inshore",71.75
7466,2019-04-02,"2019_93.3_30",93.3,"30",32.848,-117.525,2019-04-02 21:23:00,2019-04-02 21:44:00,"Thysanoessa longipes",2019,4,"Spring",-117.5,32.8,"93.3_30","2019:93.3_30","2019:Spring93.3_30","San Diego Inshore",0
7466,2019-04-02,"2019_93.3_30",93.3,"30",32.848,-117.525,2019-04-02 21:23:00,2019-04-02 21:44:00,"Thysanoessa spinifera",2019,4,"Spring",-117.5,32.8,"93.3_30","2019:93.3_30","2019:Spring93.3_30","San Diego Inshore",67.855
7466,2019-04-02,"2019_93.3_30",93.3,"30",32.848,-117.525,2019-04-02 21:23:00,2019-04-02 21:44:00,"Thysanopoda astylata",2019,4,"Spring",-117.5,32.8,"93.3_30","2019:93.3_30","2019:Spring93.3_30","San Diego Inshore",0
7466,2019-04-02,"2019_93.3_30",93.3,"30",32.848,-117.525,2019-04-02 21:23:00,2019-04-02 21:44:00,"Thysanopoda cornuta",2019,4,"Spring",-117.5,32.8,"93.3_30","2019:93.3_30","2019:Spring93.3_30","San Diego Inshore",0
7466,2019-04-02,"2019_93.3_30",93.3,"30",32.848,-117.525,2019-04-02 21:23:00,2019-04-02 21:44:00,"Thysanopoda egregia",2019,4,"Spring",-117.5,32.8,"93.3_30","2019:93.3_30","2019:Spring93.3_30","San Diego Inshore",0
7466,2019-04-02,"2019_93.3_30",93.3,"30",32.848,-117.525,2019-04-02 21:23:00,2019-04-02 21:44:00,"Thysanopoda monacantha",2019,4,"Spring",-117.5,32.8,"93.3_30","2019:93.3_30","2019:Spring93.3_30","San Diego Inshore",0
7466,2019-04-02,"2019_93.3_30",93.3,"30",32.848,-117.525,2019-04-02 21:23:00,2019-04-02 21:44:00,"Thysanopoda obtusifrons",2019,4,"Spring",-117.5,32.8,"93.3_30","2019:93.3_30","2019:Spring93.3_30","San Diego Inshore",0
7466,2019-04-02,"2019_93.3_30",93.3,"30",32.848,-117.525,2019-04-02 21:23:00,2019-04-02 21:44:00,"Thysanopoda orientalis",2019,4,"Spring",-117.5,32.8,"93.3_30","2019:93.3_30","2019:Spring93.3_30","San Diego Inshore",0
7466,2019-04-02,"2019_93.3_30",93.3,"30",32.848,-117.525,2019-04-02 21:23:00,2019-04-02 21:44:00,"Thysanopoda pectinata",2019,4,"Spring",-117.5,32.8,"93.3_30","2019:93.3_30","2019:Spring93.3_30","San Diego Inshore",0
7468,2019-04-03,"2019_93.3_60",93.3,"60",31.847,-119.568,2019-04-03 21:21:00,2019-04-03 21:42:00,"Euphausia brevis",2019,4,"Spring",-119.6,31.8,"93.3_60","2019:93.3_60","2019:Spring93.3_60","San Diego Offshore",0
7468,2019-04-03,"2019_93.3_60",93.3,"60",31.847,-119.568,2019-04-03 21:21:00,2019-04-03 21:42:00,"Euphausia diomedeae",2019,4,"Spring",-119.6,31.8,"93.3_60","2019:93.3_60","2019:Spring93.3_60","San Diego Offshore",0
7468,2019-04-03,"2019_93.3_60",93.3,"60",31.847,-119.568,2019-04-03 21:21:00,2019-04-03 21:42:00,"Euphausia distinguenda",2019,4,"Spring",-119.6,31.8,"93.3_60","2019:93.3_60","2019:Spring93.3_60","San Diego Offshore",0
7468,2019-04-03,"2019_93.3_60",93.3,"60",31.847,-119.568,2019-04-03 21:21:00,2019-04-03 21:42:00,"Euphausia eximia",2019,4,"Spring",-119.6,31.8,"93.3_60","2019:93.3_60","2019:Spring93.3_60","San Diego Offshore",8.056
7468,2019-04-03,"2019_93.3_60",93.3,"60",31.847,-119.568,2019-04-03 21:21:00,2019-04-03 21:42:00,"Euphausia gibboides",2019,4,"Spring",-119.6,31.8,"93.3_60","2019:93.3_60","2019:Spring93.3_60","San Diego Offshore",8.056
7468,2019-04-03,"2019_93.3_60",93.3,"60",31.847,-119.568,2019-04-03 21:21:00,2019-04-03 21:42:00,"Euphausia hemigibba",2019,4,"Spring",-119.6,31.8,"93.3_60","2019:93.3_60","2019:Spring93.3_60","San Diego Offshore",4.028
7468,2019-04-03,"2019_93.3_60",93.3,"60",31.847,-119.568,2019-04-03 21:21:00,2019-04-03 21:42:00,"Euphausia lamelligera",2019,4,"Spring",-119.6,31.8,"93.3_60","2019:93.3_60","2019:Spring93.3_60","San Diego Offshore",0
7468,2019-04-03,"2019_93.3_60",93.3,"60",31.847,-119.568,2019-04-03 21:21:00,2019-04-03 21:42:00,"Euphausia mutica",2019,4,"Spring",-119.6,31.8,"93.3_60","2019:93.3_60","2019:Spring93.3_60","San Diego Offshore",0
7468,2019-04-03,"2019_93.3_60",93.3,"60",31.847,-119.568,2019-04-03 21:21:00,2019-04-03 21:42:00,"Euphausia pacifica",2019,4,"Spring",-119.6,31.8,"93.3_60","2019:93.3_60","2019:Spring93.3_60","San Diego Offshore",164.3
7468,2019-04-03,"2019_93.3_60",93.3,"60",31.847,-119.568,2019-04-03 21:21:00,2019-04-03 21:42:00,"Euphausia recurva",2019,4,"Spring",-119.6,31.8,"93.3_60","2019:93.3_60","2019:Spring93.3_60","San Diego Offshore",284.716
7468,2019-04-03,"2019_93.3_60",93.3,"60",31.847,-119.568,2019-04-03 21:21:00,2019-04-03 21:42:00,"Euphausia tenera",2019,4,"Spring",-119.6,31.8,"93.3_60","2019:93.3_60","2019:Spring93.3_60","San Diego Offshore",0
7468,2019-04-03,"2019_93.3_60",93.3,"60",31.847,-119.568,2019-04-03 21:21:00,2019-04-03 21:42:00,"Nematobrachion boopis",2019,4,"Spring",-119.6,31.8,"93.3_60","2019:93.3_60","2019:Spring93.3_60","San Diego Offshore",0
7468,2019-04-03,"2019_93.3_60",93.3,"60",31.847,-119.568,2019-04-03 21:21:00,2019-04-03 21:42:00,"Nematobrachion flexipes",2019,4,"Spring",-119.6,31.8,"93.3_60","2019:93.3_60","2019:Spring93.3_60","San Diego Offshore",0
7468,2019-04-03,"2019_93.3_60",93.3,"60",31.847,-119.568,2019-04-03 21:21:00,2019-04-03 21:42:00,"Nematoscelis atlantica",2019,4,"Spring",-119.6,31.8,"93.3_60","2019:93.3_60","2019:Spring93.3_60","San Diego Offshore",0
7468,2019-04-03,"2019_93.3_60",93.3,"60",31.847,-119.568,2019-04-03 21:21:00,2019-04-03 21:42:00,"Nematoscelis difficilis",2019,4,"Spring",-119.6,31.8,"93.3_60","2019:93.3_60","2019:Spring93.3_60","San Diego Offshore",1363.16
7468,2019-04-03,"2019_93.3_60",93.3,"60",31.847,-119.568,2019-04-03 21:21:00,2019-04-03 21:42:00,"Nematoscelis gracilis",2019,4,"Spring",-119.6,31.8,"93.3_60","2019:93.3_60","2019:Spring93.3_60","San Diego Offshore",0
7468,2019-04-03,"2019_93.3_60",93.3,"60",31.847,-119.568,2019-04-03 21:21:00,2019-04-03 21:42:00,"Nematoscelis microps",2019,4,"Spring",-119.6,31.8,"93.3_60","2019:93.3_60","2019:Spring93.3_60","San Diego Offshore",0
7468,2019-04-03,"2019_93.3_60",93.3,"60",31.847,-119.568,2019-04-03 21:21:00,2019-04-03 21:42:00,"Nematoscelis tenella",2019,4,"Spring",-119.6,31.8,"93.3_60","2019:93.3_60","2019:Spring93.3_60","San Diego Offshore",0
7468,2019-04-03,"2019_93.3_60",93.3,"60",31.847,-119.568,2019-04-03 21:21:00,2019-04-03 21:42:00,"Nyctiphanes simplex",2019,4,"Spring",-119.6,31.8,"93.3_60","2019:93.3_60","2019:Spring93.3_60","San Diego Offshore",8.056
7468,2019-04-03,"2019_93.3_60",93.3,"60",31.847,-119.568,2019-04-03 21:21:00,2019-04-03 21:42:00,"Stylocheiron abbreviatum",2019,4,"Spring",-119.6,31.8,"93.3_60","2019:93.3_60","2019:Spring93.3_60","San Diego Offshore",0
7468,2019-04-03,"2019_93.3_60",93.3,"60",31.847,-119.568,2019-04-03 21:21:00,2019-04-03 21:42:00,"Stylocheiron affine",2019,4,"Spring",-119.6,31.8,"93.3_60","2019:93.3_60","2019:Spring93.3_60","San Diego Offshore",4.028
7468,2019-04-03,"2019_93.3_60",93.3,"60",31.847,-119.568,2019-04-03 21:21:00,2019-04-03 21:42:00,"Stylocheiron carinatum",2019,4,"Spring",-119.6,31.8,"93.3_60","2019:93.3_60","2019:Spring93.3_60","San Diego Offshore",0
7468,2019-04-03,"2019_93.3_60",93.3,"60",31.847,-119.568,2019-04-03 21:21:00,2019-04-03 21:42:00,"Stylocheiron elongatum",2019,4,"Spring",-119.6,31.8,"93.3_60","2019:93.3_60","2019:Spring93.3_60","San Diego Offshore",4.028
7468,2019-04-03,"2019_93.3_60",93.3,"60",31.847,-119.568,2019-04-03 21:21:00,2019-04-03 21:42:00,"Stylocheiron longicorne",2019,4,"Spring",-119.6,31.8,"93.3_60","2019:93.3_60","2019:Spring93.3_60","San Diego Offshore",16.112
7468,2019-04-03,"2019_93.3_60",93.3,"60",31.847,-119.568,2019-04-03 21:21:00,2019-04-03 21:42:00,"Stylocheiron maximum",2019,4,"Spring",-119.6,31.8,"93.3_60","2019:93.3_60","2019:Spring93.3_60","San Diego Offshore",0
7468,2019-04-03,"2019_93.3_60",93.3,"60",31.847,-119.568,2019-04-03 21:21:00,2019-04-03 21:42:00,"Stylocheiron suhmi",2019,4,"Spring",-119.6,31.8,"93.3_60","2019:93.3_60","2019:Spring93.3_60","San Diego Offshore",0
7468,2019-04-03,"2019_93.3_60",93.3,"60",31.847,-119.568,2019-04-03 21:21:00,2019-04-03 21:42:00,"Tessarabrachion oculatum",2019,4,"Spring",-119.6,31.8,"93.3_60","2019:93.3_60","2019:Spring93.3_60","San Diego Offshore",0
7468,2019-04-03,"2019_93.3_60",93.3,"60",31.847,-119.568,2019-04-03 21:21:00,2019-04-03 21:42:00,"Thysanoessa gregaria",2019,4,"Spring",-119.6,31.8,"93.3_60","2019:93.3_60","2019:Spring93.3_60","San Diego Offshore",72.292
7468,2019-04-03,"2019_93.3_60",93.3,"60",31.847,-119.568,2019-04-03 21:21:00,2019-04-03 21:42:00,"Thysanoessa longipes",2019,4,"Spring",-119.6,31.8,"93.3_60","2019:93.3_60","2019:Spring93.3_60","San Diego Offshore",0
7468,2019-04-03,"2019_93.3_60",93.3,"60",31.847,-119.568,2019-04-03 21:21:00,2019-04-03 21:42:00,"Thysanoessa spinifera",2019,4,"Spring",-119.6,31.8,"93.3_60","2019:93.3_60","2019:Spring93.3_60","San Diego Offshore",0
7468,2019-04-03,"2019_93.3_60",93.3,"60",31.847,-119.568,2019-04-03 21:21:00,2019-04-03 21:42:00,"Thysanopoda astylata",2019,4,"Spring",-119.6,31.8,"93.3_60","2019:93.3_60","2019:Spring93.3_60","San Diego Offshore",0
7468,2019-04-03,"2019_93.3_60",93.3,"60",31.847,-119.568,2019-04-03 21:21:00,2019-04-03 21:42:00,"Thysanopoda cornuta",2019,4,"Spring",-119.6,31.8,"93.3_60","2019:93.3_60","2019:Spring93.3_60","San Diego Offshore",0
7468,2019-04-03,"2019_93.3_60",93.3,"60",31.847,-119.568,2019-04-03 21:21:00,2019-04-03 21:42:00,"Thysanopoda egregia",2019,4,"Spring",-119.6,31.8,"93.3_60","2019:93.3_60","2019:Spring93.3_60","San Diego Offshore",0
7468,2019-04-03,"2019_93.3_60",93.3,"60",31.847,-119.568,2019-04-03 21:21:00,2019-04-03 21:42:00,"Thysanopoda monacantha",2019,4,"Spring",-119.6,31.8,"93.3_60","2019:93.3_60","2019:Spring93.3_60","San Diego Offshore",0
7468,2019-04-03,"2019_93.3_60",93.3,"60",31.847,-119.568,2019-04-03 21:21:00,2019-04-03 21:42:00,"Thysanopoda obtusifrons",2019,4,"Spring",-119.6,31.8,"93.3_60","2019:93.3_60","2019:Spring93.3_60","San Diego Offshore",0
7468,2019-04-03,"2019_93.3_60",93.3,"60",31.847,-119.568,2019-04-03 21:21:00,2019-04-03 21:42:00,"Thysanopoda orientalis",2019,4,"Spring",-119.6,31.8,"93.3_60","2019:93.3_60","2019:Spring93.3_60","San Diego Offshore",0
7468,2019-04-03,"2019_93.3_60",93.3,"60",31.847,-119.568,2019-04-03 21:21:00,2019-04-03 21:42:00,"Thysanopoda pectinata",2019,4,"Spring",-119.6,31.8,"93.3_60","2019:93.3_60","2019:Spring93.3_60","San Diego Offshore",0
