Expedition,line,station,Event_No,Location,SampleDate,StartTime,EndTime,MinDepth,MaxDepth,Net,Size_Fr,Mesh,Tow,Fixative,Preservative,cruise,cruise_site,site,year,month,season,ship,ship_code,order_occupied,Time,latitude,longitude,bottom_depth,temperature
CALCOFI 1711,93.4,26.4,NA,"32.948, -117.277",11/9/17,13:07,13:09,0,7,CALBOBL,NA,0.505,OBLIQUE,ethanol,ethanol,201711,201711:93.4_26.4,93.4_26.4,2017,11,Fall,NA,NA,NA,NA,NA,NA,NA,NA
CALCOFI 1904,83.3,39.4,NA,"34.263, -119.333",4/9/19,21:42,21:44,0,8,CALBOBL,NA,0.505,OBLIQUE,ethanol,ethanol,201904,201904:83.3_39.4,83.3_39.4,2019,4,Spring,NA,NA,NA,NA,NA,NA,NA,NA
CALCOFI 0504,91.7,26.4,NA,"33.250, -117.467",4/15/05,15:26,15:28,0,8,CALBOBL,NA,0.505,OBLIQUE,ethanol,ethanol,200504,200504:91.7_26.4,91.7_26.4,2005,4,Spring,NEW HORIZON,NH,3,22:57:00Z,33.245,-117.46333,22,15.8
CALCOFI 1210,83.3,39.4,NA,"34.258, -119.327",10/31/12,8:48,,0,9,CALBOBL,NA,0.505,OBLIQUE,ethanol,ethanol,201210,201210:83.3_39.4,83.3_39.4,2012,10,Fall,NEW HORIZON,NH,54,16:11:00Z,34.25833,-119.32667,22,17.5
CALCOFI 2010,88.5,30.1,NA,"33.675, -118.083",10/17/20,0:42,0:44,0,9,CALBOBL,NA,0.505,OBLIQUE,ethanol,ethanol,202010,202010:88.5_30.1,88.5_30.1,2020,10,Fall,NA,NA,NA,NA,NA,NA,NA,NA
CALCOFI 2204,91.7,26.4,NA,"33.242, -117.465",4/6/22,20:42,20:44,0,9,CALBOBL,NA,0.505,OBLIQUE,ethanol,ethanol,202204,202204:91.7_26.4,91.7_26.4,2022,4,Spring,NA,NA,NA,NA,NA,NA,NA,NA
CALCOFI 2010,80,50.5,NA,"34.452, -120.485",10/21/20,2:53,2:55,0,10,CALBOBL,NA,0.505,OBLIQUE,ethanol,ethanol,202010,202010:80_50.5,80_50.5,2020,10,Fall,NA,NA,NA,NA,NA,NA,NA,NA
CALCOFI 0604,81.7,43.5,NA,"34.400, -119.800",4/13/06,8:19,8:20,0,10,CALBOBL,NA,0.505,OBLIQUE,ethanol,ethanol,200604,200604:81.7_43.5,81.7_43.5,2006,4,Spring,NEW HORIZON,NH,57,15:41:00Z,34.405,-119.79667,13,14.4
CALCOFI 1404,81.7,43.5,NA,"34.405, -119.800",4/12/14,21:37,21:39,0,10,CALBOBL,NA,0.505,OBLIQUE,ethanol,ethanol,201404,201404:81.7_43.5,81.7_43.5,2014,4,Spring,NA,NA,NA,NA,NA,NA,NA,NA
CALCOFI 0903,83.3,39.4,NA,"34.267, -119.333",3/19/09,5:50,5:51,0,10,CALBOBL,NA,0.505,OBLIQUE,ethanol,ethanol,200903,200903:83.3_39.4,83.3_39.4,2009,3,Spring,DAVID STARR JORDAN,JD,54,13:25:00Z,34.261665,-119.331665,17,14.3
CALCOFI 1511,83.3,39.4,NA,"34.265, -119.328",11/4/15,4:04,4:06,0,10,CALBOBL,NA,0.505,OBLIQUE,ethanol,ethanol,201511,201511:83.3_39.4,83.3_39.4,2015,11,Fall,OCEANUS,OC,32,11:30:00Z,34.265,-119.32833,18,18.29
CALCOFI 2010,85.4,35.8,NA,"34.012, -118.832",10/23/20,23:24,23:26,0,10,CALBOBL,NA,0.505,OBLIQUE,ethanol,ethanol,202010,202010:85.4_35.8,85.4_35.8,2020,10,Fall,NA,NA,NA,NA,NA,NA,NA,NA
CALCOFI 0804,91.7,26.4,NA,"33.250, -117.467",3/25/08,0:37,0:39,0,10,CALBOBL,NA,0.505,OBLIQUE,ethanol,ethanol,200804,200804:91.7_26.4,91.7_26.4,2008,3,Spring,DAVID STARR JORDAN,JD,3,08:04:00Z,33.241665,-117.465,20,14.1
CALCOFI 1110,91.7,26.4,NA,"33.250, -117.467",10/16/11,20:41,20:42,0,10,CALBOBL,NA,0.505,,Ethanol,Ethanol,201110,201110:91.7_26.4,91.7_26.4,2011,10,Fall,NA,NA,NA,NA,NA,NA,NA,NA
CALCOFI 0504,93.4,26.4,NA,"32.950, -117.283",4/15/05,12:43,12:44,0,10,CALBOBL,NA,0.505,OBLIQUE,ethanol,ethanol,200504,200504:93.4_26.4,93.4_26.4,2005,4,Spring,NEW HORIZON,NH,2,20:10:00Z,32.951668,-117.28,20,15.8
CALCOFI 1504,83.3,39.4,NA,"34.265, -119.330",4/14/15,20:34,20:36,0,11,CALBOBL,NA,0.505,OBLIQUE,ethanol,ethanol,201504,201504:83.3_39.4,83.3_39.4,2015,4,Spring,NA,NA,NA,NA,NA,NA,NA,NA
CALCOFI 1404,85.4,35.8,NA,"34.020, -118.833",4/8/14,4:55,4:57,0,11,CALBOBL,NA,0.505,OBLIQUE,ethanol,ethanol,201404,201404:85.4_35.8,85.4_35.8,2014,4,Spring,OCEAN STARR,OS,34,12:31:00Z,34.02,-118.833336,19,13.7
CALCOFI 1704,86.8,32.5,NA,"33.888, -118.445",4/5/17,7:30,7:32,0,11,CALBOBL,NA,0.505,OBLIQUE,ethanol,ethanol,201704,201704:86.8_32.5,86.8_32.5,2017,4,Spring,BELL M. SHIMADA,SH,35,14:54:00Z,33.888332,-118.445,25,15.1
CALCOFI 1104,91.7,26.4,NA,"33.250, -117.467",4/9/11,15:42,15:43,0,11,CALBOBL,NA,0.505,OBLIQUE,Ethanol,Ethanol,201104,201104:91.7_26.4,91.7_26.4,2011,4,Spring,BELL M. SHIMADA,SH,33,23:16:00Z,33.243332,-117.46667,20,15.7
CALCOFI 1010,93.4,26.4,NA,"32.950, -117.283",10/28/10,12:14,12:16,0,11,CALBOBL,NA,0.505,OBLIQUE,Ethanol,Ethanol,201010,201010:93.4_26.4,93.4_26.4,2010,10,Fall,NA,NA,NA,NA,NA,NA,NA,NA
CALCOFI 0810,80,50.5,NA,"34.467, -120.483",10/29/08,11:22,11:24,0,12,CALBOBL,NA,0.505,OBLIQUE,ethanol,ethanol,200810,200810:80_50.5,80_50.5,2008,10,Fall,NEW HORIZON,NH,72,18:59:00Z,34.461666,-120.485,24,15.9
CALCOFI 1411,80,50.5,NA,"34.462, -120.487",11/22/14,0:05,0:07,0,12,CALBOBL,NA,0.505,OBLIQUE,ethanol,ethanol,201411,201411:80_50.5,80_50.5,2014,11,Fall,NEW HORIZON,NH,69,07:43:00Z,34.461666,-120.486664,23,16.5
CALCOFI 1504,80,50.5,NA,"34.465, -120.485",4/19/15,9:38,9:40,0,12,CALBOBL,NA,0.505,OBLIQUE,ethanol,ethanol,201504,201504:80_50.5,80_50.5,2015,4,Spring,NEW HORIZON,NH,70,17:14:00Z,34.465,-120.485,23,12.7
CALCOFI 1604,80,50.5,NA,"34.468, -120.492",4/12/16,19:06,19:08,0,12,CALBOBL,NA,0.505,OBLIQUE,ethanol,ethanol,201604,201604:80_50.5,80_50.5,2016,4,Spring,NA,NA,NA,NA,NA,NA,NA,NA
CALCOFI 1511,81.7,43.5,NA,"34.403, -119.800",11/4/15,7:17,7:19,0,12,CALBOBL,NA,0.505,OBLIQUE,ethanol,ethanol,201511,201511:81.7_43.5,81.7_43.5,2015,11,Fall,OCEANUS,OC,33,14:54:00Z,34.40333,-119.8,19,16.4
CALCOFI 0604,83.3,39.4,NA,"34.250, -119.333",4/13/06,5:08,5:10,0,12,CALBOBL,NA,0.505,OBLIQUE,ethanol,ethanol,200604,200604:83.3_39.4,83.3_39.4,2006,4,Spring,NEW HORIZON,NH,56,12:44:00Z,34.256664,-119.32667,20,14.6
CALCOFI 1711,83.3,39.4,NA,"34.257, -119.325",11/17/17,8:11,8:13,0,12,CALBOBL,NA,0.505,OBLIQUE,ethanol,ethanol,201711,201711:83.3_39.4,83.3_39.4,2017,11,Fall,NA,NA,NA,NA,NA,NA,NA,NA
CALCOFI 0411,86.8,32.5,NA,"33.883, -118.433",11/19/04,2:24,2:26,0,12,CALBOBL,NA,0.505,OBLIQUE,ethanol,ethanol,200411,200411:86.8_32.5,86.8_32.5,2004,11,Fall,ROGER REVELLE,RR,73,09:49:00Z,33.89,-118.441666,21,17.1
CALCOFI 0903,86.8,32.5,NA,"33.883, -118.450",3/14/09,10:21,10:23,0,12,CALBOBL,NA,0.505,OBLIQUE,ethanol,ethanol,200903,200903:86.8_32.5,86.8_32.5,2009,3,Spring,DAVID STARR JORDAN,JD,32,17:56:00Z,33.888332,-118.44666,24,14.4
CALCOFI 2010,86.8,32.5,NA,"33.890, -118.442",10/17/20,4:25,4:27,0,12,CALBOBL,NA,0.505,OBLIQUE,ethanol,ethanol,202010,202010:86.8_32.5,86.8_32.5,2020,10,Fall,NA,NA,NA,NA,NA,NA,NA,NA
CALCOFI 0610,88.5,30.1,NA,"33.667, -118.083",10/27/06,12:47,12:49,0,12,CALBOBL,NA,0.505,OBLIQUE,ethanol,ethanol,200610,200610:88.5_30.1,88.5_30.1,2006,10,Fall,ROGER REVELLE,RR,32,20:26:00Z,33.673332,-118.081665,20,18.1
CALCOFI 0704,88.5,30.1,NA,"33.667, -118.083",4/6/07,23:43,23:44,0,12,CALBOBL,NA,0.505,OBLIQUE,ethanol,ethanol,200704,200704:88.5_30.1,88.5_30.1,2007,4,Spring,NA,NA,NA,NA,NA,NA,NA,NA
CALCOFI 1604,88.5,30.1,NA,"33.647, -118.055",4/7/16,10:59,11:01,0,12,CALBOBL,NA,0.505,OBLIQUE,ethanol,ethanol,201604,201604:88.5_30.1,88.5_30.1,2016,4,Spring,BELL M. SHIMADA,SH,32,18:43:00Z,33.646667,-118.055,22,15.8
CALCOFI 1711,88.5,30.1,NA,"33.675, -118.083",11/15/17,11:15,11:17,0,12,CALBOBL,NA,0.505,OBLIQUE,ethanol,ethanol,201711,201711:88.5_30.1,88.5_30.1,2017,11,Fall,NA,NA,NA,NA,NA,NA,NA,NA
CALCOFI 1804,88.5,30.1,NA,"33.665, -118.098",4/11/18,5:48,5:50,0,12,CALBOBL,NA,0.505,OBLIQUE,ethanol,ethanol,201804,201804:88.5_30.1,88.5_30.1,2018,4,Spring,BELL M. SHIMADA,SH,32,13:30:00Z,33.665,-118.098335,25,16
CALCOFI 0411,91.7,26.4,NA,"33.250, -117.467",11/19/04,8:32,8:33,0,12,CALBOBL,NA,0.505,OBLIQUE,ethanol,ethanol,200411,200411:91.7_26.4,91.7_26.4,2004,11,Fall,ROGER REVELLE,RR,74,15:50:00Z,33.243332,-117.465,21,16.79
CALCOFI 0610,91.7,26.4,NA,"33.233, -117.467",10/21/06,15:45,15:47,0,12,CALBOBL,NA,0.505,OBLIQUE,ethanol,ethanol,200610,200610:91.7_26.4,91.7_26.4,2006,10,Fall,ROGER REVELLE,RR,3,23:16:00Z,33.24,-117.46333,21,18.79
CALCOFI 0903,91.7,26.4,NA,"33.250, -117.467",3/7/09,22:50,22:52,0,12,CALBOBL,NA,0.505,OBLIQUE,ethanol,ethanol,200903,200903:91.7_26.4,91.7_26.4,2009,3,Spring,NA,NA,NA,NA,NA,NA,NA,NA
CALCOFI 1010,91.7,26.4,NA,"33.250, -117.467",10/28/10,14:55,14:57,0,12,CALBOBL,NA,0.505,OBLIQUE,Ethanol,Ethanol,201010,201010:91.7_26.4,91.7_26.4,2010,10,Fall,NA,NA,NA,NA,NA,NA,NA,NA
CALCOFI 1411,91.7,26.4,NA,"33.245, -117.465",11/8/14,17:31,17:34,0,12,CALBOBL,NA,0.505,OBLIQUE,ethanol,ethanol,201411,201411:91.7_26.4,91.7_26.4,2014,11,Fall,NA,NA,NA,NA,NA,NA,NA,NA
CALCOFI 1404,93.4,26.4,NA,"32.950, -117.275",3/28/14,21:23,21:24,0,12,CALBOBL,NA,0.505,OBLIQUE,ethanol,ethanol,201404,201404:93.4_26.4,93.4_26.4,2014,3,Spring,NA,NA,NA,NA,NA,NA,NA,NA
CALCOFI 1904,93.4,26.4,NA,"32.947, -117.283",4/2/19,16:51,16:53,0,12,CALBOBL,NA,0.505,OBLIQUE,ethanol,ethanol,201904,201904:93.4_26.4,93.4_26.4,2019,4,Spring,NA,NA,NA,NA,NA,NA,NA,NA
CALCOFI 0604,80,50.5,NA,"34.467, -120.483",4/13/06,15:53,15:55,0,13,CALBOBL,NA,0.505,OBLIQUE,ethanol,ethanol,200604,200604:80_50.5,80_50.5,2006,4,Spring,NEW HORIZON,NH,59,23:24:00Z,34.46,-120.486664,26,14.7
CALCOFI 1404,80,50.5,NA,"34.467, -120.488",4/13/14,5:15,5:17,0,13,CALBOBL,NA,0.505,OBLIQUE,ethanol,ethanol,201404,201404:80_50.5,80_50.5,2014,4,Spring,OCEAN STARR,OS,56,12:42:00Z,34.466667,-120.488335,21,11.8
CALCOFI 0411,81.7,43.5,NA,"34.400, -119.800",11/14/04,17:36,17:38,0,13,CALBOBL,NA,0.505,OBLIQUE,ethanol,ethanol,200411,200411:81.7_43.5,81.7_43.5,2004,11,Fall,NA,NA,NA,NA,NA,NA,NA,NA
CALCOFI 0911,81.7,43.5,NA,"34.400, -119.800",11/18/09,7:46,7:48,0,13,CALBOBL,NA,0.505,OBLIQUE,ethanol,ethanol,200911,200911:81.7_43.5,81.7_43.5,2009,11,Fall,NEW HORIZON,NH,58,15:28:00Z,34.405,-119.79667,21,15.8
CALCOFI 1411,81.7,43.5,NA,"34.403, -119.800",11/22/14,9:13,9:15,0,13,CALBOBL,NA,0.505,OBLIQUE,ethanol,ethanol,201411,201411:81.7_43.5,81.7_43.5,2014,11,Fall,NEW HORIZON,NH,72,16:51:00Z,34.40333,-119.8,20,18.29
CALCOFI 1804,81.7,43.5,NA,"34.403, -119.798",4/17/18,8:23,8:25,0,13,CALBOBL,NA,0.505,OBLIQUE,ethanol,ethanol,201804,201804:81.7_43.5,81.7_43.5,2018,4,Spring,BELL M. SHIMADA,SH,58,16:04:00Z,34.40333,-119.79833,21,10.7
CALCOFI 0810,83.3,39.4,NA,"34.267, -119.333",10/25/08,13:37,13:39,0,13,CALBOBL,NA,0.505,OBLIQUE,ethanol,ethanol,200810,200810:83.3_39.4,83.3_39.4,2008,10,Fall,NEW HORIZON,NH,54,21:12:00Z,34.25833,-119.325,20,17.6
CALCOFI 1110,83.3,39.4,NA,"34.267, -119.333",10/28/11,8:48,8:49,0,13,CALBOBL,NA,0.505,,Ethanol,Ethanol,201110,201110:83.3_39.4,83.3_39.4,2011,10,Fall,NEW HORIZON,NH,55,16:33:00Z,34.25833,-119.325,23,15.3
CALCOFI 1604,83.3,39.4,NA,"34.260, -119.330",4/8/16,1:12,1:14,0,13,CALBOBL,NA,0.505,OBLIQUE,ethanol,ethanol,201604,201604:83.3_39.4,83.3_39.4,2016,4,Spring,BELL M. SHIMADA,SH,37,08:44:00Z,34.26,-119.33,19,15.5
CALCOFI 1804,83.3,39.4,NA,"34.255, -119.332",4/17/18,5:12,5:14,0,13,CALBOBL,NA,0.505,OBLIQUE,ethanol,ethanol,201804,201804:83.3_39.4,83.3_39.4,2018,4,Spring,BELL M. SHIMADA,SH,57,12:51:00Z,34.255,-119.331665,22,12.2
CALCOFI 1311,83.3,39.4,NA,"34.260, -119.325",11/24/13,7:00,7:02,0,13,CALBOBL,NA,0.505,OBLIQUE,ethanol,ethanol,201311,201311:83.3_39.4,83.3_39.4,2013,11,Fall,NEW HORIZON,NH,78,14:37:00Z,34.26,-119.325,17,16.4
CALCOFI 2010,83.3,39.4,NA,"34.258, -119.323",10/23/20,19:59,20:01,0,13,CALBOBL,NA,0.505,OBLIQUE,ethanol,ethanol,202010,202010:83.3_39.4,83.3_39.4,2020,10,Fall,NA,NA,NA,NA,NA,NA,NA,NA
CALCOFI 0604,85.4,35.8,NA,"34.017, -118.833",4/17/06,18:57,18:59,0,13,CALBOBL,NA,0.505,OBLIQUE,ethanol,ethanol,200604,200604:85.4_35.8,85.4_35.8,2006,4,Spring,NA,NA,NA,NA,NA,NA,NA,NA
CALCOFI 0704,86.8,32.5,NA,"33.883, -118.450",4/7/07,3:25,3:26,0,13,CALBOBL,NA,0.505,OBLIQUE,ethanol,ethanol,200704,200704:86.8_32.5,86.8_32.5,2007,4,Spring,DAVID STARR JORDAN,JD,32,11:05:00Z,33.89,-118.445,21,14.7
CALCOFI 0810,86.8,32.5,NA,"33.883, -118.450",10/20/08,19:28,19:30,0,13,CALBOBL,NA,0.505,OBLIQUE,ethanol,ethanol,200810,200810:86.8_32.5,86.8_32.5,2008,10,Fall,NA,NA,NA,NA,NA,NA,NA,NA
CALCOFI 0604,88.5,30.1,NA,"33.667, -118.083",4/8/06,7:26,7:28,0,13,CALBOBL,NA,0.505,OBLIQUE,ethanol,ethanol,200604,200604:88.5_30.1,88.5_30.1,2006,4,Spring,NEW HORIZON,NH,32,14:55:00Z,33.66833,-118.09,20,14.3
CALCOFI 0911,88.5,30.1,NA,"33.667, -118.100",11/12/09,22:05,22:07,0,13,CALBOBL,NA,0.505,OBLIQUE,ethanol,ethanol,200911,200911:88.5_30.1,88.5_30.1,2009,11,Fall,NA,NA,NA,NA,NA,NA,NA,NA
CALCOFI 1404,88.5,30.1,NA,"33.675, -118.085",4/7/14,17:45,17:47,0,13,CALBOBL,NA,0.505,OBLIQUE,ethanol,ethanol,201404,201404:88.5_30.1,88.5_30.1,2014,4,Spring,NA,NA,NA,NA,NA,NA,NA,NA
CALCOFI 1904,88.5,30.1,NA,"33.670, -118.090",4/10/19,20:50,20:52,0,13,CALBOBL,NA,0.505,OBLIQUE,ethanol,ethanol,201904,201904:88.5_30.1,88.5_30.1,2019,4,Spring,NA,NA,NA,NA,NA,NA,NA,NA
CALCOFI 1311,88.5,30.1,NA,"33.673, -118.093",11/15/13,17:12,17:14,0,13,CALBOBL,NA,0.505,OBLIQUE,ethanol,ethanol,201311,201311:88.5_30.1,88.5_30.1,2013,11,Fall,NA,NA,NA,NA,NA,NA,NA,NA
CALCOFI 0911,91.7,26.4,NA,"33.250, -117.467",11/6/09,16:15,16:16,0,13,CALBOBL,NA,0.505,OBLIQUE,ethanol,ethanol,200911,200911:91.7_26.4,91.7_26.4,2009,11,Fall,NEW HORIZON,NH,3,23:42:00Z,33.246666,-117.46333,18,17.7
CALCOFI 1311,91.7,26.4,NA,"33.245, -117.463",11/9/13,15:52,15:54,0,13,CALBOBL,NA,0.505,OBLIQUE,ethanol,ethanol,201311,201311:91.7_26.4,91.7_26.4,2013,11,Fall,NEW HORIZON,NH,3,23:15:00Z,33.245,-117.46333,20,17.29
CALCOFI 1911,91.7,26.4,NA,"33.247, -117.462",11/4/19,17:17,17:19,0,13,CALBOBL,NA,0.505,OBLIQUE,ethanol,ethanol,201911,201911:91.7_26.4,91.7_26.4,2019,11,Fall,NA,NA,NA,NA,NA,NA,NA,NA
CALCOFI 0604,93.4,26.4,NA,"32.950, -117.283",4/1/06,13:50,13:52,0,13,CALBOBL,NA,0.505,OBLIQUE,ethanol,ethanol,200604,200604:93.4_26.4,93.4_26.4,2006,4,Spring,NEW HORIZON,NH,2,21:20:00Z,32.955,-117.28167,22,14.7
CALCOFI 0903,93.4,26.4,NA,"32.950, -117.283",3/7/09,19:55,19:56,0,13,CALBOBL,NA,0.505,OBLIQUE,ethanol,ethanol,200903,200903:93.4_26.4,93.4_26.4,2009,3,Spring,NA,NA,NA,NA,NA,NA,NA,NA
CALCOFI 0911,93.4,26.4,NA,"32.950, -117.283",11/6/09,13:25,13:27,0,13,CALBOBL,NA,0.505,OBLIQUE,ethanol,ethanol,200911,200911:93.4_26.4,93.4_26.4,2009,11,Fall,NEW HORIZON,NH,2,21:04:00Z,32.953335,-117.28167,23,16.9
CALCOFI 1104,93.4,26.4,NA,"32.950, -117.283",4/9/11,13:04,13:06,0,13,CALBOBL,NA,0.505,OBLIQUE,Ethanol,Ethanol,201104,201104:93.4_26.4,93.4_26.4,2011,4,Spring,BELL M. SHIMADA,SH,32,20:35:00Z,32.951668,-117.28333,16,16.1
CALCOFI 1411,93.4,26.4,NA,"32.953, -117.282",11/8/14,14:50,14:53,0,13,CALBOBL,NA,0.505,OBLIQUE,ethanol,ethanol,201411,201411:93.4_26.4,93.4_26.4,2014,11,Fall,NEW HORIZON,NH,2,22:20:00Z,32.953335,-117.28167,17,20.6
CALCOFI 1804,93.4,26.4,NA,"32.950, -117.283",4/5/18,14:38,14:41,0,13,CALBOBL,NA,0.505,OBLIQUE,ethanol,ethanol,201804,201804:93.4_26.4,93.4_26.4,2018,4,Spring,BELL M. SHIMADA,SH,2,22:18:00Z,32.95,-117.28333,25,16.4
CALCOFI 1210,93.4,26.4,NA,"32.953, -117.280",10/19/12,16:36,,0,13,CALBOBL,NA,0.505,OBLIQUE,ethanol,ethanol,201210,201210:93.4_26.4,93.4_26.4,2012,10,Fall,NA,NA,NA,NA,NA,NA,NA,NA
CALCOFI 1911,93.4,26.4,NA,"32.950, -117.278",11/4/19,14:47,14:49,0,13,CALBOBL,NA,0.505,OBLIQUE,ethanol,ethanol,201911,201911:93.4_26.4,93.4_26.4,2019,11,Fall,NA,NA,NA,NA,NA,NA,NA,NA
CALCOFI 2010,93.4,26.4,NA,"32.943, -117.278",10/11/20,10:36,10:38,0,13,CALBOBL,NA,0.505,OBLIQUE,ethanol,ethanol,202010,202010:93.4_26.4,93.4_26.4,2020,10,Fall,NA,NA,NA,NA,NA,NA,NA,NA
CALCOFI 0411,80,50.5,NA,"34.467, -120.483",11/15/04,2:57,2:58,0,14,CALBOBL,NA,0.505,OBLIQUE,ethanol,ethanol,200411,200411:80_50.5,80_50.5,2004,11,Fall,ROGER REVELLE,RR,56,10:20:00Z,34.461666,-120.485,22,15.5
CALCOFI 0610,80,50.5,NA,"34.467, -120.483",11/1/06,20:53,20:55,0,14,CALBOBL,NA,0.505,OBLIQUE,ethanol,ethanol,200610,200610:80_50.5,80_50.5,2006,11,Fall,NA,NA,NA,NA,NA,NA,NA,NA
CALCOFI 0911,80,50.5,NA,"34.467, -120.483",11/22/09,17:21,17:23,0,14,CALBOBL,NA,0.505,OBLIQUE,ethanol,ethanol,200911,200911:80_50.5,80_50.5,2009,11,Fall,NA,NA,NA,NA,NA,NA,NA,NA
CALCOFI 1311,80,50.5,NA,"34.462, -120.485",11/23/13,19:20,19:22,0,14,CALBOBL,NA,0.505,OBLIQUE,ethanol,ethanol,201311,201311:80_50.5,80_50.5,2013,11,Fall,NA,NA,NA,NA,NA,NA,NA,NA
CALCOFI 0610,81.7,43.5,NA,"34.400, -119.800",11/1/06,14:06,14:07,0,14,CALBOBL,NA,0.505,OBLIQUE,ethanol,ethanol,200610,200610:81.7_43.5,81.7_43.5,2006,11,Fall,ROGER REVELLE,RR,58,21:43:00Z,34.40333,-119.79667,23,17.5
CALCOFI 0810,81.7,43.5,NA,"34.400, -119.800",10/25/08,16:52,16:54,0,14,CALBOBL,NA,0.505,OBLIQUE,ethanol,ethanol,200810,200810:81.7_43.5,81.7_43.5,2008,10,Fall,NA,NA,NA,NA,NA,NA,NA,NA
CALCOFI 1110,81.7,43.5,NA,"34.400, -119.800",10/28/11,14:58,15:00,0,14,CALBOBL,NA,0.505,,Ethanol,Ethanol,201110,201110:81.7_43.5,81.7_43.5,2011,10,Fall,NEW HORIZON,NH,58,22:33:00Z,34.40333,-119.8,20,15.9
CALCOFI 1504,81.7,43.5,NA,"34.405, -119.802",4/15/15,7:44,7:46,0,14,CALBOBL,NA,0.505,OBLIQUE,ethanol,ethanol,201504,201504:81.7_43.5,81.7_43.5,2015,4,Spring,NEW HORIZON,NH,53,15:26:00Z,34.405,-119.80167,18,15.1
CALCOFI 1911,81.7,43.5,NA,"34.403, -119.795",11/14/19,19:27,19:29,0,14,CALBOBL,NA,0.505,OBLIQUE,ethanol,ethanol,201911,201911:81.7_43.5,81.7_43.5,2019,11,Fall,NA,NA,NA,NA,NA,NA,NA,NA
CALCOFI 2010,81.7,43.5,NA,"34.402, -119.802",10/23/20,14:33,14:36,0,14,CALBOBL,NA,0.505,OBLIQUE,ethanol,ethanol,202010,202010:81.7_43.5,81.7_43.5,2020,10,Fall,NA,NA,NA,NA,NA,NA,NA,NA
CALCOFI 2204,81.7,43.5,NA,"34.403, -119.798",4/18/22,6:41,6:43,0,14,CALBOBL,NA,0.505,OBLIQUE,ethanol,ethanol,202204,202204:81.7_43.5,81.7_43.5,2022,4,Spring,BELL M. SHIMADA,SH,56,14:23:00Z,34.40333,-119.79833,34,15.1
CALCOFI 0411,83.3,39.4,NA,"34.267, -119.317",11/14/04,13:33,13:35,0,14,CALBOBL,NA,0.505,OBLIQUE,ethanol,ethanol,200411,200411:83.3_39.4,83.3_39.4,2004,11,Fall,ROGER REVELLE,RR,53,20:50:00Z,34.25833,-119.32333,20,17.5
CALCOFI 0711 ,83.3,39.4,NA,"34.250, -119.317",11/14/07,16:47,16:49,0,14,CALBOBL,NA,0.505,OBLIQUE,ethanol,ethanol,200711,200711:83.3_39.4,83.3_39.4,2007,11,Fall,NA,NA,NA,NA,NA,NA,NA,NA
CALCOFI 1411,83.3,39.4,NA,"34.252, -119.335",11/22/14,15:03,15:05,0,14,CALBOBL,NA,0.505,OBLIQUE,ethanol,ethanol,201411,201411:83.3_39.4,83.3_39.4,2014,11,Fall,NEW HORIZON,NH,75,22:43:00Z,34.251667,-119.335,19,19
CALCOFI 1311,85.4,35.8,NA,"34.013, -118.830",11/24/13,17:51,17:53,0,14,CALBOBL,NA,0.505,OBLIQUE,ethanol,ethanol,201311,201311:85.4_35.8,85.4_35.8,2013,11,Fall,NA,NA,NA,NA,NA,NA,NA,NA
CALCOFI 1911,85.4,35.8,NA,"34.012, -118.832",11/10/19,14:41,14:43,0,14,CALBOBL,NA,0.505,OBLIQUE,ethanol,ethanol,201911,201911:85.4_35.8,85.4_35.8,2019,11,Fall,NA,NA,NA,NA,NA,NA,NA,NA
CALCOFI 0604,86.8,32.5,NA,"33.883, -118.433",4/8/06,13:05,13:07,0,14,CALBOBL,NA,0.505,OBLIQUE,ethanol,ethanol,200604,200604:86.8_32.5,86.8_32.5,2006,4,Spring,NEW HORIZON,NH,34,20:37:00Z,33.888332,-118.441666,24,14.5
CALCOFI 1411,86.8,32.5,NA,"33.890, -118.442",11/14/14,18:38,18:40,0,14,CALBOBL,NA,0.505,OBLIQUE,ethanol,ethanol,201411,201411:86.8_32.5,86.8_32.5,2014,11,Fall,NA,NA,NA,NA,NA,NA,NA,NA
CALCOFI 1511,86.8,32.5,NA,"33.888, -118.445",11/3/15,8:47,8:49,0,14,CALBOBL,NA,0.505,OBLIQUE,ethanol,ethanol,201511,201511:86.8_32.5,86.8_32.5,2015,11,Fall,OCEANUS,OC,27,16:20:00Z,33.888332,-118.445,25,20.1
CALCOFI 1904,86.8,32.5,NA,"33.888, -118.445",4/10/19,7:40,7:42,0,14,CALBOBL,NA,0.505,OBLIQUE,ethanol,ethanol,201904,201904:86.8_32.5,86.8_32.5,2019,4,Spring,REUBEN LASKER,RL,43,15:23:00Z,33.888332,-118.445,19,13.3
CALCOFI 2204,86.8,32.5,NA,"33.885, -118.443",4/13/22,16:39,16:41,0,14,CALBOBL,NA,0.505,OBLIQUE,ethanol,ethanol,202204,202204:86.8_32.5,86.8_32.5,2022,4,Spring,NA,NA,NA,NA,NA,NA,NA,NA
CALCOFI 0504,88.5,30.1,NA,"33.667, -118.100",4/21/05,18:45,18:47,0,14,CALBOBL,NA,0.505,OBLIQUE,ethanol,ethanol,200504,200504:88.5_30.1,88.5_30.1,2005,4,Spring,NA,NA,NA,NA,NA,NA,NA,NA
CALCOFI 0411,88.5,30.1,NA,"33.667, -118.100",11/9/04,15:30,15:32,0,14,CALBOBL,NA,0.505,OBLIQUE,ethanol,ethanol,200411,200411:88.5_30.1,88.5_30.1,2004,11,Fall,ROGER REVELLE,RR,31,22:57:00Z,33.673332,-118.09333,21,17.9
CALCOFI 0711 ,88.5,30.1,NA,"33.667, -118.083",11/9/07,14:29,14:31,0,14,CALBOBL,NA,0.505,OBLIQUE,ethanol,ethanol,200711,200711:88.5_30.1,88.5_30.1,2007,11,Fall,NEW HORIZON,NH,31,22:07:00Z,33.663334,-118.08,21,16.2
CALCOFI 0810,88.5,30.1,NA,"33.667, -118.083",10/20/08,15:40,15:42,0,14,CALBOBL,NA,0.505,OBLIQUE,ethanol,ethanol,200810,200810:88.5_30.1,88.5_30.1,2008,10,Fall,NEW HORIZON,NH,30,23:15:00Z,33.673332,-118.083336,21,16.6
CALCOFI 1110,88.5,30.1,NA,"33.667, -118.100",10/23/11,6:37,6:39,0,14,CALBOBL,NA,0.505,,Ethanol,Ethanol,201110,201110:88.5_30.1,88.5_30.1,2011,10,Fall,NEW HORIZON,NH,32,14:11:00Z,33.673332,-118.09167,23,16.79
CALCOFI 1504,88.5,30.1,NA,"33.675, -118.085",4/10/15,18:45,18:47,0,14,CALBOBL,NA,0.505,OBLIQUE,ethanol,ethanol,201504,201504:88.5_30.1,88.5_30.1,2015,4,Spring,NA,NA,NA,NA,NA,NA,NA,NA
CALCOFI 1511,88.5,30.1,NA,"33.673, -118.085",11/3/15,4:45,4:47,0,14,CALBOBL,NA,0.505,OBLIQUE,ethanol,ethanol,201511,201511:88.5_30.1,88.5_30.1,2015,11,Fall,OCEANUS,OC,26,12:20:00Z,33.673332,-118.085,20,20.5
CALCOFI 1810,88.5,30.1,NA,"33.667, -118.077",10/20/18,13:13,13:15,0,14,CALBOBL,NA,0.505,OBLIQUE,ethanol,ethanol,201810,201810:88.5_30.1,88.5_30.1,2018,10,Fall,NA,NA,NA,NA,NA,NA,NA,NA
CALCOFI 2204,88.5,30.1,NA,"33.675, -118.083",4/13/22,11:33,11:35,0,14,CALBOBL,NA,0.505,OBLIQUE,ethanol,ethanol,202204,202204:88.5_30.1,88.5_30.1,2022,4,Spring,BELL M. SHIMADA,SH,30,19:15:00Z,33.675,-118.083336,20,15.4
CALCOFI 0604,91.7,26.4,NA,"33.250, -117.467",4/1/06,16:55,16:57,0,14,CALBOBL,NA,0.505,OBLIQUE,ethanol,ethanol,200604,200604:91.7_26.4,91.7_26.4,2006,4,Spring,NA,NA,NA,NA,NA,NA,NA,NA
CALCOFI 1210,91.7,26.4,NA,"33.247, -117.465",10/19/12,19:08,,0,14,CALBOBL,NA,0.505,OBLIQUE,ethanol,ethanol,201210,201210:91.7_26.4,91.7_26.4,2012,10,Fall,NA,NA,NA,NA,NA,NA,NA,NA
CALCOFI 0411,93.4,26.4,NA,"32.950, -117.283",11/2/04,15:34,15:35,0,14,CALBOBL,NA,0.505,OBLIQUE,ethanol,ethanol,200411,200411:93.4_26.4,93.4_26.4,2004,11,Fall,ROGER REVELLE,RR,2,22:51:00Z,32.953335,-117.28,20,18.1
CALCOFI 0511,93.4,26.4,NA,"32.950, -117.283",11/4/05,14:26,14:28,0,14,CALBOBL,NA,0.505,OBLIQUE,ethanol,ethanol,200511,200511:93.4_26.4,93.4_26.4,2005,11,Fall,NEW HORIZON,NH,2,21:39:00Z,32.953335,-117.28167,24,17.6
CALCOFI 1110,93.4,26.4,NA,"32.950, -117.283",10/16/11,17:43,17:44,0,14,CALBOBL,NA,0.505,,Ethanol,Ethanol,201110,201110:93.4_26.4,93.4_26.4,2011,10,Fall,NA,NA,NA,NA,NA,NA,NA,NA
CALCOFI 1504,93.4,26.4,NA,"32.952, -117.273",4/4/15,13:18,13:20,0,14,CALBOBL,NA,0.505,OBLIQUE,ethanol,ethanol,201504,201504:93.4_26.4,93.4_26.4,2015,4,Spring,NEW HORIZON,NH,2,20:51:00Z,32.951668,-117.27333,26,19.4
CALCOFI 1511,93.4,26.4,NA,"32.950, -117.280",10/28/15,19:30,19:32,0,14,CALBOBL,NA,0.505,OBLIQUE,ethanol,ethanol,201511,201511:93.4_26.4,93.4_26.4,2015,10,Fall,NA,NA,NA,NA,NA,NA,NA,NA
CALCOFI 2204,93.4,26.4,NA,"32.948, -117.280",4/6/22,18:10,18:12,0,14,CALBOBL,NA,0.505,OBLIQUE,ethanol,ethanol,202204,202204:93.4_26.4,93.4_26.4,2022,4,Spring,NA,NA,NA,NA,NA,NA,NA,NA
CALCOFI 0504,83.3,39.4,NA,"34.250, -119.333",4/26/05,16:32,16:34,0,15,CALBOBL,NA,0.505,OBLIQUE,ethanol,ethanol,200504,200504:83.3_39.4,83.3_39.4,2005,4,Spring,NA,NA,NA,NA,NA,NA,NA,NA
CALCOFI 0511,83.3,39.4,NA,"34.250, -119.350",11/16/05,13:46,13:48,0,15,CALBOBL,NA,0.505,OBLIQUE,ethanol,ethanol,200511,200511:83.3_39.4,83.3_39.4,2005,11,Fall,NEW HORIZON,NH,53,21:15:00Z,34.248333,-119.346664,22,17.5
CALCOFI 0610,83.3,39.4,NA,"34.267, -119.333",11/1/06,11:09,11:10,0,15,CALBOBL,NA,0.505,OBLIQUE,ethanol,ethanol,200610,200610:83.3_39.4,83.3_39.4,2006,11,Fall,ROGER REVELLE,RR,57,18:37:00Z,34.263332,-119.331665,20,17.5
CALCOFI 1404,83.3,39.4,NA,"34.265, -119.328",4/12/14,18:32,18:34,0,15,CALBOBL,NA,0.505,OBLIQUE,ethanol,ethanol,201404,201404:83.3_39.4,83.3_39.4,2014,4,Spring,NA,NA,NA,NA,NA,NA,NA,NA
CALCOFI 1911,83.3,39.4,NA,"34.255, -119.328",11/14/19,16:22,16:24,0,15,CALBOBL,NA,0.505,OBLIQUE,ethanol,ethanol,201911,201911:83.3_39.4,83.3_39.4,2019,11,Fall,NA,NA,NA,NA,NA,NA,NA,NA
CALCOFI 0610,85.4,35.8,NA,"34.017, -118.850",11/1/06,2:36,2:38,0,15,CALBOBL,NA,0.505,OBLIQUE,ethanol,ethanol,200610,200610:85.4_35.8,85.4_35.8,2006,11,Fall,ROGER REVELLE,RR,54,10:09:00Z,34.02,-118.84333,21,17.5
CALCOFI 1110,85.4,35.8,NA,"34.017, -118.833",10/23/11,14:43,14:45,0,15,CALBOBL,NA,0.505,,Ethanol,Ethanol,201110,201110:85.4_35.8,85.4_35.8,2011,10,Fall,NEW HORIZON,NH,35,22:23:00Z,34.011665,-118.831665,24,16
CALCOFI 1411,85.4,35.8,NA,"34.012, -118.830",11/22/14,18:27,18:29,0,15,CALBOBL,NA,0.505,OBLIQUE,ethanol,ethanol,201411,201411:85.4_35.8,85.4_35.8,2014,11,Fall,NA,NA,NA,NA,NA,NA,NA,NA
CALCOFI 1711,86.8,32.5,NA,"33.888, -118.447",11/15/17,15:05,15:07,0,15,CALBOBL,NA,0.505,OBLIQUE,ethanol,ethanol,201711,201711:86.8_32.5,86.8_32.5,2017,11,Fall,NA,NA,NA,NA,NA,NA,NA,NA
CALCOFI 1311,86.8,32.5,NA,"33.888, -118.445",11/15/13,20:46,20:48,0,15,CALBOBL,NA,0.505,OBLIQUE,ethanol,ethanol,201311,201311:86.8_32.5,86.8_32.5,2013,11,Fall,NA,NA,NA,NA,NA,NA,NA,NA
CALCOFI 1411,88.5,30.1,NA,"33.673, -118.093",11/14/14,15:24,15:26,0,15,CALBOBL,NA,0.505,OBLIQUE,ethanol,ethanol,201411,201411:88.5_30.1,88.5_30.1,2014,11,Fall,NEW HORIZON,NH,33,23:01:00Z,33.673332,-118.09333,18,19.4
CALCOFI 1210,88.5,30.1,NA,"33.673, -118.095",10/26/12,5:16,,0,15,CALBOBL,NA,0.505,OBLIQUE,ethanol,ethanol,201210,201210:88.5_30.1,88.5_30.1,2012,10,Fall,NEW HORIZON,NH,31,12:55:00Z,33.673332,-118.095,21,18.7
CALCOFI 1911,88.5,30.1,NA,"33.675, -118.085",11/10/19,4:46,4:48,0,15,CALBOBL,NA,0.505,OBLIQUE,ethanol,ethanol,201911,201911:88.5_30.1,88.5_30.1,2019,11,Fall,NA,NA,NA,NA,NA,NA,NA,NA
CALCOFI 1404,91.7,26.4,NA,"33.243, -117.465",3/29/14,0:25,0:27,0,15,CALBOBL,NA,0.505,OBLIQUE,ethanol,ethanol,201404,201404:91.7_26.4,91.7_26.4,2014,3,Spring,OCEAN STARR,OS,3,07:52:00Z,33.243332,-117.465,20,16.79
CALCOFI 1504,91.7,26.4,NA,"33.245, -117.465",4/4/15,15:58,16:00,0,15,CALBOBL,NA,0.505,OBLIQUE,ethanol,ethanol,201504,201504:91.7_26.4,91.7_26.4,2015,4,Spring,NEW HORIZON,NH,3,23:36:00Z,33.245,-117.465,25,19.1
CALCOFI 1511,91.7,26.4,NA,"33.247, -117.463",10/28/15,16:43,16:45,0,15,CALBOBL,NA,0.505,OBLIQUE,ethanol,ethanol,201511,201511:91.7_26.4,91.7_26.4,2015,10,Fall,NA,NA,NA,NA,NA,NA,NA,NA
CALCOFI 1604,91.7,26.4,NA,"33.243, -117.465",4/1/16,16:26,16:28,0,15,CALBOBL,NA,0.505,OBLIQUE,ethanol,ethanol,201604,201604:91.7_26.4,91.7_26.4,2016,4,Spring,NA,NA,NA,NA,NA,NA,NA,NA
CALCOFI 1804,91.7,26.4,NA,"33.243, -117.465",4/5/18,17:07,17:09,0,15,CALBOBL,NA,0.505,OBLIQUE,ethanol,ethanol,201804,201804:91.7_26.4,91.7_26.4,2018,4,Spring,NA,NA,NA,NA,NA,NA,NA,NA
CALCOFI 0711 ,93.4,26.4,NA,"32.950, -117.283",11/3/07,2:23,2:25,0,15,CALBOBL,NA,0.505,OBLIQUE,ethanol,ethanol,200711,200711:93.4_26.4,93.4_26.4,2007,11,Fall,NEW HORIZON,NH,2,09:55:00Z,32.953335,-117.28,20,18.2
CALCOFI 0804,93.4,26.4,NA,"32.950, -117.283",3/24/08,21:30,21:32,0,15,CALBOBL,NA,0.505,OBLIQUE,ethanol,ethanol,200804,200804:93.4_26.4,93.4_26.4,2008,3,Spring,NA,NA,NA,NA,NA,NA,NA,NA
CALCOFI 1804,80,50.5,NA,"34.468, -120.490",4/17/18,16:10,16:12,0,16,CALBOBL,NA,0.505,OBLIQUE,ethanol,ethanol,201804,201804:80_50.5,80_50.5,2018,4,Spring,BELL M. SHIMADA,SH,60,23:57:00Z,34.468334,-120.49,25,10.9
CALCOFI 1810,80,50.5,NA,"34.462, -120.487",10/28/18,6:50,6:53,0,16,CALBOBL,NA,0.505,OBLIQUE,ethanol,ethanol,201810,201810:80_50.5,80_50.5,2018,10,Fall,NA,NA,NA,NA,NA,NA,NA,NA
CALCOFI 1711,81.7,43.5,NA,"34.403, -119.797",11/17/17,12:53,12:55,0,16,CALBOBL,NA,0.505,OBLIQUE,ethanol,ethanol,201711,201711:81.7_43.5,81.7_43.5,2017,11,Fall,NA,NA,NA,NA,NA,NA,NA,NA
CALCOFI 1311,81.7,43.5,NA,"34.403, -119.800",11/24/13,4:12,4:14,0,16,CALBOBL,NA,0.505,OBLIQUE,ethanol,ethanol,201311,201311:81.7_43.5,81.7_43.5,2013,11,Fall,NEW HORIZON,NH,77,11:37:00Z,34.40333,-119.8,25,16.79
CALCOFI 0610,86.8,32.5,NA,"33.883, -118.450",10/27/06,15:49,15:51,0,16,CALBOBL,NA,0.505,OBLIQUE,ethanol,ethanol,200610,200610:86.8_32.5,86.8_32.5,2006,10,Fall,ROGER REVELLE,RR,33,23:27:00Z,33.88333,-118.44666,31,19.1
CALCOFI 1004,86.8,32.5,NA,"33.883, -118.450",5/2/10,17:00,17:03,0,16,CALBOBL,NA,0.505,OBLIQUE,Ethanol,Ethanol,201004,201004:86.8_32.5,86.8_32.5,2010,5,Spring,NA,NA,NA,NA,NA,NA,NA,NA
CALCOFI 1911,86.8,32.5,NA,"33.888, -118.437",11/10/19,8:08,8:10,0,16,CALBOBL,NA,0.505,OBLIQUE,ethanol,ethanol,201911,201911:86.8_32.5,86.8_32.5,2019,11,Fall,NA,NA,NA,NA,NA,NA,NA,NA
CALCOFI 1304,88.5,30.1,NA,"33.648, -118.085",4/9/13,19:21,19:23,0,16,CALBOBL,NA,0.505,OBLIQUE,ethanol,ethanol,201304,201304:88.5_30.1,88.5_30.1,2013,4,Spring,NA,NA,NA,NA,NA,NA,NA,NA
CALCOFI 0511,91.7,26.4,NA,"33.250, -117.467",11/4/05,17:15,17:17,0,16,CALBOBL,NA,0.505,OBLIQUE,ethanol,ethanol,200511,200511:91.7_26.4,91.7_26.4,2005,11,Fall,NA,NA,NA,NA,NA,NA,NA,NA
CALCOFI 1711,91.7,26.4,NA,"33.240, -117.465",11/9/17,15:41,15:44,0,16,CALBOBL,NA,0.505,OBLIQUE,ethanol,ethanol,201711,201711:91.7_26.4,91.7_26.4,2017,11,Fall,NA,NA,NA,NA,NA,NA,NA,NA
CALCOFI 0610,93.4,26.4,NA,"32.950, -117.283",10/21/06,13:14,13:16,0,16,CALBOBL,NA,0.505,OBLIQUE,ethanol,ethanol,200610,200610:93.4_26.4,93.4_26.4,2006,10,Fall,ROGER REVELLE,RR,2,20:18:00Z,32.95,-117.28,19,18.6
CALCOFI 1711,80,50.5,NA,"34.457, -120.487",11/17/17,19:58,20:00,0,17,CALBOBL,NA,0.505,OBLIQUE,ethanol,ethanol,201711,201711:80_50.5,80_50.5,2017,11,Fall,NA,NA,NA,NA,NA,NA,NA,NA
CALCOFI 1904,80,50.5,NA,"34.465, -120.495",4/17/19,12:36,12:39,0,17,CALBOBL,NA,0.505,OBLIQUE,ethanol,ethanol,201904,201904:80_50.5,80_50.5,2019,4,Spring,REUBEN LASKER,RL,69,20:17:00Z,34.465,-120.495,25,11.8
CALCOFI 0911,83.3,39.4,NA,"34.267, -119.333",11/18/09,4:47,4:49,0,17,CALBOBL,NA,0.505,OBLIQUE,ethanol,ethanol,200911,200911:83.3_39.4,83.3_39.4,2009,11,Fall,NEW HORIZON,NH,57,12:28:00Z,34.25833,-119.325,22,15.3
CALCOFI 0903,83.3,40.6,NA,"34.233, -119.417",3/19/09,7:42,7:44,0,17,CALBOBL,NA,0.505,OBLIQUE,ethanol,ethanol,200903,200903:83.3_40.6,83.3_40.6,2009,3,Spring,DAVID STARR JORDAN,JD,55,14:43:00Z,34.225,-119.41167,26,14.2
CALCOFI 1711,85.4,35.8,NA,"34.008, -118.832",11/15/17,22:07,22:10,0,17,CALBOBL,NA,0.505,OBLIQUE,ethanol,ethanol,201711,201711:85.4_35.8,85.4_35.8,2017,11,Fall,NA,NA,NA,NA,NA,NA,NA,NA
CALCOFI 0511,88.5,30.1,NA,"33.667, -118.083",11/10/05,21:40,21:42,0,17,CALBOBL,NA,0.505,OBLIQUE,ethanol,ethanol,200511,200511:88.5_30.1,88.5_30.1,2005,11,Fall,NA,NA,NA,NA,NA,NA,NA,NA
CALCOFI 1810,93.4,26.4,NA,"32.952, -117.283",10/14/18,12:45,12:47,0,17,CALBOBL,NA,0.505,OBLIQUE,ethanol,ethanol,201810,201810:93.4_26.4,93.4_26.4,2018,10,Fall,NA,NA,NA,NA,NA,NA,NA,NA
CALCOFI 1911,80,50.5,NA,"34.458, -120.485",11/15/19,2:14,2:17,0,18,CALBOBL,NA,0.505,OBLIQUE,ethanol,ethanol,201911,201911:80_50.5,80_50.5,2019,11,Fall,NA,NA,NA,NA,NA,NA,NA,NA
CALCOFI 2204,80,50.5,NA,"34.465, -120.488",4/18/22,13:01,13:04,0,18,CALBOBL,NA,0.505,OBLIQUE,ethanol,ethanol,202204,202204:80_50.5,80_50.5,2022,4,Spring,BELL M. SHIMADA,SH,58,20:48:00Z,34.465,-120.488335,27,11.1
CALCOFI 1304,83.3,39.4,NA,"34.260, -119.408",4/15/13,23:32,23:34,0,18,CALBOBL,NA,0.505,OBLIQUE,ethanol,ethanol,201304,201304:83.3_39.4,83.3_39.4,2013,4,Spring,NA,NA,NA,NA,NA,NA,NA,NA
CALCOFI 2204,83.3,39.4,NA,"34.257, -119.343",4/18/22,3:10,3:13,0,18,CALBOBL,NA,0.505,OBLIQUE,ethanol,ethanol,202204,202204:83.3_39.4,83.3_39.4,2022,4,Spring,BELL M. SHIMADA,SH,55,10:59:00Z,34.256664,-119.34333,21,14.5
CALCOFI 1411,83.3,40.6,NA,"34.225, -119.412",11/22/14,14:12,14:15,0,18,CALBOBL,NA,0.505,OBLIQUE,ethanol,ethanol,201411,201411:83.3_40.6,83.3_40.6,2014,11,Fall,NEW HORIZON,NH,74,21:17:00Z,34.225,-119.41167,31,19
CALCOFI 1504,85.4,35.8,NA,"34.017, -118.875",4/15/15,0:31,0:34,0,18,CALBOBL,NA,0.505,OBLIQUE,ethanol,ethanol,201504,201504:85.4_35.8,85.4_35.8,2015,4,Spring,NEW HORIZON,NH,52,08:07:00Z,34.016666,-118.875,39,15.5
CALCOFI 1404,86.8,32.5,NA,"33.888, -118.445",4/7/14,21:22,21:25,0,18,CALBOBL,NA,0.505,OBLIQUE,ethanol,ethanol,201404,201404:86.8_32.5,86.8_32.5,2014,4,Spring,NA,NA,NA,NA,NA,NA,NA,NA
CALCOFI 1604,86.8,32.5,NA,"33.887, -118.443",4/7/16,14:37,14:40,0,18,CALBOBL,NA,0.505,OBLIQUE,ethanol,ethanol,201604,201604:86.8_32.5,86.8_32.5,2016,4,Spring,BELL M. SHIMADA,SH,33,22:20:00Z,33.886665,-118.44334,27,15.3
CALCOFI 1810,86.8,32.5,NA,"33.887, -118.445",10/20/18,17:07,17:10,0,18,CALBOBL,NA,0.505,OBLIQUE,ethanol,ethanol,201810,201810:86.8_32.5,86.8_32.5,2018,10,Fall,NA,NA,NA,NA,NA,NA,NA,NA
CALCOFI 1704,91.7,26.4,NA,"33.240, -117.467",3/29/17,1:17,1:19,0,18,CALBOBL,NA,0.505,OBLIQUE,ethanol,ethanol,201704,201704:91.7_26.4,91.7_26.4,2017,3,Spring,BELL M. SHIMADA,SH,3,08:49:00Z,33.24,-117.46667,21,16
CALCOFI 0511,80,50.5,NA,"34.467, -120.483",11/17/05,0:25,0:26,0,19,CALBOBL,NA,0.505,OBLIQUE,ethanol,ethanol,200511,200511:80_50.5,80_50.5,2005,11,Fall,NEW HORIZON,NH,56,07:55:00Z,34.461666,-120.488335,23,16.79
CALCOFI 1304,80,50.5,NA,"34.460, -120.498",4/19/13,23:11,23:13,0,19,CALBOBL,NA,0.505,OBLIQUE,ethanol,ethanol,201304,201304:80_50.5,80_50.5,2013,4,Spring,NA,NA,NA,NA,NA,NA,NA,NA
CALCOFI 1210,80,50.5,NA,"34.457, -120.493",10/31/12,23:03,,0,19,CALBOBL,NA,0.505,OBLIQUE,ethanol,ethanol,201210,201210:80_50.5,80_50.5,2012,10,Fall,NA,NA,NA,NA,NA,NA,NA,NA
CALCOFI 0504,81.7,43.5,NA,"34.400, -119.783",4/26/05,19:29,19:32,0,19,CALBOBL,NA,0.505,OBLIQUE,ethanol,ethanol,200504,200504:81.7_43.5,81.7_43.5,2005,4,Spring,NA,NA,NA,NA,NA,NA,NA,NA
CALCOFI 0511,81.7,43.5,NA,"34.400, -119.800",11/16/05,17:06,17:09,0,19,CALBOBL,NA,0.505,OBLIQUE,ethanol,ethanol,200511,200511:81.7_43.5,81.7_43.5,2005,11,Fall,NA,NA,NA,NA,NA,NA,NA,NA
CALCOFI 1604,81.7,43.5,NA,"34.402, -119.800",4/12/16,14:31,14:34,0,19,CALBOBL,NA,0.505,OBLIQUE,ethanol,ethanol,201604,201604:81.7_43.5,81.7_43.5,2016,4,Spring,BELL M. SHIMADA,SH,59,22:12:00Z,34.401665,-119.8,28,15.3
CALCOFI 1904,81.7,43.5,NA,"34.398, -119.805",4/9/19,15:21,15:25,0,19,CALBOBL,NA,0.505,OBLIQUE,ethanol,ethanol,201904,201904:81.7_43.5,81.7_43.5,2019,4,Spring,REUBEN LASKER,RL,37,22:45:00Z,34.398335,-119.805,30,13.1
CALCOFI 1810,81.7,43.5,NA,"34.402, -119.803",10/28/18,14:08,14:11,0,19,CALBOBL,NA,0.505,OBLIQUE,ethanol,ethanol,201810,201810:81.7_43.5,81.7_43.5,2018,10,Fall,NA,NA,NA,NA,NA,NA,NA,NA
CALCOFI 1704,83.3,39.4,NA,"34.225, -119.395",4/9/17,22:51,22:54,0,19,CALBOBL,NA,0.505,OBLIQUE,ethanol,ethanol,201704,201704:83.3_39.4,83.3_39.4,2017,4,Spring,NA,NA,NA,NA,NA,NA,NA,NA
CALCOFI 0810,83.3,40.6,NA,"34.233, -119.417",10/25/08,12:30,12:32,0,19,CALBOBL,NA,0.505,OBLIQUE,ethanol,ethanol,200810,200810:83.3_40.6,83.3_40.6,2008,10,Fall,NEW HORIZON,NH,53,19:25:00Z,34.225,-119.41167,34,18.1
CALCOFI 1404,83.3,40.6,NA,"34.227, -119.412",4/12/14,17:28,17:31,0,19,CALBOBL,NA,0.505,OBLIQUE,ethanol,ethanol,201404,201404:83.3_40.6,83.3_40.6,2014,4,Spring,NA,NA,NA,NA,NA,NA,NA,NA
CALCOFI 1604,83.3,40.6,NA,"34.225, -119.410",4/8/16,2:44,2:46,0,19,CALBOBL,NA,0.505,OBLIQUE,ethanol,ethanol,201604,201604:83.3_40.6,83.3_40.6,2016,4,Spring,BELL M. SHIMADA,SH,38,09:49:00Z,34.225,-119.41,34,15.4
CALCOFI 0504,86.8,32.5,NA,"33.883, -118.433",4/21/05,22:08,22:10,0,19,CALBOBL,NA,0.505,OBLIQUE,ethanol,ethanol,200504,200504:86.8_32.5,86.8_32.5,2005,4,Spring,NA,NA,NA,NA,NA,NA,NA,NA
CALCOFI 1304,86.8,32.5,NA,"33.880, -118.455",4/9/13,22:51,22:54,0,19,CALBOBL,NA,0.505,OBLIQUE,ethanol,ethanol,201304,201304:86.8_32.5,86.8_32.5,2013,4,Spring,NA,NA,NA,NA,NA,NA,NA,NA
CALCOFI 1810,91.7,26.4,NA,"33.238, -117.463",10/14/18,15:22,15:24,0,19,CALBOBL,NA,0.505,OBLIQUE,ethanol,ethanol,201810,201810:91.7_26.4,91.7_26.4,2018,10,Fall,NA,NA,NA,NA,NA,NA,NA,NA
CALCOFI 1004,93.4,26.4,NA,"32.950, -117.283",4/26/10,18:50,18:52,0,19,CALBOBL,NA,0.505,OBLIQUE,Ethanol,Ethanol,201004,201004:93.4_26.4,93.4_26.4,2010,4,Spring,NA,NA,NA,NA,NA,NA,NA,NA
CALCOFI 1210,81.7,43.5,NA,"34.403, -119.802",10/31/12,15:39,,0,20,CALBOBL,NA,0.505,OBLIQUE,ethanol,ethanol,201210,201210:81.7_43.5,81.7_43.5,2012,10,Fall,NEW HORIZON,NH,57,23:15:00Z,34.40333,-119.80167,30,18.2
CALCOFI 1104,83.3,39.4,NA,"34.233, -119.383",4/22/11,13:44,13:46,0,20,CALBOBL,NA,0.505,OBLIQUE,Ethanol,Ethanol,201104,201104:83.3_39.4,83.3_39.4,2011,4,Spring,BELL M. SHIMADA,SH,97,21:20:00Z,34.235,-119.388336,25,13.3
CALCOFI 1810,83.3,39.4,NA,"34.263, -119.355",10/28/18,16:56,16:58,0,20,CALBOBL,NA,0.505,OBLIQUE,ethanol,ethanol,201810,201810:83.3_39.4,83.3_39.4,2018,10,Fall,NA,NA,NA,NA,NA,NA,NA,NA
CALCOFI 9910,83.3,40.6,NA,"34.233, -119.417",10/15/99,8:14,8:16,0,20,CALBOBL,NA,0.505,OBLIQUE,ethanol,ethanol,199910,199910:83.3_40.6,83.3_40.6,1999,10,Fall,NEW HORIZON,NH,51,14:44:00Z,34.225,-119.41167,33,15.9
CALCOFI 0504,83.3,40.6,NA,"34.233, -119.400",4/26/05,15:27,15:29,0,20,CALBOBL,NA,0.505,OBLIQUE,ethanol,ethanol,200504,200504:83.3_40.6,83.3_40.6,2005,4,Spring,NEW HORIZON,NH,55,21:44:00Z,34.228333,-119.40667,30,14.7
CALCOFI 0511,83.3,40.6,NA,"34.233, -119.400",11/16/05,12:07,12:09,0,20,CALBOBL,NA,0.505,OBLIQUE,ethanol,ethanol,200511,200511:83.3_40.6,83.3_40.6,2005,11,Fall,NEW HORIZON,NH,52,19:22:00Z,34.228333,-119.39333,27,17.5
CALCOFI 0911,83.3,40.6,NA,"34.217, -119.417",11/18/09,3:49,3:51,0,20,CALBOBL,NA,0.505,OBLIQUE,ethanol,ethanol,200911,200911:83.3_40.6,83.3_40.6,2009,11,Fall,NEW HORIZON,NH,56,10:52:00Z,34.22333,-119.41333,33,15.7
CALCOFI 1304,83.3,40.6,NA,"34.223, -119.417",4/15/13,22:16,22:18,0,20,CALBOBL,NA,0.505,OBLIQUE,ethanol,ethanol,201304,201304:83.3_40.6,83.3_40.6,2013,4,Spring,NA,NA,NA,NA,NA,NA,NA,NA
CALCOFI 0411,85.4,35.8,NA,"34.000, -118.833",11/18/04,23:49,23:52,0,20,CALBOBL,NA,0.505,OBLIQUE,ethanol,ethanol,200411,200411:85.4_35.8,85.4_35.8,2004,11,Fall,NA,NA,NA,NA,NA,NA,NA,NA
CALCOFI 0911,85.4,35.8,NA,"34.017, -118.833",11/13/09,6:37,6:39,0,20,CALBOBL,NA,0.505,OBLIQUE,ethanol,ethanol,200911,200911:85.4_35.8,85.4_35.8,2009,11,Fall,NEW HORIZON,NH,35,14:10:00Z,34.01,-118.83,27,16.6
CALCOFI 1210,85.4,35.8,NA,"34.012, -118.835",11/4/12,20:39,,0,20,CALBOBL,NA,0.505,OBLIQUE,ethanol,ethanol,201210,201210:85.4_35.8,85.4_35.8,2012,11,Fall,NA,NA,NA,NA,NA,NA,NA,NA
CALCOFI 0511,86.8,32.5,NA,"33.883, -118.450",11/11/05,1:21,1:23,0,20,CALBOBL,NA,0.505,OBLIQUE,ethanol,ethanol,200511,200511:86.8_32.5,86.8_32.5,2005,11,Fall,NEW HORIZON,NH,33,08:54:00Z,33.888332,-118.44334,24,17.2
CALCOFI 1110,86.8,32.5,NA,"33.883, -118.450",10/23/11,12:05,12:07,0,20,CALBOBL,NA,0.505,,Ethanol,Ethanol,201110,201110:86.8_32.5,86.8_32.5,2011,10,Fall,NEW HORIZON,NH,34,19:32:00Z,33.885,-118.45167,31,17
CALCOFI 1004,88.5,30.1,NA,"33.667, -118.083",5/2/10,13:25,13:26,0,20,CALBOBL,NA,0.505,OBLIQUE,Ethanol,Ethanol,201004,201004:88.5_30.1,88.5_30.1,2010,5,Spring,MILLER FREEMAN,MF,152,21:00:00Z,33.67,-118.08666,18,14.8
CALCOFI 1704,88.5,30.1,NA,"33.637, -118.077",4/4/17,20:19,20:22,0,20,CALBOBL,NA,0.505,OBLIQUE,ethanol,ethanol,201704,201704:88.5_30.1,88.5_30.1,2017,4,Spring,NA,NA,NA,NA,NA,NA,NA,NA
CALCOFI 0704,91.7,26.4,NA,"33.233, -117.450",3/28/07,1:17,1:19,0,20,CALBOBL,NA,0.505,OBLIQUE,ethanol,ethanol,200704,200704:91.7_26.4,91.7_26.4,2007,3,Spring,DAVID STARR JORDAN,JD,2,08:30:00Z,33.231667,-117.44666,26,12.8
CALCOFI 1604,93.4,26.4,NA,"32.952, -117.288",4/1/16,14:01,14:04,0,20,CALBOBL,NA,0.505,OBLIQUE,ethanol,ethanol,201604,201604:93.4_26.4,93.4_26.4,2016,4,Spring,BELL M. SHIMADA,SH,2,21:37:00Z,32.951668,-117.28833,28,16.9
CALCOFI 1110,80,50.5,NA,"34.467, -120.483",10/28/11,22:34,22:36,0,21,CALBOBL,NA,0.505,,Ethanol,Ethanol,201110,201110:80_50.5,80_50.5,2011,10,Fall,NA,NA,NA,NA,NA,NA,NA,NA
CALCOFI 0010,83.3,40.6,NA,"34.233, -119.233",10/25/00,22:38,22:41,0,21,CALBOBL,NA,0.505,OBLIQUE,ethanol,ethanol,200010,200010:83.3_40.6,83.3_40.6,2000,10,Fall,NA,NA,NA,NA,NA,NA,NA,NA
CALCOFI 0004,83.3,40.6,NA,"34.233, -119.417",4/18/00,18:30,18:32,0,21,CALBOBL,NA,0.505,OBLIQUE,ethanol,ethanol,200004,200004:83.3_40.6,83.3_40.6,2000,4,Spring,NA,NA,NA,NA,NA,NA,NA,NA
CALCOFI 0404 ,83.3,40.6,NA,"34.233, -119.417",4/3/04,11:30,11:32,0,21,CALBOBL,NA,0.505,OBLIQUE,ethanol,ethanol,200404,200404:83.3_40.6,83.3_40.6,2004,4,Spring,NEW HORIZON,NH,46,18:32:00Z,34.225,-119.41333,33,15.8
CALCOFI 0604,83.3,40.6,NA,"34.217, -119.417",4/13/06,4:02,4:04,0,21,CALBOBL,NA,0.505,OBLIQUE,ethanol,ethanol,200604,200604:83.3_40.6,83.3_40.6,2006,4,Spring,NEW HORIZON,NH,55,10:55:00Z,34.22333,-119.418335,37,14
CALCOFI 1110,83.3,40.6,NA,"34.233, -119.417",10/28/11,10:04,10:06,0,21,CALBOBL,NA,0.505,,Ethanol,Ethanol,201110,201110:83.3_40.6,83.3_40.6,2011,10,Fall,NEW HORIZON,NH,56,17:28:00Z,34.228333,-119.41167,32,16.6
CALCOFI 2204,85.4,35.8,NA,"34.000, -118.840",4/13/22,23:01,23:04,0,21,CALBOBL,NA,0.505,OBLIQUE,ethanol,ethanol,202204,202204:85.4_35.8,85.4_35.8,2022,4,Spring,NA,NA,NA,NA,NA,NA,NA,NA
CALCOFI 1504,86.8,32.5,NA,"33.888, -118.447",4/10/15,22:34,22:37,0,21,CALBOBL,NA,0.505,OBLIQUE,ethanol,ethanol,201504,201504:86.8_32.5,86.8_32.5,2015,4,Spring,NA,NA,NA,NA,NA,NA,NA,NA
CALCOFI 1004,91.7,26.4,NA,"33.233, -117.467",4/26/10,21:08,21:10,0,21,CALBOBL,NA,0.505,OBLIQUE,Ethanol,Ethanol,201004,201004:91.7_26.4,91.7_26.4,2010,4,Spring,NA,NA,NA,NA,NA,NA,NA,NA
CALCOFI 2010,91.7,26.4,NA,"33.242, -117.462",10/11/20,13:21,13:24,0,21,CALBOBL,NA,0.505,OBLIQUE,ethanol,ethanol,202010,202010:91.7_26.4,91.7_26.4,2020,10,Fall,NA,NA,NA,NA,NA,NA,NA,NA
CALCOFI 1304,93.4,26.4,NA,"32.948, -117.292",4/6/13,19:46,19:49,0,21,CALBOBL,NA,0.505,OBLIQUE,ethanol,ethanol,201304,201304:93.4_26.4,93.4_26.4,2013,4,Spring,NA,NA,NA,NA,NA,NA,NA,NA
CALCOFI 0310,83.3,40.6,NA,"34.233, -119.417",10/31/03,3:15,3:17,0,22,CALBOBL,NA,0.505,OBLIQUE,ethanol,ethanol,200310,200310:83.3_40.6,83.3_40.6,2003,10,Fall,NEW HORIZON,NH,50,10:18:00Z,34.228333,-119.415,41,18.1
CALCOFI 0610,83.3,40.6,NA,"34.233, -119.417",11/1/06,9:13,9:15,0,22,CALBOBL,NA,0.505,OBLIQUE,ethanol,ethanol,200610,200610:83.3_40.6,83.3_40.6,2006,11,Fall,ROGER REVELLE,RR,56,16:24:00Z,34.225,-119.41167,33,18.1
CALCOFI 2010,83.3,40.6,NA,"34.225, -119.412",10/23/20,18:55,18:59,0,22,CALBOBL,NA,0.505,OBLIQUE,ethanol,ethanol,202010,202010:83.3_40.6,83.3_40.6,2020,10,Fall,NA,NA,NA,NA,NA,NA,NA,NA
CALCOFI 0511,85.4,35.8,NA,"34.017, -118.833",11/20/05,17:57,18:00,0,22,CALBOBL,NA,0.505,OBLIQUE,ethanol,ethanol,200511,200511:85.4_35.8,85.4_35.8,2005,11,Fall,NA,NA,NA,NA,NA,NA,NA,NA
CALCOFI 1210,86.8,32.5,NA,"33.888, -118.450",10/26/12,0:06,,0,22,CALBOBL,NA,0.505,OBLIQUE,ethanol,ethanol,201210,201210:86.8_32.5,86.8_32.5,2012,10,Fall,NEW HORIZON,NH,29,07:38:00Z,33.888332,-118.45,30,18.29
CALCOFI 0810,93.4,26.4,NA,"32.950, -117.267",10/14/08,13:43,13:45,0,22,CALBOBL,NA,0.505,OBLIQUE,ethanol,ethanol,200810,200810:93.4_26.4,93.4_26.4,2008,10,Fall,NEW HORIZON,NH,2,21:02:00Z,32.95,-117.27167,36,17.6
CALCOFI 0911,86.8,32.5,NA,"33.883, -118.450",11/13/09,1:50,1:53,0,23,CALBOBL,NA,0.505,OBLIQUE,ethanol,ethanol,200911,200911:86.8_32.5,86.8_32.5,2009,11,Fall,NEW HORIZON,NH,33,09:28:00Z,33.885,-118.445,27,17.4
CALCOFI 1104,86.8,32.5,NA,"33.883, -118.450",4/17/11,15:53,15:55,0,23,CALBOBL,NA,0.505,OBLIQUE,Ethanol,Ethanol,201104,201104:86.8_32.5,86.8_32.5,2011,4,Spring,BELL M. SHIMADA,SH,70,23:30:00Z,33.888332,-118.44334,18,15.8
CALCOFI 1804,86.8,32.5,NA,"33.887, -118.445",4/11/18,13:52,13:55,0,23,CALBOBL,NA,0.505,OBLIQUE,ethanol,ethanol,201804,201804:86.8_32.5,86.8_32.5,2018,4,Spring,BELL M. SHIMADA,SH,34,21:35:00Z,33.886665,-118.445,29,16
CALCOFI 1604,73.3,50,NA,"35.645, -121.263",4/16/16,21:02,21:05,0,24,CALBOBL,NA,0.505,OBLIQUE,ethanol,ethanol,201604,201604:73.3_50,73.3_50,2016,4,Spring,NA,NA,NA,NA,NA,NA,NA,NA
CALCOFI 0104,83.3,40.6,NA,"34.417, -119.417",4/18/01,5:39,5:42,0,24,CALBOBL,NA,0.505,OBLIQUE,ethanol,ethanol,200104,200104:83.3_40.6,83.3_40.6,2001,4,Spring,DAVID STARR JORDAN,JD,53,12:45:00Z,34.226665,-119.41333,34,13.4
CALCOFI 9904,83.3,40.6,NA,"34.233, -119.417",4/12/99,6:54,6:57,0,24,CALBOBL,NA,0.505,OBLIQUE,ethanol,ethanol,199904,199904:83.3_40.6,83.3_40.6,1999,4,Spring,DAVID STARR JORDAN,JD,50,14:08:00Z,34.225,-119.41167,38,11.6
CALCOFI 1004,83.3,40.6,NA,"34.233, -119.417",5/13/10,11:47,11:50,0,24,CALBOBL,NA,0.505,OBLIQUE,Ethanol,Ethanol,201004,201004:83.3_40.6,83.3_40.6,2010,5,Spring,MILLER FREEMAN,MF,172,18:41:00Z,34.226665,-119.415,35,12.6
CALCOFI 1311,83.3,40.6,NA,"34.227, -119.410",11/24/13,8:37,8:40,0,24,CALBOBL,NA,0.505,OBLIQUE,ethanol,ethanol,201311,201311:83.3_40.6,83.3_40.6,2013,11,Fall,NEW HORIZON,NH,79,15:35:00Z,34.226665,-119.41,35,16.6
CALCOFI 1704,93.4,26.4,NA,"32.945, -117.287",3/28/17,22:41,22:44,0,24,CALBOBL,NA,0.505,OBLIQUE,ethanol,ethanol,201704,201704:93.4_26.4,93.4_26.4,2017,3,Spring,NA,NA,NA,NA,NA,NA,NA,NA
CALCOFI 1804,73.3,50,NA,"35.643, -121.263",4/20/18,22:54,22:57,0,25,CALBOBL,NA,0.505,OBLIQUE,ethanol,ethanol,201804,201804:73.3_50,73.3_50,2018,4,Spring,NA,NA,NA,NA,NA,NA,NA,NA
CALCOFI 0903,80,50.5,NA,"34.467, -120.500",3/19/09,20:07,20:10,0,25,CALBOBL,NA,0.505,OBLIQUE,ethanol,ethanol,200903,200903:80_50.5,80_50.5,2009,3,Spring,NA,NA,NA,NA,NA,NA,NA,NA
CALCOFI 1704,85.4,35.8,NA,"34.012, -118.838",4/5/17,1:28,1:31,0,25,CALBOBL,NA,0.505,OBLIQUE,ethanol,ethanol,201704,201704:85.4_35.8,85.4_35.8,2017,4,Spring,BELL M. SHIMADA,SH,33,09:00:00Z,34.011665,-118.83833,39,14.8
CALCOFI 1704,80,50.5,NA,"34.463, -120.495",4/10/17,8:37,8:40,0,26,CALBOBL,NA,0.505,OBLIQUE,ethanol,ethanol,201704,201704:80_50.5,80_50.5,2017,4,Spring,BELL M. SHIMADA,SH,60,16:12:00Z,34.463333,-120.495,38,11.2
CALCOFI 1704,81.7,43.5,NA,"34.398, -119.802",4/10/17,1:27,1:30,0,26,CALBOBL,NA,0.505,OBLIQUE,ethanol,ethanol,201704,201704:81.7_43.5,81.7_43.5,2017,4,Spring,BELL M. SHIMADA,SH,58,09:07:00Z,34.398335,-119.80167,38,13.2
CALCOFI 0211,83.3,40.6,NA,"34.217, -119.417",11/21/02,7:45,7:48,0,26,CALBOBL,NA,0.505,OBLIQUE,ethanol,ethanol,200211,200211:83.3_40.6,83.3_40.6,2002,11,Fall,NEW HORIZON,NH,49,14:42:00Z,34.22333,-119.41,41,16.1
CALCOFI 0804,83.3,40.6,NA,"34.233, -119.417",4/5/08,20:13,20:16,0,26,CALBOBL,NA,0.505,OBLIQUE,ethanol,ethanol,200804,200804:83.3_40.6,83.3_40.6,2008,4,Spring,NA,NA,NA,NA,NA,NA,NA,NA
CALCOFI 1804,83.3,40.6,NA,"34.225, -119.410",4/17/18,4:14,4:17,0,26,CALBOBL,NA,0.505,OBLIQUE,ethanol,ethanol,201804,201804:83.3_40.6,83.3_40.6,2018,4,Spring,BELL M. SHIMADA,SH,56,11:15:00Z,34.225,-119.41,36,12.1
CALCOFI 0504,80,50.5,NA,"34.467, -120.500",4/27/05,2:25,2:28,0,27,CALBOBL,NA,0.505,OBLIQUE,ethanol,ethanol,200504,200504:80_50.5,80_50.5,2005,4,Spring,NEW HORIZON,NH,59,09:55:00Z,34.458332,-120.49333,39,12.1
CALCOFI 1104,81.7,43.5,NA,"34.383, -119.817",4/22/11,17:04,17:06,0,27,CALBOBL,NA,0.505,OBLIQUE,Ethanol,Ethanol,201104,201104:81.7_43.5,81.7_43.5,2011,4,Spring,NA,NA,NA,NA,NA,NA,NA,NA
CALCOFI 0204,83.3,40.6,NA,"34.233, -119.417",4/8/02,9:57,10:00,0,27,CALBOBL,NA,0.505,OBLIQUE,ethanol,ethanol,200204,200204:83.3_40.6,83.3_40.6,2002,4,Spring,DAVID STARR JORDAN,JD,50,17:15:00Z,34.226665,-119.415,38,12.8
CALCOFI 9604,83.3,40.6,NA,"34.233, -119.417",4/27/96,9:27,9:30,0,27,CALBOBL,NA,0.505,OBLIQUE,ethanol,ethanol,199604,199604:83.3_40.6,83.3_40.6,1996,4,Spring,DAVID STARR JORDAN,JD,49,17:00:00Z,34.225,-119.41,35,13.4
CALCOFI 0711 ,83.3,40.6,NA,"34.233, -119.417",11/14/07,15:23,15:26,0,27,CALBOBL,NA,0.505,OBLIQUE,ethanol,ethanol,200711,200711:83.3_40.6,83.3_40.6,2007,11,Fall,NEW HORIZON,NH,53,22:18:00Z,34.225,-119.41333,41,16
CALCOFI 1104,83.3,40.6,NA,"34.217, -119.417",4/22/11,12:49,12:52,0,27,CALBOBL,NA,0.505,OBLIQUE,Ethanol,Ethanol,201104,201104:83.3_40.6,83.3_40.6,2011,4,Spring,BELL M. SHIMADA,SH,96,19:47:00Z,34.22333,-119.41167,35,13.4
CALCOFI 1404,83.3,40.6,NA,"34.225, -119.408",4/28/14,7:54,7:57,0,27,CALBOBL,NA,0.505,OBLIQUE,ethanol,ethanol,201404,201404:83.3_40.6,83.3_40.6,2014,4,Spring,OCEAN STARR,OS,88,15:25:00Z,34.225,-119.40833,30,13.5
CALCOFI 1504,83.3,40.6,NA,"34.225, -119.410",4/14/15,19:25,19:28,0,27,CALBOBL,NA,0.505,OBLIQUE,ethanol,ethanol,201504,201504:83.3_40.6,83.3_40.6,2015,4,Spring,NA,NA,NA,NA,NA,NA,NA,NA
CALCOFI 1210,83.3,40.6,NA,"34.223, -119.412",10/31/12,10:33,,0,27,CALBOBL,NA,0.505,OBLIQUE,ethanol,ethanol,201210,201210:83.3_40.6,83.3_40.6,2012,10,Fall,NEW HORIZON,NH,55,17:25:00Z,34.22333,-119.41167,36,17.7
CALCOFI 0404,73.3,50,NA,"35.650, -121.250",4/15/04,20:28,20:31,0,28,CALBOBL,NA,0.505,OBLIQUE,ethanol,ethanol,200404,200404:73.3_50,73.3_50,2004,4,Spring,NA,NA,NA,NA,NA,NA,NA,NA
CALCOFI 1511,83.3,40.6,NA,"34.217, -119.410",11/4/15,13:18,13:22,0,28,CALBOBL,NA,0.505,OBLIQUE,ethanol,ethanol,201511,201511:83.3_40.6,83.3_40.6,2015,11,Fall,OCEANUS,OC,35,20:20:00Z,34.216667,-119.41,40,17.9
CALCOFI 1711,83.3,40.6,NA,"34.225, -119.410",11/17/17,10:13,10:17,0,28,CALBOBL,NA,0.505,OBLIQUE,ethanol,ethanol,201711,201711:83.3_40.6,83.3_40.6,2017,11,Fall,NA,NA,NA,NA,NA,NA,NA,NA
CALCOFI 1904,83.3,40.6,NA,"34.223, -119.420",4/9/19,20:22,20:26,0,28,CALBOBL,NA,0.505,OBLIQUE,ethanol,ethanol,201904,201904:83.3_40.6,83.3_40.6,2019,4,Spring,NA,NA,NA,NA,NA,NA,NA,NA
CALCOFI 1810,83.3,40.6,NA,"34.225, -119.412",10/28/18,18:23,18:26,0,28,CALBOBL,NA,0.505,OBLIQUE,ethanol,ethanol,201810,201810:83.3_40.6,83.3_40.6,2018,10,Fall,NA,NA,NA,NA,NA,NA,NA,NA
CALCOFI 0504,85.4,35.8,NA,"34.017, -118.833",4/30/05,19:24,19:27,0,28,CALBOBL,NA,0.505,OBLIQUE,ethanol,ethanol,200504,200504:85.4_35.8,85.4_35.8,2005,4,Spring,NA,NA,NA,NA,NA,NA,NA,NA
CALCOFI 0903,85.4,35.8,NA,"34.017, -118.833",3/14/09,14:54,14:57,0,28,CALBOBL,NA,0.505,OBLIQUE,ethanol,ethanol,200903,200903:85.4_35.8,85.4_35.8,2009,3,Spring,DAVID STARR JORDAN,JD,34,22:25:00Z,34.01,-118.83666,36,13.5
CALCOFI 0304,83.3,40.6,NA,"34.233, -119.417",4/15/03,15:08,15:11,0,29,CALBOBL,NA,0.505,OBLIQUE,ethanol,ethanol,200304,200304:83.3_40.6,83.3_40.6,2003,4,Spring,ROGER REVELLE,RR,51,21:43:00Z,34.225,-119.41167,36,13.4
CALCOFI 1911,83.3,40.6,NA,"34.225, -119.412",11/14/19,15:17,15:21,0,29,CALBOBL,NA,0.505,OBLIQUE,ethanol,ethanol,201911,201911:83.3_40.6,83.3_40.6,2019,11,Fall,NA,NA,NA,NA,NA,NA,NA,NA
CALCOFI 1704,86.7,33,NA,"33.890, -118.483",4/5/17,8:09,8:13,0,29,CALBOBL,NA,0.505,OBLIQUE,ethanol,ethanol,201704,201704:86.7_33,86.7_33,2017,4,Spring,BELL M. SHIMADA,SH,36,15:40:00Z,33.89,-118.48333,45,14.7
CALCOFI 1203,86.7,33,NA,"33.882, -118.508",4/1/12,12:18,,0,29,CALBOBL,NA,0.505,OBLIQUE,ethanol,ethanol,201203,201203:86.7_33,86.7_33,2012,4,Spring,BELL M. SHIMADA,SH,40,19:15:00Z,33.881664,-118.50833,51,13
CALCOFI 1104,90,28,NA,"33.483, -117.767",4/17/11,7:23,7:27,0,29,CALBOBL,NA,0.505,OBLIQUE,Ethanol,Ethanol,201104,201104:90_28,90_28,2011,4,Spring,BELL M. SHIMADA,SH,67,14:00:00Z,33.483334,-117.76833,51,15.2
CALCOFI 0411,83.3,40.6,NA,"34.233, -119.417",11/14/04,11:24,11:27,0,30,CALBOBL,NA,0.505,OBLIQUE,ethanol,ethanol,200411,200411:83.3_40.6,83.3_40.6,2004,11,Fall,ROGER REVELLE,RR,52,18:11:00Z,34.225,-119.41167,39,16.7
CALCOFI 1711,86.7,33,NA,"33.890, -118.490",11/15/17,16:35,16:39,0,30,CALBOBL,NA,0.505,OBLIQUE,ethanol,ethanol,201711,201711:86.7_33,86.7_33,2017,11,Fall,NA,NA,NA,NA,NA,NA,NA,NA
CALCOFI 1711,93.3,26.7,NA,"32.957, -117.305",11/9/17,12:10,12:14,0,30,CALBOBL,NA,0.505,OBLIQUE,ethanol,ethanol,201711,201711:93.3_26.7,93.3_26.7,2017,11,Fall,NA,NA,NA,NA,NA,NA,NA,NA
CALCOFI 2204,73.3,50,NA,"35.642, -121.257",4/21/22,12:06,12:09,0,31,CALBOBL,NA,0.505,OBLIQUE,ethanol,ethanol,202204,202204:73.3_50,73.3_50,2022,4,Spring,BELL M. SHIMADA,SH,74,19:30:00Z,35.641666,-121.25667,40,10.8
CALCOFI 2105,83.3,40.6,NA,"34.223, -119.412",5/13/21,2:00,2:04,0,31,CALBOBL,NA,0.505,OBLIQUE,ethanol,ethanol,202105,202105:83.3_40.6,83.3_40.6,2021,5,Spring,BELL M. SHIMADA,SH,41,09:12:00Z,34.22333,-119.41167,34,16.79
CALCOFI 1304,76.7,49,NA,"35.090, -120.778",4/23/13,9:25,9:29,0,32,CALBOBL,NA,0.505,OBLIQUE,ethanol,ethanol,201304,201304:76.7_49,76.7_49,2013,4,Spring,BELL M. SHIMADA,SH,71,16:28:00Z,35.09,-120.778336,53,11.1
CALCOFI 1911,76.7,49,NA,"35.087, -120.777",11/18/19,0:18,0:22,0,32,CALBOBL,NA,0.505,OBLIQUE,ethanol,ethanol,201911,201911:76.7_49,76.7_49,2019,11,Fall,NA,NA,NA,NA,NA,NA,NA,NA
CALCOFI 2204,83.3,40.6,NA,"34.225, -119.410",4/18/22,1:40,1:44,0,32,CALBOBL,NA,0.505,OBLIQUE,ethanol,ethanol,202204,202204:83.3_40.6,83.3_40.6,2022,4,Spring,BELL M. SHIMADA,SH,54,08:52:00Z,34.225,-119.41,35,14.7
CALCOFI 1810,86.7,33,NA,"33.890, -118.490",10/20/18,18:39,18:44,0,32,CALBOBL,NA,0.505,OBLIQUE,ethanol,ethanol,201810,201810:86.7_33,86.7_33,2018,10,Fall,NA,NA,NA,NA,NA,NA,NA,NA
CALCOFI 1911,86.7,33,NA,"33.890, -118.490",11/10/19,9:44,9:48,0,32,CALBOBL,NA,0.505,OBLIQUE,ethanol,ethanol,201911,201911:86.7_33,86.7_33,2019,11,Fall,NA,NA,NA,NA,NA,NA,NA,NA
CALCOFI 0903,81.7,43.5,NA,"34.400, -119.800",3/19/09,13:17,13:21,0,33,CALBOBL,NA,0.505,OBLIQUE,ethanol,ethanol,200903,200903:81.7_43.5,81.7_43.5,2009,3,Spring,DAVID STARR JORDAN,JD,57,20:51:00Z,34.398335,-119.80167,35,13.9
CALCOFI 2010,86.7,33,NA,"33.893, -118.495",10/17/20,5:28,5:32,0,33,CALBOBL,NA,0.505,OBLIQUE,ethanol,ethanol,202010,202010:86.7_33,86.7_33,2020,10,Fall,NA,NA,NA,NA,NA,NA,NA,NA
CALCOFI 0004,93.3,26.7,NA,"32.950, -117.300",4/7/00,15:35,15:39,0,33,CALBOBL,NA,0.505,OBLIQUE,ethanol,ethanol,200004,200004:93.3_26.7,93.3_26.7,2000,4,Spring,DAVID STARR JORDAN,JD,1,21:44:00Z,32.956665,-117.305,36,16.1
CALCOFI 0804,86.7,33,NA,"33.883, -118.500",4/1/08,1:02,1:07,0,34,CALBOBL,NA,0.505,OBLIQUE,ethanol,ethanol,200804,200804:86.7_33,86.7_33,2008,4,Spring,DAVID STARR JORDAN,JD,31,08:03:00Z,33.888332,-118.49167,54,13.9
CALCOFI 0810,86.7,33,NA,"33.883, -118.483",10/20/08,21:05,21:09,0,34,CALBOBL,NA,0.505,OBLIQUE,ethanol,ethanol,200810,200810:86.7_33,86.7_33,2008,10,Fall,NA,NA,NA,NA,NA,NA,NA,NA
CALCOFI 1511,86.7,33,NA,"33.890, -118.490",11/3/15,10:54,10:59,0,34,CALBOBL,NA,0.505,OBLIQUE,ethanol,ethanol,201511,201511:86.7_33,86.7_33,2015,11,Fall,OCEANUS,OC,28,17:09:00Z,33.89,-118.49,57,20.5
CALCOFI 1304,86.7,33,NA,"33.890, -118.488",4/10/13,0:14,0:18,0,34,CALBOBL,NA,0.505,OBLIQUE,ethanol,ethanol,201304,201304:86.7_33,86.7_33,2013,4,Spring,BELL M. SHIMADA,SH,16,07:22:00Z,33.89,-118.488335,50,14.4
CALCOFI 2105,86.7,33,NA,"33.887, -118.488",5/9/21,8:35,8:40,0,34,CALBOBL,NA,0.505,OBLIQUE,ethanol,ethanol,202105,202105:86.7_33,86.7_33,2021,5,Spring,BELL M. SHIMADA,SH,25,15:41:00Z,33.886665,-118.488335,57,17.29
CALCOFI 9604,93.3,26.7,NA,"32.950, -117.300",4/15/96,12:30,12:33,0,34,CALBOBL,NA,0.505,OBLIQUE,ethanol,ethanol,199604,199604:93.3_26.7,93.3_26.7,1996,4,Spring,DAVID STARR JORDAN,JD,1,18:41:00Z,32.955,-117.305,48,18.6
CALCOFI 0404 ,93.3,26.7,NA,"32.950, -117.300",3/23/04,12:51,12:55,0,34,CALBOBL,NA,0.505,OBLIQUE,ethanol,ethanol,200404,200404:93.3_26.7,93.3_26.7,2004,3,Spring,NEW HORIZON,NH,1,19:13:00Z,32.956665,-117.305,49,15.6
CALCOFI 1210,86.7,33,NA,"33.890, -118.490",10/26/12,1:43,,0,35,CALBOBL,NA,0.505,OBLIQUE,ethanol,ethanol,201210,201210:86.7_33,86.7_33,2012,10,Fall,NEW HORIZON,NH,30,08:34:00Z,33.89,-118.49,56,18.4
CALCOFI 1911,90,28,NA,"33.485, -117.768",11/10/19,1:54,1:59,0,35,CALBOBL,NA,0.505,OBLIQUE,ethanol,ethanol,201911,201911:90_28,90_28,2019,11,Fall,NA,NA,NA,NA,NA,NA,NA,NA
CALCOFI 1504,90,28,NA,"33.483, -117.767",4/10/15,15:18,15:23,0,36,CALBOBL,NA,0.505,OBLIQUE,ethanol,ethanol,201504,201504:90_28,90_28,2015,4,Spring,NEW HORIZON,NH,30,21:56:00Z,33.483334,-117.76666,66,17.7
CALCOFI 1203,83.3,40.6,NA,"34.232, -119.443",4/1/12,23:52,,0,37,CALBOBL,NA,0.505,OBLIQUE,ethanol,ethanol,201203,201203:83.3_40.6,83.3_40.6,2012,4,Spring,NA,NA,NA,NA,NA,NA,NA,NA
CALCOFI 1804,86.7,33,NA,"33.908, -118.498",4/11/18,11:22,11:26,0,37,CALBOBL,NA,0.505,OBLIQUE,ethanol,ethanol,201804,201804:86.7_33,86.7_33,2018,4,Spring,BELL M. SHIMADA,SH,33,18:17:00Z,33.908333,-118.49834,56,16
CALCOFI 1904,86.7,33,NA,"33.888, -118.490",4/10/19,6:37,6:42,0,37,CALBOBL,NA,0.505,OBLIQUE,ethanol,ethanol,201904,201904:86.7_33,86.7_33,2019,4,Spring,REUBEN LASKER,RL,42,13:43:00Z,33.888332,-118.49,57,14.5
CALCOFI 1404,90,28,NA,"33.485, -117.767",4/7/14,13:46,13:51,0,37,CALBOBL,NA,0.505,OBLIQUE,ethanol,ethanol,201404,201404:90_28,90_28,2014,4,Spring,OCEAN STARR,OS,28,20:36:00Z,33.485,-117.76666,70,16
CALCOFI 1504,93.3,26.7,NA,"32.955, -117.307",4/4/15,12:16,12:21,0,37,CALBOBL,NA,0.505,OBLIQUE,ethanol,ethanol,201504,201504:93.3_26.7,93.3_26.7,2015,4,Spring,NEW HORIZON,NH,1,18:29:00Z,32.955,-117.30666,60,19
CALCOFI 1704,76.7,49,NA,"35.088, -120.775",4/13/17,5:44,5:50,0,38,CALBOBL,NA,0.505,OBLIQUE,ethanol,ethanol,201704,201704:76.7_49,76.7_49,2017,4,Spring,BELL M. SHIMADA,SH,75,12:50:00Z,35.088333,-120.775,66,11.6
CALCOFI 1904,76.7,49,NA,"35.087, -120.777",4/17/19,6:29,6:35,0,38,CALBOBL,NA,0.505,OBLIQUE,ethanol,ethanol,201904,201904:76.7_49,76.7_49,2019,4,Spring,REUBEN LASKER,RL,67,13:33:00Z,35.086666,-120.776665,68,10.7
CALCOFI 0010,86.7,33,NA,"33.883, -118.883",10/19/00,16:34,16:38,0,38,CALBOBL,NA,0.505,OBLIQUE,ethanol,ethanol,200010,200010:86.7_33,86.7_33,2000,10,Fall,NEW HORIZON,NH,31,23:35:00Z,33.888332,-118.49333,59,17.9
CALCOFI 0104,86.7,33,NA,"33.483, -118.483",4/13/01,13:27,13:31,0,38,CALBOBL,NA,0.505,OBLIQUE,ethanol,ethanol,200104,200104:86.7_33,86.7_33,2001,4,Spring,DAVID STARR JORDAN,JD,31,20:46:00Z,33.89,-118.488335,55,13.4
CALCOFI 1110,93.3,26.7,NA,"32.950, -117.300",10/16/11,16:45,16:49,0,38,CALBOBL,NA,0.505,,Ethanol,Ethanol,201110,201110:93.3_26.7,93.3_26.7,2011,10,Fall,NEW HORIZON,NH,1,23:26:00Z,32.955,-117.30666,59,18.29
CALCOFI 1504,76.7,49,NA,"35.087, -120.772",4/19/15,4:38,4:43,0,39,CALBOBL,NA,0.505,OBLIQUE,ethanol,ethanol,201504,201504:76.7_49,76.7_49,2015,4,Spring,NEW HORIZON,NH,69,11:36:00Z,35.086666,-120.77167,67,11.9
CALCOFI 0511,86.7,33,NA,"33.883, -118.483",11/11/05,2:33,2:38,0,39,CALBOBL,NA,0.505,OBLIQUE,ethanol,ethanol,200511,200511:86.7_33,86.7_33,2005,11,Fall,NEW HORIZON,NH,34,09:52:00Z,33.89,-118.49,59,17.1
CALCOFI 1104,86.7,33,NA,"33.883, -118.500",4/17/11,14:43,14:47,0,39,CALBOBL,NA,0.505,OBLIQUE,Ethanol,Ethanol,201104,201104:86.7_33,86.7_33,2011,4,Spring,BELL M. SHIMADA,SH,69,21:30:00Z,33.89,-118.49167,50,14.3
CALCOFI 1404,86.7,33,NA,"33.885, -118.490",4/25/14,19:12,19:17,0,39,CALBOBL,NA,0.505,OBLIQUE,ethanol,ethanol,201404,201404:86.7_33,86.7_33,2014,4,Spring,NA,NA,NA,NA,NA,NA,NA,NA
CALCOFI 0810,90,28,NA,"33.483, -117.767",10/20/08,12:05,12:09,0,39,CALBOBL,NA,0.505,OBLIQUE,ethanol,ethanol,200810,200810:90_28,90_28,2008,10,Fall,NEW HORIZON,NH,28,18:53:00Z,33.485,-117.76833,67,16.7
CALCOFI 1904,85.4,35.8,NA,"34.010, -118.850",4/10/19,2:52,2:57,0,40,CALBOBL,NA,0.505,OBLIQUE,ethanol,ethanol,201904,201904:85.4_35.8,85.4_35.8,2019,4,Spring,REUBEN LASKER,RL,41,10:28:00Z,34.01,-118.85,58,12.3
CALCOFI 0204,86.7,33,NA,"33.883, -118.483",4/3/02,14:43,14:47,0,40,CALBOBL,NA,0.505,OBLIQUE,ethanol,ethanol,200204,200204:86.7_33,86.7_33,2002,4,Spring,DAVID STARR JORDAN,JD,29,21:35:00Z,33.888332,-118.49,55,13.3
CALCOFI 0903,86.7,33,NA,"33.883, -118.483",3/14/09,11:55,11:59,0,40,CALBOBL,NA,0.505,OBLIQUE,ethanol,ethanol,200903,200903:86.7_33,86.7_33,2009,3,Spring,DAVID STARR JORDAN,JD,33,18:50:00Z,33.89,-118.49,54,14.1
CALCOFI 1504,86.7,33,NA,"33.890, -118.490",4/11/15,0:23,0:29,0,40,CALBOBL,NA,0.505,OBLIQUE,ethanol,ethanol,201504,201504:86.7_33,86.7_33,2015,4,Spring,NEW HORIZON,NH,34,07:17:00Z,33.89,-118.49,58,17.1
CALCOFI 1110,90,28,NA,"33.483, -117.767",10/23/11,2:58,3:03,0,40,CALBOBL,NA,0.505,,Ethanol,Ethanol,201110,201110:90_28,90_28,2011,10,Fall,NEW HORIZON,NH,30,09:24:00Z,33.485,-117.76833,71,17.2
CALCOFI 2010,90,28,NA,"33.483, -117.768",10/16/20,22:21,22:27,0,40,CALBOBL,NA,0.505,OBLIQUE,ethanol,ethanol,202010,202010:90_28,90_28,2020,10,Fall,NA,NA,NA,NA,NA,NA,NA,NA
CALCOFI 0610,93.3,26.7,NA,"32.950, -117.300",10/21/06,11:45,11:49,0,40,CALBOBL,NA,0.505,OBLIQUE,ethanol,ethanol,200610,200610:93.3_26.7,93.3_26.7,2006,10,Fall,ROGER REVELLE,RR,1,17:53:00Z,32.955,-117.305,65,18.9
CALCOFI 1104,93.3,26.7,NA,"32.950, -117.300",4/9/11,12:09,12:13,0,40,CALBOBL,NA,0.505,OBLIQUE,Ethanol,Ethanol,201104,201104:93.3_26.7,93.3_26.7,2011,4,Spring,BELL M. SHIMADA,SH,31,18:54:00Z,32.956665,-117.305,57,15.6
CALCOFI 1311,93.3,26.7,NA,"32.957, -117.305",11/9/13,12:10,12:15,0,40,CALBOBL,NA,0.505,OBLIQUE,ethanol,ethanol,201311,201311:93.3_26.7,93.3_26.7,2013,11,Fall,NEW HORIZON,NH,1,18:45:00Z,32.956665,-117.305,63,17.9
CALCOFI 0411,76.7,49,NA,"35.083, -120.783",11/18/04,11:57,12:02,0,41,CALBOBL,NA,0.505,OBLIQUE,ethanol,ethanol,200411,200411:76.7_49,76.7_49,2004,11,Fall,ROGER REVELLE,RR,71,18:02:00Z,35.088333,-120.776665,66,14.7
CALCOFI 1511,76.7,49,NA,"35.088, -120.777",11/8/15,6:49,6:55,0,41,CALBOBL,NA,0.505,OBLIQUE,ethanol,ethanol,201511,201511:76.7_49,76.7_49,2015,11,Fall,OCEANUS,OC,51,13:42:00Z,35.088333,-120.776665,71,16.4
CALCOFI 9904,86.7,33,NA,"33.883, -118.483",4/7/99,18:25,18:30,0,41,CALBOBL,NA,0.505,OBLIQUE,ethanol,ethanol,199904,199904:86.7_33,86.7_33,1999,4,Spring,NA,NA,NA,NA,NA,NA,NA,NA
CALCOFI 1311,90,28,NA,"33.485, -117.770",11/15/13,14:00,14:05,0,41,CALBOBL,NA,0.505,OBLIQUE,ethanol,ethanol,201311,201311:90_28,90_28,2013,11,Fall,NEW HORIZON,NH,30,20:50:00Z,33.485,-117.77,57,17.9
CALCOFI 1010,93.3,26.7,NA,"32.950, -117.300",10/28/10,11:16,11:21,0,41,CALBOBL,NA,0.505,OBLIQUE,Ethanol,Ethanol,201010,201010:93.3_26.7,93.3_26.7,2010,10,Fall,NA,NA,NA,NA,NA,NA,NA,NA
CALCOFI 1404,93.3,26.7,NA,"32.957, -117.305",3/28/14,20:23,20:27,0,41,CALBOBL,NA,0.505,OBLIQUE,ethanol,ethanol,201404,201404:93.3_26.7,93.3_26.7,2014,3,Spring,NA,NA,NA,NA,NA,NA,NA,NA
CALCOFI 1711,76.7,49,NA,"35.087, -120.777",11/20/17,18:31,18:37,0,42,CALBOBL,NA,0.505,OBLIQUE,ethanol,ethanol,201711,201711:76.7_49,76.7_49,2017,11,Fall,NA,NA,NA,NA,NA,NA,NA,NA
CALCOFI 1804,85.4,35.8,NA,"34.022, -118.833",4/11/18,19:00,19:05,0,42,CALBOBL,NA,0.505,OBLIQUE,ethanol,ethanol,201804,201804:85.4_35.8,85.4_35.8,2018,4,Spring,NA,NA,NA,NA,NA,NA,NA,NA
CALCOFI 0411,86.7,33,NA,"33.883, -118.483",11/9/04,20:06,20:11,0,42,CALBOBL,NA,0.505,OBLIQUE,ethanol,ethanol,200411,200411:86.7_33,86.7_33,2004,11,Fall,NA,NA,NA,NA,NA,NA,NA,NA
CALCOFI 0711 ,86.7,33,NA,"33.883, -118.500",11/9/07,18:45,18:49,0,42,CALBOBL,NA,0.505,OBLIQUE,ethanol,ethanol,200711,200711:86.7_33,86.7_33,2007,11,Fall,NA,NA,NA,NA,NA,NA,NA,NA
CALCOFI 1110,86.7,33,NA,"33.883, -118.500",10/23/11,10:55,10:59,0,42,CALBOBL,NA,0.505,,Ethanol,Ethanol,201110,201110:86.7_33,86.7_33,2011,10,Fall,NEW HORIZON,NH,33,17:34:00Z,33.886665,-118.49167,61,16.79
CALCOFI 0204,93.3,26.7,NA,"32.950, -117.300",3/28/02,12:52,12:57,0,42,CALBOBL,NA,0.505,OBLIQUE,ethanol,ethanol,200204,200204:93.3_26.7,93.3_26.7,2002,3,Spring,DAVID STARR JORDAN,JD,1,18:42:00Z,32.955,-117.305,59,14.1
CALCOFI 2010,76.7,49,NA,"35.088, -120.777",10/21/20,8:06,8:11,0,43,CALBOBL,NA,0.505,OBLIQUE,ethanol,ethanol,202010,202010:76.7_49,76.7_49,2020,10,Fall,NA,NA,NA,NA,NA,NA,NA,NA
CALCOFI 1704,83.3,40.6,NA,"34.222, -119.417",4/9/17,21:52,21:57,0,43,CALBOBL,NA,0.505,OBLIQUE,ethanol,ethanol,201704,201704:83.3_40.6,83.3_40.6,2017,4,Spring,NA,NA,NA,NA,NA,NA,NA,NA
CALCOFI 1604,85.4,35.8,NA,"34.005, -118.835",4/7/16,21:18,21:23,0,43,CALBOBL,NA,0.505,OBLIQUE,ethanol,ethanol,201604,201604:85.4_35.8,85.4_35.8,2016,4,Spring,NA,NA,NA,NA,NA,NA,NA,NA
CALCOFI 0604,86.7,33,NA,"33.883, -118.483",4/8/06,12:09,12:14,0,43,CALBOBL,NA,0.505,OBLIQUE,ethanol,ethanol,200604,200604:86.7_33,86.7_33,2006,4,Spring,NEW HORIZON,NH,33,18:28:00Z,33.89,-118.49,57,13.6
CALCOFI 0610,86.7,33,NA,"33.883, -118.483",10/27/06,17:19,17:23,0,43,CALBOBL,NA,0.505,OBLIQUE,ethanol,ethanol,200610,200610:86.7_33,86.7_33,2006,10,Fall,NA,NA,NA,NA,NA,NA,NA,NA
CALCOFI 1404,86.7,33,NA,"33.890, -118.490",4/7/14,22:59,23:04,0,43,CALBOBL,NA,0.505,OBLIQUE,ethanol,ethanol,201404,201404:86.7_33,86.7_33,2014,4,Spring,NA,NA,NA,NA,NA,NA,NA,NA
CALCOFI 1604,86.7,33,NA,"33.888, -118.490",4/7/16,16:06,16:11,0,43,CALBOBL,NA,0.505,OBLIQUE,ethanol,ethanol,201604,201604:86.7_33,86.7_33,2016,4,Spring,BELL M. SHIMADA,SH,34,23:10:00Z,33.888332,-118.49,55,15.9
CALCOFI 2010,93.3,26.7,NA,"32.955, -117.305",10/11/20,16:37,16:43,0,43,CALBOBL,NA,0.505,OBLIQUE,ethanol,ethanol,202010,202010:93.3_26.7,93.3_26.7,2020,10,Fall,NA,NA,NA,NA,NA,NA,NA,NA
CALCOFI 0304,76.7,49,NA,"35.083, -120.783",4/19/03,5:07,5:12,0,44,CALBOBL,NA,0.505,OBLIQUE,ethanol,ethanol,200304,200304:76.7_49,76.7_49,2003,4,Spring,ROGER REVELLE,RR,67,11:51:00Z,35.088333,-120.776665,67,11.4
CALCOFI 1411,90,28,NA,"33.485, -117.767",11/14/14,12:10,12:16,0,44,CALBOBL,NA,0.505,OBLIQUE,ethanol,ethanol,201411,201411:90_28,90_28,2014,11,Fall,NEW HORIZON,NH,31,19:08:00Z,33.485,-117.76666,65,19.2
CALCOFI 1704,73.3,50,NA,"35.640, -121.268",4/13/17,10:42,10:48,0,45,CALBOBL,NA,0.505,OBLIQUE,ethanol,ethanol,201704,201704:73.3_50,73.3_50,2017,4,Spring,BELL M. SHIMADA,SH,76,17:40:00Z,35.64,-121.26833,71,11.3
CALCOFI 0310,76.7,49,NA,"35.083, -120.783",11/3/03,9:33,9:38,0,45,CALBOBL,NA,0.505,OBLIQUE,ethanol,ethanol,200310,200310:76.7_49,76.7_49,2003,11,Fall,NEW HORIZON,NH,66,17:06:00Z,35.088333,-120.778336,62,15.8
CALCOFI 0810,76.7,49,NA,"35.083, -120.783",10/29/08,5:24,5:29,0,45,CALBOBL,NA,0.505,OBLIQUE,ethanol,ethanol,200810,200810:76.7_49,76.7_49,2008,10,Fall,NEW HORIZON,NH,71,12:24:00Z,35.088333,-120.776665,66,14.2
CALCOFI 1810,76.7,49,NA,"35.088, -120.777",10/28/18,0:08,0:14,0,45,CALBOBL,NA,0.505,OBLIQUE,ethanol,ethanol,201810,201810:76.7_49,76.7_49,2018,10,Fall,NA,NA,NA,NA,NA,NA,NA,NA
CALCOFI 1004,76.7,49,NA,"35.083, -120.767",5/16/10,12:36,12:41,0,46,CALBOBL,NA,0.505,OBLIQUE,Ethanol,Ethanol,201004,201004:76.7_49,76.7_49,2010,5,Spring,MILLER FREEMAN,MF,188,19:28:00Z,35.086666,-120.775,70,11.4
CALCOFI 0504,86.7,33,NA,"33.883, -118.500",4/21/05,23:43,23:48,0,46,CALBOBL,NA,0.505,OBLIQUE,ethanol,ethanol,200504,200504:86.7_33,86.7_33,2005,4,Spring,NA,NA,NA,NA,NA,NA,NA,NA
CALCOFI 0104,93.3,26.7,NA,"32.300, -117.300",4/6/01,13:17,13:22,0,46,CALBOBL,NA,0.505,OBLIQUE,ethanol,ethanol,200104,200104:93.3_26.7,93.3_26.7,2001,4,Spring,DAVID STARR JORDAN,JD,1,19:27:00Z,32.955,-117.305,61,15.7
CALCOFI 2105,93.3,26.7,NA,"32.957, -117.307",5/4/21,11:26,11:32,0,46,CALBOBL,NA,0.505,OBLIQUE,ethanol,ethanol,202105,202105:93.3_26.7,93.3_26.7,2021,5,Spring,BELL M. SHIMADA,SH,1,18:00:00Z,32.956665,-117.30666,71,17.29
CALCOFI 2204,76.7,49,NA,"35.088, -120.777",4/21/22,7:10,7:15,0,47,CALBOBL,NA,0.505,OBLIQUE,ethanol,ethanol,202204,202204:76.7_49,76.7_49,2022,4,Spring,BELL M. SHIMADA,SH,73,14:05:00Z,35.088333,-120.776665,63,10.9
CALCOFI 0411,83.3,51,NA,"33.883, -120.133",11/14/04,3:15,3:22,0,47,CALBOBL,NA,0.505,OBLIQUE,ethanol,ethanol,200411,200411:83.3_51,83.3_51,2004,11,Fall,ROGER REVELLE,RR,50,10:05:00Z,33.878334,-120.135,78,16.4
CALCOFI 0310,86.7,33,NA,"33.883, -118.483",10/26/03,16:22,16:27,0,47,CALBOBL,NA,0.505,OBLIQUE,ethanol,ethanol,200310,200310:86.7_33,86.7_33,2003,10,Fall,NEW HORIZON,NH,29,23:00:00Z,33.886665,-118.49,58,19.7
CALCOFI 0704,86.7,33,NA,"33.883, -118.483",4/7/07,4:55,5:00,0,47,CALBOBL,NA,0.505,OBLIQUE,ethanol,ethanol,200704,200704:86.7_33,86.7_33,2007,4,Spring,DAVID STARR JORDAN,JD,33,11:54:00Z,33.89,-118.488335,52,14.6
CALCOFI 1004,86.7,33,NA,"33.883, -118.500",5/2/10,18:51,18:56,0,47,CALBOBL,NA,0.505,OBLIQUE,Ethanol,Ethanol,201004,201004:86.7_33,86.7_33,2010,5,Spring,NA,NA,NA,NA,NA,NA,NA,NA
CALCOFI 1411,86.7,33,NA,"33.890, -118.490",11/14/14,20:04,20:09,0,47,CALBOBL,NA,0.505,OBLIQUE,ethanol,ethanol,201411,201411:86.7_33,86.7_33,2014,11,Fall,NA,NA,NA,NA,NA,NA,NA,NA
CALCOFI 0010,90,28,NA,"33.483, -117.483",10/19/00,9:52,9:58,0,47,CALBOBL,NA,0.505,OBLIQUE,ethanol,ethanol,200010,200010:90_28,90_28,2000,10,Fall,NEW HORIZON,NH,30,16:58:00Z,33.483334,-117.76833,70,18.79
CALCOFI 0511,76.7,49,NA,"35.083, -120.783",11/20/05,4:01,4:07,0,48,CALBOBL,NA,0.505,OBLIQUE,ethanol,ethanol,200511,200511:76.7_49,76.7_49,2005,11,Fall,NEW HORIZON,NH,71,11:04:00Z,35.088333,-120.778336,69,14.7
CALCOFI 1304,81.7,43.5,NA,"34.380, -119.802",4/16/13,3:28,3:34,0,48,CALBOBL,NA,0.505,OBLIQUE,ethanol,ethanol,201304,201304:81.7_43.5,81.7_43.5,2013,4,Spring,BELL M. SHIMADA,SH,40,11:04:00Z,34.38,-119.80167,57,12.2
CALCOFI 0004,86.7,33,NA,"33.883, -118.483",4/14/00,3:31,3:36,0,48,CALBOBL,NA,0.505,OBLIQUE,ethanol,ethanol,200004,200004:86.7_33,86.7_33,2000,4,Spring,DAVID STARR JORDAN,JD,29,10:37:00Z,33.89,-118.49,54,13.8
CALCOFI 0304,86.7,33,NA,"33.900, -118.483",4/10/03,17:55,18:00,0,48,CALBOBL,NA,0.505,OBLIQUE,ethanol,ethanol,200304,200304:86.7_33,86.7_33,2003,4,Spring,ROGER REVELLE,RR,30,23:48:00Z,33.891666,-118.49,58,13.8
CALCOFI 1203,93.3,26.7,NA,"32.957, -117.307",3/24/12,22:37,,0,48,CALBOBL,NA,0.505,OBLIQUE,ethanol,ethanol,201203,201203:93.3_26.7,93.3_26.7,2012,3,Spring,NA,NA,NA,NA,NA,NA,NA,NA
CALCOFI 9604,86.7,33,NA,"33.883, -118.483",4/22/96,16:41,16:46,0,49,CALBOBL,NA,0.505,OBLIQUE,ethanol,ethanol,199604,199604:86.7_33,86.7_33,1996,4,Spring,DAVID STARR JORDAN,JD,28,23:50:00Z,33.89,-118.488335,55,16.6
CALCOFI 0404 ,86.7,33,NA,"33.883, -118.483",3/29/04,17:35,17:40,0,49,CALBOBL,NA,0.505,OBLIQUE,ethanol,ethanol,200404,200404:86.7_33,86.7_33,2004,3,Spring,NA,NA,NA,NA,NA,NA,NA,NA
CALCOFI 1311,86.7,33,NA,"33.890, -118.490",11/15/13,22:08,22:14,0,49,CALBOBL,NA,0.505,OBLIQUE,ethanol,ethanol,201311,201311:86.7_33,86.7_33,2013,11,Fall,NA,NA,NA,NA,NA,NA,NA,NA
CALCOFI 0504,76.7,49,NA,"35.083, -120.783",4/30/05,6:30,6:35,0,51,CALBOBL,NA,0.505,OBLIQUE,ethanol,ethanol,200504,200504:76.7_49,76.7_49,2005,4,Spring,NEW HORIZON,NH,74,14:00:00Z,35.088333,-120.776665,69,12.6
CALCOFI 1311,76.7,49,NA,"35.088, -120.775",11/23/13,14:32,14:38,0,51,CALBOBL,NA,0.505,OBLIQUE,ethanol,ethanol,201311,201311:76.7_49,76.7_49,2013,11,Fall,NEW HORIZON,NH,73,21:27:00Z,35.088333,-120.775,75,14.2
CALCOFI 0911,86.7,33,NA,"33.883, -118.500",11/13/09,3:26,3:32,0,51,CALBOBL,NA,0.505,OBLIQUE,ethanol,ethanol,200911,200911:86.7_33,86.7_33,2009,11,Fall,NEW HORIZON,NH,34,10:22:00Z,33.89,-118.49167,60,17.29
CALCOFI 1804,76.7,49,NA,"35.087, -120.775",4/20/18,17:13,17:19,0,52,CALBOBL,NA,0.505,OBLIQUE,ethanol,ethanol,201804,201804:76.7_49,76.7_49,2018,4,Spring,NA,NA,NA,NA,NA,NA,NA,NA
CALCOFI 1203,76.7,49,NA,"35.080, -120.777",4/2/12,14:28,,0,53,CALBOBL,NA,0.505,OBLIQUE,ethanol,ethanol,201203,201203:76.7_49,76.7_49,2012,4,Spring,BELL M. SHIMADA,SH,45,21:25:00Z,35.08,-120.776665,75,10.6
CALCOFI 0211,83.3,51,NA,"33.883, -120.133",11/21/02,1:42,1:48,0,53,CALBOBL,NA,0.505,OBLIQUE,ethanol,ethanol,200211,200211:83.3_51,83.3_51,2002,11,Fall,NEW HORIZON,NH,48,08:32:00Z,33.88,-120.136665,75,16.2
CALCOFI 0604,76.7,49,NA,"35.083, -120.767",4/16/06,21:39,21:45,0,54,CALBOBL,NA,0.505,OBLIQUE,ethanol,ethanol,200604,200604:76.7_49,76.7_49,2006,4,Spring,NA,NA,NA,NA,NA,NA,NA,NA
CALCOFI 0610,76.7,49,NA,"35.083, -120.783",11/5/06,3:38,3:44,0,54,CALBOBL,NA,0.505,OBLIQUE,ethanol,ethanol,200610,200610:76.7_49,76.7_49,2006,11,Fall,ROGER REVELLE,RR,75,10:37:00Z,35.086666,-120.78,71,14.5
CALCOFI 1604,76.7,49,NA,"35.088, -120.777",4/13/16,1:48,1:54,0,54,CALBOBL,NA,0.505,OBLIQUE,ethanol,ethanol,201604,201604:76.7_49,76.7_49,2016,4,Spring,BELL M. SHIMADA,SH,62,08:52:00Z,35.088333,-120.776665,69,12
CALCOFI 0211,76.7,49,NA,"35.083, -120.783",11/24/02,23:11,23:17,0,55,CALBOBL,NA,0.505,OBLIQUE,ethanol,ethanol,200211,200211:76.7_49,76.7_49,2002,11,Fall,NA,NA,NA,NA,NA,NA,NA,NA
CALCOFI 9604,76.7,49,NA,"35.083, -120.783",5/1/96,2:25,2:31,0,55,CALBOBL,NA,0.505,OBLIQUE,ethanol,ethanol,199604,199604:76.7_49,76.7_49,1996,5,Spring,DAVID STARR JORDAN,JD,64,09:33:00Z,35.09,-120.778336,66,12
CALCOFI 0711 ,90,28,NA,"33.483, -117.767",11/9/07,9:33,9:39,0,56,CALBOBL,NA,0.505,OBLIQUE,ethanol,ethanol,200711,200711:90_28,90_28,2007,11,Fall,NEW HORIZON,NH,29,16:50:00Z,33.485,-117.76833,70,16.29
CALCOFI 0911,90,28,NA,"33.483, -117.767",11/12/09,16:39,16:45,0,56,CALBOBL,NA,0.505,OBLIQUE,ethanol,ethanol,200911,200911:90_28,90_28,2009,11,Fall,NEW HORIZON,NH,30,23:25:00Z,33.485,-117.765,65,18.2
CALCOFI 1304,90,28,NA,"33.483, -117.768",4/9/13,15:48,15:54,0,56,CALBOBL,NA,0.505,OBLIQUE,ethanol,ethanol,201304,201304:90_28,90_28,2013,4,Spring,BELL M. SHIMADA,SH,12,22:43:00Z,33.483334,-117.76833,77,15.5
CALCOFI 2204,86.7,33,NA,"33.888, -118.488",4/13/22,18:00,18:06,0,57,CALBOBL,NA,0.505,OBLIQUE,ethanol,ethanol,202204,202204:86.7_33,86.7_33,2022,4,Spring,NA,NA,NA,NA,NA,NA,NA,NA
CALCOFI 0204,90,28,NA,"33.483, -117.767",4/3/02,5:50,5:55,0,57,CALBOBL,NA,0.505,OBLIQUE,ethanol,ethanol,200204,200204:90_28,90_28,2002,4,Spring,DAVID STARR JORDAN,JD,28,13:00:00Z,33.483334,-117.77167,74,13.7
CALCOFI 1411,76.7,49,NA,"35.087, -120.780",11/21/14,18:59,19:06,0,58,CALBOBL,NA,0.505,OBLIQUE,ethanol,ethanol,201411,201411:76.7_49,76.7_49,2014,11,Fall,NA,NA,NA,NA,NA,NA,NA,NA
CALCOFI 9910,76.7,49,NA,"35.083, -120.783",10/19/99,5:02,5:08,0,59,CALBOBL,NA,0.505,OBLIQUE,ethanol,ethanol,199910,199910:76.7_49,76.7_49,1999,10,Fall,NEW HORIZON,NH,68,12:02:00Z,35.088333,-120.776665,68,13.6
CALCOFI 1110,76.7,49,NA,"35.083, -120.783",11/1/11,12:04,12:11,0,59,CALBOBL,NA,0.505,,Ethanol,Ethanol,201110,201110:76.7_49,76.7_49,2011,11,Fall,NEW HORIZON,NH,75,19:02:00Z,35.088333,-120.778336,75,14.1
CALCOFI 1504,83.3,51,NA,"33.878, -120.130",4/19/15,15:39,15:47,0,59,CALBOBL,NA,0.505,OBLIQUE,ethanol,ethanol,201504,201504:83.3_51,83.3_51,2015,4,Spring,NEW HORIZON,NH,72,22:59:00Z,33.878334,-120.13,113,15
CALCOFI 9904,90,28,NA,"33.483, -117.767",4/7/99,10:02,10:08,0,59,CALBOBL,NA,0.505,OBLIQUE,ethanol,ethanol,199904,199904:90_28,90_28,1999,4,Spring,DAVID STARR JORDAN,JD,28,17:33:00Z,33.485,-117.76833,70,13
CALCOFI 1804,90,28,NA,"33.483, -117.768",4/11/18,3:15,3:22,0,59,CALBOBL,NA,0.505,OBLIQUE,ethanol,ethanol,201804,201804:90_28,90_28,2018,4,Spring,BELL M. SHIMADA,SH,31,10:11:00Z,33.483334,-117.76833,81,16.2
CALCOFI 1210,76.7,49,NA,"35.090, -120.778",11/4/12,6:06,,0,61,CALBOBL,NA,0.505,OBLIQUE,ethanol,ethanol,201210,201210:76.7_49,76.7_49,2012,11,Fall,NEW HORIZON,NH,74,13:03:00Z,35.09,-120.778336,70,14.5
CALCOFI 9904,93.3,26.7,NA,"32.950, -117.300",4/1/99,13:31,13:38,0,62,CALBOBL,NA,0.505,OBLIQUE,ethanol,ethanol,199904,199904:93.3_26.7,93.3_26.7,1999,4,Spring,DAVID STARR JORDAN,JD,1,20:11:00Z,32.956665,-117.305,64,14
CALCOFI 0104,76.7,49,NA,"35.783, -120.783",4/23/01,10:14,10:21,0,63,CALBOBL,NA,0.505,OBLIQUE,ethanol,ethanol,200104,200104:76.7_49,76.7_49,2001,4,Spring,DAVID STARR JORDAN,JD,70,17:44:00Z,35.088333,-120.78,74,9.89
CALCOFI 0004,76.7,49,NA,"35.083, -120.783",4/22/00,13:22,13:28,0,63,CALBOBL,NA,0.505,OBLIQUE,ethanol,ethanol,200004,200004:76.7_49,76.7_49,2000,4,Spring,DAVID STARR JORDAN,JD,66,20:20:00Z,35.088333,-120.778336,70,11.3
CALCOFI 0404 ,76.7,49,NA,"35.083, -120.783",4/8/04,8:56,9:03,0,63,CALBOBL,NA,0.505,OBLIQUE,ethanol,ethanol,200404,200404:76.7_49,76.7_49,2004,4,Spring,NEW HORIZON,NH,66,16:23:00Z,35.09,-120.78,73,10.6
CALCOFI 1810,83.3,51,NA,"33.877, -120.133",10/24/18,20:25,20:32,0,63,CALBOBL,NA,0.505,OBLIQUE,ethanol,ethanol,201810,201810:83.3_51,83.3_51,2018,10,Fall,NA,NA,NA,NA,NA,NA,NA,NA
CALCOFI 0903,93.3,26.7,NA,"32.950, -117.300",3/7/09,18:47,18:53,0,63,CALBOBL,NA,0.505,OBLIQUE,ethanol,ethanol,200903,200903:93.3_26.7,93.3_26.7,2009,3,Spring,NA,NA,NA,NA,NA,NA,NA,NA
CALCOFI 2204,93.3,26.7,NA,"32.957, -117.303",4/6/22,17:17,17:24,0,63,CALBOBL,NA,0.505,OBLIQUE,ethanol,ethanol,202204,202204:93.3_26.7,93.3_26.7,2022,4,Spring,NA,NA,NA,NA,NA,NA,NA,NA
CALCOFI 0704,76.7,49,NA,"35.083, -120.783",4/23/07,17:46,17:53,0,64,CALBOBL,NA,0.505,OBLIQUE,ethanol,ethanol,200704,200704:76.7_49,76.7_49,2007,4,Spring,NA,NA,NA,NA,NA,NA,NA,NA
CALCOFI 0504,83.3,51,NA,"33.883, -120.133",4/22/05,19:04,19:11,0,64,CALBOBL,NA,0.505,OBLIQUE,ethanol,ethanol,200504,200504:83.3_51,83.3_51,2005,4,Spring,NA,NA,NA,NA,NA,NA,NA,NA
CALCOFI 9910,86.7,33,NA,"33.883, -118.483",10/9/99,20:02,20:07,0,64,CALBOBL,NA,0.505,OBLIQUE,ethanol,ethanol,199910,199910:86.7_33,86.7_33,1999,10,Fall,NA,NA,NA,NA,NA,NA,NA,NA
CALCOFI 0411,90,28,NA,"33.483, -117.767",11/9/04,10:53,11:00,0,64,CALBOBL,NA,0.505,OBLIQUE,ethanol,ethanol,200411,200411:90_28,90_28,2004,11,Fall,ROGER REVELLE,RR,29,17:22:00Z,33.485,-117.76833,87,17.9
CALCOFI 0911,76.7,49,NA,"35.083, -120.783",11/22/09,12:08,12:15,0,65,CALBOBL,NA,0.505,OBLIQUE,ethanol,ethanol,200911,200911:76.7_49,76.7_49,2009,11,Fall,NEW HORIZON,NH,74,19:11:00Z,35.088333,-120.78333,76,13.4
CALCOFI 0903,83.3,51,NA,"33.883, -120.133",3/18/09,23:47,23:54,0,65,CALBOBL,NA,0.505,OBLIQUE,ethanol,ethanol,200903,200903:83.3_51,83.3_51,2009,3,Spring,NA,NA,NA,NA,NA,NA,NA,NA
CALCOFI 1711,83.3,51,NA,"33.878, -120.133",11/17/17,0:32,0:40,0,65,CALBOBL,NA,0.505,OBLIQUE,ethanol,ethanol,201711,201711:83.3_51,83.3_51,2017,11,Fall,NA,NA,NA,NA,NA,NA,NA,NA
CALCOFI 0704,90,28,NA,"33.483, -117.767",4/6/07,20:00,20:07,0,65,CALBOBL,NA,0.505,OBLIQUE,ethanol,ethanol,200704,200704:90_28,90_28,2007,4,Spring,NA,NA,NA,NA,NA,NA,NA,NA
CALCOFI 1203,90,28,NA,"33.482, -117.770",3/30/12,4:39,,0,65,CALBOBL,NA,0.505,OBLIQUE,ethanol,ethanol,201203,201203:90_28,90_28,2012,3,Spring,BELL M. SHIMADA,SH,28,11:42:00Z,33.481667,-117.77,73,14
CALCOFI 0711 ,83.3,51,NA,"33.883, -120.133",11/14/07,5:11,5:19,0,67,CALBOBL,NA,0.505,OBLIQUE,ethanol,ethanol,200711,200711:83.3_51,83.3_51,2007,11,Fall,NEW HORIZON,NH,51,12:14:00Z,33.878334,-120.13333,98,14.9
CALCOFI 1404,83.3,51,NA,"33.873, -120.142",4/12/14,8:35,8:42,0,67,CALBOBL,NA,0.505,OBLIQUE,ethanol,ethanol,201404,201404:83.3_51,83.3_51,2014,4,Spring,OCEAN STARR,OS,50,15:55:00Z,33.873333,-120.14166,109,13.6
CALCOFI 1110,83.3,51,NA,"33.883, -120.133",10/28/11,3:27,3:35,0,68,CALBOBL,NA,0.505,,Ethanol,Ethanol,201110,201110:83.3_51,83.3_51,2011,10,Fall,NEW HORIZON,NH,54,10:12:00Z,33.878334,-120.13333,102,16.1
CALCOFI 2010,83.3,51,NA,"33.878, -120.135",10/23/20,7:16,7:23,0,68,CALBOBL,NA,0.505,OBLIQUE,ethanol,ethanol,202010,202010:83.3_51,83.3_51,2020,10,Fall,NA,NA,NA,NA,NA,NA,NA,NA
CALCOFI 9910,90,28,NA,"33.483, -117.767",10/9/99,14:02,14:09,0,68,CALBOBL,NA,0.505,OBLIQUE,ethanol,ethanol,199910,199910:90_28,90_28,1999,10,Fall,NEW HORIZON,NH,28,21:00:00Z,33.48,-117.763336,70,20.1
CALCOFI 1210,90,28,NA,"33.485, -117.768",10/26/12,9:16,,0,69,CALBOBL,NA,0.505,OBLIQUE,ethanol,ethanol,201210,201210:90_28,90_28,2012,10,Fall,NEW HORIZON,NH,33,16:05:00Z,33.485,-117.76833,95,19
CALCOFI 0804,76.7,49,NA,"35.083, -120.783",4/6/08,18:23,18:30,0,70,CALBOBL,NA,0.505,OBLIQUE,ethanol,ethanol,200804,200804:76.7_49,76.7_49,2008,4,Spring,NA,NA,NA,NA,NA,NA,NA,NA
CALCOFI 1411,83.3,51,NA,"33.878, -120.133",11/18/14,16:21,16:29,0,70,CALBOBL,NA,0.505,OBLIQUE,ethanol,ethanol,201411,201411:83.3_51,83.3_51,2014,11,Fall,NEW HORIZON,NH,54,23:11:00Z,33.878334,-120.13333,95,18.2
CALCOFI 9604,90,28,NA,"33.483, -117.767",4/22/96,7:50,7:57,0,70,CALBOBL,NA,0.505,OBLIQUE,ethanol,ethanol,199604,199604:90_28,90_28,1996,4,Spring,DAVID STARR JORDAN,JD,27,15:22:00Z,33.485,-117.76833,80,16.9
CALCOFI 0204,76.7,49,NA,"35.083, -120.767",4/12/02,9:23,9:30,0,71,CALBOBL,NA,0.505,OBLIQUE,ethanol,ethanol,200204,200204:76.7_49,76.7_49,2002,4,Spring,DAVID STARR JORDAN,JD,66,16:40:00Z,35.088333,-120.775,71,10.6
CALCOFI 1311,83.3,51,NA,"33.877, -120.133",11/19/13,23:45,23:53,0,71,CALBOBL,NA,0.505,OBLIQUE,ethanol,ethanol,201311,201311:83.3_51,83.3_51,2013,11,Fall,NA,NA,NA,NA,NA,NA,NA,NA
CALCOFI 0911,93.3,26.7,NA,"32.967, -117.300",11/6/09,12:35,12:42,0,71,CALBOBL,NA,0.505,OBLIQUE,ethanol,ethanol,200911,200911:93.3_26.7,93.3_26.7,2009,11,Fall,NEW HORIZON,NH,1,18:58:00Z,32.958332,-117.30333,78,17.1
CALCOFI 1911,93.3,26.7,NA,"32.957, -117.305",11/4/19,13:38,13:46,0,71,CALBOBL,NA,0.505,OBLIQUE,ethanol,ethanol,201911,201911:93.3_26.7,93.3_26.7,2019,11,Fall,NA,NA,NA,NA,NA,NA,NA,NA
CALCOFI 1104,83.3,51,NA,"33.883, -120.133",4/22/11,4:08,4:15,0,72,CALBOBL,NA,0.505,OBLIQUE,Ethanol,Ethanol,201104,201104:83.3_51,83.3_51,2011,4,Spring,BELL M. SHIMADA,SH,94,10:43:00Z,33.875,-120.128334,106,11.7
CALCOFI 0211,86.7,33,NA,"33.883, -118.500",11/16/02,20:40,20:48,0,72,CALBOBL,NA,0.505,OBLIQUE,ethanol,ethanol,200211,200211:86.7_33,86.7_33,2002,11,Fall,NA,NA,NA,NA,NA,NA,NA,NA
CALCOFI 0604,93.3,26.7,NA,"32.967, -117.300",4/1/06,12:46,12:52,0,72,CALBOBL,NA,0.505,OBLIQUE,ethanol,ethanol,200604,200604:93.3_26.7,93.3_26.7,2006,4,Spring,NEW HORIZON,NH,1,19:15:00Z,32.96,-117.30666,77,14.5
CALCOFI 1904,93.3,26.7,NA,"32.957, -117.307",4/2/19,15:54,16:02,0,73,CALBOBL,NA,0.505,OBLIQUE,ethanol,ethanol,201904,201904:93.3_26.7,93.3_26.7,2019,4,Spring,REUBEN LASKER,RL,1,22:53:00Z,32.956665,-117.30666,65,16.2
CALCOFI 9910,83.3,51,NA,"33.883, -120.133",10/14/99,19:07,19:14,0,74,CALBOBL,NA,0.505,OBLIQUE,ethanol,ethanol,199910,199910:83.3_51,83.3_51,1999,10,Fall,NA,NA,NA,NA,NA,NA,NA,NA
CALCOFI 1911,83.3,51,NA,"33.878, -120.133",11/14/19,7:31,7:39,0,75,CALBOBL,NA,0.505,OBLIQUE,ethanol,ethanol,201911,201911:83.3_51,83.3_51,2019,11,Fall,NA,NA,NA,NA,NA,NA,NA,NA
CALCOFI 0404 ,83.3,51,NA,"33.883, -120.133",4/3/04,3:52,4:00,0,76,CALBOBL,NA,0.505,OBLIQUE,ethanol,ethanol,200404,200404:83.3_51,83.3_51,2004,4,Spring,NEW HORIZON,NH,44,10:40:00Z,33.878334,-120.138336,88,13.5
CALCOFI 1604,83.3,51,NA,"33.877, -120.133",4/12/16,6:20,6:28,0,76,CALBOBL,NA,0.505,OBLIQUE,ethanol,ethanol,201604,201604:83.3_51,83.3_51,2016,4,Spring,BELL M. SHIMADA,SH,57,12:09:00Z,33.876667,-120.13333,96,13.5
CALCOFI 0511,83.3,51,NA,"33.883, -120.133",11/16/05,3:13,3:22,0,77,CALBOBL,NA,0.505,OBLIQUE,ethanol,ethanol,200511,200511:83.3_51,83.3_51,2005,11,Fall,NEW HORIZON,NH,50,09:45:00Z,33.876667,-120.138336,105,15
CALCOFI 0610,83.3,51,NA,"33.883, -120.133",10/31/06,19:55,20:04,0,77,CALBOBL,NA,0.505,OBLIQUE,ethanol,ethanol,200610,200610:83.3_51,83.3_51,2006,10,Fall,NA,NA,NA,NA,NA,NA,NA,NA
CALCOFI 1004,83.3,51,NA,"33.883, -120.133",5/13/10,23:01,23:09,0,78,CALBOBL,NA,0.505,OBLIQUE,Ethanol,Ethanol,201004,201004:83.3_51,83.3_51,2010,5,Spring,NA,NA,NA,NA,NA,NA,NA,NA
CALCOFI 0604,83.3,51,NA,"33.883, -120.133",4/12/06,20:02,20:10,0,80,CALBOBL,NA,0.505,OBLIQUE,ethanol,ethanol,200604,200604:83.3_51,83.3_51,2006,4,Spring,NA,NA,NA,NA,NA,NA,NA,NA
CALCOFI 0804,93.3,26.7,NA,"32.950, -117.300",3/24/08,19:53,20:02,0,81,CALBOBL,NA,0.505,OBLIQUE,ethanol,ethanol,200804,200804:93.3_26.7,93.3_26.7,2008,3,Spring,NA,NA,NA,NA,NA,NA,NA,NA
CALCOFI 9910,93.3,26.7,NA,"32.950, -117.300",10/3/99,15:11,15:20,0,82,CALBOBL,NA,0.505,OBLIQUE,ethanol,ethanol,199910,199910:93.3_26.7,93.3_26.7,1999,10,Fall,NEW HORIZON,NH,2,22:05:00Z,32.955,-117.30666,93,19.1
CALCOFI 0010,83.3,51,NA,"33.883, -120.883",10/25/00,9:06,9:14,0,85,CALBOBL,NA,0.505,OBLIQUE,ethanol,ethanol,200010,200010:83.3_51,83.3_51,2000,10,Fall,NEW HORIZON,NH,51,15:35:00Z,33.878334,-120.135,101,15.7
CALCOFI 9904,83.3,51,NA,"33.883, -120.133",4/11/99,23:15,23:23,0,85,CALBOBL,NA,0.505,OBLIQUE,ethanol,ethanol,199904,199904:83.3_51,83.3_51,1999,4,Spring,NA,NA,NA,NA,NA,NA,NA,NA
CALCOFI 1711,90,28,NA,"33.485, -117.768",11/15/17,7:56,8:08,0,85,CALBOBL,NA,0.505,OBLIQUE,ethanol,ethanol,201711,201711:90_28,90_28,2017,11,Fall,NA,NA,NA,NA,NA,NA,NA,NA
CALCOFI 1511,90,28,NA,"33.485, -117.768",11/3/15,1:00,1:10,0,87,CALBOBL,NA,0.505,OBLIQUE,ethanol,ethanol,201511,201511:90_28,90_28,2015,11,Fall,OCEANUS,OC,24,07:58:00Z,33.485,-117.76833,140,20.7
CALCOFI 0810,83.3,51,NA,"33.883, -120.133",10/25/08,3:59,4:08,0,88,CALBOBL,NA,0.505,OBLIQUE,ethanol,ethanol,200810,200810:83.3_51,83.3_51,2008,10,Fall,NEW HORIZON,NH,51,10:45:00Z,33.878334,-120.136665,112,16.7
CALCOFI 1511,83.3,51,NA,"33.878, -120.133",11/8/15,16:05,16:14,0,88,CALBOBL,NA,0.505,OBLIQUE,ethanol,ethanol,201511,201511:83.3_51,83.3_51,2015,11,Fall,OCEANUS,OC,52,22:58:00Z,33.878334,-120.13333,98,18.9
CALCOFI 1004,90,28,NA,"33.483, -117.767",5/2/10,10:50,11:01,0,90,CALBOBL,NA,0.505,OBLIQUE,Ethanol,Ethanol,201004,201004:90_28,90_28,2010,5,Spring,MILLER FREEMAN,MF,151,17:15:00Z,33.485,-117.76833,120,15.4
CALCOFI 9604,83.3,51,NA,"33.883, -120.133",4/27/96,1:57,2:06,0,91,CALBOBL,NA,0.505,OBLIQUE,ethanol,ethanol,199604,199604:83.3_51,83.3_51,1996,4,Spring,DAVID STARR JORDAN,JD,47,09:00:00Z,33.88,-120.135,95,12.8
CALCOFI 0204,83.3,51,NA,"33.883, -120.133",4/8/02,2:12,2:21,0,92,CALBOBL,NA,0.505,OBLIQUE,ethanol,ethanol,200204,200204:83.3_51,83.3_51,2002,4,Spring,DAVID STARR JORDAN,JD,48,09:15:00Z,33.878334,-120.135,99,12.5
CALCOFI 0404 ,90,28,NA,"33.483, -117.767",3/29/04,9:38,9:47,0,92,CALBOBL,NA,0.505,OBLIQUE,ethanol,ethanol,200404,200404:90_28,90_28,2004,3,Spring,NEW HORIZON,NH,28,16:58:00Z,33.485,-117.76833,101,15.5
CALCOFI 0010,93.3,26.7,NA,"32.950, -117.950",10/12/00,13:48,13:58,0,93,CALBOBL,NA,0.505,OBLIQUE,ethanol,ethanol,200010,200010:93.3_26.7,93.3_26.7,2000,10,Fall,NEW HORIZON,NH,1,17:41:00Z,32.956665,-117.305,170,17.4
CALCOFI 0911,83.3,51,NA,"33.883, -120.133",11/17/09,19:15,19:24,0,94,CALBOBL,NA,0.505,OBLIQUE,ethanol,ethanol,200911,200911:83.3_51,83.3_51,2009,11,Fall,NA,NA,NA,NA,NA,NA,NA,NA
CALCOFI 1210,83.3,51,NA,"33.878, -120.133",10/31/12,2:40,,0,97,CALBOBL,NA,0.505,OBLIQUE,ethanol,ethanol,201210,201210:83.3_51,83.3_51,2012,10,Fall,NEW HORIZON,NH,53,09:28:00Z,33.878334,-120.13333,100,17.6
CALCOFI 1810,93.3,26.7,NA,"32.957, -117.305",10/14/18,11:39,11:50,0,98,CALBOBL,NA,0.505,OBLIQUE,ethanol,ethanol,201810,201810:93.3_26.7,93.3_26.7,2018,10,Fall,NA,NA,NA,NA,NA,NA,NA,NA
CALCOFI 1604,90,28,NA,"33.483, -117.770",4/7/16,7:36,7:47,0,101,CALBOBL,NA,0.505,OBLIQUE,ethanol,ethanol,201604,201604:90_28,90_28,2016,4,Spring,BELL M. SHIMADA,SH,31,14:52:00Z,33.483334,-117.77,133,16.5
CALCOFI 2105,83.3,51,NA,"33.878, -120.132",5/13/21,10:26,10:37,0,102,CALBOBL,NA,0.505,OBLIQUE,ethanol,ethanol,202105,202105:83.3_51,83.3_51,2021,5,Spring,BELL M. SHIMADA,SH,43,17:31:00Z,33.878334,-120.13167,118,16
CALCOFI 0304,93.3,26.7,NA,"32.950, -117.300",4/4/03,13:01,13:12,0,104,CALBOBL,NA,0.505,OBLIQUE,ethanol,ethanol,200304,200304:93.3_26.7,93.3_26.7,2003,4,Spring,ROGER REVELLE,RR,1,18:47:00Z,32.956665,-117.305,116,15.1
CALCOFI 1511,93.3,26.7,NA,"32.957, -117.305",10/28/15,21:06,21:17,0,104,CALBOBL,NA,0.505,OBLIQUE,ethanol,ethanol,201511,201511:93.3_26.7,93.3_26.7,2015,10,Fall,NA,NA,NA,NA,NA,NA,NA,NA
CALCOFI 1704,83.3,51,NA,"33.880, -120.135",4/9/17,13:53,14:04,0,105,CALBOBL,NA,0.505,OBLIQUE,ethanol,ethanol,201704,201704:83.3_51,83.3_51,2017,4,Spring,BELL M. SHIMADA,SH,54,20:46:00Z,33.88,-120.135,125,13
CALCOFI 0310,83.3,51,NA,"33.883, -120.133",10/30/03,19:08,19:20,0,108,CALBOBL,NA,0.505,OBLIQUE,ethanol,ethanol,200310,200310:83.3_51,83.3_51,2003,10,Fall,NA,NA,NA,NA,NA,NA,NA,NA
CALCOFI 1804,83.3,51,NA,"33.877, -120.132",4/16/18,19:57,20:09,0,110,CALBOBL,NA,0.505,OBLIQUE,ethanol,ethanol,201804,201804:83.3_51,83.3_51,2018,4,Spring,NA,NA,NA,NA,NA,NA,NA,NA
CALCOFI 2105,90,28,NA,"33.485, -117.770",5/8/21,23:56,0:08,0,110,CALBOBL,NA,0.505,OBLIQUE,ethanol,ethanol,202105,202105:90_28,90_28,2021,5,Spring,NA,NA,NA,NA,NA,NA,NA,NA
CALCOFI 2204,83.3,51,NA,"33.878, -120.133",4/17/22,15:18,15:29,0,112,CALBOBL,NA,0.505,OBLIQUE,ethanol,ethanol,202204,202204:83.3_51,83.3_51,2022,4,Spring,BELL M. SHIMADA,SH,52,22:25:00Z,33.878334,-120.13333,163,14.2
CALCOFI 0511,90,28,NA,"33.483, -117.767",11/10/05,18:59,19:11,0,112,CALBOBL,NA,0.505,OBLIQUE,ethanol,ethanol,200511,200511:90_28,90_28,2005,11,Fall,NA,NA,NA,NA,NA,NA,NA,NA
CALCOFI 0104,83.3,51,NA,"33.133, -120.133",4/17/01,19:29,19:40,0,114,CALBOBL,NA,0.505,OBLIQUE,ethanol,ethanol,200104,200104:83.3_51,83.3_51,2001,4,Spring,NA,NA,NA,NA,NA,NA,NA,NA
CALCOFI 0310,90,28,NA,"33.483, -117.767",10/26/03,3:22,3:35,0,124,CALBOBL,NA,0.505,OBLIQUE,ethanol,ethanol,200310,200310:90_28,90_28,2003,10,Fall,NEW HORIZON,NH,26,10:18:00Z,33.485,-117.76833,145,18.2
CALCOFI 0804,90,28,NA,"33.483, -117.767",3/31/08,18:12,18:25,0,129,CALBOBL,NA,0.505,OBLIQUE,ethanol,ethanol,200804,200804:90_28,90_28,2008,3,Spring,NA,NA,NA,NA,NA,NA,NA,NA
CALCOFI 1004,70,51,NA,"36.183, -121.733",4/24/10,15:29,15:42,0,132,CALBOBL,NA,0.505,OBLIQUE                          ,Ethanol,Ethanol,201004,201004:70_51,70_51,2010,4,Spring,FROSTI,FR,91,23:11:00Z,36.181667,-121.72833,240,12.5
CALCOFI 1004,70,55,NA,"36.050, -122.017",4/24/10,18:02,18:16,0,136,CALBOBL,NA,0.505,OBLIQUE                          ,Ethanol,Ethanol,201004,201004:70_55,70_55,2010,4,Spring,NA,NA,NA,NA,NA,NA,NA,NA
CALCOFI 1004,70,60,NA,"35.883, -122.367",4/24/10,21:12,21:26,0,136,CALBOBL,NA,0.505,OBLIQUE                          ,Ethanol,Ethanol,201004,201004:70_60,70_60,2010,4,Spring,NA,NA,NA,NA,NA,NA,NA,NA
CALCOFI 1604,93.3,26.7,NA,"32.955, -117.305",4/1/16,12:50,13:04,0,141,CALBOBL,NA,0.505,OBLIQUE,ethanol,ethanol,201604,201604:93.3_26.7,93.3_26.7,2016,4,Spring,BELL M. SHIMADA,SH,1,19:37:00Z,32.955,-117.305,186,16.6
CALCOFI 0810,93.3,26.7,NA,"32.950, -117.300",10/14/08,12:20,12:33,0,146,CALBOBL,NA,0.505,OBLIQUE,ethanol,ethanol,200810,200810:93.3_26.7,93.3_26.7,2008,10,Fall,NEW HORIZON,NH,1,18:47:00Z,32.955,-117.295,200,17.7
CALCOFI 1104,70,51,NA,"36.183, -121.733",4/13/11,22:42,23:09,0,152,CALBOBL,NA,0.505,OBLIQUE,Ethanol,Ethanol,201104,201104:70_51,70_51,2011,4,Spring,NA,NA,NA,NA,NA,NA,NA,NA
CALCOFI 1810,90,28,NA,"33.485, -117.767",10/20/18,9:40,9:58,0,154,CALBOBL,NA,0.505,OBLIQUE,ethanol,ethanol,201810,201810:90_28,90_28,2018,10,Fall,NA,NA,NA,NA,NA,NA,NA,NA
CALCOFI 0411,93.3,26.7,NA,"32.950, -117.300",11/2/04,13:30,13:48,0,161,CALBOBL,NA,0.505,OBLIQUE,ethanol,ethanol,200411,200411:93.3_26.7,93.3_26.7,2004,11,Fall,ROGER REVELLE,RR,1,19:24:00Z,32.956665,-117.305,189,18.4
CALCOFI 0804,70,60,NA,"35.883, -122.367",4/27/08,16:09,16:30,0,162,CALBOBL,NA,0.505,OBLIQUE,ethanol,ethanol,200804,200804:70_60,70_60,2008,4,Spring,DAVID STARR JORDAN,JD,169,22:50:00Z,35.88333,-122.365,3038,11.1
CALCOFI 1104,70,80,NA,"35.217, -123.783",4/15/11,10:52,11:11,0,164,CALBOBL,NA,0.505,OBLIQUE,Ethanol,Ethanol,201104,201104:70_80,70_80,2011,4,Spring,FROSTI,FR,61,18:17:00Z,35.216667,-123.78167,4063,13.1
CALCOFI 1704,93.3,26.7,NA,"32.958, -117.318",3/28/17,21:11,21:29,0,169,CALBOBL,NA,0.505,OBLIQUE,ethanol,ethanol,201704,201704:93.3_26.7,93.3_26.7,2017,3,Spring,NA,NA,NA,NA,NA,NA,NA,NA
CALCOFI 1104,70,55,NA,"36.050, -122.000",4/14/11,8:13,8:34,0,170,CALBOBL,NA,0.505,OBLIQUE,Ethanol,Ethanol,201104,201104:70_55,70_55,2011,4,Spring,FROSTI,FR,54,15:32:00Z,36.05,-122.00667,1850,12.4
CALCOFI 1804,93.3,26.7,NA,"32.960, -117.305",4/5/18,13:30,13:48,0,171,CALBOBL,NA,0.505,OBLIQUE,ethanol,ethanol,201804,201804:93.3_26.7,93.3_26.7,2018,4,Spring,BELL M. SHIMADA,SH,1,20:21:00Z,32.96,-117.305,215,16.5
CALCOFI 1104,70,60,NA,"35.900, -122.367",4/14/11,12:12,12:30,0,172,CALBOBL,NA,0.505,OBLIQUE,Ethanol,Ethanol,201104,201104:70_60,70_60,2011,4,Spring,FROSTI,FR,55,19:29:00Z,35.896667,-122.37,3065,12.8
CALCOFI 0711 ,93.3,26.7,NA,"32.950, -117.317",11/3/07,0:41,0:59,0,173,CALBOBL,NA,0.505,OBLIQUE,ethanol,ethanol,200711,200711:93.3_26.7,93.3_26.7,2007,11,Fall,NEW HORIZON,NH,1,06:42:00Z,32.953335,-117.31,200,18.6
CALCOFI 0304,80,60,NA,"34.150, -121.133",4/16/03,8:23,8:44,0,179,CALBOBL,NA,0.505,OBLIQUE,ethanol,ethanol,200304,200304:80_60,80_60,2003,4,Spring,ROGER REVELLE,RR,55,14:28:00Z,34.155,-121.13,2105,13.1
CALCOFI 1810,90,35,NA,"33.252, -118.250",10/20/18,2:54,3:15,0,180,CALBOBL,NA,0.505,OBLIQUE,ethanol,ethanol,201810,201810:90_35,90_35,2018,10,Fall,NA,NA,NA,NA,NA,NA,NA,NA
CALCOFI 0411,80,60,NA,"34.150, -121.150",11/15/04,12:54,13:15,0,185,CALBOBL,NA,0.505,OBLIQUE,ethanol,ethanol,200411,200411:80_60,80_60,2004,11,Fall,ROGER REVELLE,RR,59,18:28:00Z,34.15,-121.15,2194,16.2
CALCOFI 0511,93.3,35,NA,"32.683, -117.867",11/5/05,4:24,4:44,0,185,CALBOBL,NA,0.505,OBLIQUE,ethanol,ethanol,200511,200511:93.3_35,93.3_35,2005,11,Fall,NEW HORIZON,NH,6,10:42:00Z,32.681667,-117.875,616,17.79
CALCOFI 1711,93.3,35,NA,"32.680, -117.873",11/10/17,2:55,3:19,0,185,CALBOBL,NA,0.505,OBLIQUE,ethanol,ethanol,201711,201711:93.3_35,93.3_35,2017,11,Fall,NA,NA,NA,NA,NA,NA,NA,NA
CALCOFI 1104,73.3,55,NA,"35.450, -121.683",4/17/11,20:41,21:04,0,186,CALBOBL,NA,0.505,OBLIQUE,Ethanol,Ethanol,201104,201104:73.3_55,73.3_55,2011,4,Spring,NA,NA,NA,NA,NA,NA,NA,NA
CALCOFI 1104,73.3,60,NA,"35.283, -122.033",4/17/11,17:20,17:45,0,186,CALBOBL,NA,0.505,OBLIQUE,Ethanol,Ethanol,201104,201104:73.3_60,73.3_60,2011,4,Spring,NA,NA,NA,NA,NA,NA,NA,NA
CALCOFI 1404,93.3,30,NA,"32.847, -117.532",4/1/14,21:02,21:17,0,186,CALBOBL,NA,0.505,OBLIQUE,ethanol,ethanol,201404,201404:93.3_30,93.3_30,2014,4,Spring,NA,NA,NA,NA,NA,NA,NA,NA
CALCOFI 0504,70,51,NA,"36.150, -121.800",4/15/05,2:02,2:23,0,189,CALBOBL,NA,0.505,OBLIQUE,ethanol,ethanol,200504,200504:70_51,70_51,2005,4,Spring,DAVID STARR JORDAN,JD,33,08:35:00Z,36.15,-121.79833,600,9.3
CALCOFI 0504,70,60,NA,"35.883, -122.367",4/15/05,10:41,11:02,0,189,CALBOBL,NA,0.505,OBLIQUE,ethanol,ethanol,200504,200504:70_60,70_60,2005,4,Spring,DAVID STARR JORDAN,JD,35,17:10:00Z,35.88,-122.36833,3000,12.5
CALCOFI 0004,80,55,NA,"34.317, -120.817",4/19/00,8:24,8:45,0,189,CALBOBL,NA,0.505,OBLIQUE,ethanol,ethanol,200004,200004:80_55,80_55,2000,4,Spring,DAVID STARR JORDAN,JD,53,15:18:00Z,34.31,-120.81,778,13.9
CALCOFI 0711 ,80,55,NA,"34.317, -120.800",11/15/07,11:25,11:48,0,190,CALBOBL,NA,0.505,OBLIQUE,ethanol,ethanol,200711,200711:80_55,80_55,2007,11,Fall,NEW HORIZON,NH,57,17:47:00Z,34.316666,-120.80167,755,14.6
CALCOFI 1810,80,80,NA,"33.482, -122.533",10/25/18,20:12,20:34,0,190,CALBOBL,NA,0.505,OBLIQUE,ethanol,ethanol,201810,201810:80_80,80_80,2018,10,Fall,NA,NA,NA,NA,NA,NA,NA,NA
CALCOFI 0411,86.7,45,NA,"33.483, -119.317",11/10/04,7:08,7:29,0,190,CALBOBL,NA,0.505,OBLIQUE,ethanol,ethanol,200411,200411:86.7_45,86.7_45,2004,11,Fall,ROGER REVELLE,RR,35,13:43:00Z,33.49,-119.31834,1660,17
CALCOFI 1203,93.3,40,NA,"32.513, -118.222",3/25/12,12:04,,0,190,CALBOBL,NA,0.505,OBLIQUE,ethanol,ethanol,201203,201203:93.3_40,93.3_40,2012,3,Spring,BELL M. SHIMADA,SH,5,18:03:00Z,32.513332,-118.221664,1685,14.4
CALCOFI 1104,73.3,80,NA,"34.650, -123.367",4/16/11,20:58,21:22,0,191,CALBOBL,NA,0.505,OBLIQUE,Ethanol,Ethanol,201104,201104:73.3_80,73.3_80,2011,4,Spring,NA,NA,NA,NA,NA,NA,NA,NA
CALCOFI 0404 ,76.7,55,NA,"34.883, -121.200",4/8/04,3:17,3:39,0,191,CALBOBL,NA,0.505,OBLIQUE,ethanol,ethanol,200404,200404:76.7_55,76.7_55,2004,4,Spring,NEW HORIZON,NH,64,09:36:00Z,34.886665,-121.20167,574,12.2
CALCOFI 0304,81.8,46.9,NA,"34.283, -119.983",4/15/03,20:42,21:03,0,191,CALBOBL,NA,0.505,OBLIQUE,ethanol,ethanol,200304,200304:81.8_46.9,81.8_46.9,2003,4,Spring,NA,NA,NA,NA,NA,NA,NA,NA
CALCOFI 0304,90,37,NA,"33.183, -118.383",4/9/03,23:24,23:46,0,191,CALBOBL,NA,0.505,OBLIQUE,ethanol,ethanol,200304,200304:90_37,90_37,2003,4,Spring,NA,NA,NA,NA,NA,NA,NA,NA
CALCOFI 0411,93.3,35,NA,"32.683, -117.867",11/3/04,2:44,3:05,0,191,CALBOBL,NA,0.505,OBLIQUE,ethanol,ethanol,200411,200411:93.3_35,93.3_35,2004,11,Fall,ROGER REVELLE,RR,5,08:52:00Z,32.68,-117.87334,627,18.4
CALCOFI 1511,93.3,40,NA,"32.513, -118.213",10/29/15,11:50,12:12,0,191,CALBOBL,NA,0.505,OBLIQUE,ethanol,ethanol,201511,201511:93.3_40,93.3_40,2015,10,Fall,OCEANUS,OC,7,17:43:00Z,32.513332,-118.21333,1673,22.4
CALCOFI 1004,70,80,NA,"35.217, -123.783",4/25/10,11:08,11:22,0,192,CALBOBL,NA,0.505,OBLIQUE                          ,Ethanol,Ethanol,201004,201004:70_80,70_80,2010,4,Spring,FROSTI,FR,102,18:51:00Z,35.22,-123.776665,3900,13.9
CALCOFI 1711,86.7,45,NA,"33.490, -119.320",11/16/17,6:47,7:09,0,192,CALBOBL,NA,0.505,OBLIQUE,ethanol,ethanol,201711,201711:86.7_45,86.7_45,2017,11,Fall,NA,NA,NA,NA,NA,NA,NA,NA
CALCOFI 0411,93.3,30,NA,"32.850, -117.533",11/2/04,22:47,23:09,0,192,CALBOBL,NA,0.505,OBLIQUE,ethanol,ethanol,200411,200411:93.3_30,93.3_30,2004,11,Fall,NA,NA,NA,NA,NA,NA,NA,NA
CALCOFI 9904,90,35,NA,"33.250, -118.250",4/7/99,4:25,4:44,0,193,CALBOBL,NA,0.505,OBLIQUE,ethanol,ethanol,199904,199904:90_35,90_35,1999,4,Spring,DAVID STARR JORDAN,JD,26,11:00:00Z,33.251667,-118.25,198,13.7
CALCOFI 1203,90,60,NA,"32.417, -119.955",3/29/12,4:24,,0,193,CALBOBL,NA,0.505,OBLIQUE,ethanol,ethanol,201203,201203:90_60,90_60,2012,3,Spring,BELL M. SHIMADA,SH,22,10:59:00Z,32.416664,-119.955,923,13.7
CALCOFI 0310,93.3,26.7,NA,"32.950, -117.300",10/20/03,12:13,12:34,0,193,CALBOBL,NA,0.505,OBLIQUE,ethanol,ethanol,200310,200310:93.3_26.7,93.3_26.7,2003,10,Fall,NEW HORIZON,NH,1,18:35:00Z,32.956665,-117.30666,562,20.5
CALCOFI 1704,93.3,35,NA,"32.680, -117.875",3/29/17,11:35,11:56,0,193,CALBOBL,NA,0.505,OBLIQUE,ethanol,ethanol,201704,201704:93.3_35,93.3_35,2017,3,Spring,BELL M. SHIMADA,SH,6,17:55:00Z,32.68,-117.875,614,16.2
CALCOFI 0010,76.7,55,NA,"34.883, -121.883",10/29/00,15:12,15:33,0,194,CALBOBL,NA,0.505,OBLIQUE,ethanol,ethanol,200010,200010:76.7_55,76.7_55,2000,10,Fall,NEW HORIZON,NH,69,21:23:00Z,34.888332,-121.19833,574,14.8
CALCOFI 1911,76.7,55,NA,"34.888, -121.198",11/17/19,18:30,18:52,0,194,CALBOBL,NA,0.505,OBLIQUE,ethanol,ethanol,201911,201911:76.7_55,76.7_55,2019,11,Fall,NA,NA,NA,NA,NA,NA,NA,NA
CALCOFI 1810,93.3,40,NA,"32.513, -118.213",10/15/18,6:11,6:33,0,194,CALBOBL,NA,0.505,OBLIQUE,ethanol,ethanol,201810,201810:93.3_40,93.3_40,2018,10,Fall,NA,NA,NA,NA,NA,NA,NA,NA
CALCOFI 2204,70,55,NA,"36.048, -122.010",4/23/22,12:06,12:28,0,195,CALBOBL,NA,0.505,OBLIQUE,ethanol,ethanol,202204,202204:70_55,70_55,2022,4,Spring,BELL M. SHIMADA,SH,84,19:16:00Z,36.048332,-122.01,1314,12.3
CALCOFI 1404,80,60,NA,"34.157, -121.155",4/13/14,15:36,15:57,0,195,CALBOBL,NA,0.505,OBLIQUE,ethanol,ethanol,201404,201404:80_60,80_60,2014,4,Spring,OCEAN STARR,OS,59,21:20:00Z,34.156666,-121.155,2215,14.6
CALCOFI 1203,80,60,NA,"34.152, -121.148",4/6/12,12:41,,0,195,CALBOBL,NA,0.505,OBLIQUE,ethanol,ethanol,201203,201203:80_60,80_60,2012,4,Spring,BELL M. SHIMADA,SH,57,19:18:00Z,34.151665,-121.14833,2187,11.1
CALCOFI 1711,80,80,NA,"33.483, -122.532",11/18/17,16:08,16:31,0,195,CALBOBL,NA,0.505,OBLIQUE,ethanol,ethanol,201711,201711:80_80,80_80,2017,11,Fall,NA,NA,NA,NA,NA,NA,NA,NA
CALCOFI 0504,86.7,45,NA,"33.483, -119.317",4/22/05,11:41,12:02,0,195,CALBOBL,NA,0.505,OBLIQUE,ethanol,ethanol,200504,200504:86.7_45,86.7_45,2005,4,Spring,NEW HORIZON,NH,37,18:07:00Z,33.488335,-119.32166,1642,12.8
CALCOFI 0511,93.3,30,NA,"32.850, -117.533",11/5/05,0:27,0:48,0,195,CALBOBL,NA,0.505,OBLIQUE,ethanol,ethanol,200511,200511:93.3_30,93.3_30,2005,11,Fall,NEW HORIZON,NH,5,06:44:00Z,32.845,-117.53333,872,17.6
CALCOFI 0504,90,35,NA,"33.250, -118.250",4/21/05,8:00,8:19,0,196,CALBOBL,NA,0.505,OBLIQUE,ethanol,ethanol,200504,200504:90_35,90_35,2005,4,Spring,NEW HORIZON,NH,28,14:39:00Z,33.253334,-118.25166,315,15.3
CALCOFI 9910,90,37,NA,"33.183, -118.400",10/9/99,2:37,2:58,0,196,CALBOBL,NA,0.505,OBLIQUE,ethanol,ethanol,199910,199910:90_37,90_37,1999,10,Fall,NEW HORIZON,NH,25,09:02:00Z,33.178333,-118.39333,1190,18.7
CALCOFI 0211,90,45,NA,"32.917, -118.933",11/15/02,22:02,22:23,0,196,CALBOBL,NA,0.505,OBLIQUE,ethanol,ethanol,200211,200211:90_45,90_45,2002,11,Fall,NA,NA,NA,NA,NA,NA,NA,NA
CALCOFI 1704,90,45,NA,"32.920, -118.937",4/4/17,1:58,2:19,0,196,CALBOBL,NA,0.505,OBLIQUE,ethanol,ethanol,201704,201704:90_45,90_45,2017,4,Spring,BELL M. SHIMADA,SH,26,07:59:00Z,32.92,-118.93667,1691,15.1
CALCOFI 1911,90,60,NA,"32.417, -119.962",11/9/19,1:03,1:25,0,196,CALBOBL,NA,0.505,OBLIQUE,ethanol,ethanol,201911,201911:90_60,90_60,2019,11,Fall,NA,NA,NA,NA,NA,NA,NA,NA
CALCOFI 2010,93.3,40,NA,"32.513, -118.213",10/12/20,3:36,3:58,0,196,CALBOBL,NA,0.505,OBLIQUE,ethanol,ethanol,202010,202010:93.3_40,93.3_40,2020,10,Fall,NA,NA,NA,NA,NA,NA,NA,NA
CALCOFI 0010,81.8,46.9,NA,"34.283, -120.283",10/26/00,3:49,4:10,0,197,CALBOBL,NA,0.505,OBLIQUE,ethanol,ethanol,200010,200010:81.8_46.9,81.8_46.9,2000,10,Fall,NEW HORIZON,NH,55,09:40:00Z,34.275,-120.026665,583,16.79
CALCOFI 0010,83.3,55,NA,"33.750, -120.750",10/25/00,5:43,6:04,0,197,CALBOBL,NA,0.505,OBLIQUE,ethanol,ethanol,200010,200010:83.3_55,83.3_55,2000,10,Fall,NEW HORIZON,NH,50,12:09:00Z,33.745,-120.415,1135,16.1
CALCOFI 0310,86.7,45,NA,"33.500, -119.317",10/27/03,3:36,3:57,0,197,CALBOBL,NA,0.505,OBLIQUE,ethanol,ethanol,200310,200310:86.7_45,86.7_45,2003,10,Fall,NEW HORIZON,NH,32,09:55:00Z,33.491665,-119.32,1662,16.9
CALCOFI 0511,90,35,NA,"33.250, -118.250",11/10/05,11:10,11:30,0,197,CALBOBL,NA,0.505,OBLIQUE,ethanol,ethanol,200511,200511:90_35,90_35,2005,11,Fall,NEW HORIZON,NH,28,17:18:00Z,33.251667,-118.25,291,16.7
CALCOFI 1704,90,37,NA,"33.185, -118.382",4/4/17,7:18,7:39,0,197,CALBOBL,NA,0.505,OBLIQUE,ethanol,ethanol,201704,201704:90_37,90_37,2017,4,Spring,BELL M. SHIMADA,SH,27,13:30:00Z,33.185,-118.38167,1172,15.9
CALCOFI 1810,90,45,NA,"32.918, -118.935",10/19/18,18:24,18:46,0,197,CALBOBL,NA,0.505,OBLIQUE,ethanol,ethanol,201810,201810:90_45,90_45,2018,10,Fall,NA,NA,NA,NA,NA,NA,NA,NA
CALCOFI 9910,90,60,NA,"32.400, -119.950",10/8/99,9:16,9:35,0,197,CALBOBL,NA,0.505,OBLIQUE,ethanol,ethanol,199910,199910:90_60,90_60,1999,10,Fall,NEW HORIZON,NH,22,16:18:00Z,32.406666,-119.955,1082,17.5
CALCOFI 0903,93.3,35,NA,"32.683, -117.867",3/8/09,8:59,9:22,0,197,CALBOBL,NA,0.505,OBLIQUE,ethanol,ethanol,200903,200903:93.3_35,93.3_35,2009,3,Spring,DAVID STARR JORDAN,JD,6,16:10:00Z,32.68,-117.871666,609,15.1
CALCOFI 0504,93.3,40,NA,"32.517, -118.217",4/16/05,6:45,7:06,0,197,CALBOBL,NA,0.505,OBLIQUE,ethanol,ethanol,200504,200504:93.3_40,93.3_40,2005,4,Spring,NEW HORIZON,NH,7,13:03:00Z,32.513332,-118.21166,1666,15.8
CALCOFI 0310,80,55,NA,"34.317, -120.800",10/31/03,15:27,15:48,0,198,CALBOBL,NA,0.505,OBLIQUE,ethanol,ethanol,200310,200310:80_55,80_55,2003,10,Fall,NEW HORIZON,NH,53,21:44:00Z,34.32,-120.79833,760,15.1
CALCOFI 0604,80,55,NA,"34.317, -120.800",4/13/06,21:40,22:01,0,198,CALBOBL,NA,0.505,OBLIQUE,ethanol,ethanol,200604,200604:80_55,80_55,2006,4,Spring,NA,NA,NA,NA,NA,NA,NA,NA
CALCOFI 9910,80,60,NA,"34.150, -121.150",10/16/99,8:59,9:19,0,198,CALBOBL,NA,0.505,OBLIQUE,ethanol,ethanol,199910,199910:80_60,80_60,1999,10,Fall,NEW HORIZON,NH,56,12:29:00Z,34.155,-121.153336,2295,16.9
CALCOFI 1104,81.8,46.9,NA,"34.283, -120.033",4/22/11,20:23,20:44,0,198,CALBOBL,NA,0.505,OBLIQUE,Ethanol,Ethanol,201104,201104:81.8_46.9,81.8_46.9,2011,4,Spring,NA,NA,NA,NA,NA,NA,NA,NA
CALCOFI 0604,83.3,55,NA,"33.750, -120.417",4/12/06,16:50,17:11,0,198,CALBOBL,NA,0.505,OBLIQUE,ethanol,ethanol,200604,200604:83.3_55,83.3_55,2006,4,Spring,NEW HORIZON,NH,52,22:42:00Z,33.743332,-120.41333,1014,14.2
CALCOFI 0010,86.7,45,NA,"33.500, -119.500",10/20/00,6:28,6:49,0,198,CALBOBL,NA,0.505,OBLIQUE,ethanol,ethanol,200010,200010:86.7_45,86.7_45,2000,10,Fall,NEW HORIZON,NH,35,12:44:00Z,33.493332,-119.316666,1669,16.7
CALCOFI 9910,86.7,45,NA,"33.483, -119.317",10/10/99,11:54,12:16,0,198,CALBOBL,NA,0.505,OBLIQUE,ethanol,ethanol,199910,199910:86.7_45,86.7_45,1999,10,Fall,NEW HORIZON,NH,33,17:23:00Z,33.488335,-119.316666,1664,18.5
CALCOFI 0511,90,45,NA,"32.917, -118.933",11/10/05,2:55,3:16,0,198,CALBOBL,NA,0.505,OBLIQUE,ethanol,ethanol,200511,200511:90_45,90_45,2005,11,Fall,NEW HORIZON,NH,26,09:03:00Z,32.92,-118.93667,1728,17.1
CALCOFI 0911,93.3,30,NA,"32.850, -117.533",11/6/09,23:42,0:03,0,198,CALBOBL,NA,0.505,OBLIQUE,ethanol,ethanol,200911,200911:93.3_30,93.3_30,2009,11,Fall,NA,NA,NA,NA,NA,NA,NA,NA
CALCOFI 0810,93.3,40,NA,"32.517, -118.217",10/15/08,4:04,4:25,0,198,CALBOBL,NA,0.505,OBLIQUE,ethanol,ethanol,200810,200810:93.3_40,93.3_40,2008,10,Fall,NEW HORIZON,NH,6,10:21:00Z,32.513332,-118.21667,1641,18.7
CALCOFI 1404,93.3,40,NA,"32.510, -118.210",4/2/14,5:51,6:05,0,198,CALBOBL,NA,0.505,OBLIQUE,ethanol,ethanol,201404,201404:93.3_40,93.3_40,2014,4,Spring,OCEAN STARR,OS,7,12:00:00Z,32.51,-118.21,1627,17.7
CALCOFI 0404,73.3,55,NA,"35.483, -121.600",4/15/04,17:01,17:22,0,199,CALBOBL,NA,0.505,OBLIQUE,ethanol,ethanol,200404,200404:73.3_55,73.3_55,2004,4,Spring,DAVID STARR JORDAN,JD,6,23:44:00Z,35.476665,-121.60833,1000,12.3
CALCOFI 0411,76.7,60,NA,"34.717, -121.550",11/17/04,23:44,12:05,0,199,CALBOBL,NA,0.505,OBLIQUE,ethanol,ethanol,200411,200411:76.7_60,76.7_60,2004,11,Fall,NA,NA,NA,NA,NA,NA,NA,NA
CALCOFI 1511,80,55,NA,"34.317, -120.802",11/5/15,11:29,11:51,0,199,CALBOBL,NA,0.505,OBLIQUE,ethanol,ethanol,201511,201511:80_55,80_55,2015,11,Fall,OCEANUS,OC,38,17:29:00Z,34.316666,-120.80167,814,17.29
CALCOFI 0004,80,60,NA,"34.150, -120.150",4/19/00,14:23,14:43,0,199,CALBOBL,NA,0.505,OBLIQUE,ethanol,ethanol,200004,200004:80_60,80_60,2000,4,Spring,DAVID STARR JORDAN,JD,54,20:48:00Z,34.151665,-121.14833,2240,14.3
CALCOFI 1504,86.7,45,NA,"33.490, -119.313",4/11/15,12:08,12:31,0,199,CALBOBL,NA,0.505,OBLIQUE,ethanol,ethanol,201504,201504:86.7_45,86.7_45,2015,4,Spring,NEW HORIZON,NH,37,18:14:00Z,33.49,-119.31333,1671,17.2
CALCOFI 1404,90,37,NA,"33.190, -118.387",4/7/14,4:03,4:24,0,199,CALBOBL,NA,0.505,OBLIQUE,ethanol,ethanol,201404,201404:90_37,90_37,2014,4,Spring,OCEAN STARR,OS,25,10:12:00Z,33.19,-118.386665,1177,17.1
CALCOFI 1711,90,37,NA,"33.185, -118.387",11/14/17,19:46,20:08,0,199,CALBOBL,NA,0.505,OBLIQUE,ethanol,ethanol,201711,201711:90_37,90_37,2017,11,Fall,NA,NA,NA,NA,NA,NA,NA,NA
CALCOFI 1911,90,37,NA,"33.185, -118.388",11/9/19,16:17,16:39,0,199,CALBOBL,NA,0.505,OBLIQUE,ethanol,ethanol,201911,201911:90_37,90_37,2019,11,Fall,NA,NA,NA,NA,NA,NA,NA,NA
CALCOFI 0511,90,60,NA,"32.417, -119.967",11/9/05,16:47,17:08,0,199,CALBOBL,NA,0.505,OBLIQUE,ethanol,ethanol,200511,200511:90_60,90_60,2005,11,Fall,NEW HORIZON,NH,24,22:43:00Z,32.423332,-119.96333,891,16.79
CALCOFI 9910,80,55,NA,"34.317, -120.800",10/16/99,2:23,2:44,0,200,CALBOBL,NA,0.505,OBLIQUE,ethanol,ethanol,199910,199910:80_55,80_55,1999,10,Fall,NEW HORIZON,NH,55,08:45:00Z,34.32,-120.791664,750,13.6
CALCOFI 0704,80,55,NA,"34.317, -120.800",4/13/07,21:05,21:26,0,200,CALBOBL,NA,0.505,OBLIQUE,ethanol,ethanol,200704,200704:80_55,80_55,2007,4,Spring,NA,NA,NA,NA,NA,NA,NA,NA
CALCOFI 0810,80,55,NA,"34.317, -120.800",10/26/08,4:22,4:43,0,200,CALBOBL,NA,0.505,OBLIQUE,ethanol,ethanol,200810,200810:80_55,80_55,2008,10,Fall,NEW HORIZON,NH,58,10:23:00Z,34.316666,-120.80333,789,15.2
CALCOFI 1711,80,60,NA,"34.148, -121.148",11/18/17,3:56,4:18,0,200,CALBOBL,NA,0.505,OBLIQUE,ethanol,ethanol,201711,201711:80_60,80_60,2017,11,Fall,NA,NA,NA,NA,NA,NA,NA,NA
CALCOFI 0310,86.7,40,NA,"33.667, -118.967",10/26/03,23:19,23:40,0,200,CALBOBL,NA,0.505,OBLIQUE,ethanol,ethanol,200310,200310:86.7_40,86.7_40,2003,10,Fall,NA,NA,NA,NA,NA,NA,NA,NA
CALCOFI 0404 ,86.7,40,NA,"33.650, -118.967",3/30/04,0:31,0:52,0,200,CALBOBL,NA,0.505,OBLIQUE,ethanol,ethanol,200404,200404:86.7_40,86.7_40,2004,3,Spring,NEW HORIZON,NH,31,06:46:00Z,33.656666,-118.975,731,16.29
CALCOFI 0404 ,90,35,NA,"33.250, -118.250",3/29/04,3:04,3:25,0,200,CALBOBL,NA,0.505,OBLIQUE,ethanol,ethanol,200404,200404:90_35,90_35,2004,3,Spring,NEW HORIZON,NH,26,09:20:00Z,33.251667,-118.255,285,16.5
CALCOFI 1304,90,35,NA,"33.250, -118.250",4/9/13,8:46,9:06,0,200,CALBOBL,NA,0.505,OBLIQUE,ethanol,ethanol,201304,201304:90_35,90_35,2013,4,Spring,BELL M. SHIMADA,SH,10,14:28:00Z,33.25,-118.25,394,15.1
CALCOFI 0310,90,45,NA,"32.917, -118.933",10/25/03,15:18,15:39,0,200,CALBOBL,NA,0.505,OBLIQUE,ethanol,ethanol,200310,200310:90_45,90_45,2003,10,Fall,NEW HORIZON,NH,24,21:31:00Z,32.91833,-118.93667,1710,18.6
CALCOFI 0504,90,60,NA,"32.417, -119.967",4/20/05,11:23,11:42,0,200,CALBOBL,NA,0.505,OBLIQUE,ethanol,ethanol,200504,200504:90_60,90_60,2005,4,Spring,NEW HORIZON,NH,24,17:44:00Z,32.41833,-119.96166,1001,14.9
CALCOFI 0711 ,76.7,55,NA,"34.883, -121.200",11/17/07,18:29,18:52,0,201,CALBOBL,NA,0.505,OBLIQUE,ethanol,ethanol,200711,200711:76.7_55,76.7_55,2007,11,Fall,NA,NA,NA,NA,NA,NA,NA,NA
CALCOFI 0104,76.7,60,NA,"34.550, -121.550",4/23/01,0:17,0:38,0,201,CALBOBL,NA,0.505,OBLIQUE,ethanol,ethanol,200104,200104:76.7_60,76.7_60,2001,4,Spring,DAVID STARR JORDAN,JD,67,06:40:00Z,34.721664,-121.55167,950,12.1
CALCOFI 0511,80,60,NA,"34.150, -121.150",11/17/05,9:28,9:49,0,201,CALBOBL,NA,0.505,OBLIQUE,ethanol,ethanol,200511,200511:80_60,80_60,2005,11,Fall,NEW HORIZON,NH,59,16:40:00Z,34.145,-121.15667,2270,13.7
CALCOFI 2105,80,60,NA,"34.147, -121.150",5/12/21,9:48,10:09,0,201,CALBOBL,NA,0.505,OBLIQUE,ethanol,ethanol,202105,202105:80_60,80_60,2021,5,Spring,BELL M. SHIMADA,SH,37,16:18:00Z,34.146667,-121.15,2197,13.2
CALCOFI 0411,81.8,46.9,NA,"34.283, -120.033",11/14/04,22:23,22:45,0,201,CALBOBL,NA,0.505,OBLIQUE,ethanol,ethanol,200411,200411:81.8_46.9,81.8_46.9,2004,11,Fall,NA,NA,NA,NA,NA,NA,NA,NA
CALCOFI 1304,90,45,NA,"32.920, -118.933",4/10/13,19:30,19:51,0,201,CALBOBL,NA,0.505,OBLIQUE,ethanol,ethanol,201304,201304:90_45,90_45,2013,4,Spring,NA,NA,NA,NA,NA,NA,NA,NA
CALCOFI 1411,93.3,30,NA,"32.845, -117.532",11/9/14,0:13,0:35,0,201,CALBOBL,NA,0.505,OBLIQUE,ethanol,ethanol,201411,201411:93.3_30,93.3_30,2014,11,Fall,NEW HORIZON,NH,5,06:40:00Z,32.845,-117.53167,860,20.7
CALCOFI 1511,93.3,30,NA,"32.847, -117.532",10/29/15,2:21,2:43,0,201,CALBOBL,NA,0.505,OBLIQUE,ethanol,ethanol,201511,201511:93.3_30,93.3_30,2015,10,Fall,OCEANUS,OC,5,08:40:00Z,32.846664,-117.53167,856,22.8
CALCOFI 1804,93.3,30,NA,"32.848, -117.523",4/5/18,22:57,23:18,0,201,CALBOBL,NA,0.505,OBLIQUE,ethanol,ethanol,201804,201804:93.3_30,93.3_30,2018,4,Spring,NA,NA,NA,NA,NA,NA,NA,NA
CALCOFI 1704,70,51,NA,"36.182, -121.727",4/15/17,20:14,20:35,0,202,CALBOBL,NA,0.505,OBLIQUE,ethanol,ethanol,201704,201704:70_51,70_51,2017,4,Spring,NA,NA,NA,NA,NA,NA,NA,NA
CALCOFI 0404,70,60,NA,"35.883, -122.367",4/16/04,10:14,10:35,0,202,CALBOBL,NA,0.505,OBLIQUE,ethanol,ethanol,200404,200404:70_60,70_60,2004,4,Spring,DAVID STARR JORDAN,JD,10,16:43:00Z,35.88333,-122.363335,3100,13.5
CALCOFI 0504,76.7,55,NA,"34.883, -121.200",4/30/05,1:34,1:55,0,202,CALBOBL,NA,0.505,OBLIQUE,ethanol,ethanol,200504,200504:76.7_55,76.7_55,2005,4,Spring,NEW HORIZON,NH,72,08:01:00Z,34.89,-121.191666,575,13.7
CALCOFI 0511,76.7,60,NA,"34.733, -121.550",11/19/05,18:31,18:51,0,202,CALBOBL,NA,0.505,OBLIQUE,ethanol,ethanol,200511,200511:76.7_60,76.7_60,2005,11,Fall,NA,NA,NA,NA,NA,NA,NA,NA
CALCOFI 1911,76.7,60,NA,"34.722, -121.550",11/17/19,14:41,15:04,0,202,CALBOBL,NA,0.505,OBLIQUE,ethanol,ethanol,201911,201911:76.7_60,76.7_60,2019,11,Fall,NA,NA,NA,NA,NA,NA,NA,NA
CALCOFI 0404 ,80,55,NA,"34.317, -120.800",4/4/04,1:05,1:27,0,202,CALBOBL,NA,0.505,OBLIQUE,ethanol,ethanol,200404,200404:80_55,80_55,2004,4,Spring,NEW HORIZON,NH,49,07:32:00Z,34.316666,-120.80167,767,12.7
CALCOFI 1411,80,60,NA,"34.150, -121.150",11/19/14,2:12,2:33,0,202,CALBOBL,NA,0.505,OBLIQUE,ethanol,ethanol,201411,201411:80_60,80_60,2014,11,Fall,NEW HORIZON,NH,56,08:33:00Z,34.15,-121.15,2203,17.29
CALCOFI 1504,80,60,NA,"34.148, -121.147",4/16/15,7:51,8:13,0,202,CALBOBL,NA,0.505,OBLIQUE,ethanol,ethanol,201504,201504:80_60,80_60,2015,4,Spring,NEW HORIZON,NH,57,14:05:00Z,34.148335,-121.14667,2180,14.7
CALCOFI 0604,81.8,46.9,NA,"34.283, -120.033",4/13/06,12:10,12:31,0,202,CALBOBL,NA,0.505,OBLIQUE,ethanol,ethanol,200604,200604:81.8_46.9,81.8_46.9,2006,4,Spring,NEW HORIZON,NH,58,17:50:00Z,34.276665,-120.026665,584,14.2
CALCOFI 0211,83.3,55,NA,"33.750, -120.417",11/20/02,22:21,22:42,0,202,CALBOBL,NA,0.505,OBLIQUE,ethanol,ethanol,200211,200211:83.3_55,83.3_55,2002,11,Fall,NA,NA,NA,NA,NA,NA,NA,NA
CALCOFI 9904,83.3,55,NA,"33.750, -120.417",4/11/99,19:55,20:16,0,202,CALBOBL,NA,0.505,OBLIQUE,ethanol,ethanol,199904,199904:83.3_55,83.3_55,1999,4,Spring,NA,NA,NA,NA,NA,NA,NA,NA
CALCOFI 0711 ,83.3,55,NA,"33.750, -120.417",11/14/07,1:48,2:12,0,202,CALBOBL,NA,0.505,OBLIQUE,ethanol,ethanol,200711,200711:83.3_55,83.3_55,2007,11,Fall,NEW HORIZON,NH,50,08:13:00Z,33.745,-120.41,1010,15.2
CALCOFI 1911,83.3,55,NA,"33.745, -120.410",11/14/19,4:48,5:11,0,202,CALBOBL,NA,0.505,OBLIQUE,ethanol,ethanol,201911,201911:83.3_55,83.3_55,2019,11,Fall,NA,NA,NA,NA,NA,NA,NA,NA
CALCOFI 1304,86.7,40,NA,"33.655, -118.975",4/10/13,7:19,7:39,0,202,CALBOBL,NA,0.505,OBLIQUE,ethanol,ethanol,201304,201304:86.7_40,86.7_40,2013,4,Spring,BELL M. SHIMADA,SH,18,13:32:00Z,33.655,-118.975,740,14.6
CALCOFI 1203,86.7,40,NA,"33.657, -118.975",3/30/12,12:03,,0,202,CALBOBL,NA,0.505,OBLIQUE,ethanol,ethanol,201203,201203:86.7_40,86.7_40,2012,3,Spring,BELL M. SHIMADA,SH,29,18:12:00Z,33.656666,-118.975,742,13.6
CALCOFI 1704,86.7,45,NA,"33.490, -119.320",4/5/17,18:45,19:06,0,202,CALBOBL,NA,0.505,OBLIQUE,ethanol,ethanol,201704,201704:86.7_45,86.7_45,2017,4,Spring,NA,NA,NA,NA,NA,NA,NA,NA
CALCOFI 1511,90,35,NA,"33.252, -118.250",11/2/15,18:13,18:35,0,202,CALBOBL,NA,0.505,OBLIQUE,ethanol,ethanol,201511,201511:90_35,90_35,2015,11,Fall,NA,NA,NA,NA,NA,NA,NA,NA
CALCOFI 0511,90,37,NA,"33.183, -118.383",11/10/05,8:16,8:37,0,202,CALBOBL,NA,0.505,OBLIQUE,ethanol,ethanol,200511,200511:90_37,90_37,2005,11,Fall,NEW HORIZON,NH,27,14:21:00Z,33.185,-118.386665,1192,16
CALCOFI 1804,90,37,NA,"33.182, -118.388",4/10/18,16:53,17:14,0,202,CALBOBL,NA,0.505,OBLIQUE,ethanol,ethanol,201804,201804:90_37,90_37,2018,4,Spring,BELL M. SHIMADA,SH,27,23:16:00Z,33.181667,-118.388336,1190,15.1
CALCOFI 1504,90,60,NA,"32.417, -119.957",4/9/15,12:45,13:10,0,202,CALBOBL,NA,0.505,OBLIQUE,ethanol,ethanol,201504,201504:90_60,90_60,2015,4,Spring,NEW HORIZON,NH,24,18:48:00Z,32.416664,-119.956665,884,17.5
CALCOFI 0504,93.3,30,NA,"32.850, -117.533",4/15/05,22:42,23:02,0,202,CALBOBL,NA,0.505,OBLIQUE,ethanol,ethanol,200504,200504:93.3_30,93.3_30,2005,4,Spring,NA,NA,NA,NA,NA,NA,NA,NA
CALCOFI 0310,93.3,40,NA,"32.517, -118.217",10/21/03,2:35,2:56,0,202,CALBOBL,NA,0.505,OBLIQUE,ethanol,ethanol,200310,200310:93.3_40,93.3_40,2003,10,Fall,NEW HORIZON,NH,5,08:50:00Z,32.515,-118.21166,1669,18.9
CALCOFI 1711,80,55,NA,"34.317, -120.802",11/21/17,0:46,1:08,0,203,CALBOBL,NA,0.505,OBLIQUE,ethanol,ethanol,201711,201711:80_55,80_55,2017,11,Fall,NA,NA,NA,NA,NA,NA,NA,NA
CALCOFI 0310,81.8,46.9,NA,"34.283, -120.017",10/31/03,8:01,8:22,0,203,CALBOBL,NA,0.505,OBLIQUE,ethanol,ethanol,200310,200310:81.8_46.9,81.8_46.9,2003,10,Fall,NEW HORIZON,NH,51,14:14:00Z,34.275,-120.02333,580,17.4
CALCOFI 1404,81.8,46.9,NA,"34.275, -120.025",4/13/14,1:08,1:29,0,203,CALBOBL,NA,0.505,OBLIQUE,ethanol,ethanol,201404,201404:81.8_46.9,81.8_46.9,2014,4,Spring,OCEAN STARR,OS,55,07:04:00Z,34.275,-120.025,577,13
CALCOFI 1810,86.7,40,NA,"33.657, -118.975",10/21/18,2:14,2:36,0,203,CALBOBL,NA,0.505,OBLIQUE,ethanol,ethanol,201810,201810:86.7_40,86.7_40,2018,10,Fall,NA,NA,NA,NA,NA,NA,NA,NA
CALCOFI 0610,86.7,45,NA,"33.483, -119.317",10/28/06,5:11,5:32,0,203,CALBOBL,NA,0.505,OBLIQUE,ethanol,ethanol,200610,200610:86.7_45,86.7_45,2006,10,Fall,ROGER REVELLE,RR,37,11:00:00Z,33.49,-119.31834,1658,17.4
CALCOFI 0010,90,35,NA,"33.250, -118.250",10/18/00,21:46,22:07,0,203,CALBOBL,NA,0.505,OBLIQUE,ethanol,ethanol,200010,200010:90_35,90_35,2000,10,Fall,NA,NA,NA,NA,NA,NA,NA,NA
CALCOFI 0104,90,35,NA,"33.250, -118.250",4/12/01,19:56,20:17,0,203,CALBOBL,NA,0.505,OBLIQUE,ethanol,ethanol,200104,200104:90_35,90_35,2001,4,Spring,NA,NA,NA,NA,NA,NA,NA,NA
CALCOFI 9910,90,35,NA,"33.250, -118.250",10/9/99,5:33,5:54,0,203,CALBOBL,NA,0.505,OBLIQUE,ethanol,ethanol,199910,199910:90_35,90_35,1999,10,Fall,NEW HORIZON,NH,26,12:05:00Z,33.25,-118.24834,327,18.4
CALCOFI 0304,90,60,NA,"32.417, -119.967",4/9/03,6:08,6:29,0,203,CALBOBL,NA,0.505,OBLIQUE,ethanol,ethanol,200304,200304:90_60,90_60,2003,4,Spring,ROGER REVELLE,RR,23,12:38:00Z,32.41833,-119.96,2661,14.4
CALCOFI 0604,76.7,55,NA,"34.883, -121.200",4/16/06,15:33,15:54,0,204,CALBOBL,NA,0.505,OBLIQUE,ethanol,ethanol,200604,200604:76.7_55,76.7_55,2006,4,Spring,NEW HORIZON,NH,72,21:46:00Z,34.888332,-121.2,566,14.2
CALCOFI 1804,76.7,55,NA,"34.890, -121.198",4/20/18,11:54,12:16,0,204,CALBOBL,NA,0.505,OBLIQUE,ethanol,ethanol,201804,201804:76.7_55,76.7_55,2018,4,Spring,BELL M. SHIMADA,SH,73,18:13:00Z,34.89,-121.19833,567,13.5
CALCOFI 2010,76.7,55,NA,"34.888, -121.203",10/21/20,13:02,13:25,0,204,CALBOBL,NA,0.505,OBLIQUE,ethanol,ethanol,202010,202010:76.7_55,76.7_55,2020,10,Fall,NA,NA,NA,NA,NA,NA,NA,NA
CALCOFI 0204,76.7,60,NA,"34.717, -121.550",4/11/02,23:25,23:46,0,204,CALBOBL,NA,0.505,OBLIQUE,ethanol,ethanol,200204,200204:76.7_60,76.7_60,2002,4,Spring,NA,NA,NA,NA,NA,NA,NA,NA
CALCOFI 0604,76.7,60,NA,"34.717, -121.550",4/16/06,11:13,11:34,0,204,CALBOBL,NA,0.505,OBLIQUE,ethanol,ethanol,200604,200604:76.7_60,76.7_60,2006,4,Spring,NEW HORIZON,NH,71,17:25:00Z,34.72333,-121.555,928,13.8
CALCOFI 0804,76.7,60,NA,"34.717, -121.550",4/23/08,21:43,22:05,0,204,CALBOBL,NA,0.505,OBLIQUE,ethanol,ethanol,200804,200804:76.7_60,76.7_60,2008,4,Spring,NA,NA,NA,NA,NA,NA,NA,NA
CALCOFI 2010,80,80,NA,"33.483, -122.533",10/20/20,7:00,7:22,0,204,CALBOBL,NA,0.505,OBLIQUE,ethanol,ethanol,202010,202010:80_80,80_80,2020,10,Fall,NA,NA,NA,NA,NA,NA,NA,NA
CALCOFI 1004,86.7,45,NA,"33.483, -119.317",5/3/10,5:32,5:52,0,204,CALBOBL,NA,0.505,OBLIQUE,Ethanol,Ethanol,201004,201004:86.7_45,86.7_45,2010,5,Spring,MILLER FREEMAN,MF,157,11:37:00Z,33.488335,-119.31333,1645,14
CALCOFI 1304,86.7,45,NA,"33.492, -119.318",4/10/13,11:29,11:49,0,204,CALBOBL,NA,0.505,OBLIQUE,ethanol,ethanol,201304,201304:86.7_45,86.7_45,2013,4,Spring,BELL M. SHIMADA,SH,19,17:39:00Z,33.491665,-119.31834,1665,13.6
CALCOFI 2204,90,28,NA,"33.480, -117.772",4/13/22,5:42,6:03,0,204,CALBOBL,NA,0.505,OBLIQUE,ethanol,ethanol,202204,202204:90_28,90_28,2022,4,Spring,BELL M. SHIMADA,SH,28,12:38:00Z,33.48,-117.77167,230,16.2
CALCOFI 0304,90,35,NA,"33.250, -118.250",4/10/03,2:19,2:40,0,204,CALBOBL,NA,0.505,OBLIQUE,ethanol,ethanol,200304,200304:90_35,90_35,2003,4,Spring,ROGER REVELLE,RR,27,08:48:00Z,33.251667,-118.25,320,14.6
CALCOFI 0411,90,37,NA,"33.183, -118.383",11/9/04,0:53,1:14,0,204,CALBOBL,NA,0.505,OBLIQUE,ethanol,ethanol,200411,200411:90_37,90_37,2004,11,Fall,ROGER REVELLE,RR,26,07:15:00Z,33.185,-118.386665,1180,17.7
CALCOFI 1110,90,37,NA,"33.183, -118.383",10/22/11,17:06,17:28,0,204,CALBOBL,NA,0.505,,Ethanol,Ethanol,201110,201110:90_37,90_37,2011,10,Fall,NEW HORIZON,NH,27,21:15:00Z,33.183334,-118.385,1190,17.2
CALCOFI 1110,90,45,NA,"32.917, -118.933",10/22/11,9:25,9:47,0,204,CALBOBL,NA,0.505,,Ethanol,Ethanol,201110,201110:90_45,90_45,2011,10,Fall,NEW HORIZON,NH,26,15:18:00Z,32.916664,-118.933334,1491,17.6
CALCOFI 2010,90,45,NA,"32.922, -118.933",10/16/20,8:16,8:38,0,204,CALBOBL,NA,0.505,OBLIQUE,ethanol,ethanol,202010,202010:90_45,90_45,2020,10,Fall,NA,NA,NA,NA,NA,NA,NA,NA
CALCOFI 0211,90,60,NA,"32.417, -119.967",11/15/02,12:06,12:27,0,204,CALBOBL,NA,0.505,OBLIQUE,ethanol,ethanol,200211,200211:90_60,90_60,2002,11,Fall,NEW HORIZON,NH,22,17:36:00Z,32.41833,-119.96,883,16.7
CALCOFI 0211,93.3,26.7,NA,"32.950, -117.300",11/10/02,13:44,14:04,0,204,CALBOBL,NA,0.505,OBLIQUE,ethanol,ethanol,200211,200211:93.3_26.7,93.3_26.7,2002,11,Fall,NEW HORIZON,NH,1,19:09:00Z,32.951668,-117.30666,329,17.5
CALCOFI 1311,93.3,30,NA,"32.847, -117.532",11/9/13,22:41,23:03,0,204,CALBOBL,NA,0.505,OBLIQUE,ethanol,ethanol,201311,201311:93.3_30,93.3_30,2013,11,Fall,NA,NA,NA,NA,NA,NA,NA,NA
CALCOFI 1604,93.3,35,NA,"32.678, -117.872",4/2/16,2:43,3:05,0,204,CALBOBL,NA,0.505,OBLIQUE,ethanol,ethanol,201604,201604:93.3_35,93.3_35,2016,4,Spring,BELL M. SHIMADA,SH,6,09:05:00Z,32.678333,-117.871666,625,16.9
CALCOFI 0511,93.3,40,NA,"32.517, -118.217",11/5/05,8:27,8:48,0,204,CALBOBL,NA,0.505,OBLIQUE,ethanol,ethanol,200511,200511:93.3_40,93.3_40,2005,11,Fall,NEW HORIZON,NH,7,14:47:00Z,32.515,-118.21333,1670,17.79
CALCOFI 0404,70,55,NA,"36.050, -122.017",4/16/04,6:04,6:25,0,205,CALBOBL,NA,0.505,OBLIQUE,ethanol,ethanol,200404,200404:70_55,70_55,2004,4,Spring,DAVID STARR JORDAN,JD,9,12:32:00Z,36.048332,-122.011665,1300,10.7
CALCOFI 1104,70,80,NA,"35.217, -123.783",4/5/11,17:37,17:57,0,205,CALBOBL,NA,0.505,OBLIQUE,Ethanol,Ethanol,201104,201104:70_80,70_80,2011,4,Spring,NA,NA,NA,NA,NA,NA,NA,NA
CALCOFI 1804,73.3,55,NA,"35.477, -121.607",4/21/18,2:32,2:54,0,205,CALBOBL,NA,0.505,OBLIQUE,ethanol,ethanol,201804,201804:73.3_55,73.3_55,2018,4,Spring,BELL M. SHIMADA,SH,77,09:02:00Z,35.476665,-121.60667,995,13.5
CALCOFI 0810,76.7,55,NA,"34.883, -121.200",10/28/08,23:05,23:26,0,205,CALBOBL,NA,0.505,OBLIQUE,ethanol,ethanol,200810,200810:76.7_55,76.7_55,2008,10,Fall,NA,NA,NA,NA,NA,NA,NA,NA
CALCOFI 0211,80,55,NA,"34.317, -120.800",11/21/02,22:43,23:04,0,205,CALBOBL,NA,0.505,OBLIQUE,ethanol,ethanol,200211,200211:80_55,80_55,2002,11,Fall,NA,NA,NA,NA,NA,NA,NA,NA
CALCOFI 0511,80,55,NA,"34.317, -120.800",11/17/05,6:13,6:36,0,205,CALBOBL,NA,0.505,OBLIQUE,ethanol,ethanol,200511,200511:80_55,80_55,2005,11,Fall,NEW HORIZON,NH,58,12:14:00Z,34.316666,-120.79833,782,14.5
CALCOFI 1904,81.8,46.9,NA,"34.275, -120.027",4/9/19,12:41,13:03,0,205,CALBOBL,NA,0.505,OBLIQUE,ethanol,ethanol,201904,201904:81.8_46.9,81.8_46.9,2019,4,Spring,REUBEN LASKER,RL,36,19:23:00Z,34.275,-120.026665,577,13.5
CALCOFI 0304,83.3,55,NA,"33.750, -120.417",4/15/03,2:11,2:32,0,205,CALBOBL,NA,0.505,OBLIQUE,ethanol,ethanol,200304,200304:83.3_55,83.3_55,2003,4,Spring,ROGER REVELLE,RR,48,08:24:00Z,33.745,-120.41,975,13.5
CALCOFI 0411,83.3,55,NA,"33.750, -120.417",11/13/04,23:40,12:01,0,205,CALBOBL,NA,0.505,OBLIQUE,ethanol,ethanol,200411,200411:83.3_55,83.3_55,2004,11,Fall,NA,NA,NA,NA,NA,NA,NA,NA
CALCOFI 1804,83.3,55,NA,"33.745, -120.408",4/16/18,16:51,17:12,0,205,CALBOBL,NA,0.505,OBLIQUE,ethanol,ethanol,201804,201804:83.3_55,83.3_55,2018,4,Spring,BELL M. SHIMADA,SH,53,23:16:00Z,33.745,-120.40833,973,12.9
CALCOFI 0211,86.7,40,NA,"33.650, -118.967",11/17/02,3:18,3:39,0,205,CALBOBL,NA,0.505,OBLIQUE,ethanol,ethanol,200211,200211:86.7_40,86.7_40,2002,11,Fall,NEW HORIZON,NH,31,09:35:00Z,33.656666,-118.975,722,16.5
CALCOFI 0511,86.7,40,NA,"33.650, -118.967",11/11/05,11:11,11:32,0,205,CALBOBL,NA,0.505,OBLIQUE,ethanol,ethanol,200511,200511:86.7_40,86.7_40,2005,11,Fall,NEW HORIZON,NH,36,16:47:00Z,33.656666,-118.975,736,15.5
CALCOFI 0610,86.7,40,NA,"33.650, -118.967",10/28/06,0:42,1:03,0,205,CALBOBL,NA,0.505,OBLIQUE,ethanol,ethanol,200610,200610:86.7_40,86.7_40,2006,10,Fall,ROGER REVELLE,RR,36,06:18:00Z,33.656666,-118.973335,754,17.2
CALCOFI 1404,86.7,40,NA,"33.660, -118.960",4/8/14,9:42,10:03,0,205,CALBOBL,NA,0.505,OBLIQUE,ethanol,ethanol,201404,201404:86.7_40,86.7_40,2014,4,Spring,OCEAN STARR,OS,35,15:30:00Z,33.66,-118.96,897,16
CALCOFI 1911,86.7,40,NA,"33.657, -118.975",11/10/19,18:54,19:16,0,205,CALBOBL,NA,0.505,OBLIQUE,ethanol,ethanol,201911,201911:86.7_40,86.7_40,2019,11,Fall,NA,NA,NA,NA,NA,NA,NA,NA
CALCOFI 0704,86.7,45,NA,"33.500, -119.317",4/7/07,17:39,18:00,0,205,CALBOBL,NA,0.505,OBLIQUE,ethanol,ethanol,200704,200704:86.7_45,86.7_45,2007,4,Spring,DAVID STARR JORDAN,JD,36,23:42:00Z,33.491665,-119.31834,1656,14
CALCOFI 1203,86.7,45,NA,"33.488, -119.320",3/30/12,16:01,,0,205,CALBOBL,NA,0.505,OBLIQUE,ethanol,ethanol,201203,201203:86.7_45,86.7_45,2012,3,Spring,BELL M. SHIMADA,SH,30,22:26:00Z,33.488335,-119.32,1665,13.3
CALCOFI 1711,90,35,NA,"33.253, -118.250",11/14/17,22:57,23:19,0,205,CALBOBL,NA,0.505,OBLIQUE,ethanol,ethanol,201711,201711:90_35,90_35,2017,11,Fall,NA,NA,NA,NA,NA,NA,NA,NA
CALCOFI 1804,90,35,NA,"33.252, -118.250",4/10/18,19:46,20:07,0,205,CALBOBL,NA,0.505,OBLIQUE,ethanol,ethanol,201804,201804:90_35,90_35,2018,4,Spring,NA,NA,NA,NA,NA,NA,NA,NA
CALCOFI 2105,90,60,NA,"32.413, -119.962",5/7/21,21:03,21:25,0,205,CALBOBL,NA,0.505,OBLIQUE,ethanol,ethanol,202105,202105:90_60,90_60,2021,5,Spring,NA,NA,NA,NA,NA,NA,NA,NA
CALCOFI 1904,93.3,30,NA,"32.848, -117.525",4/2/19,21:23,21:44,0,205,CALBOBL,NA,0.505,OBLIQUE,ethanol,ethanol,201904,201904:93.3_30,93.3_30,2019,4,Spring,NA,NA,NA,NA,NA,NA,NA,NA
CALCOFI 1203,93.3,30,NA,"32.848, -117.527",3/25/12,3:35,,0,205,CALBOBL,NA,0.505,OBLIQUE,ethanol,ethanol,201203,201203:93.3_30,93.3_30,2012,3,Spring,BELL M. SHIMADA,SH,3,09:50:00Z,32.84833,-117.526665,859,13.7
CALCOFI 0610,93.3,35,NA,"32.683, -117.867",10/22/06,4:50,5:11,0,205,CALBOBL,NA,0.505,OBLIQUE,ethanol,ethanol,200610,200610:93.3_35,93.3_35,2006,10,Fall,ROGER REVELLE,RR,6,09:35:00Z,32.68,-117.871666,630,18.6
CALCOFI 2204,70,60,NA,"35.882, -122.363",4/23/22,8:36,8:57,0,206,CALBOBL,NA,0.505,OBLIQUE,ethanol,ethanol,202204,202204:70_60,70_60,2022,4,Spring,BELL M. SHIMADA,SH,83,15:21:00Z,35.881664,-122.363335,3069,12.5
CALCOFI 1304,70,80,NA,"35.218, -123.777",4/25/13,9:05,9:25,0,206,CALBOBL,NA,0.505,OBLIQUE,ethanol,ethanol,201304,201304:70_80,70_80,2013,4,Spring,BELL M. SHIMADA,SH,83,16:09:00Z,35.218334,-123.776665,4108,12.4
CALCOFI 0804,73.3,55,NA,"35.483, -121.617",4/27/08,2:30,2:51,0,206,CALBOBL,NA,0.505,OBLIQUE,ethanol,ethanol,200804,200804:73.3_55,73.3_55,2008,4,Spring,DAVID STARR JORDAN,JD,167,09:00:00Z,35.476665,-121.61,1003,11.8
CALCOFI 1604,73.3,55,NA,"35.480, -121.608",4/17/16,0:15,0:37,0,206,CALBOBL,NA,0.505,OBLIQUE,ethanol,ethanol,201604,201604:73.3_55,73.3_55,2016,4,Spring,BELL M. SHIMADA,SH,75,06:58:00Z,35.48,-121.60833,993,12.6
CALCOFI 2204,73.3,55,NA,"35.477, -121.608",4/21/22,15:08,15:30,0,206,CALBOBL,NA,0.505,OBLIQUE,ethanol,ethanol,202204,202204:73.3_55,73.3_55,2022,4,Spring,BELL M. SHIMADA,SH,75,22:03:00Z,35.476665,-121.60833,1003,13.4
CALCOFI 9910,76.7,55,NA,"34.883, -121.200",10/18/99,22:47,23:06,0,206,CALBOBL,NA,0.505,OBLIQUE,ethanol,ethanol,199910,199910:76.7_55,76.7_55,1999,10,Fall,NA,NA,NA,NA,NA,NA,NA,NA
CALCOFI 0511,76.7,55,NA,"34.883, -121.200",11/19/05,22:13,22:34,0,206,CALBOBL,NA,0.505,OBLIQUE,ethanol,ethanol,200511,200511:76.7_55,76.7_55,2005,11,Fall,NA,NA,NA,NA,NA,NA,NA,NA
CALCOFI 1504,76.7,55,NA,"34.888, -121.193",4/18/15,22:17,22:39,0,206,CALBOBL,NA,0.505,OBLIQUE,ethanol,ethanol,201504,201504:76.7_55,76.7_55,2015,4,Spring,NA,NA,NA,NA,NA,NA,NA,NA
CALCOFI 0810,76.7,60,NA,"34.717, -121.550",10/28/08,18:49,19:10,0,206,CALBOBL,NA,0.505,OBLIQUE,ethanol,ethanol,200810,200810:76.7_60,76.7_60,2008,10,Fall,NA,NA,NA,NA,NA,NA,NA,NA
CALCOFI 0204,80,55,NA,"34.317, -120.800",4/8/02,23:11,23:32,0,206,CALBOBL,NA,0.505,OBLIQUE,ethanol,ethanol,200204,200204:80_55,80_55,2002,4,Spring,NA,NA,NA,NA,NA,NA,NA,NA
CALCOFI 0010,80,60,NA,"34.150, -121.150",10/26/00,18:48,19:09,0,206,CALBOBL,NA,0.505,OBLIQUE,ethanol,ethanol,200010,200010:80_60,80_60,2000,10,Fall,NA,NA,NA,NA,NA,NA,NA,NA
CALCOFI 1804,80,80,NA,"33.483, -122.533",4/18/18,13:23,13:44,0,206,CALBOBL,NA,0.505,OBLIQUE,ethanol,ethanol,201804,201804:80_80,80_80,2018,4,Spring,BELL M. SHIMADA,SH,65,19:41:00Z,33.483334,-122.53333,3994,14.8
CALCOFI 1904,80,80,NA,"33.487, -122.538",4/15/19,19:58,20:19,0,206,CALBOBL,NA,0.505,OBLIQUE,ethanol,ethanol,201904,201904:80_80,80_80,2019,4,Spring,NA,NA,NA,NA,NA,NA,NA,NA
CALCOFI 0504,81.8,46.9,NA,"34.267, -120.033",4/26/05,22:56,23:15,0,206,CALBOBL,NA,0.505,OBLIQUE,ethanol,ethanol,200504,200504:81.8_46.9,81.8_46.9,2005,4,Spring,NA,NA,NA,NA,NA,NA,NA,NA
CALCOFI 0610,81.8,46.9,NA,"34.283, -120.017",11/1/06,17:21,17:42,0,206,CALBOBL,NA,0.505,OBLIQUE,ethanol,ethanol,200610,200610:81.8_46.9,81.8_46.9,2006,11,Fall,ROGER REVELLE,RR,59,23:27:00Z,34.276665,-120.02333,587,18
CALCOFI 0304,86.7,40,NA,"33.650, -118.967",4/11/03,0:51,1:12,0,206,CALBOBL,NA,0.505,OBLIQUE,ethanol,ethanol,200304,200304:86.7_40,86.7_40,2003,4,Spring,ROGER REVELLE,RR,32,07:08:00Z,33.656666,-118.973335,764,14.5
CALCOFI 0504,86.7,40,NA,"33.650, -118.967",4/22/05,7:23,7:43,0,206,CALBOBL,NA,0.505,OBLIQUE,ethanol,ethanol,200504,200504:86.7_40,86.7_40,2005,4,Spring,NEW HORIZON,NH,36,13:41:00Z,33.656666,-118.973335,722,14.7
CALCOFI 0404 ,86.7,45,NA,"33.483, -119.317",3/30/04,4:37,4:58,0,206,CALBOBL,NA,0.505,OBLIQUE,ethanol,ethanol,200404,200404:86.7_45,86.7_45,2004,3,Spring,NEW HORIZON,NH,32,10:58:00Z,33.488335,-119.316666,1657,15.4
CALCOFI 0511,86.7,45,NA,"33.500, -119.317",11/11/05,15:22,15:44,0,206,CALBOBL,NA,0.505,OBLIQUE,ethanol,ethanol,200511,200511:86.7_45,86.7_45,2005,11,Fall,NEW HORIZON,NH,37,21:20:00Z,33.491665,-119.32,1662,16
CALCOFI 0903,90,28,NA,"33.483, -117.767",3/13/09,21:46,22:07,0,206,CALBOBL,NA,0.505,OBLIQUE,ethanol,ethanol,200903,200903:90_28,90_28,2009,3,Spring,NA,NA,NA,NA,NA,NA,NA,NA
CALCOFI 0310,90,37,NA,"33.183, -118.383",10/25/03,21:06,21:27,0,206,CALBOBL,NA,0.505,OBLIQUE,ethanol,ethanol,200310,200310:90_37,90_37,2003,10,Fall,NA,NA,NA,NA,NA,NA,NA,NA
CALCOFI 1810,90,37,NA,"33.185, -118.387",10/20/18,0:03,0:25,0,206,CALBOBL,NA,0.505,OBLIQUE,ethanol,ethanol,201810,201810:90_37,90_37,2018,10,Fall,NA,NA,NA,NA,NA,NA,NA,NA
CALCOFI 1511,90,45,NA,"32.918, -118.938",11/2/15,8:24,8:47,0,206,CALBOBL,NA,0.505,OBLIQUE,ethanol,ethanol,201511,201511:90_45,90_45,2015,11,Fall,OCEANUS,OC,20,15:21:00Z,32.91833,-118.93833,1721,21
CALCOFI 1210,90,45,NA,"32.918, -118.935",10/27/12,2:29,,0,206,CALBOBL,NA,0.505,OBLIQUE,ethanol,ethanol,201210,201210:90_45,90_45,2012,10,Fall,NEW HORIZON,NH,37,08:43:00Z,32.91833,-118.935,1720,18
CALCOFI 1904,90,60,NA,"32.420, -119.958",4/7/19,0:44,1:05,0,206,CALBOBL,NA,0.505,OBLIQUE,ethanol,ethanol,201904,201904:90_60,90_60,2019,4,Spring,REUBEN LASKER,RL,23,07:06:00Z,32.42,-119.958336,838,16
CALCOFI 0504,93.3,26.7,NA,"32.967, -117.300",4/15/05,11:14,11:34,0,206,CALBOBL,NA,0.505,OBLIQUE,ethanol,ethanol,200504,200504:93.3_26.7,93.3_26.7,2005,4,Spring,NEW HORIZON,NH,1,17:49:00Z,32.958332,-117.30167,304,15.6
CALCOFI 0211,93.3,30,NA,"32.850, -117.533",11/10/02,19:56,20:17,0,206,CALBOBL,NA,0.505,OBLIQUE,ethanol,ethanol,200211,200211:93.3_30,93.3_30,2002,11,Fall,NA,NA,NA,NA,NA,NA,NA,NA
CALCOFI 1704,93.3,30,NA,"32.847, -117.533",3/29/17,7:42,8:04,0,206,CALBOBL,NA,0.505,OBLIQUE,ethanol,ethanol,201704,201704:93.3_30,93.3_30,2017,3,Spring,BELL M. SHIMADA,SH,5,13:55:00Z,32.846664,-117.53333,860,16.5
CALCOFI 1911,93.3,30,NA,"32.847, -117.532",11/5/19,0:10,0:32,0,206,CALBOBL,NA,0.505,OBLIQUE,ethanol,ethanol,201911,201911:93.3_30,93.3_30,2019,11,Fall,NA,NA,NA,NA,NA,NA,NA,NA
CALCOFI 0404 ,93.3,35,NA,"32.683, -117.867",3/23/04,23:01,23:22,0,206,CALBOBL,NA,0.505,OBLIQUE,ethanol,ethanol,200404,200404:93.3_35,93.3_35,2004,3,Spring,NA,NA,NA,NA,NA,NA,NA,NA
CALCOFI 0504,93.3,35,NA,"32.683, -117.867",4/16/05,2:34,2:54,0,206,CALBOBL,NA,0.505,OBLIQUE,ethanol,ethanol,200504,200504:93.3_35,93.3_35,2005,4,Spring,NEW HORIZON,NH,6,08:56:00Z,32.68,-117.86833,638,16.2
CALCOFI 0604,93.3,35,NA,"32.683, -117.867",4/2/06,4:49,5:09,0,206,CALBOBL,NA,0.505,OBLIQUE,ethanol,ethanol,200604,200604:93.3_35,93.3_35,2006,4,Spring,NEW HORIZON,NH,6,11:06:00Z,32.68,-117.87334,631,14.4
CALCOFI 1511,93.3,35,NA,"32.678, -117.873",10/29/15,7:07,7:29,0,206,CALBOBL,NA,0.505,OBLIQUE,ethanol,ethanol,201511,201511:93.3_35,93.3_35,2015,10,Fall,OCEANUS,OC,6,12:58:00Z,32.678333,-117.87334,627,22.2
CALCOFI 1911,93.3,40,NA,"32.513, -118.213",11/5/19,7:44,8:07,0,206,CALBOBL,NA,0.505,OBLIQUE,ethanol,ethanol,201911,201911:93.3_40,93.3_40,2019,11,Fall,NA,NA,NA,NA,NA,NA,NA,NA
CALCOFI 2204,93.3,40,NA,"32.512, -118.213",4/7/22,14:44,15:05,0,206,CALBOBL,NA,0.505,OBLIQUE,ethanol,ethanol,202204,202204:93.3_40,93.3_40,2022,4,Spring,BELL M. SHIMADA,SH,7,21:30:00Z,32.511665,-118.21333,1673,15.7
CALCOFI 1604,70,60,NA,"35.883, -122.368",4/18/16,18:24,18:45,0,207,CALBOBL,NA,0.505,OBLIQUE,ethanol,ethanol,201604,201604:70_60,70_60,2016,4,Spring,NA,NA,NA,NA,NA,NA,NA,NA
CALCOFI 1704,70,60,NA,"35.882, -122.368",4/16/17,3:04,3:25,0,207,CALBOBL,NA,0.505,OBLIQUE,ethanol,ethanol,201704,201704:70_60,70_60,2017,4,Spring,BELL M. SHIMADA,SH,86,09:40:00Z,35.881664,-122.36833,3042,12.8
CALCOFI 1304,70,60,NA,"35.883, -122.360",4/24/13,10:55,11:15,0,207,CALBOBL,NA,0.505,OBLIQUE,ethanol,ethanol,201304,201304:70_60,70_60,2013,4,Spring,BELL M. SHIMADA,SH,75,17:56:00Z,35.88333,-122.36,3053,12.1
CALCOFI 0304,73.3,50,NA,"35.650, -121.250",4/17/03,0:59,1:20,0,207,CALBOBL,NA,0.505,OBLIQUE,ethanol,ethanol,200304,200304:73.3_50,73.3_50,2003,4,Spring,DAVID STARR JORDAN,JD,95,07:55:00Z,35.643333,-121.255,263,11.8
CALCOFI 1804,73.3,60,NA,"35.308, -121.962",4/21/18,6:30,6:51,0,207,CALBOBL,NA,0.505,OBLIQUE,ethanol,ethanol,201804,201804:73.3_60,73.3_60,2018,4,Spring,BELL M. SHIMADA,SH,78,13:03:00Z,35.308334,-121.96166,2501,13.1
CALCOFI 0204,76.7,55,NA,"34.883, -121.200",4/12/02,3:45,4:06,0,207,CALBOBL,NA,0.505,OBLIQUE,ethanol,ethanol,200204,200204:76.7_55,76.7_55,2002,4,Spring,DAVID STARR JORDAN,JD,64,10:14:00Z,34.888332,-121.2,561,12.8
CALCOFI 0304,76.7,55,NA,"34.883, -121.200",4/18/03,21:53,22:15,0,207,CALBOBL,NA,0.505,OBLIQUE,ethanol,ethanol,200304,200304:76.7_55,76.7_55,2003,4,Spring,NA,NA,NA,NA,NA,NA,NA,NA
CALCOFI 1110,76.7,55,NA,"34.883, -121.200",11/1/11,6:04,6:25,0,207,CALBOBL,NA,0.505,,Ethanol,Ethanol,201110,201110:76.7_55,76.7_55,2011,11,Fall,NEW HORIZON,NH,73,12:30:00Z,34.886665,-121.19666,577,16.6
CALCOFI 0010,76.7,60,NA,"34.717, -121.717",10/29/00,10:48,11:09,0,207,CALBOBL,NA,0.505,OBLIQUE,ethanol,ethanol,200010,200010:76.7_60,76.7_60,2000,10,Fall,NEW HORIZON,NH,68,17:04:00Z,34.72333,-121.54833,940,15.1
CALCOFI 0504,76.7,60,NA,"34.717, -121.550",4/29/05,21:27,21:46,0,207,CALBOBL,NA,0.505,OBLIQUE,ethanol,ethanol,200504,200504:76.7_60,76.7_60,2005,4,Spring,NA,NA,NA,NA,NA,NA,NA,NA
CALCOFI 1304,76.7,60,NA,"34.723, -121.548",4/22/13,16:23,16:43,0,207,CALBOBL,NA,0.505,OBLIQUE,ethanol,ethanol,201304,201304:76.7_60,76.7_60,2013,4,Spring,BELL M. SHIMADA,SH,68,22:52:00Z,34.72333,-121.54833,945,12
CALCOFI 1911,80,55,NA,"34.317, -120.802",11/15/19,6:32,6:55,0,207,CALBOBL,NA,0.505,OBLIQUE,ethanol,ethanol,201911,201911:80_55,80_55,2019,11,Fall,NA,NA,NA,NA,NA,NA,NA,NA
CALCOFI 0404 ,81.8,46.9,NA,"34.283, -120.033",4/3/04,16:37,16:58,0,207,CALBOBL,NA,0.505,OBLIQUE,ethanol,ethanol,200404,200404:81.8_46.9,81.8_46.9,2004,4,Spring,NEW HORIZON,NH,47,23:01:00Z,34.275,-120.025,583,14.2
CALCOFI 0903,81.8,46.9,NA,"34.283, -120.033",3/19/09,16:35,16:56,0,207,CALBOBL,NA,0.505,OBLIQUE,ethanol,ethanol,200903,200903:81.8_46.9,81.8_46.9,2009,3,Spring,DAVID STARR JORDAN,JD,58,22:48:00Z,34.275,-120.025,579,13
CALCOFI 1203,81.8,46.9,NA,"34.275, -120.020",4/2/12,4:00,,0,207,CALBOBL,NA,0.505,OBLIQUE,ethanol,ethanol,201203,201203:81.8_46.9,81.8_46.9,2012,4,Spring,BELL M. SHIMADA,SH,43,10:33:00Z,34.275,-120.02,588,11.7
CALCOFI 0104,83.3,55,NA,"33.417, -120.417",4/17/01,16:15,16:36,0,207,CALBOBL,NA,0.505,OBLIQUE,ethanol,ethanol,200104,200104:83.3_55,83.3_55,2001,4,Spring,DAVID STARR JORDAN,JD,50,22:45:00Z,33.745,-120.41,981,12.2
CALCOFI 0511,83.3,55,NA,"33.750, -120.417",11/15/05,23:17,23:38,0,207,CALBOBL,NA,0.505,OBLIQUE,ethanol,ethanol,200511,200511:83.3_55,83.3_55,2005,11,Fall,NA,NA,NA,NA,NA,NA,NA,NA
CALCOFI 1504,83.3,55,NA,"33.740, -120.410",4/14/15,8:03,8:25,0,207,CALBOBL,NA,0.505,OBLIQUE,ethanol,ethanol,201504,201504:83.3_55,83.3_55,2015,4,Spring,NEW HORIZON,NH,47,14:48:00Z,33.74,-120.41,961,14
CALCOFI 1203,83.3,55,NA,"33.742, -120.413",3/31/12,23:06,,0,207,CALBOBL,NA,0.505,OBLIQUE,ethanol,ethanol,201203,201203:83.3_55,83.3_55,2012,3,Spring,NA,NA,NA,NA,NA,NA,NA,NA
CALCOFI 0911,86.7,40,NA,"33.650, -118.967",11/13/09,15:05,15:26,0,207,CALBOBL,NA,0.505,OBLIQUE,ethanol,ethanol,200911,200911:86.7_40,86.7_40,2009,11,Fall,NEW HORIZON,NH,37,20:59:00Z,33.656666,-118.973335,759,16.9
CALCOFI 1904,86.7,45,NA,"33.487, -119.318",4/8/19,12:45,13:07,0,207,CALBOBL,NA,0.505,OBLIQUE,ethanol,ethanol,201904,201904:86.7_45,86.7_45,2019,4,Spring,REUBEN LASKER,RL,31,18:55:00Z,33.486668,-119.31834,1641,15.5
CALCOFI 0610,90,35,NA,"33.250, -118.250",10/27/06,1:24,1:45,0,207,CALBOBL,NA,0.505,OBLIQUE,ethanol,ethanol,200610,200610:90_35,90_35,2006,10,Fall,ROGER REVELLE,RR,28,07:29:00Z,33.251667,-118.25166,343,18.7
CALCOFI 1004,90,35,NA,"33.250, -118.233",5/2/10,4:12,4:32,0,207,CALBOBL,NA,0.505,OBLIQUE,Ethanol,Ethanol,201004,201004:90_35,90_35,2010,5,Spring,MILLER FREEMAN,MF,149,10:10:00Z,33.255,-118.235,300,15.4
CALCOFI 1404,90,35,NA,"33.252, -118.250",4/7/14,7:01,7:23,0,207,CALBOBL,NA,0.505,OBLIQUE,ethanol,ethanol,201404,201404:90_35,90_35,2014,4,Spring,OCEAN STARR,OS,26,14:28:00Z,33.251667,-118.25,341,16.6
CALCOFI 1704,90,35,NA,"33.252, -118.245",4/4/17,10:18,10:39,0,207,CALBOBL,NA,0.505,OBLIQUE,ethanol,ethanol,201704,201704:90_35,90_35,2017,4,Spring,BELL M. SHIMADA,SH,28,17:20:00Z,33.251667,-118.245,306,15.9
CALCOFI 0010,90,37,NA,"33.183, -118.183",10/18/00,19:01,19:22,0,207,CALBOBL,NA,0.505,OBLIQUE,ethanol,ethanol,200010,200010:90_37,90_37,2000,10,Fall,NA,NA,NA,NA,NA,NA,NA,NA
CALCOFI 0504,90,37,NA,"33.183, -118.383",4/21/05,4:50,5:11,0,207,CALBOBL,NA,0.505,OBLIQUE,ethanol,ethanol,200504,200504:90_37,90_37,2005,4,Spring,NEW HORIZON,NH,27,11:20:00Z,33.186665,-118.385,1188,15.4
CALCOFI 0704,90,37,NA,"33.183, -118.383",4/6/07,8:37,8:58,0,207,CALBOBL,NA,0.505,OBLIQUE,ethanol,ethanol,200704,200704:90_37,90_37,2007,4,Spring,DAVID STARR JORDAN,JD,26,15:35:00Z,33.185,-118.386665,1148,15.6
CALCOFI 1411,90,37,NA,"33.185, -118.385",11/14/14,2:04,2:26,0,207,CALBOBL,NA,0.505,OBLIQUE,ethanol,ethanol,201411,201411:90_37,90_37,2014,11,Fall,NEW HORIZON,NH,28,08:23:00Z,33.185,-118.385,1193,19.79
CALCOFI 0010,90,45,NA,"32.917, -118.917",10/18/00,8:38,8:59,0,207,CALBOBL,NA,0.505,OBLIQUE,ethanol,ethanol,200010,200010:90_45,90_45,2000,10,Fall,NEW HORIZON,NH,25,15:58:00Z,32.91,-118.916664,1724,17.9
CALCOFI 0504,90,45,NA,"32.917, -118.933",4/20/05,22:57,23:16,0,207,CALBOBL,NA,0.505,OBLIQUE,ethanol,ethanol,200504,200504:90_45,90_45,2005,4,Spring,NA,NA,NA,NA,NA,NA,NA,NA
CALCOFI 1911,90,45,NA,"32.918, -118.935",11/9/19,11:11,11:33,0,207,CALBOBL,NA,0.505,OBLIQUE,ethanol,ethanol,201911,201911:90_45,90_45,2019,11,Fall,NA,NA,NA,NA,NA,NA,NA,NA
CALCOFI 0104,90,60,NA,"32.967, -119.967",4/11/01,23:23,23:44,0,207,CALBOBL,NA,0.505,OBLIQUE,ethanol,ethanol,200104,200104:90_60,90_60,2001,4,Spring,NA,NA,NA,NA,NA,NA,NA,NA
CALCOFI 0610,90,60,NA,"32.417, -119.967",10/26/06,5:14,5:35,0,207,CALBOBL,NA,0.505,OBLIQUE,ethanol,ethanol,200610,200610:90_60,90_60,2006,10,Fall,ROGER REVELLE,RR,24,11:06:00Z,32.41833,-119.96166,888,18.79
CALCOFI 1411,90,60,NA,"32.418, -119.958",11/13/14,7:41,8:03,0,207,CALBOBL,NA,0.505,OBLIQUE,ethanol,ethanol,201411,201411:90_60,90_60,2014,11,Fall,NEW HORIZON,NH,25,14:15:00Z,32.41833,-119.958336,896,19.1
CALCOFI 2204,90,60,NA,"32.417, -119.958",4/11/22,18:25,18:47,0,207,CALBOBL,NA,0.505,OBLIQUE,ethanol,ethanol,202204,202204:90_60,90_60,2022,4,Spring,NA,NA,NA,NA,NA,NA,NA,NA
CALCOFI 1304,93.3,26.7,NA,"32.957, -117.308",4/6/13,18:38,18:58,0,207,CALBOBL,NA,0.505,OBLIQUE,ethanol,ethanol,201304,201304:93.3_26.7,93.3_26.7,2013,4,Spring,NA,NA,NA,NA,NA,NA,NA,NA
CALCOFI 1110,93.3,30,NA,"32.850, -117.533",10/17/11,5:22,5:43,0,207,CALBOBL,NA,0.505,,Ethanol,Ethanol,201110,201110:93.3_30,93.3_30,2011,10,Fall,NEW HORIZON,NH,5,11:30:00Z,32.843334,-117.53333,877,18.1
CALCOFI 9604,93.3,35,NA,"32.683, -117.867",4/15/96,23:01,23:22,0,207,CALBOBL,NA,0.505,OBLIQUE,ethanol,ethanol,199604,199604:93.3_35,93.3_35,1996,4,Spring,NA,NA,NA,NA,NA,NA,NA,NA
CALCOFI 0810,93.3,35,NA,"32.683, -117.867",10/15/08,0:01,0:22,0,207,CALBOBL,NA,0.505,OBLIQUE,ethanol,ethanol,200810,200810:93.3_35,93.3_35,2008,10,Fall,NEW HORIZON,NH,5,06:09:00Z,32.68,-117.87334,620,18.9
CALCOFI 1304,93.3,35,NA,"32.680, -117.872",4/7/13,4:22,4:42,0,207,CALBOBL,NA,0.505,OBLIQUE,ethanol,ethanol,201304,201304:93.3_35,93.3_35,2013,4,Spring,BELL M. SHIMADA,SH,5,10:50:00Z,32.68,-117.871666,619,15.9
CALCOFI 0304,93.3,40,NA,"32.517, -118.217",4/5/03,5:28,5:49,0,207,CALBOBL,NA,0.505,OBLIQUE,ethanol,ethanol,200304,200304:93.3_40,93.3_40,2003,4,Spring,ROGER REVELLE,RR,6,11:37:00Z,32.513332,-118.21333,1675,14.5
CALCOFI 1411,93.3,40,NA,"32.513, -118.212",11/9/14,8:17,8:39,0,207,CALBOBL,NA,0.505,OBLIQUE,ethanol,ethanol,201411,201411:93.3_40,93.3_40,2014,11,Fall,NEW HORIZON,NH,7,14:41:00Z,32.513332,-118.21166,1670,20.5
CALCOFI 1711,93.3,40,NA,"32.513, -118.213",11/10/17,7:07,7:30,0,207,CALBOBL,NA,0.505,OBLIQUE,ethanol,ethanol,201711,201711:93.3_40,93.3_40,2017,11,Fall,NA,NA,NA,NA,NA,NA,NA,NA
CALCOFI 1604,70,51,NA,"36.178, -121.730",4/19/16,1:47,2:08,0,208,CALBOBL,NA,0.505,OBLIQUE,ethanol,ethanol,201604,201604:70_51,70_51,2016,4,Spring,BELL M. SHIMADA,SH,85,08:40:00Z,36.178333,-121.73,450,12.3
CALCOFI 1304,70,51,NA,"36.170, -121.743",4/24/13,4:52,5:12,0,208,CALBOBL,NA,0.505,OBLIQUE,ethanol,ethanol,201304,201304:70_51,70_51,2013,4,Spring,BELL M. SHIMADA,SH,74,12:43:00Z,36.17,-121.74333,510,10.5
CALCOFI 1704,73.3,80,NA,"34.642, -123.365",4/14/17,5:17,5:39,0,208,CALBOBL,NA,0.505,OBLIQUE,ethanol,ethanol,201704,201704:73.3_80,73.3_80,2017,4,Spring,BELL M. SHIMADA,SH,80,11:40:00Z,34.641666,-123.365,4109,14.7
CALCOFI 2204,73.3,80,NA,"34.643, -123.363",4/22/22,5:24,5:46,0,208,CALBOBL,NA,0.505,OBLIQUE,ethanol,ethanol,202204,202204:73.3_80,73.3_80,2022,4,Spring,BELL M. SHIMADA,SH,78,12:08:00Z,34.643333,-123.363335,4172,13.6
CALCOFI 9604,76.7,55,NA,"34.883, -121.200",4/30/96,20:10,20:31,0,208,CALBOBL,NA,0.505,OBLIQUE,ethanol,ethanol,199604,199604:76.7_55,76.7_55,1996,4,Spring,NA,NA,NA,NA,NA,NA,NA,NA
CALCOFI 1311,76.7,55,NA,"34.888, -121.197",11/23/13,7:53,8:15,0,208,CALBOBL,NA,0.505,OBLIQUE,ethanol,ethanol,201311,201311:76.7_55,76.7_55,2013,11,Fall,NEW HORIZON,NH,71,15:25:00Z,34.888332,-121.19666,574,14.8
CALCOFI 1810,76.7,55,NA,"34.888, -121.198",10/27/18,18:13,18:35,0,208,CALBOBL,NA,0.505,OBLIQUE,ethanol,ethanol,201810,201810:76.7_55,76.7_55,2018,10,Fall,NA,NA,NA,NA,NA,NA,NA,NA
CALCOFI 9904,76.7,60,NA,"34.717, -121.550",4/15/99,5:22,5:43,0,208,CALBOBL,NA,0.505,OBLIQUE,ethanol,ethanol,199904,199904:76.7_60,76.7_60,1999,4,Spring,DAVID STARR JORDAN,JD,63,12:05:00Z,34.721664,-121.54833,940,12.6
CALCOFI 0310,76.7,60,NA,"34.717, -121.550",11/3/03,0:17,0:38,0,208,CALBOBL,NA,0.505,OBLIQUE,ethanol,ethanol,200310,200310:76.7_60,76.7_60,2003,11,Fall,NEW HORIZON,NH,63,06:46:00Z,34.721664,-121.55,924,15.7
CALCOFI 0704,76.7,60,NA,"34.717, -121.550",4/24/07,3:59,4:20,0,208,CALBOBL,NA,0.505,OBLIQUE,ethanol,ethanol,200704,200704:76.7_60,76.7_60,2007,4,Spring,DAVID STARR JORDAN,JD,101,10:39:00Z,34.72333,-121.54667,932,12.7
CALCOFI 1411,80,55,NA,"34.315, -120.802",11/18/14,22:12,22:33,0,208,CALBOBL,NA,0.505,OBLIQUE,ethanol,ethanol,201411,201411:80_55,80_55,2014,11,Fall,NA,NA,NA,NA,NA,NA,NA,NA
CALCOFI 1704,80,55,NA,"34.317, -120.800",4/10/17,13:30,13:52,0,208,CALBOBL,NA,0.505,OBLIQUE,ethanol,ethanol,201704,201704:80_55,80_55,2017,4,Spring,BELL M. SHIMADA,SH,62,19:52:00Z,34.316666,-120.8,821,12.8
CALCOFI 1304,80,55,NA,"34.317, -120.800",4/20/13,4:28,4:48,0,208,CALBOBL,NA,0.505,OBLIQUE,ethanol,ethanol,201304,201304:80_55,80_55,2013,4,Spring,BELL M. SHIMADA,SH,56,10:40:00Z,34.316666,-120.8,817,12
CALCOFI 0404 ,80,60,NA,"34.150, -121.150",4/4/04,5:06,5:27,0,208,CALBOBL,NA,0.505,OBLIQUE,ethanol,ethanol,200404,200404:80_60,80_60,2004,4,Spring,NEW HORIZON,NH,50,11:04:00Z,34.151665,-121.151665,2212,12.6
CALCOFI 0810,80,60,NA,"34.150, -121.150",10/26/08,8:15,8:36,0,208,CALBOBL,NA,0.505,OBLIQUE,ethanol,ethanol,200810,200810:80_60,80_60,2008,10,Fall,NEW HORIZON,NH,59,15:30:00Z,34.151665,-121.151665,2233,15.3
CALCOFI 1511,80,60,NA,"34.152, -121.150",11/5/15,15:46,16:09,0,208,CALBOBL,NA,0.505,OBLIQUE,ethanol,ethanol,201511,201511:80_60,80_60,2015,11,Fall,OCEANUS,OC,39,22:02:00Z,34.151665,-121.15,2216,17.5
CALCOFI 1311,80,60,NA,"34.150, -121.148",11/20/13,20:27,20:50,0,208,CALBOBL,NA,0.505,OBLIQUE,ethanol,ethanol,201311,201311:80_60,80_60,2013,11,Fall,NA,NA,NA,NA,NA,NA,NA,NA
CALCOFI 0711 ,81.8,46.9,NA,"34.283, -120.033",11/15/07,3:31,3:53,0,208,CALBOBL,NA,0.505,OBLIQUE,ethanol,ethanol,200711,200711:81.8_46.9,81.8_46.9,2007,11,Fall,NEW HORIZON,NH,55,09:31:00Z,34.275,-120.025,587,14.8
CALCOFI 1110,81.8,46.9,NA,"34.283, -120.017",10/28/11,18:11,18:32,0,208,CALBOBL,NA,0.505,,Ethanol,Ethanol,201110,201110:81.8_46.9,81.8_46.9,2011,10,Fall,NA,NA,NA,NA,NA,NA,NA,NA
CALCOFI 0404 ,83.3,55,NA,"33.750, -120.417",4/3/04,0:16,0:37,0,208,CALBOBL,NA,0.505,OBLIQUE,ethanol,ethanol,200404,200404:83.3_55,83.3_55,2004,4,Spring,NEW HORIZON,NH,43,06:15:00Z,33.745,-120.41,1039,13.4
CALCOFI 1711,83.3,55,NA,"33.745, -120.408",11/16/17,20:59,21:21,0,208,CALBOBL,NA,0.505,OBLIQUE,ethanol,ethanol,201711,201711:83.3_55,83.3_55,2017,11,Fall,NA,NA,NA,NA,NA,NA,NA,NA
CALCOFI 2010,83.3,55,NA,"33.747, -120.412",10/23/20,4:31,4:53,0,208,CALBOBL,NA,0.505,OBLIQUE,ethanol,ethanol,202010,202010:83.3_55,83.3_55,2020,10,Fall,NA,NA,NA,NA,NA,NA,NA,NA
CALCOFI 0804,86.7,40,NA,"33.667, -118.967",4/1/08,8:14,8:35,0,208,CALBOBL,NA,0.505,OBLIQUE,ethanol,ethanol,200804,200804:86.7_40,86.7_40,2008,4,Spring,DAVID STARR JORDAN,JD,33,14:20:00Z,33.658333,-118.975,768,13.8
CALCOFI 1604,86.7,40,NA,"33.655, -118.975",4/8/16,12:22,12:43,0,208,CALBOBL,NA,0.505,OBLIQUE,ethanol,ethanol,201604,201604:86.7_40,86.7_40,2016,4,Spring,BELL M. SHIMADA,SH,40,18:20:00Z,33.655,-118.975,736,16
CALCOFI 0711 ,86.7,45,NA,"33.483, -119.317",11/10/07,5:43,6:04,0,208,CALBOBL,NA,0.505,OBLIQUE,ethanol,ethanol,200711,200711:86.7_45,86.7_45,2007,11,Fall,NEW HORIZON,NH,35,12:15:00Z,33.49,-119.31834,1660,14.4
CALCOFI 1511,86.7,45,NA,"33.490, -119.318",11/12/15,5:11,5:33,0,208,CALBOBL,NA,0.505,OBLIQUE,ethanol,ethanol,201511,201511:86.7_45,86.7_45,2015,11,Fall,OCEANUS,OC,68,11:45:00Z,33.49,-119.31834,1657,19.1
CALCOFI 0903,90,35,NA,"33.250, -118.250",3/14/09,4:47,5:08,0,208,CALBOBL,NA,0.505,OBLIQUE,ethanol,ethanol,200903,200903:90_35,90_35,2009,3,Spring,DAVID STARR JORDAN,JD,31,11:01:00Z,33.251667,-118.25166,350,14.7
CALCOFI 0304,90,45,NA,"32.917, -118.933",4/9/03,18:12,18:33,0,208,CALBOBL,NA,0.505,OBLIQUE,ethanol,ethanol,200304,200304:90_45,90_45,2003,4,Spring,NA,NA,NA,NA,NA,NA,NA,NA
CALCOFI 0404 ,90,45,NA,"32.917, -118.933",3/28/04,18:04,18:25,0,208,CALBOBL,NA,0.505,OBLIQUE,ethanol,ethanol,200404,200404:90_45,90_45,2004,3,Spring,NA,NA,NA,NA,NA,NA,NA,NA
CALCOFI 0604,90,45,NA,"32.917, -118.933",4/7/06,9:30,9:50,0,208,CALBOBL,NA,0.505,OBLIQUE,ethanol,ethanol,200604,200604:90_45,90_45,2006,4,Spring,NEW HORIZON,NH,26,16:40:00Z,32.916664,-118.93,1724,13.3
CALCOFI 0610,90,45,NA,"32.917, -118.933",10/26/06,16:41,17:02,0,208,CALBOBL,NA,0.505,OBLIQUE,ethanol,ethanol,200610,200610:90_45,90_45,2006,10,Fall,ROGER REVELLE,RR,26,22:54:00Z,32.916664,-118.935,1713,18.4
CALCOFI 0711 ,90,45,NA,"32.917, -118.933",11/8/07,17:31,17:52,0,208,CALBOBL,NA,0.505,OBLIQUE,ethanol,ethanol,200711,200711:90_45,90_45,2007,11,Fall,NEW HORIZON,NH,25,23:39:00Z,32.91833,-118.935,1723,17.1
CALCOFI 1904,90,45,NA,"32.925, -118.937",4/7/19,11:36,11:58,0,208,CALBOBL,NA,0.505,OBLIQUE,ethanol,ethanol,201904,201904:90_45,90_45,2019,4,Spring,REUBEN LASKER,RL,25,17:49:00Z,32.925,-118.93667,1716,15.4
CALCOFI 2204,90,45,NA,"32.915, -118.940",4/12/22,10:12,10:33,0,208,CALBOBL,NA,0.505,OBLIQUE,ethanol,ethanol,202204,202204:90_45,90_45,2022,4,Spring,BELL M. SHIMADA,SH,24,16:48:00Z,32.915,-118.94,1709,14.6
CALCOFI 1210,90,60,NA,"32.418, -119.958",10/24/12,19:28,,0,208,CALBOBL,NA,0.505,OBLIQUE,ethanol,ethanol,201210,201210:90_60,90_60,2012,10,Fall,NA,NA,NA,NA,NA,NA,NA,NA
CALCOFI 0004,93.3,30,NA,"32.850, -117.533",4/7/00,21:07,21:28,0,208,CALBOBL,NA,0.505,OBLIQUE,ethanol,ethanol,200004,200004:93.3_30,93.3_30,2000,4,Spring,NA,NA,NA,NA,NA,NA,NA,NA
CALCOFI 0711 ,93.3,30,NA,"32.850, -117.533",11/3/07,8:31,8:52,0,208,CALBOBL,NA,0.505,OBLIQUE,ethanol,ethanol,200711,200711:93.3_30,93.3_30,2007,11,Fall,NEW HORIZON,NH,4,16:00:00Z,32.846664,-117.53167,559,18.2
CALCOFI 0804,93.3,30,NA,"32.850, -117.533",3/25/08,7:52,8:13,0,208,CALBOBL,NA,0.505,OBLIQUE,ethanol,ethanol,200804,200804:93.3_30,93.3_30,2008,3,Spring,DAVID STARR JORDAN,JD,5,14:16:00Z,32.846664,-117.53167,857,15.8
CALCOFI 0010,93.3,35,NA,"32.683, -117.683",10/13/00,7:33,7:54,0,208,CALBOBL,NA,0.505,OBLIQUE,ethanol,ethanol,200010,200010:93.3_35,93.3_35,2000,10,Fall,NEW HORIZON,NH,5,14:39:00Z,32.686665,-117.875,605,19.6
CALCOFI 1404,93.3,35,NA,"32.680, -117.873",4/2/14,1:20,1:35,0,208,CALBOBL,NA,0.505,OBLIQUE,ethanol,ethanol,201404,201404:93.3_35,93.3_35,2014,4,Spring,OCEAN STARR,OS,6,07:42:00Z,32.68,-117.87334,633,16.9
CALCOFI 0711 ,93.3,40,NA,"32.517, -118.217",11/3/07,18:47,19:08,0,208,CALBOBL,NA,0.505,OBLIQUE,ethanol,ethanol,200711,200711:93.3_40,93.3_40,2007,11,Fall,NA,NA,NA,NA,NA,NA,NA,NA
CALCOFI 2204,70,51,NA,"36.183, -121.725",4/23/22,15:32,15:53,0,209,CALBOBL,NA,0.505,OBLIQUE,ethanol,ethanol,202204,202204:70_51,70_51,2022,4,Spring,BELL M. SHIMADA,SH,85,22:40:00Z,36.183334,-121.725,474,10.7
CALCOFI 1604,70,55,NA,"36.048, -122.010",4/18/16,22:39,23:00,0,209,CALBOBL,NA,0.505,OBLIQUE,ethanol,ethanol,201604,201604:70_55,70_55,2016,4,Spring,NA,NA,NA,NA,NA,NA,NA,NA
CALCOFI 1004,73.3,55,NA,"35.483, -121.617",4/17/10,19:00,19:19,0,209,CALBOBL,NA,0.505,OBLIQUE,Ethanol,Ethanol,201004,201004:73.3_55,73.3_55,2010,4,Spring,NA,NA,NA,NA,NA,NA,NA,NA
CALCOFI 1704,73.3,60,NA,"35.310, -121.962",4/13/17,17:34,17:55,0,209,CALBOBL,NA,0.505,OBLIQUE,ethanol,ethanol,201704,201704:73.3_60,73.3_60,2017,4,Spring,NA,NA,NA,NA,NA,NA,NA,NA
CALCOFI 9904,76.7,55,NA,"34.883, -121.200",4/15/99,8:45,9:06,0,209,CALBOBL,NA,0.505,OBLIQUE,ethanol,ethanol,199904,199904:76.7_55,76.7_55,1999,4,Spring,DAVID STARR JORDAN,JD,64,15:27:00Z,34.888332,-121.19833,560,12.5
CALCOFI 0004,76.7,55,NA,"34.883, -121.200",4/22/00,5:24,5:45,0,209,CALBOBL,NA,0.505,OBLIQUE,ethanol,ethanol,200004,200004:76.7_55,76.7_55,2000,4,Spring,DAVID STARR JORDAN,JD,64,12:00:00Z,34.886665,-121.19833,563,12.6
CALCOFI 0010,80,55,NA,"34.317, -120.317",10/26/00,14:44,15:05,0,209,CALBOBL,NA,0.505,OBLIQUE,ethanol,ethanol,200010,200010:80_55,80_55,2000,10,Fall,NEW HORIZON,NH,58,20:56:00Z,34.318333,-120.8,767,14.4
CALCOFI 0504,80,55,NA,"34.317, -120.800",4/27/05,7:11,7:32,0,209,CALBOBL,NA,0.505,OBLIQUE,ethanol,ethanol,200504,200504:80_55,80_55,2005,4,Spring,NEW HORIZON,NH,61,13:41:00Z,34.316666,-120.8,776,13.2
CALCOFI 1004,80,55,NA,"34.317, -120.783",5/16/10,22:59,23:20,0,209,CALBOBL,NA,0.505,OBLIQUE,Ethanol,Ethanol,201004,201004:80_55,80_55,2010,5,Spring,NA,NA,NA,NA,NA,NA,NA,NA
CALCOFI 1104,80,55,NA,"34.317, -120.800",4/23/11,6:19,6:39,0,209,CALBOBL,NA,0.505,OBLIQUE,Ethanol,Ethanol,201104,201104:80_55,80_55,2011,4,Spring,BELL M. SHIMADA,SH,102,12:21:00Z,34.318333,-120.8,738,11.1
CALCOFI 1104,80,60,NA,"34.150, -121.150",4/23/11,10:55,11:14,0,209,CALBOBL,NA,0.505,OBLIQUE,Ethanol,Ethanol,201104,201104:80_60,80_60,2011,4,Spring,BELL M. SHIMADA,SH,103,16:58:00Z,34.15,-121.15,2184,11.6
CALCOFI 1810,80,60,NA,"34.148, -121.215",10/25/18,6:24,6:46,0,209,CALBOBL,NA,0.505,OBLIQUE,ethanol,ethanol,201810,201810:80_60,80_60,2018,10,Fall,NA,NA,NA,NA,NA,NA,NA,NA
CALCOFI 2010,80,60,NA,"34.150, -121.150",10/20/20,18:52,19:15,0,209,CALBOBL,NA,0.505,OBLIQUE,ethanol,ethanol,202010,202010:80_60,80_60,2020,10,Fall,NA,NA,NA,NA,NA,NA,NA,NA
CALCOFI 1704,80,80,NA,"33.482, -122.533",4/11/17,5:39,6:01,0,209,CALBOBL,NA,0.505,OBLIQUE,ethanol,ethanol,201704,201704:80_80,80_80,2017,4,Spring,BELL M. SHIMADA,SH,65,11:50:00Z,33.481667,-122.53333,3952,14.9
CALCOFI 1911,80,80,NA,"33.482, -122.532",11/15/19,22:07,22:30,0,209,CALBOBL,NA,0.505,OBLIQUE,ethanol,ethanol,201911,201911:80_80,80_80,2019,11,Fall,NA,NA,NA,NA,NA,NA,NA,NA
CALCOFI 1311,81.8,46.9,NA,"34.275, -120.023",11/24/13,1:47,2:09,0,209,CALBOBL,NA,0.505,OBLIQUE,ethanol,ethanol,201311,201311:81.8_46.9,81.8_46.9,2013,11,Fall,NEW HORIZON,NH,76,07:53:00Z,34.275,-120.02333,584,16.79
CALCOFI 2204,81.8,46.9,NA,"34.275, -120.025",4/18/22,9:38,9:59,0,209,CALBOBL,NA,0.505,OBLIQUE,ethanol,ethanol,202204,202204:81.8_46.9,81.8_46.9,2022,4,Spring,BELL M. SHIMADA,SH,57,16:12:00Z,34.275,-120.025,584,13.4
CALCOFI 2105,83.3,55,NA,"33.743, -120.410",5/13/21,13:36,13:57,0,209,CALBOBL,NA,0.505,OBLIQUE,ethanol,ethanol,202105,202105:83.3_55,83.3_55,2021,5,Spring,BELL M. SHIMADA,SH,44,20:20:00Z,33.743332,-120.41,968,15.9
CALCOFI 0010,86.7,40,NA,"33.650, -118.650",10/20/00,2:26,2:47,0,209,CALBOBL,NA,0.505,OBLIQUE,ethanol,ethanol,200010,200010:86.7_40,86.7_40,2000,10,Fall,NEW HORIZON,NH,34,08:19:00Z,33.655,-118.97667,720,17.9
CALCOFI 9910,86.7,40,NA,"33.667, -118.967",10/10/99,7:04,7:25,0,209,CALBOBL,NA,0.505,OBLIQUE,ethanol,ethanol,199910,199910:86.7_40,86.7_40,1999,10,Fall,NEW HORIZON,NH,32,13:25:00Z,33.658333,-118.975,800,18.79
CALCOFI 1704,86.7,40,NA,"33.657, -118.978",4/5/17,15:03,15:24,0,209,CALBOBL,NA,0.505,OBLIQUE,ethanol,ethanol,201704,201704:86.7_40,86.7_40,2017,4,Spring,BELL M. SHIMADA,SH,37,21:19:00Z,33.656666,-118.97833,720,16.9
CALCOFI 2010,86.7,40,NA,"33.657, -118.972",10/17/20,12:06,12:28,0,209,CALBOBL,NA,0.505,OBLIQUE,ethanol,ethanol,202010,202010:86.7_40,86.7_40,2020,10,Fall,NA,NA,NA,NA,NA,NA,NA,NA
CALCOFI 2105,86.7,40,NA,"33.658, -118.968",5/9/21,15:50,16:11,0,209,CALBOBL,NA,0.505,OBLIQUE,ethanol,ethanol,202105,202105:86.7_40,86.7_40,2021,5,Spring,BELL M. SHIMADA,SH,27,22:33:00Z,33.658333,-118.96833,781,17.7
CALCOFI 0211,86.7,45,NA,"33.483, -119.317",11/17/02,7:12,7:33,0,209,CALBOBL,NA,0.505,OBLIQUE,ethanol,ethanol,200211,200211:86.7_45,86.7_45,2002,11,Fall,NEW HORIZON,NH,32,13:32:00Z,33.49,-119.31333,1662,15.8
CALCOFI 1104,86.7,45,NA,"33.500, -119.317",4/18/11,6:19,6:40,0,209,CALBOBL,NA,0.505,OBLIQUE,Ethanol,Ethanol,201104,201104:86.7_45,86.7_45,2011,4,Spring,BELL M. SHIMADA,SH,74,12:25:00Z,33.491665,-119.31834,1641,14.2
CALCOFI 1704,90,28,NA,"33.485, -117.772",4/4/17,16:40,17:01,0,209,CALBOBL,NA,0.505,OBLIQUE,ethanol,ethanol,201704,201704:90_28,90_28,2017,4,Spring,BELL M. SHIMADA,SH,30,23:40:00Z,33.485,-117.77167,320,16.29
CALCOFI 1904,90,28,NA,"33.485, -117.768",4/7/19,20:41,21:02,0,209,CALBOBL,NA,0.505,OBLIQUE,ethanol,ethanol,201904,201904:90_28,90_28,2019,4,Spring,NA,NA,NA,NA,NA,NA,NA,NA
CALCOFI 1110,90,35,NA,"33.250, -118.250",10/22/11,20:05,20:27,0,209,CALBOBL,NA,0.505,,Ethanol,Ethanol,201110,201110:90_35,90_35,2011,10,Fall,NA,NA,NA,NA,NA,NA,NA,NA
CALCOFI 1904,90,37,NA,"33.183, -118.385",4/8/19,5:38,5:59,0,209,CALBOBL,NA,0.505,OBLIQUE,ethanol,ethanol,201904,201904:90_37,90_37,2019,4,Spring,REUBEN LASKER,RL,30,12:01:00Z,33.183334,-118.385,1180,15.8
CALCOFI 2105,90,37,NA,"33.185, -118.392",5/8/21,14:14,14:35,0,209,CALBOBL,NA,0.505,OBLIQUE,ethanol,ethanol,202105,202105:90_37,90_37,2021,5,Spring,BELL M. SHIMADA,SH,21,20:50:00Z,33.185,-118.39166,1184,17.1
CALCOFI 9910,90,45,NA,"32.917, -118.933",10/8/99,21:17,21:37,0,209,CALBOBL,NA,0.505,OBLIQUE,ethanol,ethanol,199910,199910:90_45,90_45,1999,10,Fall,NA,NA,NA,NA,NA,NA,NA,NA
CALCOFI 0903,90,45,NA,"32.917, -118.933",3/13/09,7:35,7:56,0,209,CALBOBL,NA,0.505,OBLIQUE,ethanol,ethanol,200903,200903:90_45,90_45,2009,3,Spring,DAVID STARR JORDAN,JD,26,14:50:00Z,32.91833,-118.93833,1706,14.2
CALCOFI 1004,90,45,NA,"32.917, -118.933",5/1/10,19:52,20:13,0,209,CALBOBL,NA,0.505,OBLIQUE,Ethanol,Ethanol,201004,201004:90_45,90_45,2010,5,Spring,NA,NA,NA,NA,NA,NA,NA,NA
CALCOFI 1104,90,45,NA,"32.917, -118.933",4/16/11,12:06,12:26,0,209,CALBOBL,NA,0.505,OBLIQUE,Ethanol,Ethanol,201104,201104:90_45,90_45,2011,4,Spring,BELL M. SHIMADA,SH,62,18:13:00Z,32.91833,-118.935,1680,14.7
CALCOFI 1504,90,45,NA,"32.920, -118.935",4/10/15,0:03,0:26,0,209,CALBOBL,NA,0.505,OBLIQUE,ethanol,ethanol,201504,201504:90_45,90_45,2015,4,Spring,NEW HORIZON,NH,26,06:20:00Z,32.92,-118.935,1721,17.6
CALCOFI 2105,90,45,NA,"32.913, -118.933",5/8/21,9:17,9:39,0,209,CALBOBL,NA,0.505,OBLIQUE,ethanol,ethanol,202105,202105:90_45,90_45,2021,5,Spring,BELL M. SHIMADA,SH,20,15:48:00Z,32.913334,-118.933334,1699,16.6
CALCOFI 0704,90,60,NA,"32.417, -119.967",4/5/07,16:07,16:28,0,209,CALBOBL,NA,0.505,OBLIQUE,ethanol,ethanol,200704,200704:90_60,90_60,2007,4,Spring,DAVID STARR JORDAN,JD,23,22:07:00Z,32.416664,-119.96,887,14.5
CALCOFI 1711,90,60,NA,"32.417, -119.960",11/14/17,5:53,6:15,0,209,CALBOBL,NA,0.505,OBLIQUE,ethanol,ethanol,201711,201711:90_60,90_60,2017,11,Fall,NA,NA,NA,NA,NA,NA,NA,NA
CALCOFI 1311,90,60,NA,"32.418, -119.958",11/14/13,11:06,11:28,0,209,CALBOBL,NA,0.505,OBLIQUE,ethanol,ethanol,201311,201311:90_60,90_60,2013,11,Fall,NEW HORIZON,NH,24,17:19:00Z,32.41833,-119.958336,892,17.4
CALCOFI 1604,93.3,30,NA,"32.843, -117.532",4/1/16,22:41,23:02,0,209,CALBOBL,NA,0.505,OBLIQUE,ethanol,ethanol,201604,201604:93.3_30,93.3_30,2016,4,Spring,NA,NA,NA,NA,NA,NA,NA,NA
CALCOFI 0310,93.3,35,NA,"32.683, -117.883",10/20/03,22:38,22:59,0,209,CALBOBL,NA,0.505,OBLIQUE,ethanol,ethanol,200310,200310:93.3_35,93.3_35,2003,10,Fall,NA,NA,NA,NA,NA,NA,NA,NA
CALCOFI 0804,93.3,35,NA,"32.683, -117.867",3/25/08,12:22,12:43,0,209,CALBOBL,NA,0.505,OBLIQUE,ethanol,ethanol,200804,200804:93.3_35,93.3_35,2008,3,Spring,DAVID STARR JORDAN,JD,6,18:44:00Z,32.681667,-117.871666,636,15.6
CALCOFI 1311,93.3,35,NA,"32.682, -117.873",11/10/13,2:35,2:57,0,209,CALBOBL,NA,0.505,OBLIQUE,ethanol,ethanol,201311,201311:93.3_35,93.3_35,2013,11,Fall,NEW HORIZON,NH,6,09:06:00Z,32.681667,-117.87334,628,18.7
CALCOFI 9910,93.3,40,NA,"32.517, -118.200",10/4/99,2:09,2:30,0,209,CALBOBL,NA,0.505,OBLIQUE,ethanol,ethanol,199910,199910:93.3_40,93.3_40,1999,10,Fall,NEW HORIZON,NH,5,08:32:00Z,32.516666,-118.205,1705,18.1
CALCOFI 0604,93.3,40,NA,"32.517, -118.200",4/2/06,8:23,8:44,0,209,CALBOBL,NA,0.505,OBLIQUE,ethanol,ethanol,200604,200604:93.3_40,93.3_40,2006,4,Spring,NEW HORIZON,NH,7,15:49:00Z,32.515,-118.208336,1701,15
CALCOFI 1104,93.3,40,NA,"32.517, -118.217",4/10/11,11:16,11:35,0,209,CALBOBL,NA,0.505,OBLIQUE,Ethanol,Ethanol,201104,201104:93.3_40,93.3_40,2011,4,Spring,BELL M. SHIMADA,SH,37,17:27:00Z,32.513332,-118.215,1638,15.3
CALCOFI 1404,93.3,40,NA,"32.513, -118.213",4/24/14,0:22,0:44,0,209,CALBOBL,NA,0.505,OBLIQUE,ethanol,ethanol,201404,201404:93.3_40,93.3_40,2014,4,Spring,OCEAN STARR,OS,73,05:54:00Z,32.513332,-118.21333,1616,17.5
CALCOFI 1604,93.3,40,NA,"32.515, -118.213",4/2/16,6:32,6:53,0,209,CALBOBL,NA,0.505,OBLIQUE,ethanol,ethanol,201604,201604:93.3_40,93.3_40,2016,4,Spring,BELL M. SHIMADA,SH,7,13:00:00Z,32.515,-118.21333,1682,16.9
CALCOFI 1311,93.3,40,NA,"32.513, -118.212",11/10/13,6:34,6:54,0,209,CALBOBL,NA,0.505,OBLIQUE,ethanol,ethanol,201311,201311:93.3_40,93.3_40,2013,11,Fall,NEW HORIZON,NH,7,13:00:00Z,32.513332,-118.21166,1500,18.29
CALCOFI 1604,70,80,NA,"35.215, -123.780",4/18/16,6:43,7:04,0,210,CALBOBL,NA,0.505,OBLIQUE,ethanol,ethanol,201604,201604:70_80,70_80,2016,4,Spring,BELL M. SHIMADA,SH,81,13:26:00Z,35.215,-123.78,4113,15.8
CALCOFI 1604,73.3,60,NA,"35.308, -121.962",4/17/16,3:49,4:10,0,210,CALBOBL,NA,0.505,OBLIQUE,ethanol,ethanol,201604,201604:73.3_60,73.3_60,2016,4,Spring,BELL M. SHIMADA,SH,76,10:30:00Z,35.308334,-121.96166,2390,12.5
CALCOFI 1004,73.3,80,NA,"34.650, -123.367",4/16/10,18:41,19:01,0,210,CALBOBL,NA,0.505,OBLIQUE,Ethanol,Ethanol,201004,201004:73.3_80,73.3_80,2010,4,Spring,NA,NA,NA,NA,NA,NA,NA,NA
CALCOFI 1004,76.7,55,NA,"34.883, -121.200",5/16/10,7:15,7:36,0,210,CALBOBL,NA,0.505,OBLIQUE,Ethanol,Ethanol,201004,201004:76.7_55,76.7_55,2010,5,Spring,MILLER FREEMAN,MF,186,13:52:00Z,34.886665,-121.19833,567,11.7
CALCOFI 1511,76.7,55,NA,"34.888, -121.198",11/8/15,1:03,1:25,0,210,CALBOBL,NA,0.505,OBLIQUE,ethanol,ethanol,201511,201511:76.7_55,76.7_55,2015,11,Fall,OCEANUS,OC,49,07:36:00Z,34.888332,-121.19833,566,17.5
CALCOFI 1304,76.7,55,NA,"34.888, -121.200",4/22/13,22:50,23:10,0,210,CALBOBL,NA,0.505,OBLIQUE,ethanol,ethanol,201304,201304:76.7_55,76.7_55,2013,4,Spring,NA,NA,NA,NA,NA,NA,NA,NA
CALCOFI 2204,76.7,55,NA,"34.887, -121.198",4/21/22,0:48,1:09,0,210,CALBOBL,NA,0.505,OBLIQUE,ethanol,ethanol,202204,202204:76.7_55,76.7_55,2022,4,Spring,BELL M. SHIMADA,SH,71,07:35:00Z,34.886665,-121.19833,568,13
CALCOFI 0711 ,76.7,60,NA,"34.717, -121.550",11/17/07,13:48,14:10,0,210,CALBOBL,NA,0.505,OBLIQUE,ethanol,ethanol,200711,200711:76.7_60,76.7_60,2007,11,Fall,NEW HORIZON,NH,65,20:06:00Z,34.718334,-121.54833,973,14
CALCOFI 1004,76.7,60,NA,"34.717, -121.550",5/16/10,3:34,3:54,0,210,CALBOBL,NA,0.505,OBLIQUE,Ethanol,Ethanol,201004,201004:76.7_60,76.7_60,2010,5,Spring,MILLER FREEMAN,MF,185,10:11:00Z,34.72,-121.54667,960,12.7
CALCOFI 1311,76.7,60,NA,"34.722, -121.547",11/23/13,4:58,5:19,0,210,CALBOBL,NA,0.505,OBLIQUE,ethanol,ethanol,201311,201311:76.7_60,76.7_60,2013,11,Fall,NEW HORIZON,NH,70,11:26:00Z,34.721664,-121.54667,943,14.7
CALCOFI 1404,80,55,NA,"34.317, -120.803",4/13/14,10:42,11:03,0,210,CALBOBL,NA,0.505,OBLIQUE,ethanol,ethanol,201404,201404:80_55,80_55,2014,4,Spring,OCEAN STARR,OS,58,16:40:00Z,34.316666,-120.80333,659,12.8
CALCOFI 1504,80,55,NA,"34.313, -120.793",4/16/15,3:29,3:54,0,210,CALBOBL,NA,0.505,OBLIQUE,ethanol,ethanol,201504,201504:80_55,80_55,2015,4,Spring,NEW HORIZON,NH,56,09:37:00Z,34.31333,-120.793335,773,13.6
CALCOFI 1210,80,55,NA,"34.317, -120.802",11/1/12,4:11,,0,210,CALBOBL,NA,0.505,OBLIQUE,ethanol,ethanol,201210,201210:80_55,80_55,2012,11,Fall,NEW HORIZON,NH,61,10:21:00Z,34.316666,-120.80167,822,15.9
CALCOFI 0104,80,60,NA,"34.150, -121.150",4/20/01,2:43,3:04,0,210,CALBOBL,NA,0.505,OBLIQUE,ethanol,ethanol,200104,200104:80_60,80_60,2001,4,Spring,DAVID STARR JORDAN,JD,57,09:08:00Z,34.148335,-121.155,2250,12.8
CALCOFI 0310,80,60,NA,"34.150, -121.150",10/31/03,19:30,19:51,0,210,CALBOBL,NA,0.505,OBLIQUE,ethanol,ethanol,200310,200310:80_60,80_60,2003,10,Fall,NA,NA,NA,NA,NA,NA,NA,NA
CALCOFI 0711 ,80,60,NA,"34.150, -121.150",11/15/07,16:06,16:28,0,210,CALBOBL,NA,0.505,OBLIQUE,ethanol,ethanol,200711,200711:80_60,80_60,2007,11,Fall,NEW HORIZON,NH,58,22:22:00Z,34.15,-121.153336,2237,16.79
CALCOFI 1110,80,60,NA,"34.150, -121.150",10/29/11,11:02,11:24,0,210,CALBOBL,NA,0.505,,Ethanol,Ethanol,201110,201110:80_60,80_60,2011,10,Fall,NEW HORIZON,NH,63,15:00:00Z,34.15,-121.14833,2190,17.79
CALCOFI 1704,80,60,NA,"34.150, -121.150",4/10/17,18:28,18:50,0,210,CALBOBL,NA,0.505,OBLIQUE,ethanol,ethanol,201704,201704:80_60,80_60,2017,4,Spring,NA,NA,NA,NA,NA,NA,NA,NA
CALCOFI 1210,80,60,NA,"34.145, -121.143",11/1/12,10:31,,0,210,CALBOBL,NA,0.505,OBLIQUE,ethanol,ethanol,201210,201210:80_60,80_60,2012,11,Fall,NEW HORIZON,NH,62,16:30:00Z,34.145,-121.14333,2166,16.9
CALCOFI 0511,81.8,46.9,NA,"34.283, -120.017",11/16/05,20:40,21:01,0,210,CALBOBL,NA,0.505,OBLIQUE,ethanol,ethanol,200511,200511:81.8_46.9,81.8_46.9,2005,11,Fall,NA,NA,NA,NA,NA,NA,NA,NA
CALCOFI 1604,81.8,46.9,NA,"34.273, -120.025",4/12/16,12:07,12:28,0,210,CALBOBL,NA,0.505,OBLIQUE,ethanol,ethanol,201604,201604:81.8_46.9,81.8_46.9,2016,4,Spring,BELL M. SHIMADA,SH,58,18:21:00Z,34.273335,-120.025,581,13.6
CALCOFI 2010,81.8,46.9,NA,"34.273, -120.028",10/23/20,12:23,12:45,0,210,CALBOBL,NA,0.505,OBLIQUE,ethanol,ethanol,202010,202010:81.8_46.9,81.8_46.9,2020,10,Fall,NA,NA,NA,NA,NA,NA,NA,NA
CALCOFI 9910,83.3,55,NA,"33.733, -120.417",10/14/99,14:23,14:44,0,210,CALBOBL,NA,0.505,OBLIQUE,ethanol,ethanol,199910,199910:83.3_55,83.3_55,1999,10,Fall,NEW HORIZON,NH,48,21:49:00Z,33.731667,-120.41333,1033,15.6
CALCOFI 1411,83.3,55,NA,"33.745, -120.410",11/18/14,13:18,13:38,0,210,CALBOBL,NA,0.505,OBLIQUE,ethanol,ethanol,201411,201411:83.3_55,83.3_55,2014,11,Fall,NEW HORIZON,NH,53,19:47:00Z,33.745,-120.41,996,17
CALCOFI 1604,83.3,55,NA,"33.745, -120.412",4/12/16,2:02,2:24,0,210,CALBOBL,NA,0.505,OBLIQUE,ethanol,ethanol,201604,201604:83.3_55,83.3_55,2016,4,Spring,BELL M. SHIMADA,SH,56,08:19:00Z,33.745,-120.41167,986,14.7
CALCOFI 0604,86.7,40,NA,"33.650, -118.967",4/8/06,21:06,21:27,0,210,CALBOBL,NA,0.505,OBLIQUE,ethanol,ethanol,200604,200604:86.7_40,86.7_40,2006,4,Spring,NA,NA,NA,NA,NA,NA,NA,NA
CALCOFI 1711,86.7,40,NA,"33.657, -118.973",11/16/17,2:27,2:49,0,210,CALBOBL,NA,0.505,OBLIQUE,ethanol,ethanol,201711,201711:86.7_40,86.7_40,2017,11,Fall,NA,NA,NA,NA,NA,NA,NA,NA
CALCOFI 1604,86.7,45,NA,"33.488, -119.317",4/8/16,16:32,16:53,0,210,CALBOBL,NA,0.505,OBLIQUE,ethanol,ethanol,201604,201604:86.7_45,86.7_45,2016,4,Spring,BELL M. SHIMADA,SH,41,22:57:00Z,33.488335,-119.316666,1663,14.2
CALCOFI 2010,86.7,45,NA,"33.490, -119.320",10/17/20,15:53,16:15,0,210,CALBOBL,NA,0.505,OBLIQUE,ethanol,ethanol,202010,202010:86.7_45,86.7_45,2020,10,Fall,NA,NA,NA,NA,NA,NA,NA,NA
CALCOFI 0204,90,35,NA,"33.250, -118.250",4/2/02,23:58,0:19,0,210,CALBOBL,NA,0.505,OBLIQUE,ethanol,ethanol,200204,200204:90_35,90_35,2002,4,Spring,NA,NA,NA,NA,NA,NA,NA,NA
CALCOFI 0310,90,35,NA,"33.250, -118.250",10/26/03,9:07,9:27,0,210,CALBOBL,NA,0.505,OBLIQUE,ethanol,ethanol,200310,200310:90_35,90_35,2003,10,Fall,NEW HORIZON,NH,28,16:37:00Z,33.251667,-118.25,245,20
CALCOFI 0604,90,35,NA,"33.250, -118.250",4/7/06,19:35,19:56,0,210,CALBOBL,NA,0.505,OBLIQUE,ethanol,ethanol,200604,200604:90_35,90_35,2006,4,Spring,NA,NA,NA,NA,NA,NA,NA,NA
CALCOFI 0711 ,90,35,NA,"33.250, -118.250",11/9/07,2:16,2:37,0,210,CALBOBL,NA,0.505,OBLIQUE,ethanol,ethanol,200711,200711:90_35,90_35,2007,11,Fall,NEW HORIZON,NH,27,08:38:00Z,33.251667,-118.25,308,17
CALCOFI 1203,90,35,NA,"33.250, -118.255",3/29/12,22:34,,0,210,CALBOBL,NA,0.505,OBLIQUE,ethanol,ethanol,201203,201203:90_35,90_35,2012,3,Spring,NA,NA,NA,NA,NA,NA,NA,NA
CALCOFI 0211,90,37,NA,"33.183, -118.383",11/16/02,3:21,3:42,0,210,CALBOBL,NA,0.505,OBLIQUE,ethanol,ethanol,200211,200211:90_37,90_37,2002,11,Fall,NEW HORIZON,NH,25,09:35:00Z,33.186665,-118.39,1193,17
CALCOFI 0604,90,37,NA,"33.183, -118.383",4/7/06,16:25,16:46,0,210,CALBOBL,NA,0.505,OBLIQUE,ethanol,ethanol,200604,200604:90_37,90_37,2006,4,Spring,NEW HORIZON,NH,27,22:27:00Z,33.185,-118.386665,1193,14.7
CALCOFI 1203,90,37,NA,"33.182, -118.393",3/29/12,19:37,,0,210,CALBOBL,NA,0.505,OBLIQUE,ethanol,ethanol,201203,201203:90_37,90_37,2012,3,Spring,NA,NA,NA,NA,NA,NA,NA,NA
CALCOFI 2204,90,37,NA,"33.183, -118.383",4/12/22,19:43,20:04,0,210,CALBOBL,NA,0.505,OBLIQUE,ethanol,ethanol,202204,202204:90_37,90_37,2022,4,Spring,NA,NA,NA,NA,NA,NA,NA,NA
CALCOFI 0004,90,45,NA,"32.917, -118.933",4/13/00,2:40,3:01,0,210,CALBOBL,NA,0.505,OBLIQUE,ethanol,ethanol,200004,200004:90_45,90_45,2000,4,Spring,DAVID STARR JORDAN,JD,24,09:08:00Z,32.91833,-118.93833,1707,15.8
CALCOFI 0911,90,45,NA,"32.917, -118.933",11/12/09,2:39,3:01,0,210,CALBOBL,NA,0.505,OBLIQUE,ethanol,ethanol,200911,200911:90_45,90_45,2009,11,Fall,NEW HORIZON,NH,26,08:55:00Z,32.916664,-118.935,1722,18.7
CALCOFI 1604,90,45,NA,"32.918, -118.935",4/6/16,15:21,15:42,0,210,CALBOBL,NA,0.505,OBLIQUE,ethanol,ethanol,201604,201604:90_45,90_45,2016,4,Spring,BELL M. SHIMADA,SH,26,21:41:00Z,32.91833,-118.935,1707,16.7
CALCOFI 1203,90,45,NA,"32.917, -118.938",3/29/12,14:47,,0,210,CALBOBL,NA,0.505,OBLIQUE,ethanol,ethanol,201203,201203:90_45,90_45,2012,3,Spring,BELL M. SHIMADA,SH,24,21:23:00Z,32.916664,-118.93833,1713,13.9
CALCOFI 0411,90,60,NA,"32.417, -119.967",11/8/04,6:44,7:05,0,210,CALBOBL,NA,0.505,OBLIQUE,ethanol,ethanol,200411,200411:90_60,90_60,2004,11,Fall,ROGER REVELLE,RR,23,13:18:00Z,32.41833,-119.96,880,17.79
CALCOFI 0711 ,90,60,NA,"32.417, -119.967",11/8/07,6:37,6:58,0,210,CALBOBL,NA,0.505,OBLIQUE,ethanol,ethanol,200711,200711:90_60,90_60,2007,11,Fall,NEW HORIZON,NH,23,12:54:00Z,32.41833,-119.96,897,16.9
CALCOFI 1604,90,60,NA,"32.418, -119.958",4/6/16,4:32,4:53,0,210,CALBOBL,NA,0.505,OBLIQUE,ethanol,ethanol,201604,201604:90_60,90_60,2016,4,Spring,BELL M. SHIMADA,SH,24,10:45:00Z,32.41833,-119.958336,875,15.7
CALCOFI 1010,93.3,30,NA,"32.850, -117.533",10/28/10,22:42,23:04,0,210,CALBOBL,NA,0.505,OBLIQUE,Ethanol,Ethanol,201010,201010:93.3_30,93.3_30,2010,10,Fall,NA,NA,NA,NA,NA,NA,NA,NA
CALCOFI 2010,93.3,30,NA,"32.847, -117.532",10/11/20,20:40,21:03,0,210,CALBOBL,NA,0.505,OBLIQUE,ethanol,ethanol,202010,202010:93.3_30,93.3_30,2020,10,Fall,NA,NA,NA,NA,NA,NA,NA,NA
CALCOFI 1104,93.3,35,NA,"32.683, -117.867",4/10/11,6:53,7:14,0,210,CALBOBL,NA,0.505,OBLIQUE,Ethanol,Ethanol,201104,201104:93.3_35,93.3_35,2011,4,Spring,BELL M. SHIMADA,SH,36,13:00:00Z,32.68,-117.871666,582,15.4
CALCOFI 2204,93.3,35,NA,"32.682, -117.873",4/7/22,7:19,7:40,0,210,CALBOBL,NA,0.505,OBLIQUE,ethanol,ethanol,202204,202204:93.3_35,93.3_35,2022,4,Spring,BELL M. SHIMADA,SH,6,13:33:00Z,32.681667,-117.87334,626,16.7
CALCOFI 0704,93.3,40,NA,"32.517, -118.217",3/28/07,17:58,18:19,0,210,CALBOBL,NA,0.505,OBLIQUE,ethanol,ethanol,200704,200704:93.3_40,93.3_40,2007,3,Spring,NA,NA,NA,NA,NA,NA,NA,NA
CALCOFI 1110,93.3,40,NA,"32.517, -118.217",10/17/11,13:41,14:03,0,210,CALBOBL,NA,0.505,,Ethanol,Ethanol,201110,201110:93.3_40,93.3_40,2011,10,Fall,NEW HORIZON,NH,7,20:02:00Z,32.513332,-118.21333,1675,18.7
CALCOFI 0404,70,51,NA,"36.183, -121.733",4/16/04,2:34,2:55,0,211,CALBOBL,NA,0.505,OBLIQUE,ethanol,ethanol,200404,200404:70_51,70_51,2004,4,Spring,DAVID STARR JORDAN,JD,8,08:51:00Z,36.181667,-121.72833,349,10.5
CALCOFI 0304,70,55,NA,"36.050, -122.017",4/19/03,4:46,5:07,0,211,CALBOBL,NA,0.505,OBLIQUE,ethanol,ethanol,200304,200304:70_55,70_55,2003,4,Spring,DAVID STARR JORDAN,JD,116,11:15:00Z,36.048332,-122.011665,1388,11.2
CALCOFI 1804,70,60,NA,"35.878, -122.363",4/22/18,21:12,21:34,0,211,CALBOBL,NA,0.505,OBLIQUE,ethanol,ethanol,201804,201804:70_60,70_60,2018,4,Spring,NA,NA,NA,NA,NA,NA,NA,NA
CALCOFI 0304,73.3,55,NA,"35.483, -121.600",4/16/03,21:22,21:43,0,211,CALBOBL,NA,0.505,OBLIQUE,ethanol,ethanol,200304,200304:73.3_55,73.3_55,2003,4,Spring,NA,NA,NA,NA,NA,NA,NA,NA
CALCOFI 0804,73.3,80,NA,"34.650, -123.367",4/26/08,6:48,7:09,0,211,CALBOBL,NA,0.505,OBLIQUE,ethanol,ethanol,200804,200804:73.3_80,73.3_80,2008,4,Spring,DAVID STARR JORDAN,JD,164,13:12:00Z,34.641666,-123.36667,4164,12.7
CALCOFI 0411,76.7,55,NA,"34.883, -121.200",11/18/04,5:04,5:25,0,211,CALBOBL,NA,0.505,OBLIQUE,ethanol,ethanol,200411,200411:76.7_55,76.7_55,2004,11,Fall,ROGER REVELLE,RR,69,10:27:00Z,34.888332,-121.2,554,15.7
CALCOFI 1210,76.7,55,NA,"34.888, -121.198",11/4/12,0:16,,0,211,CALBOBL,NA,0.505,OBLIQUE,ethanol,ethanol,201210,201210:76.7_55,76.7_55,2012,11,Fall,NEW HORIZON,NH,72,05:43:00Z,34.888332,-121.19833,566,16.2
CALCOFI 0304,76.7,60,NA,"34.717, -121.550",4/18/03,16:58,17:20,0,211,CALBOBL,NA,0.505,OBLIQUE,ethanol,ethanol,200304,200304:76.7_60,76.7_60,2003,4,Spring,ROGER REVELLE,RR,64,23:12:00Z,34.721664,-121.54833,953,13.6
CALCOFI 1110,76.7,60,NA,"34.717, -121.550",11/1/11,1:41,2:04,0,211,CALBOBL,NA,0.505,,Ethanol,Ethanol,201110,201110:76.7_60,76.7_60,2011,11,Fall,NEW HORIZON,NH,72,07:55:00Z,34.72333,-121.55167,930,16
CALCOFI 1504,76.7,60,NA,"34.720, -121.552",4/18/15,17:54,18:17,0,211,CALBOBL,NA,0.505,OBLIQUE,ethanol,ethanol,201504,201504:76.7_60,76.7_60,2015,4,Spring,NA,NA,NA,NA,NA,NA,NA,NA
CALCOFI 1604,76.7,60,NA,"34.722, -121.548",4/13/16,11:50,12:11,0,211,CALBOBL,NA,0.505,OBLIQUE,ethanol,ethanol,201604,201604:76.7_60,76.7_60,2016,4,Spring,BELL M. SHIMADA,SH,65,18:12:00Z,34.721664,-121.54833,956,14.4
CALCOFI 1704,76.7,60,NA,"34.722, -121.547",4/12/17,20:55,21:17,0,211,CALBOBL,NA,0.505,OBLIQUE,ethanol,ethanol,201704,201704:76.7_60,76.7_60,2017,4,Spring,NA,NA,NA,NA,NA,NA,NA,NA
CALCOFI 2010,76.7,60,NA,"34.722, -121.552",10/21/20,16:40,17:03,0,211,CALBOBL,NA,0.505,OBLIQUE,ethanol,ethanol,202010,202010:76.7_60,76.7_60,2020,10,Fall,NA,NA,NA,NA,NA,NA,NA,NA
CALCOFI 2204,76.7,60,NA,"34.722, -121.547",4/20/22,21:04,21:25,0,211,CALBOBL,NA,0.505,OBLIQUE,ethanol,ethanol,202204,202204:76.7_60,76.7_60,2022,4,Spring,NA,NA,NA,NA,NA,NA,NA,NA
CALCOFI 1904,80,55,NA,"34.328, -120.790",4/15/19,4:12,4:34,0,211,CALBOBL,NA,0.505,OBLIQUE,ethanol,ethanol,201904,201904:80_55,80_55,2019,4,Spring,REUBEN LASKER,RL,57,10:38:00Z,34.328335,-120.79,736,13.8
CALCOFI 9604,80,60,NA,"34.150, -121.150",4/28/96,3:45,4:06,0,211,CALBOBL,NA,0.505,OBLIQUE,ethanol,ethanol,199604,199604:80_60,80_60,1996,4,Spring,DAVID STARR JORDAN,JD,53,10:17:00Z,34.151665,-121.15,4186,13.4
CALCOFI 0610,80,60,NA,"34.150, -121.150",11/2/06,6:57,7:18,0,211,CALBOBL,NA,0.505,OBLIQUE,ethanol,ethanol,200610,200610:80_60,80_60,2006,11,Fall,ROGER REVELLE,RR,63,13:10:00Z,34.15,-121.145,2174,17
CALCOFI 2204,80,80,NA,"33.482, -122.533",4/19/22,7:53,8:14,0,211,CALBOBL,NA,0.505,OBLIQUE,ethanol,ethanol,202204,202204:80_80,80_80,2022,4,Spring,BELL M. SHIMADA,SH,63,14:28:00Z,33.481667,-122.53333,4004,14.7
CALCOFI 9904,81.8,46.9,NA,"34.283, -120.033",4/12/99,11:48,12:09,0,211,CALBOBL,NA,0.505,OBLIQUE,ethanol,ethanol,199904,199904:81.8_46.9,81.8_46.9,1999,4,Spring,DAVID STARR JORDAN,JD,51,18:04:00Z,34.275,-120.025,578,11.4
CALCOFI 9604,81.8,46.9,NA,"34.283, -120.033",4/27/96,15:43,16:04,0,211,CALBOBL,NA,0.505,OBLIQUE,ethanol,ethanol,199604,199604:81.8_46.9,81.8_46.9,1996,4,Spring,DAVID STARR JORDAN,JD,50,22:15:00Z,34.275,-120.026665,18046,13.5
CALCOFI 0810,81.8,46.9,NA,"34.283, -120.017",10/25/08,20:19,20:40,0,211,CALBOBL,NA,0.505,OBLIQUE,ethanol,ethanol,200810,200810:81.8_46.9,81.8_46.9,2008,10,Fall,NA,NA,NA,NA,NA,NA,NA,NA
CALCOFI 0911,81.8,46.9,NA,"34.283, -120.033",11/18/09,11:13,11:34,0,211,CALBOBL,NA,0.505,OBLIQUE,ethanol,ethanol,200911,200911:81.8_46.9,81.8_46.9,2009,11,Fall,NEW HORIZON,NH,59,17:17:00Z,34.275,-120.026665,590,15.6
CALCOFI 2105,81.8,46.9,NA,"34.277, -120.028",5/12/21,21:27,21:48,0,211,CALBOBL,NA,0.505,OBLIQUE,ethanol,ethanol,202105,202105:81.8_46.9,81.8_46.9,2021,5,Spring,NA,NA,NA,NA,NA,NA,NA,NA
CALCOFI 0204,83.3,55,NA,"33.750, -120.417",4/7/02,22:56,23:17,0,211,CALBOBL,NA,0.505,OBLIQUE,ethanol,ethanol,200204,200204:83.3_55,83.3_55,2002,4,Spring,NA,NA,NA,NA,NA,NA,NA,NA
CALCOFI 0504,83.3,55,NA,"33.750, -120.400",4/22/05,22:19,22:38,0,211,CALBOBL,NA,0.505,OBLIQUE,ethanol,ethanol,200504,200504:83.3_55,83.3_55,2005,4,Spring,NA,NA,NA,NA,NA,NA,NA,NA
CALCOFI 0911,83.3,55,NA,"33.733, -120.417",11/17/09,15:42,16:03,0,211,CALBOBL,NA,0.505,OBLIQUE,ethanol,ethanol,200911,200911:83.3_55,83.3_55,2009,11,Fall,NEW HORIZON,NH,53,21:45:00Z,33.74,-120.41,1002,15.2
CALCOFI 1110,83.3,55,NA,"33.750, -120.400",10/27/11,23:59,0:21,0,211,CALBOBL,NA,0.505,,Ethanol,Ethanol,201110,201110:83.3_55,83.3_55,2011,10,Fall,NA,NA,NA,NA,NA,NA,NA,NA
CALCOFI 1511,83.3,55,NA,"33.745, -120.410",11/8/15,19:44,20:07,0,211,CALBOBL,NA,0.505,OBLIQUE,ethanol,ethanol,201511,201511:83.3_55,83.3_55,2015,11,Fall,NA,NA,NA,NA,NA,NA,NA,NA
CALCOFI 1411,86.7,40,NA,"33.657, -118.975",11/15/14,3:05,3:26,0,211,CALBOBL,NA,0.505,OBLIQUE,ethanol,ethanol,201411,201411:86.7_40,86.7_40,2014,11,Fall,NEW HORIZON,NH,37,09:02:00Z,33.656666,-118.975,755,19.6
CALCOFI 1504,86.7,40,NA,"33.657, -118.977",4/11/15,7:40,8:02,0,211,CALBOBL,NA,0.505,OBLIQUE,ethanol,ethanol,201504,201504:86.7_40,86.7_40,2015,4,Spring,NEW HORIZON,NH,36,13:39:00Z,33.656666,-118.97667,750,16.7
CALCOFI 1904,86.7,40,NA,"33.657, -118.973",4/10/19,15:37,15:59,0,211,CALBOBL,NA,0.505,OBLIQUE,ethanol,ethanol,201904,201904:86.7_40,86.7_40,2019,4,Spring,REUBEN LASKER,RL,45,21:44:00Z,33.656666,-118.973335,730,15.4
CALCOFI 0903,86.7,45,NA,"33.500, -119.317",3/15/09,3:06,3:27,0,211,CALBOBL,NA,0.505,OBLIQUE,ethanol,ethanol,200903,200903:86.7_45,86.7_45,2009,3,Spring,DAVID STARR JORDAN,JD,37,09:15:00Z,33.491665,-119.32,1700,13.1
CALCOFI 2204,86.7,45,NA,"33.490, -119.318",4/14/22,7:49,8:10,0,211,CALBOBL,NA,0.505,OBLIQUE,ethanol,ethanol,202204,202204:86.7_45,86.7_45,2022,4,Spring,BELL M. SHIMADA,SH,36,14:14:00Z,33.49,-119.31834,1655,14.4
CALCOFI 0004,90,28,NA,"33.483, -117.767",4/13/00,20:23,20:44,0,211,CALBOBL,NA,0.505,OBLIQUE,ethanol,ethanol,200004,200004:90_28,90_28,2000,4,Spring,NA,NA,NA,NA,NA,NA,NA,NA
CALCOFI 0411,90,35,NA,"33.250, -118.250",11/9/04,4:08,4:29,0,211,CALBOBL,NA,0.505,OBLIQUE,ethanol,ethanol,200411,200411:90_35,90_35,2004,11,Fall,ROGER REVELLE,RR,27,10:41:00Z,33.253334,-118.25,314,17.6
CALCOFI 0810,90,35,NA,"33.250, -118.250",10/20/08,5:15,5:36,0,211,CALBOBL,NA,0.505,OBLIQUE,ethanol,ethanol,200810,200810:90_35,90_35,2008,10,Fall,NEW HORIZON,NH,26,11:39:00Z,33.251667,-118.25166,312,18.2
CALCOFI 1504,90,35,NA,"33.253, -118.245",4/10/15,7:21,7:43,0,211,CALBOBL,NA,0.505,OBLIQUE,ethanol,ethanol,201504,201504:90_35,90_35,2015,4,Spring,NEW HORIZON,NH,28,14:55:00Z,33.253334,-118.245,287,17.29
CALCOFI 9904,90,37,NA,"33.183, -118.383",4/7/99,1:43,2:04,0,211,CALBOBL,NA,0.505,OBLIQUE,ethanol,ethanol,199904,199904:90_37,90_37,1999,4,Spring,DAVID STARR JORDAN,JD,25,08:27:00Z,33.185,-118.386665,1189,13.7
CALCOFI 9604,90,37,NA,"33.183, -118.383",4/21/96,23:45,0:06,0,211,CALBOBL,NA,0.505,OBLIQUE,ethanol,ethanol,199604,199604:90_37,90_37,1996,4,Spring,NA,NA,NA,NA,NA,NA,NA,NA
CALCOFI 0911,90,37,NA,"33.183, -118.383",11/12/09,8:00,8:21,0,211,CALBOBL,NA,0.505,OBLIQUE,ethanol,ethanol,200911,200911:90_37,90_37,2009,11,Fall,NEW HORIZON,NH,27,14:24:00Z,33.181667,-118.38333,1198,18.2
CALCOFI 0204,90,45,NA,"32.917, -118.933",4/2/02,16:18,16:39,0,211,CALBOBL,NA,0.505,OBLIQUE,ethanol,ethanol,200204,200204:90_45,90_45,2002,4,Spring,DAVID STARR JORDAN,JD,24,22:44:00Z,32.91833,-118.935,1810,14
CALCOFI 9604,90,45,NA,"32.917, -118.933",4/21/96,18:48,19:09,0,211,CALBOBL,NA,0.505,OBLIQUE,ethanol,ethanol,199604,199604:90_45,90_45,1996,4,Spring,NA,NA,NA,NA,NA,NA,NA,NA
CALCOFI 0204,90,60,NA,"32.417, -119.967",4/2/02,5:53,6:14,0,211,CALBOBL,NA,0.505,OBLIQUE,ethanol,ethanol,200204,200204:90_60,90_60,2002,4,Spring,DAVID STARR JORDAN,JD,22,12:30:00Z,32.42,-119.965,1261,13.7
CALCOFI 1004,93.3,30,NA,"32.850, -117.533",4/27/10,5:12,5:33,0,211,CALBOBL,NA,0.505,OBLIQUE,Ethanol,Ethanol,201004,201004:93.3_30,93.3_30,2010,4,Spring,MILLER FREEMAN,MF,127,11:49:00Z,32.84833,-117.53167,856,15.9
CALCOFI 1404,93.3,30,NA,"32.845, -117.532",4/23/14,14:40,15:00,0,211,CALBOBL,NA,0.505,OBLIQUE,ethanol,ethanol,201404,201404:93.3_30,93.3_30,2014,4,Spring,OCEAN STARR,OS,71,22:00:00Z,32.845,-117.53167,787,18.7
CALCOFI 2105,93.3,35,NA,"32.682, -117.873",5/4/21,20:04,20:25,0,211,CALBOBL,NA,0.505,OBLIQUE,ethanol,ethanol,202105,202105:93.3_35,93.3_35,2021,5,Spring,NA,NA,NA,NA,NA,NA,NA,NA
CALCOFI 1304,93.3,40,NA,"32.515, -118.212",4/7/13,8:14,8:35,0,211,CALBOBL,NA,0.505,OBLIQUE,ethanol,ethanol,201304,201304:93.3_40,93.3_40,2013,4,Spring,BELL M. SHIMADA,SH,6,14:40:00Z,32.515,-118.21166,1680,15.4
CALCOFI 1704,70,80,NA,"35.218, -123.775",4/16/17,14:01,14:22,0,212,CALBOBL,NA,0.505,OBLIQUE,ethanol,ethanol,201704,201704:70_80,70_80,2017,4,Spring,BELL M. SHIMADA,SH,88,20:30:00Z,35.218334,-123.775,4030,14.5
CALCOFI 0304,73.3,60,NA,"35.317, -121.967",4/16/03,16:00,16:21,0,212,CALBOBL,NA,0.505,OBLIQUE,ethanol,ethanol,200304,200304:73.3_60,73.3_60,2003,4,Spring,DAVID STARR JORDAN,JD,87,22:24:00Z,35.31,-121.96166,2484,13.4
CALCOFI 0104,76.7,55,NA,"34.200, -121.200",4/23/01,4:52,5:13,0,212,CALBOBL,NA,0.505,OBLIQUE,ethanol,ethanol,200104,200104:76.7_55,76.7_55,2001,4,Spring,DAVID STARR JORDAN,JD,68,11:25:00Z,34.886665,-121.2,562,11.5
CALCOFI 0804,76.7,55,NA,"34.883, -121.200",4/23/08,17:21,17:42,0,212,CALBOBL,NA,0.505,OBLIQUE,ethanol,ethanol,200804,200804:76.7_55,76.7_55,2008,4,Spring,DAVID STARR JORDAN,JD,151,23:52:00Z,34.885,-121.19334,568,11
CALCOFI 0911,76.7,55,NA,"34.900, -121.200",11/22/09,5:56,6:17,0,212,CALBOBL,NA,0.505,OBLIQUE,ethanol,ethanol,200911,200911:76.7_55,76.7_55,2009,11,Fall,NEW HORIZON,NH,72,12:30:00Z,34.891666,-121.2,540,13.3
CALCOFI 1411,76.7,55,NA,"34.888, -121.198",11/21/14,13:29,13:50,0,212,CALBOBL,NA,0.505,OBLIQUE,ethanol,ethanol,201411,201411:76.7_55,76.7_55,2014,11,Fall,NEW HORIZON,NH,66,20:03:00Z,34.888332,-121.19833,571,17.4
CALCOFI 1704,76.7,55,NA,"34.888, -121.200",4/13/17,0:41,1:02,0,212,CALBOBL,NA,0.505,OBLIQUE,ethanol,ethanol,201704,201704:76.7_55,76.7_55,2017,4,Spring,BELL M. SHIMADA,SH,73,07:11:00Z,34.888332,-121.2,560,14
CALCOFI 0304,80,55,NA,"34.317, -120.800",4/16/03,4:12,4:33,0,212,CALBOBL,NA,0.505,OBLIQUE,ethanol,ethanol,200304,200304:80_55,80_55,2003,4,Spring,ROGER REVELLE,RR,54,10:32:00Z,34.316666,-120.80167,832,13.4
CALCOFI 2105,80,55,NA,"34.322, -120.805",5/12/21,13:39,14:00,0,212,CALBOBL,NA,0.505,OBLIQUE,ethanol,ethanol,202105,202105:80_55,80_55,2021,5,Spring,BELL M. SHIMADA,SH,38,20:06:00Z,34.321667,-120.805,754,14.6
CALCOFI 2204,80,55,NA,"34.323, -120.803",4/18/22,17:33,17:54,0,212,CALBOBL,NA,0.505,OBLIQUE,ethanol,ethanol,202204,202204:80_55,80_55,2022,4,Spring,NA,NA,NA,NA,NA,NA,NA,NA
CALCOFI 0211,80,60,NA,"34.150, -121.150",11/22/02,3:08,3:29,0,212,CALBOBL,NA,0.505,OBLIQUE,ethanol,ethanol,200211,200211:80_60,80_60,2002,11,Fall,NEW HORIZON,NH,54,09:25:00Z,34.15,-121.151665,2209,15.4
CALCOFI 0204,80,60,NA,"34.150, -121.150",4/9/02,2:49,3:10,0,212,CALBOBL,NA,0.505,OBLIQUE,ethanol,ethanol,200204,200204:80_60,80_60,2002,4,Spring,DAVID STARR JORDAN,JD,54,09:27:00Z,34.15,-121.151665,2232,12.9
CALCOFI 0504,80,60,NA,"34.150, -121.150",4/27/05,11:47,12:08,0,212,CALBOBL,NA,0.505,OBLIQUE,ethanol,ethanol,200504,200504:80_60,80_60,2005,4,Spring,NEW HORIZON,NH,62,18:16:00Z,34.15,-121.15,2202,14
CALCOFI 0604,80,60,NA,"34.150, -121.150",4/14/06,1:55,2:16,0,212,CALBOBL,NA,0.505,OBLIQUE,ethanol,ethanol,200604,200604:80_60,80_60,2006,4,Spring,NEW HORIZON,NH,62,07:57:00Z,34.15333,-121.153336,2227,14.4
CALCOFI 0704,80,60,NA,"34.150, -121.150",4/14/07,1:13,1:34,0,212,CALBOBL,NA,0.505,OBLIQUE,ethanol,ethanol,200704,200704:80_60,80_60,2007,4,Spring,DAVID STARR JORDAN,JD,53,07:40:00Z,34.151665,-121.14833,2205,12.4
CALCOFI 9904,80,80,NA,"33.483, -122.533",4/13/99,12:02,12:23,0,212,CALBOBL,NA,0.505,OBLIQUE,ethanol,ethanol,199904,199904:80_80,80_80,1999,4,Spring,DAVID STARR JORDAN,JD,56,18:31:00Z,33.481667,-122.53333,3995,12.2
CALCOFI 0903,80,80,NA,"33.483, -122.533",3/20/09,18:56,19:17,0,212,CALBOBL,NA,0.505,OBLIQUE,ethanol,ethanol,200903,200903:80_80,80_80,2009,3,Spring,NA,NA,NA,NA,NA,NA,NA,NA
CALCOFI 1504,81.8,46.9,NA,"34.275, -120.023",4/15/15,11:21,11:44,0,212,CALBOBL,NA,0.505,OBLIQUE,ethanol,ethanol,201504,201504:81.8_46.9,81.8_46.9,2015,4,Spring,NEW HORIZON,NH,54,17:17:00Z,34.275,-120.02333,588,14
CALCOFI 1511,81.8,46.9,NA,"34.273, -120.027",11/4/15,18:39,19:01,0,212,CALBOBL,NA,0.505,OBLIQUE,ethanol,ethanol,201511,201511:81.8_46.9,81.8_46.9,2015,11,Fall,NA,NA,NA,NA,NA,NA,NA,NA
CALCOFI 1704,81.8,46.9,NA,"34.275, -120.027",4/10/17,4:45,5:07,0,212,CALBOBL,NA,0.505,OBLIQUE,ethanol,ethanol,201704,201704:81.8_46.9,81.8_46.9,2017,4,Spring,BELL M. SHIMADA,SH,59,10:59:00Z,34.275,-120.026665,576,11.9
CALCOFI 1804,81.8,46.9,NA,"34.272, -120.025",4/17/18,11:54,12:15,0,212,CALBOBL,NA,0.505,OBLIQUE,ethanol,ethanol,201804,201804:81.8_46.9,81.8_46.9,2018,4,Spring,BELL M. SHIMADA,SH,59,17:48:00Z,34.271667,-120.025,587,11.9
CALCOFI 1304,81.8,46.9,NA,"34.275, -120.010",4/16/13,8:20,8:42,0,212,CALBOBL,NA,0.505,OBLIQUE,ethanol,ethanol,201304,201304:81.8_46.9,81.8_46.9,2013,4,Spring,BELL M. SHIMADA,SH,41,15:39:00Z,34.275,-120.01,581,10.5
CALCOFI 1210,81.8,46.9,NA,"34.275, -120.025",10/31/12,18:51,,0,212,CALBOBL,NA,0.505,OBLIQUE,ethanol,ethanol,201210,201210:81.8_46.9,81.8_46.9,2012,10,Fall,NA,NA,NA,NA,NA,NA,NA,NA
CALCOFI 9604,83.3,55,NA,"33.750, -120.417",4/26/96,22:37,22:58,0,212,CALBOBL,NA,0.505,OBLIQUE,ethanol,ethanol,199604,199604:83.3_55,83.3_55,1996,4,Spring,NA,NA,NA,NA,NA,NA,NA,NA
CALCOFI 1104,83.3,55,NA,"33.750, -120.417",4/21/11,22:45,23:06,0,212,CALBOBL,NA,0.505,OBLIQUE,Ethanol,Ethanol,201104,201104:83.3_55,83.3_55,2011,4,Spring,NA,NA,NA,NA,NA,NA,NA,NA
CALCOFI 1810,83.3,55,NA,"33.745, -120.408",10/24/18,17:17,17:39,0,212,CALBOBL,NA,0.505,OBLIQUE,ethanol,ethanol,201810,201810:83.3_55,83.3_55,2018,10,Fall,NA,NA,NA,NA,NA,NA,NA,NA
CALCOFI 9604,86.7,40,NA,"33.650, -118.983",4/22/96,22:49,23:10,0,212,CALBOBL,NA,0.505,OBLIQUE,ethanol,ethanol,199604,199604:86.7_40,86.7_40,1996,4,Spring,NA,NA,NA,NA,NA,NA,NA,NA
CALCOFI 0704,86.7,40,NA,"33.650, -118.967",4/7/07,13:03,13:24,0,212,CALBOBL,NA,0.505,OBLIQUE,ethanol,ethanol,200704,200704:86.7_40,86.7_40,2007,4,Spring,DAVID STARR JORDAN,JD,35,18:55:00Z,33.656666,-118.975,766,15
CALCOFI 0903,86.7,40,NA,"33.650, -118.967",3/14/09,22:38,22:59,0,212,CALBOBL,NA,0.505,OBLIQUE,ethanol,ethanol,200903,200903:86.7_40,86.7_40,2009,3,Spring,NA,NA,NA,NA,NA,NA,NA,NA
CALCOFI 1104,86.7,40,NA,"33.650, -118.967",4/18/11,2:05,2:26,0,212,CALBOBL,NA,0.505,OBLIQUE,Ethanol,Ethanol,201104,201104:86.7_40,86.7_40,2011,4,Spring,BELL M. SHIMADA,SH,73,06:00:00Z,33.656666,-118.973335,716,16.29
CALCOFI 1110,86.7,40,NA,"33.667, -118.967",10/23/11,23:38,0:00,0,212,CALBOBL,NA,0.505,,Ethanol,Ethanol,201110,201110:86.7_40,86.7_40,2011,10,Fall,NA,NA,NA,NA,NA,NA,NA,NA
CALCOFI 0104,86.7,45,NA,"33.317, -119.317",4/14/01,1:31,1:52,0,212,CALBOBL,NA,0.505,OBLIQUE,ethanol,ethanol,200104,200104:86.7_45,86.7_45,2001,4,Spring,DAVID STARR JORDAN,JD,34,07:52:00Z,33.49,-119.315,1653,12.4
CALCOFI 9904,86.7,45,NA,"33.483, -119.317",4/8/99,5:06,5:27,0,212,CALBOBL,NA,0.505,OBLIQUE,ethanol,ethanol,199904,199904:86.7_45,86.7_45,1999,4,Spring,DAVID STARR JORDAN,JD,32,11:45:00Z,33.49,-119.31834,1661,12.6
CALCOFI 0204,86.7,45,NA,"33.500, -119.317",4/4/02,1:54,2:15,0,212,CALBOBL,NA,0.505,OBLIQUE,ethanol,ethanol,200204,200204:86.7_45,86.7_45,2002,4,Spring,DAVID STARR JORDAN,JD,32,08:30:00Z,33.491665,-119.31834,1655,13.6
CALCOFI 0504,90,28,NA,"33.483, -117.767",4/21/05,14:47,15:08,0,212,CALBOBL,NA,0.505,OBLIQUE,ethanol,ethanol,200504,200504:90_28,90_28,2005,4,Spring,NEW HORIZON,NH,30,21:46:00Z,33.486668,-117.77167,420,16.9
CALCOFI 0604,90,28,NA,"33.483, -117.767",4/8/06,1:31,1:52,0,212,CALBOBL,NA,0.505,OBLIQUE,ethanol,ethanol,200604,200604:90_28,90_28,2006,4,Spring,NEW HORIZON,NH,30,08:08:00Z,33.483334,-117.77,250,14
CALCOFI 0911,90,35,NA,"33.250, -118.250",11/12/09,11:16,11:37,0,212,CALBOBL,NA,0.505,OBLIQUE,ethanol,ethanol,200911,200911:90_35,90_35,2009,11,Fall,NEW HORIZON,NH,28,17:25:00Z,33.253334,-118.25,346,18
CALCOFI 1904,90,35,NA,"33.252, -118.252",4/8/19,2:56,3:18,0,212,CALBOBL,NA,0.505,OBLIQUE,ethanol,ethanol,201904,201904:90_35,90_35,2019,4,Spring,REUBEN LASKER,RL,29,09:29:00Z,33.251667,-118.25166,350,16.2
CALCOFI 1210,90,35,NA,"33.250, -118.253",10/26/12,17:33,,0,212,CALBOBL,NA,0.505,OBLIQUE,ethanol,ethanol,201210,201210:90_35,90_35,2012,10,Fall,NEW HORIZON,NH,35,23:56:00Z,33.25,-118.253334,394,20
CALCOFI 0004,90,37,NA,"33.183, -118.383",4/13/00,8:07,8:28,0,212,CALBOBL,NA,0.505,OBLIQUE,ethanol,ethanol,200004,200004:90_37,90_37,2000,4,Spring,DAVID STARR JORDAN,JD,25,14:40:00Z,33.185,-118.386665,1186,15.1
CALCOFI 0711 ,90,37,NA,"33.183, -118.383",11/8/07,23:08,23:30,0,212,CALBOBL,NA,0.505,OBLIQUE,ethanol,ethanol,200711,200711:90_37,90_37,2007,11,Fall,NA,NA,NA,NA,NA,NA,NA,NA
CALCOFI 0810,90,37,NA,"33.183, -118.383",10/20/08,2:08,2:29,0,212,CALBOBL,NA,0.505,OBLIQUE,ethanol,ethanol,200810,200810:90_37,90_37,2008,10,Fall,NEW HORIZON,NH,25,08:14:00Z,33.185,-118.39,1193,18.2
CALCOFI 1604,90,37,NA,"33.183, -118.387",4/6/16,20:56,21:18,0,212,CALBOBL,NA,0.505,OBLIQUE,ethanol,ethanol,201604,201604:90_37,90_37,2016,4,Spring,NA,NA,NA,NA,NA,NA,NA,NA
CALCOFI 9904,90,45,NA,"32.917, -118.933",4/6/99,20:53,21:14,0,212,CALBOBL,NA,0.505,OBLIQUE,ethanol,ethanol,199904,199904:90_45,90_45,1999,4,Spring,NA,NA,NA,NA,NA,NA,NA,NA
CALCOFI 0310,90,60,NA,"32.417, -119.967",10/25/03,4:52,5:14,0,212,CALBOBL,NA,0.505,OBLIQUE,ethanol,ethanol,200310,200310:90_60,90_60,2003,10,Fall,NEW HORIZON,NH,22,11:21:00Z,32.42,-119.96333,830,16.5
CALCOFI 0404 ,90,60,NA,"32.417, -119.967",3/28/04,6:33,6:54,0,212,CALBOBL,NA,0.505,OBLIQUE,ethanol,ethanol,200404,200404:90_60,90_60,2004,3,Spring,NEW HORIZON,NH,22,13:05:00Z,32.416664,-119.96,901,13.4
CALCOFI 0604,90,60,NA,"32.417, -119.967",4/6/06,23:42,12:03,0,212,CALBOBL,NA,0.505,OBLIQUE,ethanol,ethanol,200604,200604:90_60,90_60,2006,4,Spring,NA,NA,NA,NA,NA,NA,NA,NA
CALCOFI 0903,90,60,NA,"32.417, -119.967",3/12/09,21:40,22:01,0,212,CALBOBL,NA,0.505,OBLIQUE,ethanol,ethanol,200903,200903:90_60,90_60,2009,3,Spring,NA,NA,NA,NA,NA,NA,NA,NA
CALCOFI 1511,90,60,NA,"32.418, -119.958",11/1/15,17:53,18:15,0,212,CALBOBL,NA,0.505,OBLIQUE,ethanol,ethanol,201511,201511:90_60,90_60,2015,11,Fall,OCEANUS,OC,18,23:14:00Z,32.41833,-119.958336,892,20.1
CALCOFI 1704,90,60,NA,"32.418, -119.958",4/3/17,15:54,16:15,0,212,CALBOBL,NA,0.505,OBLIQUE,ethanol,ethanol,201704,201704:90_60,90_60,2017,4,Spring,BELL M. SHIMADA,SH,24,23:12:00Z,32.41833,-119.958336,867,14.5
CALCOFI 9904,93.3,30,NA,"32.850, -117.533",4/1/99,19:38,20:00,0,212,CALBOBL,NA,0.505,OBLIQUE,ethanol,ethanol,199904,199904:93.3_30,93.3_30,1999,4,Spring,NA,NA,NA,NA,NA,NA,NA,NA
CALCOFI 9910,93.3,30,NA,"32.850, -117.533",10/3/99,18:18,18:39,0,212,CALBOBL,NA,0.505,OBLIQUE,ethanol,ethanol,199910,199910:93.3_30,93.3_30,1999,10,Fall,NA,NA,NA,NA,NA,NA,NA,NA
CALCOFI 0310,93.3,30,NA,"32.850, -117.533",10/20/03,18:38,18:59,0,212,CALBOBL,NA,0.505,OBLIQUE,ethanol,ethanol,200310,200310:93.3_30,93.3_30,2003,10,Fall,NA,NA,NA,NA,NA,NA,NA,NA
CALCOFI 0404 ,93.3,30,NA,"32.850, -117.533",3/23/04,18:55,19:16,0,212,CALBOBL,NA,0.505,OBLIQUE,ethanol,ethanol,200404,200404:93.3_30,93.3_30,2004,3,Spring,NA,NA,NA,NA,NA,NA,NA,NA
CALCOFI 1104,93.3,30,NA,"32.850, -117.533",4/10/11,2:48,3:07,0,212,CALBOBL,NA,0.505,OBLIQUE,Ethanol,Ethanol,201104,201104:93.3_30,93.3_30,2011,4,Spring,BELL M. SHIMADA,SH,35,07:01:00Z,32.841667,-117.53333,453,15.2
CALCOFI 1504,93.3,30,NA,"32.843, -117.535",4/4/15,22:20,22:42,0,212,CALBOBL,NA,0.505,OBLIQUE,ethanol,ethanol,201504,201504:93.3_30,93.3_30,2015,4,Spring,NA,NA,NA,NA,NA,NA,NA,NA
CALCOFI 1804,93.3,35,NA,"32.678, -117.875",4/6/18,2:46,3:09,0,212,CALBOBL,NA,0.505,OBLIQUE,ethanol,ethanol,201804,201804:93.3_35,93.3_35,2018,4,Spring,BELL M. SHIMADA,SH,6,09:13:00Z,32.678333,-117.875,618,15.7
CALCOFI 1810,93.3,35,NA,"32.678, -117.873",10/15/18,2:06,2:29,0,212,CALBOBL,NA,0.505,OBLIQUE,ethanol,ethanol,201810,201810:93.3_35,93.3_35,2018,10,Fall,NA,NA,NA,NA,NA,NA,NA,NA
CALCOFI 0211,93.3,40,NA,"32.517, -118.217",11/11/02,5:14,5:35,0,212,CALBOBL,NA,0.505,OBLIQUE,ethanol,ethanol,200211,200211:93.3_40,93.3_40,2002,11,Fall,NEW HORIZON,NH,5,10:25:00Z,32.511665,-118.215,1656,17
CALCOFI 0010,93.3,40,NA,"32.517, -118.517",10/13/00,14:38,14:59,0,212,CALBOBL,NA,0.505,OBLIQUE,ethanol,ethanol,200010,200010:93.3_40,93.3_40,2000,10,Fall,NEW HORIZON,NH,6,20:25:00Z,32.513332,-118.215,1660,19.7
CALCOFI 9904,93.3,40,NA,"32.517, -118.217",4/2/99,3:55,4:16,0,212,CALBOBL,NA,0.505,OBLIQUE,ethanol,ethanol,199904,199904:93.3_40,93.3_40,1999,4,Spring,DAVID STARR JORDAN,JD,5,10:18:00Z,32.513332,-118.21333,1674,13.8
CALCOFI 0004,93.3,40,NA,"32.517, -118.217",4/8/00,5:28,5:49,0,212,CALBOBL,NA,0.505,OBLIQUE,ethanol,ethanol,200004,200004:93.3_40,93.3_40,2000,4,Spring,DAVID STARR JORDAN,JD,5,11:53:00Z,32.515,-118.21,1703,14.4
CALCOFI 1004,93.3,40,NA,"32.517, -118.217",4/27/10,13:37,13:58,0,212,CALBOBL,NA,0.505,OBLIQUE,Ethanol,Ethanol,201004,201004:93.3_40,93.3_40,2010,4,Spring,MILLER FREEMAN,MF,129,20:00:00Z,32.515,-118.21333,1659,16.29
CALCOFI 1704,93.3,40,NA,"32.513, -118.212",3/29/17,17:04,17:25,0,212,CALBOBL,NA,0.505,OBLIQUE,ethanol,ethanol,201704,201704:93.3_40,93.3_40,2017,3,Spring,BELL M. SHIMADA,SH,7,23:31:00Z,32.513332,-118.21166,1679,16.9
CALCOFI 1004,73.3,60,NA,"35.317, -121.967",4/17/10,14:33,14:54,0,213,CALBOBL,NA,0.505,OBLIQUE,Ethanol,Ethanol,201004,201004:73.3_60,73.3_60,2010,4,Spring,MILLER FREEMAN,MF,90,21:35:00Z,35.318333,-121.97,2501,13.8
CALCOFI 1604,73.3,80,NA,"34.642, -123.362",4/17/16,14:50,15:11,0,213,CALBOBL,NA,0.505,OBLIQUE,ethanol,ethanol,201604,201604:73.3_80,73.3_80,2016,4,Spring,BELL M. SHIMADA,SH,78,21:43:00Z,34.641666,-123.361664,4055,15.2
CALCOFI 0704,76.7,55,NA,"34.883, -121.200",4/23/07,23:48,12:09,0,213,CALBOBL,NA,0.505,OBLIQUE,ethanol,ethanol,200704,200704:76.7_55,76.7_55,2007,4,Spring,NA,NA,NA,NA,NA,NA,NA,NA
CALCOFI 1904,76.7,55,NA,"34.890, -121.197",4/17/19,0:54,1:16,0,213,CALBOBL,NA,0.505,OBLIQUE,ethanol,ethanol,201904,201904:76.7_55,76.7_55,2019,4,Spring,REUBEN LASKER,RL,65,07:31:00Z,34.89,-121.19666,558,14
CALCOFI 0211,76.7,60,NA,"34.717, -121.550",11/24/02,12:34,12:56,0,213,CALBOBL,NA,0.505,OBLIQUE,ethanol,ethanol,200211,200211:76.7_60,76.7_60,2002,11,Fall,NEW HORIZON,NH,63,18:22:00Z,34.72,-121.55333,978,15.2
CALCOFI 9910,76.7,60,NA,"34.717, -121.550",10/18/99,18:53,19:14,0,213,CALBOBL,NA,0.505,OBLIQUE,ethanol,ethanol,199910,199910:76.7_60,76.7_60,1999,10,Fall,NA,NA,NA,NA,NA,NA,NA,NA
CALCOFI 9604,76.7,60,NA,"34.717, -121.550",4/30/96,16:26,16:47,0,213,CALBOBL,NA,0.505,OBLIQUE,ethanol,ethanol,199604,199604:76.7_60,76.7_60,1996,4,Spring,DAVID STARR JORDAN,JD,62,23:06:00Z,34.721664,-121.54833,940,14.8
CALCOFI 0404 ,76.7,60,NA,"34.717, -121.550",4/7/04,22:47,23:08,0,213,CALBOBL,NA,0.505,OBLIQUE,ethanol,ethanol,200404,200404:76.7_60,76.7_60,2004,4,Spring,NA,NA,NA,NA,NA,NA,NA,NA
CALCOFI 1411,76.7,60,NA,"34.712, -121.542",11/21/14,8:27,8:49,0,213,CALBOBL,NA,0.505,OBLIQUE,ethanol,ethanol,201411,201411:76.7_60,76.7_60,2014,11,Fall,NEW HORIZON,NH,65,15:57:00Z,34.711666,-121.541664,914,16.5
CALCOFI 1711,76.7,60,NA,"34.730, -121.548",11/20/17,7:57,8:19,0,213,CALBOBL,NA,0.505,OBLIQUE,ethanol,ethanol,201711,201711:76.7_60,76.7_60,2017,11,Fall,NA,NA,NA,NA,NA,NA,NA,NA
CALCOFI 1804,76.7,60,NA,"34.722, -121.547",4/20/18,7:39,8:00,0,213,CALBOBL,NA,0.505,OBLIQUE,ethanol,ethanol,201804,201804:76.7_60,76.7_60,2018,4,Spring,BELL M. SHIMADA,SH,72,14:20:00Z,34.721664,-121.54667,950,14.2
CALCOFI 9904,80,55,NA,"34.317, -120.800",4/12/99,19:58,20:19,0,213,CALBOBL,NA,0.505,OBLIQUE,ethanol,ethanol,199904,199904:80_55,80_55,1999,4,Spring,NA,NA,NA,NA,NA,NA,NA,NA
CALCOFI 9604,80,55,NA,"34.317, -120.800",4/27/96,23:28,23:49,0,213,CALBOBL,NA,0.505,OBLIQUE,ethanol,ethanol,199604,199604:80_55,80_55,1996,4,Spring,NA,NA,NA,NA,NA,NA,NA,NA
CALCOFI 1604,80,55,NA,"34.318, -120.808",4/16/16,1:05,1:26,0,213,CALBOBL,NA,0.505,OBLIQUE,ethanol,ethanol,201604,201604:80_55,80_55,2016,4,Spring,BELL M. SHIMADA,SH,73,07:05:00Z,34.318333,-120.808334,774,12.7
CALCOFI 1311,80,55,NA,"34.318, -120.802",11/20/13,8:55,9:18,0,213,CALBOBL,NA,0.505,OBLIQUE,ethanol,ethanol,201311,201311:80_55,80_55,2013,11,Fall,NEW HORIZON,NH,57,16:10:00Z,34.318333,-120.80167,777,15.4
CALCOFI 0903,80,60,NA,"34.150, -121.150",3/20/09,6:05,6:26,0,213,CALBOBL,NA,0.505,OBLIQUE,ethanol,ethanol,200903,200903:80_60,80_60,2009,3,Spring,DAVID STARR JORDAN,JD,62,12:12:00Z,34.151665,-121.15,2185,12.8
CALCOFI 1911,80,60,NA,"34.150, -121.150",11/15/19,9:30,9:53,0,213,CALBOBL,NA,0.505,OBLIQUE,ethanol,ethanol,201911,201911:80_60,80_60,2019,11,Fall,NA,NA,NA,NA,NA,NA,NA,NA
CALCOFI 1404,80,80,NA,"33.483, -122.533",4/14/14,4:10,4:30,0,213,CALBOBL,NA,0.505,OBLIQUE,ethanol,ethanol,201404,201404:80_80,80_80,2014,4,Spring,OCEAN STARR,OS,61,10:20:00Z,33.483334,-122.53333,4007,15
CALCOFI 2105,80,80,NA,"33.478, -122.542",5/11/21,22:18,22:39,0,213,CALBOBL,NA,0.505,OBLIQUE,ethanol,ethanol,202105,202105:80_80,80_80,2021,5,Spring,NA,NA,NA,NA,NA,NA,NA,NA
CALCOFI 0211,81.8,46.9,NA,"34.283, -120.033",11/21/02,15:27,15:48,0,213,CALBOBL,NA,0.505,OBLIQUE,ethanol,ethanol,200211,200211:81.8_46.9,81.8_46.9,2002,11,Fall,NEW HORIZON,NH,51,21:15:00Z,34.275,-120.028336,585,16.79
CALCOFI 9910,81.8,46.9,NA,"34.267, -120.017",10/15/99,17:53,18:14,0,213,CALBOBL,NA,0.505,OBLIQUE,ethanol,ethanol,199910,199910:81.8_46.9,81.8_46.9,1999,10,Fall,NEW HORIZON,NH,53,21:08:00Z,34.273335,-120.02167,581,14.3
CALCOFI 0204,81.8,46.9,NA,"34.283, -120.033",4/8/02,15:30,15:51,0,213,CALBOBL,NA,0.505,OBLIQUE,ethanol,ethanol,200204,200204:81.8_46.9,81.8_46.9,2002,4,Spring,DAVID STARR JORDAN,JD,51,21:46:00Z,34.275,-120.025,575,12.4
CALCOFI 0004,81.8,46.9,NA,"34.283, -120.033",4/19/00,1:14,1:35,0,213,CALBOBL,NA,0.505,OBLIQUE,ethanol,ethanol,200004,200004:81.8_46.9,81.8_46.9,2000,4,Spring,DAVID STARR JORDAN,JD,51,07:34:00Z,34.275,-120.025,580,12.4
CALCOFI 0804,81.8,46.9,NA,"34.283, -120.033",4/6/08,1:52,2:13,0,213,CALBOBL,NA,0.505,OBLIQUE,ethanol,ethanol,200804,200804:81.8_46.9,81.8_46.9,2008,4,Spring,DAVID STARR JORDAN,JD,53,07:47:00Z,34.275,-120.025,580,11.6
CALCOFI 1411,81.8,46.9,NA,"34.275, -120.027",11/22/14,6:55,7:17,0,213,CALBOBL,NA,0.505,OBLIQUE,ethanol,ethanol,201411,201411:81.8_46.9,81.8_46.9,2014,11,Fall,NEW HORIZON,NH,71,13:02:00Z,34.275,-120.026665,585,18
CALCOFI 1911,81.8,46.9,NA,"34.275, -120.025",11/14/19,23:04,23:27,0,213,CALBOBL,NA,0.505,OBLIQUE,ethanol,ethanol,201911,201911:81.8_46.9,81.8_46.9,2019,11,Fall,NA,NA,NA,NA,NA,NA,NA,NA
CALCOFI 1004,83.3,55,NA,"33.733, -120.400",5/14/10,2:15,2:36,0,213,CALBOBL,NA,0.505,OBLIQUE,Ethanol,Ethanol,201004,201004:83.3_55,83.3_55,2010,5,Spring,MILLER FREEMAN,MF,176,08:38:00Z,33.738335,-120.403336,923,11.1
CALCOFI 1304,83.3,55,NA,"33.747, -120.405",4/19/13,17:42,18:02,0,213,CALBOBL,NA,0.505,OBLIQUE,ethanol,ethanol,201304,201304:83.3_55,83.3_55,2013,4,Spring,NA,NA,NA,NA,NA,NA,NA,NA
CALCOFI 1210,83.3,55,NA,"33.747, -120.410",10/30/12,23:12,,0,213,CALBOBL,NA,0.505,OBLIQUE,ethanol,ethanol,201210,201210:83.3_55,83.3_55,2012,10,Fall,NA,NA,NA,NA,NA,NA,NA,NA
CALCOFI 1004,86.7,40,NA,"33.650, -118.967",5/3/10,0:55,1:16,0,213,CALBOBL,NA,0.505,OBLIQUE,Ethanol,Ethanol,201004,201004:86.7_40,86.7_40,2010,5,Spring,MILLER FREEMAN,MF,156,07:09:00Z,33.65333,-118.975,708,14.6
CALCOFI 1311,86.7,40,NA,"33.657, -118.975",11/16/13,5:13,5:34,0,213,CALBOBL,NA,0.505,OBLIQUE,ethanol,ethanol,201311,201311:86.7_40,86.7_40,2013,11,Fall,NEW HORIZON,NH,36,11:19:00Z,33.656666,-118.975,770,18.1
CALCOFI 9604,86.7,45,NA,"33.483, -119.317",4/23/96,2:27,2:48,0,213,CALBOBL,NA,0.505,OBLIQUE,ethanol,ethanol,199604,199604:86.7_45,86.7_45,1996,4,Spring,DAVID STARR JORDAN,JD,31,09:10:00Z,33.49,-119.32,1652,13.7
CALCOFI 1311,86.7,45,NA,"33.490, -119.315",11/16/13,8:26,8:48,0,213,CALBOBL,NA,0.505,OBLIQUE,ethanol,ethanol,201311,201311:86.7_45,86.7_45,2013,11,Fall,NEW HORIZON,NH,37,15:40:00Z,33.49,-119.315,1654,16.1
CALCOFI 1810,86.7,45,NA,"33.490, -119.318",10/21/18,6:12,6:35,0,213,CALBOBL,NA,0.505,OBLIQUE,ethanol,ethanol,201810,201810:86.7_45,86.7_45,2018,10,Fall,NA,NA,NA,NA,NA,NA,NA,NA
CALCOFI 0211,90,35,NA,"33.250, -118.250",11/16/02,6:44,7:05,0,213,CALBOBL,NA,0.505,OBLIQUE,ethanol,ethanol,200211,200211:90_35,90_35,2002,11,Fall,NEW HORIZON,NH,26,12:37:00Z,33.253334,-118.25,309,16.5
CALCOFI 0704,90,35,NA,"33.250, -118.250",4/6/07,12:42,13:03,0,213,CALBOBL,NA,0.505,OBLIQUE,ethanol,ethanol,200704,200704:90_35,90_35,2007,4,Spring,DAVID STARR JORDAN,JD,27,19:08:00Z,33.251667,-118.25,600,15.3
CALCOFI 1411,90,35,NA,"33.252, -118.250",11/14/14,5:17,5:39,0,213,CALBOBL,NA,0.505,OBLIQUE,ethanol,ethanol,201411,201411:90_35,90_35,2014,11,Fall,NEW HORIZON,NH,29,11:33:00Z,33.251667,-118.25,376,19.79
CALCOFI 1604,90,35,NA,"33.252, -118.248",4/6/16,23:55,0:17,0,213,CALBOBL,NA,0.505,OBLIQUE,ethanol,ethanol,201604,201604:90_35,90_35,2016,4,Spring,NA,NA,NA,NA,NA,NA,NA,NA
CALCOFI 1911,90,35,NA,"33.252, -118.250",11/9/19,19:21,19:44,0,213,CALBOBL,NA,0.505,OBLIQUE,ethanol,ethanol,201911,201911:90_35,90_35,2019,11,Fall,NA,NA,NA,NA,NA,NA,NA,NA
CALCOFI 2204,90,35,NA,"33.250, -118.248",4/12/22,22:20,22:41,0,213,CALBOBL,NA,0.505,OBLIQUE,ethanol,ethanol,202204,202204:90_35,90_35,2022,4,Spring,NA,NA,NA,NA,NA,NA,NA,NA
CALCOFI 0804,90,37,NA,"33.183, -118.383",3/31/08,6:37,6:58,0,213,CALBOBL,NA,0.505,OBLIQUE,ethanol,ethanol,200804,200804:90_37,90_37,2008,3,Spring,DAVID STARR JORDAN,JD,27,12:43:00Z,33.186665,-118.388336,1190,14.2
CALCOFI 0903,90,37,NA,"33.183, -118.383",3/13/09,14:23,14:44,0,213,CALBOBL,NA,0.505,OBLIQUE,ethanol,ethanol,200903,200903:90_37,90_37,2009,3,Spring,DAVID STARR JORDAN,JD,27,20:46:00Z,33.185,-118.388336,1188,14.6
CALCOFI 1004,90,37,NA,"33.200, -118.383",5/2/10,0:57,1:15,0,213,CALBOBL,NA,0.505,OBLIQUE,Ethanol,Ethanol,201004,201004:90_37,90_37,2010,5,Spring,MILLER FREEMAN,MF,148,07:25:00Z,33.191666,-118.378334,1188,15.2
CALCOFI 1210,90,37,NA,"33.185, -118.387",10/26/12,20:29,,0,213,CALBOBL,NA,0.505,OBLIQUE,ethanol,ethanol,201210,201210:90_37,90_37,2012,10,Fall,NA,NA,NA,NA,NA,NA,NA,NA
CALCOFI 2010,90,37,NA,"33.183, -118.390",10/16/20,12:53,13:15,0,213,CALBOBL,NA,0.505,OBLIQUE,ethanol,ethanol,202010,202010:90_37,90_37,2020,10,Fall,NA,NA,NA,NA,NA,NA,NA,NA
CALCOFI 0004,90,60,NA,"32.417, -119.967",4/12/00,16:16,16:37,0,213,CALBOBL,NA,0.505,OBLIQUE,ethanol,ethanol,200004,200004:90_60,90_60,2000,4,Spring,DAVID STARR JORDAN,JD,22,22:50:00Z,32.41833,-119.965,840,15.5
CALCOFI 1104,90,60,NA,"32.417, -119.967",4/15/11,19:47,20:10,0,213,CALBOBL,NA,0.505,OBLIQUE,Ethanol,Ethanol,201104,201104:90_60,90_60,2011,4,Spring,NA,NA,NA,NA,NA,NA,NA,NA
CALCOFI 1804,90,60,NA,"32.417, -119.960",4/10/18,1:02,1:23,0,213,CALBOBL,NA,0.505,OBLIQUE,ethanol,ethanol,201804,201804:90_60,90_60,2018,4,Spring,BELL M. SHIMADA,SH,24,07:14:00Z,32.416664,-119.96,889,14.3
CALCOFI 2010,90,60,NA,"32.418, -119.962",10/15/20,22:33,22:56,0,213,CALBOBL,NA,0.505,OBLIQUE,ethanol,ethanol,202010,202010:90_60,90_60,2020,10,Fall,NA,NA,NA,NA,NA,NA,NA,NA
CALCOFI 1210,93.3,26.7,NA,"32.958, -117.308",10/19/12,15:11,,0,213,CALBOBL,NA,0.505,OBLIQUE,ethanol,ethanol,201210,201210:93.3_26.7,93.3_26.7,2012,10,Fall,NEW HORIZON,NH,1,21:48:00Z,32.958332,-117.308334,300,20.7
CALCOFI 0010,93.3,30,NA,"32.850, -117.850",10/12/00,19:36,19:57,0,213,CALBOBL,NA,0.505,OBLIQUE,ethanol,ethanol,200010,200010:93.3_30,93.3_30,2000,10,Fall,NA,NA,NA,NA,NA,NA,NA,NA
CALCOFI 0204,93.3,30,NA,"32.850, -117.533",3/28/02,18:23,18:44,0,213,CALBOBL,NA,0.505,OBLIQUE,ethanol,ethanol,200204,200204:93.3_30,93.3_30,2002,3,Spring,NA,NA,NA,NA,NA,NA,NA,NA
CALCOFI 1304,93.3,30,NA,"32.845, -117.532",4/7/13,0:40,1:01,0,213,CALBOBL,NA,0.505,OBLIQUE,ethanol,ethanol,201304,201304:93.3_30,93.3_30,2013,4,Spring,BELL M. SHIMADA,SH,4,07:00:00Z,32.845,-117.53167,870,16.1
CALCOFI 0104,93.3,35,NA,"32.867, -117.867",4/6/01,22:51,23:12,0,213,CALBOBL,NA,0.505,OBLIQUE,ethanol,ethanol,200104,200104:93.3_35,93.3_35,2001,4,Spring,NA,NA,NA,NA,NA,NA,NA,NA
CALCOFI 9910,93.3,35,NA,"32.683, -117.867",10/3/99,22:14,22:34,0,213,CALBOBL,NA,0.505,OBLIQUE,ethanol,ethanol,199910,199910:93.3_35,93.3_35,1999,10,Fall,NA,NA,NA,NA,NA,NA,NA,NA
CALCOFI 0004,93.3,35,NA,"32.683, -117.867",4/8/00,1:13,1:34,0,213,CALBOBL,NA,0.505,OBLIQUE,ethanol,ethanol,200004,200004:93.3_35,93.3_35,2000,4,Spring,DAVID STARR JORDAN,JD,4,06:33:00Z,32.681667,-117.87334,622,15.4
CALCOFI 1411,93.3,35,NA,"32.680, -117.873",11/9/14,4:15,4:37,0,213,CALBOBL,NA,0.505,OBLIQUE,ethanol,ethanol,201411,201411:93.3_35,93.3_35,2014,11,Fall,NEW HORIZON,NH,6,10:38:00Z,32.68,-117.87334,622,20.4
CALCOFI 1504,93.3,35,NA,"32.682, -117.873",4/5/15,2:13,2:37,0,213,CALBOBL,NA,0.505,OBLIQUE,ethanol,ethanol,201504,201504:93.3_35,93.3_35,2015,4,Spring,NEW HORIZON,NH,6,08:35:00Z,32.681667,-117.87334,621,18.79
CALCOFI 1210,93.3,35,NA,"32.667, -117.870",10/20/12,8:52,,0,213,CALBOBL,NA,0.505,OBLIQUE,ethanol,ethanol,201210,201210:93.3_35,93.3_35,2012,10,Fall,NEW HORIZON,NH,6,15:14:00Z,32.666664,-117.87,644,20.5
CALCOFI 2010,93.3,35,NA,"32.678, -117.875",10/11/20,23:51,0:13,0,213,CALBOBL,NA,0.505,OBLIQUE,ethanol,ethanol,202010,202010:93.3_35,93.3_35,2020,10,Fall,NA,NA,NA,NA,NA,NA,NA,NA
CALCOFI 0404 ,93.3,40,NA,"32.517, -118.217",3/24/04,3:13,3:35,0,213,CALBOBL,NA,0.505,OBLIQUE,ethanol,ethanol,200404,200404:93.3_40,93.3_40,2004,3,Spring,NEW HORIZON,NH,5,09:26:00Z,32.515,-118.21333,1674,15.4
CALCOFI 1804,70,51,NA,"36.180, -121.732",4/23/18,4:11,4:32,0,214,CALBOBL,NA,0.505,OBLIQUE,ethanol,ethanol,201804,201804:70_51,70_51,2018,4,Spring,BELL M. SHIMADA,SH,86,11:06:00Z,36.18,-121.73167,314,9.8
CALCOFI 1804,70,55,NA,"36.047, -122.010",4/23/18,1:00,1:21,0,214,CALBOBL,NA,0.505,OBLIQUE,ethanol,ethanol,201804,201804:70_55,70_55,2018,4,Spring,BELL M. SHIMADA,SH,85,07:44:00Z,36.046665,-122.01,1312,11.5
CALCOFI 1804,70,80,NA,"35.215, -123.778",4/22/18,8:52,9:14,0,214,CALBOBL,NA,0.505,OBLIQUE,ethanol,ethanol,201804,201804:70_80,70_80,2018,4,Spring,BELL M. SHIMADA,SH,82,15:57:00Z,35.215,-123.778336,4080,13.8
CALCOFI 0404,73.3,60,NA,"35.317, -121.967",4/15/04,13:05,13:26,0,214,CALBOBL,NA,0.505,OBLIQUE,ethanol,ethanol,200404,200404:73.3_60,73.3_60,2004,4,Spring,DAVID STARR JORDAN,JD,5,19:44:00Z,35.31,-121.96166,2500,13.4
CALCOFI 1511,76.7,60,NA,"34.722, -121.548",11/7/15,21:09,21:32,0,214,CALBOBL,NA,0.505,OBLIQUE,ethanol,ethanol,201511,201511:76.7_60,76.7_60,2015,11,Fall,NA,NA,NA,NA,NA,NA,NA,NA
CALCOFI 0104,80,55,NA,"34.800, -120.800",4/19/01,22:46,23:07,0,214,CALBOBL,NA,0.505,OBLIQUE,ethanol,ethanol,200104,200104:80_55,80_55,2001,4,Spring,NA,NA,NA,NA,NA,NA,NA,NA
CALCOFI 1110,80,55,NA,"34.317, -120.800",10/29/11,4:06,4:27,0,214,CALBOBL,NA,0.505,,Ethanol,Ethanol,201110,201110:80_55,80_55,2011,10,Fall,NEW HORIZON,NH,62,09:54:00Z,34.316666,-120.805,836,16.9
CALCOFI 1810,80,55,NA,"34.317, -120.802",10/25/18,3:03,3:26,0,214,CALBOBL,NA,0.505,OBLIQUE,ethanol,ethanol,201810,201810:80_55,80_55,2018,10,Fall,NA,NA,NA,NA,NA,NA,NA,NA
CALCOFI 2010,80,55,NA,"34.317, -120.803",10/20/20,22:48,23:11,0,214,CALBOBL,NA,0.505,OBLIQUE,ethanol,ethanol,202010,202010:80_55,80_55,2020,10,Fall,NA,NA,NA,NA,NA,NA,NA,NA
CALCOFI 9904,80,60,NA,"34.150, -121.150",4/13/99,0:09,0:30,0,214,CALBOBL,NA,0.505,OBLIQUE,ethanol,ethanol,199904,199904:80_60,80_60,1999,4,Spring,DAVID STARR JORDAN,JD,54,06:30:00Z,34.148335,-121.15,2179,11
CALCOFI 2204,80,60,NA,"34.150, -121.152",4/18/22,21:05,21:26,0,214,CALBOBL,NA,0.505,OBLIQUE,ethanol,ethanol,202204,202204:80_60,80_60,2022,4,Spring,NA,NA,NA,NA,NA,NA,NA,NA
CALCOFI 0704,81.8,46.9,NA,"34.283, -120.033",4/13/07,12:05,12:26,0,214,CALBOBL,NA,0.505,OBLIQUE,ethanol,ethanol,200704,200704:81.8_46.9,81.8_46.9,2007,4,Spring,DAVID STARR JORDAN,JD,50,18:15:00Z,34.275,-120.025,581,12.6
CALCOFI 1810,81.8,46.9,NA,"34.275, -120.025",10/28/18,11:58,12:20,0,214,CALBOBL,NA,0.505,OBLIQUE,ethanol,ethanol,201810,201810:81.8_46.9,81.8_46.9,2018,10,Fall,NA,NA,NA,NA,NA,NA,NA,NA
CALCOFI 0610,83.3,55,NA,"33.750, -120.417",10/31/06,16:08,16:29,0,214,CALBOBL,NA,0.505,OBLIQUE,ethanol,ethanol,200610,200610:83.3_55,83.3_55,2006,10,Fall,ROGER REVELLE,RR,52,22:27:00Z,33.743332,-120.415,1067,15.5
CALCOFI 2204,83.3,55,NA,"33.745, -120.410",4/17/22,12:12,12:34,0,214,CALBOBL,NA,0.505,OBLIQUE,ethanol,ethanol,202204,202204:83.3_55,83.3_55,2022,4,Spring,BELL M. SHIMADA,SH,51,18:48:00Z,33.745,-120.41,985,12.2
CALCOFI 0204,86.7,40,NA,"33.667, -118.967",4/3/02,22:00,22:21,0,214,CALBOBL,NA,0.505,OBLIQUE,ethanol,ethanol,200204,200204:86.7_40,86.7_40,2002,4,Spring,NA,NA,NA,NA,NA,NA,NA,NA
CALCOFI 1404,86.7,40,NA,"33.657, -118.975",4/27/14,10:07,10:28,0,214,CALBOBL,NA,0.505,OBLIQUE,ethanol,ethanol,201404,201404:86.7_40,86.7_40,2014,4,Spring,OCEAN STARR,OS,84,17:22:00Z,33.656666,-118.975,769,15.5
CALCOFI 0004,86.7,45,NA,"33.500, -119.317",4/14/00,15:27,15:48,0,214,CALBOBL,NA,0.505,OBLIQUE,ethanol,ethanol,200004,200004:86.7_45,86.7_45,2000,4,Spring,DAVID STARR JORDAN,JD,32,22:00:00Z,33.493332,-119.32166,1665,13.9
CALCOFI 0304,86.7,45,NA,"33.483, -119.317",4/11/03,4:35,4:56,0,214,CALBOBL,NA,0.505,OBLIQUE,ethanol,ethanol,200304,200304:86.7_45,86.7_45,2003,4,Spring,ROGER REVELLE,RR,33,11:00:00Z,33.49,-119.31834,1659,12.8
CALCOFI 1210,86.7,45,NA,"33.490, -119.318",10/25/12,11:32,,0,214,CALBOBL,NA,0.505,OBLIQUE,ethanol,ethanol,201210,201210:86.7_45,86.7_45,2012,10,Fall,NEW HORIZON,NH,26,17:27:00Z,33.49,-119.31834,1662,18.2
CALCOFI 2105,86.7,45,NA,"33.490, -119.323",5/9/21,19:32,19:53,0,214,CALBOBL,NA,0.505,OBLIQUE,ethanol,ethanol,202105,202105:86.7_45,86.7_45,2021,5,Spring,NA,NA,NA,NA,NA,NA,NA,NA
CALCOFI 0104,90,28,NA,"33.767, -117.767",4/13/01,3:06,3:27,0,214,CALBOBL,NA,0.505,OBLIQUE,ethanol,ethanol,200104,200104:90_28,90_28,2001,4,Spring,DAVID STARR JORDAN,JD,30,09:30:00Z,33.485,-117.77,230,14.7
CALCOFI 0610,90,28,NA,"33.483, -117.767",10/27/06,9:17,9:38,0,214,CALBOBL,NA,0.505,OBLIQUE,ethanol,ethanol,200610,200610:90_28,90_28,2006,10,Fall,ROGER REVELLE,RR,31,16:09:00Z,33.485,-117.77,292,18.1
CALCOFI 0004,90,35,NA,"33.250, -118.250",4/13/00,11:40,12:01,0,214,CALBOBL,NA,0.505,OBLIQUE,ethanol,ethanol,200004,200004:90_35,90_35,2000,4,Spring,DAVID STARR JORDAN,JD,26,17:22:00Z,33.248333,-118.25166,381,16.2
CALCOFI 2010,90,35,NA,"33.250, -118.252",10/16/20,15:31,15:54,0,214,CALBOBL,NA,0.505,OBLIQUE,ethanol,ethanol,202010,202010:90_35,90_35,2020,10,Fall,NA,NA,NA,NA,NA,NA,NA,NA
CALCOFI 0204,90,37,NA,"33.183, -118.383",4/2/02,21:18,21:39,0,214,CALBOBL,NA,0.505,OBLIQUE,ethanol,ethanol,200204,200204:90_37,90_37,2002,4,Spring,NA,NA,NA,NA,NA,NA,NA,NA
CALCOFI 1504,90,37,NA,"33.185, -118.387",4/10/15,5:53,6:14,0,214,CALBOBL,NA,0.505,OBLIQUE,ethanol,ethanol,201504,201504:90_37,90_37,2015,4,Spring,NEW HORIZON,NH,27,12:08:00Z,33.185,-118.386665,1188,17.2
CALCOFI 1511,90,37,NA,"33.183, -118.387",11/2/15,15:11,15:33,0,214,CALBOBL,NA,0.505,OBLIQUE,ethanol,ethanol,201511,201511:90_37,90_37,2015,11,Fall,OCEANUS,OC,21,21:28:00Z,33.183334,-118.386665,1190,22.3
CALCOFI 0810,90,45,NA,"32.917, -118.933",10/30/08,1:53,2:14,0,214,CALBOBL,NA,0.505,OBLIQUE,ethanol,ethanol,200810,200810:90_45,90_45,2008,10,Fall,NEW HORIZON,NH,73,08:03:00Z,32.92,-118.935,1728,17.9
CALCOFI 9904,90,60,NA,"32.417, -119.967",4/6/99,11:15,11:36,0,214,CALBOBL,NA,0.505,OBLIQUE,ethanol,ethanol,199904,199904:90_60,90_60,1999,4,Spring,DAVID STARR JORDAN,JD,22,17:42:00Z,32.41833,-119.96,900,13.1
CALCOFI 1110,90,60,NA,"32.417, -119.967",10/21/11,21:11,21:33,0,214,CALBOBL,NA,0.505,,Ethanol,Ethanol,201110,201110:90_60,90_60,2011,10,Fall,NA,NA,NA,NA,NA,NA,NA,NA
CALCOFI 0511,93.3,26.7,NA,"32.950, -117.300",11/4/05,12:48,13:08,0,214,CALBOBL,NA,0.505,OBLIQUE,ethanol,ethanol,200511,200511:93.3_26.7,93.3_26.7,2005,11,Fall,NEW HORIZON,NH,1,19:08:00Z,32.956665,-117.305,305,17.9
CALCOFI 0104,93.3,30,NA,"32.533, -117.533",4/6/01,18:45,19:06,0,214,CALBOBL,NA,0.505,OBLIQUE,ethanol,ethanol,200104,200104:93.3_30,93.3_30,2001,4,Spring,NA,NA,NA,NA,NA,NA,NA,NA
CALCOFI 0810,93.3,30,NA,"32.867, -117.517",10/14/08,19:52,20:13,0,214,CALBOBL,NA,0.505,OBLIQUE,ethanol,ethanol,200810,200810:93.3_30,93.3_30,2008,10,Fall,NA,NA,NA,NA,NA,NA,NA,NA
CALCOFI 1711,93.3,30,NA,"32.845, -117.533",11/9/17,22:52,23:14,0,214,CALBOBL,NA,0.505,OBLIQUE,ethanol,ethanol,201711,201711:93.3_30,93.3_30,2017,11,Fall,NA,NA,NA,NA,NA,NA,NA,NA
CALCOFI 0204,93.3,35,NA,"32.683, -117.867",3/28/02,22:17,22:38,0,214,CALBOBL,NA,0.505,OBLIQUE,ethanol,ethanol,200204,200204:93.3_35,93.3_35,2002,3,Spring,NA,NA,NA,NA,NA,NA,NA,NA
CALCOFI 0704,93.3,35,NA,"32.683, -117.867",3/28/07,13:11,13:32,0,214,CALBOBL,NA,0.505,OBLIQUE,ethanol,ethanol,200704,200704:93.3_35,93.3_35,2007,3,Spring,DAVID STARR JORDAN,JD,5,19:30:00Z,32.676666,-117.87,628,14.6
CALCOFI 0204,93.3,40,NA,"32.517, -118.217",3/29/02,3:57,4:18,0,214,CALBOBL,NA,0.505,OBLIQUE,ethanol,ethanol,200204,200204:93.3_40,93.3_40,2002,3,Spring,DAVID STARR JORDAN,JD,5,08:38:00Z,32.515,-118.215,1650,14.4
CALCOFI 1210,93.3,40,NA,"32.513, -118.210",10/20/12,13:11,,0,214,CALBOBL,NA,0.505,OBLIQUE,ethanol,ethanol,201210,201210:93.3_40,93.3_40,2012,10,Fall,NEW HORIZON,NH,7,19:27:00Z,32.513332,-118.21,1691,20.1
CALCOFI 2105,93.3,40,NA,"32.513, -118.215",5/5/21,0:01,0:22,0,214,CALBOBL,NA,0.505,OBLIQUE,ethanol,ethanol,202105,202105:93.3_40,93.3_40,2021,5,Spring,BELL M. SHIMADA,SH,5,06:40:00Z,32.513332,-118.215,1652,16.7
CALCOFI 0804,73.3,60,NA,"35.317, -121.967",4/26/08,20:15,20:36,0,215,CALBOBL,NA,0.505,OBLIQUE,ethanol,ethanol,200804,200804:73.3_60,73.3_60,2008,4,Spring,NA,NA,NA,NA,NA,NA,NA,NA
CALCOFI 1604,76.7,55,NA,"34.888, -121.197",4/13/16,7:43,8:04,0,215,CALBOBL,NA,0.505,OBLIQUE,ethanol,ethanol,201604,201604:76.7_55,76.7_55,2016,4,Spring,BELL M. SHIMADA,SH,64,14:04:00Z,34.888332,-121.19666,565,14.8
CALCOFI 1210,76.7,60,NA,"34.722, -121.548",11/3/12,19:34,,0,215,CALBOBL,NA,0.505,OBLIQUE,ethanol,ethanol,201210,201210:76.7_60,76.7_60,2012,11,Fall,NA,NA,NA,NA,NA,NA,NA,NA
CALCOFI 1004,80,80,NA,"33.500, -122.533",5/14/10,23:49,0:09,0,215,CALBOBL,NA,0.505,OBLIQUE,Ethanol,Ethanol,201004,201004:80_80,80_80,2010,5,Spring,NA,NA,NA,NA,NA,NA,NA,NA
CALCOFI 1304,80,80,NA,"33.488, -122.537",4/20/13,23:17,23:37,0,215,CALBOBL,NA,0.505,OBLIQUE,ethanol,ethanol,201304,201304:80_80,80_80,2013,4,Spring,NA,NA,NA,NA,NA,NA,NA,NA
CALCOFI 1004,81.8,46.9,NA,"34.267, -120.017",5/13/10,17:15,17:36,0,215,CALBOBL,NA,0.505,OBLIQUE,Ethanol,Ethanol,201004,201004:81.8_46.9,81.8_46.9,2010,5,Spring,MILLER FREEMAN,MF,174,23:54:00Z,34.273335,-120.02,580,12.5
CALCOFI 1711,81.8,46.9,NA,"34.275, -120.023",11/17/17,16:15,16:35,0,215,CALBOBL,NA,0.505,OBLIQUE,ethanol,ethanol,201711,201711:81.8_46.9,81.8_46.9,2017,11,Fall,NA,NA,NA,NA,NA,NA,NA,NA
CALCOFI 0004,83.3,51,NA,"33.883, -120.133",4/18/00,12:09,12:30,0,215,CALBOBL,NA,0.505,OBLIQUE,ethanol,ethanol,200004,200004:83.3_51,83.3_51,2000,4,Spring,DAVID STARR JORDAN,JD,48,18:31:00Z,33.876667,-120.135,240,13.7
CALCOFI 1904,83.3,55,NA,"33.743, -120.413",4/14/19,21:51,22:12,0,215,CALBOBL,NA,0.505,OBLIQUE,ethanol,ethanol,201904,201904:83.3_55,83.3_55,2019,4,Spring,NA,NA,NA,NA,NA,NA,NA,NA
CALCOFI 0104,86.7,40,NA,"33.967, -118.967",4/13/01,21:08,21:29,0,215,CALBOBL,NA,0.505,OBLIQUE,ethanol,ethanol,200104,200104:86.7_40,86.7_40,2001,4,Spring,NA,NA,NA,NA,NA,NA,NA,NA
CALCOFI 9904,86.7,40,NA,"33.650, -118.967",4/8/99,1:23,1:44,0,215,CALBOBL,NA,0.505,OBLIQUE,ethanol,ethanol,199904,199904:86.7_40,86.7_40,1999,4,Spring,DAVID STARR JORDAN,JD,31,08:00:00Z,33.656666,-118.975,795,13.7
CALCOFI 0004,86.7,40,NA,"33.650, -118.983",4/14/00,9:07,9:28,0,215,CALBOBL,NA,0.505,OBLIQUE,ethanol,ethanol,200004,200004:86.7_40,86.7_40,2000,4,Spring,DAVID STARR JORDAN,JD,31,16:32:00Z,33.656666,-118.97667,665,14.8
CALCOFI 0810,86.7,40,NA,"33.650, -118.983",10/21/08,4:53,5:14,0,215,CALBOBL,NA,0.505,OBLIQUE,ethanol,ethanol,200810,200810:86.7_40,86.7_40,2008,10,Fall,NEW HORIZON,NH,34,10:43:00Z,33.656666,-118.97667,756,17.1
CALCOFI 0804,86.7,45,NA,"33.483, -119.317",4/1/08,12:33,12:54,0,215,CALBOBL,NA,0.505,OBLIQUE,ethanol,ethanol,200804,200804:86.7_45,86.7_45,2008,4,Spring,DAVID STARR JORDAN,JD,34,19:05:00Z,33.488335,-119.31834,1652,12.5
CALCOFI 1110,86.7,45,NA,"33.500, -119.317",10/24/11,4:12,4:33,0,215,CALBOBL,NA,0.505,,Ethanol,Ethanol,201110,201110:86.7_45,86.7_45,2011,10,Fall,NEW HORIZON,NH,38,10:17:00Z,33.491665,-119.316666,1668,15.5
CALCOFI 9604,90,35,NA,"33.250, -118.250",4/22/96,2:20,2:41,0,215,CALBOBL,NA,0.505,OBLIQUE,ethanol,ethanol,199604,199604:90_35,90_35,1996,4,Spring,DAVID STARR JORDAN,JD,25,09:09:00Z,33.251667,-118.25,285,16.6
CALCOFI 0804,90,35,NA,"33.250, -118.250",3/31/08,9:05,9:26,0,215,CALBOBL,NA,0.505,OBLIQUE,ethanol,ethanol,200804,200804:90_35,90_35,2008,3,Spring,DAVID STARR JORDAN,JD,28,16:13:00Z,33.251667,-118.24834,331,14.5
CALCOFI 1104,90,35,NA,"33.250, -118.250",4/16/11,23:20,23:41,0,215,CALBOBL,NA,0.505,OBLIQUE,Ethanol,Ethanol,201104,201104:90_35,90_35,2011,4,Spring,NA,NA,NA,NA,NA,NA,NA,NA
CALCOFI 1411,90,45,NA,"32.918, -118.935",11/13/14,20:42,21:03,0,215,CALBOBL,NA,0.505,OBLIQUE,ethanol,ethanol,201411,201411:90_45,90_45,2014,11,Fall,NA,NA,NA,NA,NA,NA,NA,NA
CALCOFI 0911,90,60,NA,"32.417, -119.967",11/11/09,15:54,16:15,0,215,CALBOBL,NA,0.505,OBLIQUE,ethanol,ethanol,200911,200911:90_60,90_60,2009,11,Fall,NEW HORIZON,NH,24,22:02:00Z,32.416664,-119.958336,893,17.7
CALCOFI 0604,93.3,30,NA,"32.850, -117.533",4/2/06,0:43,1:03,0,215,CALBOBL,NA,0.505,OBLIQUE,ethanol,ethanol,200604,200604:93.3_30,93.3_30,2006,4,Spring,NEW HORIZON,NH,5,06:52:00Z,32.846664,-117.53,864,14.5
CALCOFI 0704,93.3,30,NA,"32.850, -117.533",3/28/07,8:30,8:51,0,215,CALBOBL,NA,0.505,OBLIQUE,ethanol,ethanol,200704,200704:93.3_30,93.3_30,2007,3,Spring,DAVID STARR JORDAN,JD,4,14:45:00Z,32.846664,-117.53,864,14.4
CALCOFI 1210,93.3,30,NA,"32.848, -117.530",10/20/12,4:40,,0,215,CALBOBL,NA,0.505,OBLIQUE,ethanol,ethanol,201210,201210:93.3_30,93.3_30,2012,10,Fall,NEW HORIZON,NH,5,10:11:00Z,32.84833,-117.53,855,20.4
CALCOFI 2105,93.3,30,NA,"32.847, -117.532",5/4/21,16:25,16:46,0,215,CALBOBL,NA,0.505,OBLIQUE,ethanol,ethanol,202105,202105:93.3_30,93.3_30,2021,5,Spring,BELL M. SHIMADA,SH,3,23:11:00Z,32.846664,-117.53167,850,17.7
CALCOFI 0911,93.3,35,NA,"32.683, -117.867",11/7/09,3:46,4:07,0,215,CALBOBL,NA,0.505,OBLIQUE,ethanol,ethanol,200911,200911:93.3_35,93.3_35,2009,11,Fall,NEW HORIZON,NH,6,10:04:00Z,32.676666,-117.87,630,18.2
CALCOFI 1004,93.3,35,NA,"32.683, -117.867",4/27/10,9:00,9:19,0,215,CALBOBL,NA,0.505,OBLIQUE,Ethanol,Ethanol,201004,201004:93.3_35,93.3_35,2010,4,Spring,MILLER FREEMAN,MF,128,15:31:00Z,32.678333,-117.87334,611,15.9
CALCOFI 1911,93.3,35,NA,"32.682, -117.873",11/5/19,3:55,4:17,0,215,CALBOBL,NA,0.505,OBLIQUE,ethanol,ethanol,201911,201911:93.3_35,93.3_35,2019,11,Fall,NA,NA,NA,NA,NA,NA,NA,NA
CALCOFI 0911,93.3,40,NA,"32.517, -118.200",11/7/09,7:59,8:22,0,215,CALBOBL,NA,0.505,OBLIQUE,ethanol,ethanol,200911,200911:93.3_40,93.3_40,2009,11,Fall,NEW HORIZON,NH,7,14:19:00Z,32.516666,-118.206665,1691,18.7
CALCOFI 0804,70,55,NA,"36.050, -122.017",4/27/08,11:57,12:18,0,216,CALBOBL,NA,0.505,OBLIQUE,ethanol,ethanol,200804,200804:70_55,70_55,2008,4,Spring,DAVID STARR JORDAN,JD,168,18:33:00Z,36.048332,-122.01,1312,10.8
CALCOFI 2204,70,80,NA,"35.217, -123.777",4/22/22,21:34,21:55,0,216,CALBOBL,NA,0.505,OBLIQUE,ethanol,ethanol,202204,202204:70_80,70_80,2022,4,Spring,NA,NA,NA,NA,NA,NA,NA,NA
CALCOFI 0004,76.7,60,NA,"34.717, -121.550",4/22/00,1:15,1:36,0,216,CALBOBL,NA,0.505,OBLIQUE,ethanol,ethanol,200004,200004:76.7_60,76.7_60,2000,4,Spring,DAVID STARR JORDAN,JD,63,07:40:00Z,34.721664,-121.54833,926,13.6
CALCOFI 0411,80,55,NA,"34.317, -120.800",11/15/04,8:21,8:42,0,216,CALBOBL,NA,0.505,OBLIQUE,ethanol,ethanol,200411,200411:80_55,80_55,2004,11,Fall,ROGER REVELLE,RR,58,14:31:00Z,34.316666,-120.80167,834,15.5
CALCOFI 0903,80,55,NA,"34.317, -120.800",3/20/09,1:22,1:43,0,216,CALBOBL,NA,0.505,OBLIQUE,ethanol,ethanol,200903,200903:80_55,80_55,2009,3,Spring,DAVID STARR JORDAN,JD,61,07:35:00Z,34.32,-120.80167,750,12.7
CALCOFI 1504,80,80,NA,"33.480, -122.532",4/16/15,20:44,21:06,0,216,CALBOBL,NA,0.505,OBLIQUE,ethanol,ethanol,201504,201504:80_80,80_80,2015,4,Spring,NA,NA,NA,NA,NA,NA,NA,NA
CALCOFI 0004,83.3,55,NA,"33.750, -120.417",4/18/00,8:14,8:35,0,216,CALBOBL,NA,0.505,OBLIQUE,ethanol,ethanol,200004,200004:83.3_55,83.3_55,2000,4,Spring,DAVID STARR JORDAN,JD,47,14:35:00Z,33.745,-120.41,991,13.3
CALCOFI 1404,83.3,55,NA,"33.747, -120.410",4/12/14,5:43,6:05,0,216,CALBOBL,NA,0.505,OBLIQUE,ethanol,ethanol,201404,201404:83.3_55,83.3_55,2014,4,Spring,OCEAN STARR,OS,49,11:54:00Z,33.746666,-120.41,993,14.6
CALCOFI 1311,83.3,55,NA,"33.745, -120.410",11/19/13,20:15,20:37,0,216,CALBOBL,NA,0.505,OBLIQUE,ethanol,ethanol,201311,201311:83.3_55,83.3_55,2013,11,Fall,NA,NA,NA,NA,NA,NA,NA,NA
CALCOFI 0411,86.7,40,NA,"33.667, -118.967",11/10/04,3:37,3:58,0,216,CALBOBL,NA,0.505,OBLIQUE,ethanol,ethanol,200411,200411:86.7_40,86.7_40,2004,11,Fall,ROGER REVELLE,RR,34,09:33:00Z,33.658333,-118.975,744,17
CALCOFI 1210,86.7,40,NA,"33.657, -118.973",10/25/12,16:37,,0,216,CALBOBL,NA,0.505,OBLIQUE,ethanol,ethanol,201210,201210:86.7_40,86.7_40,2012,10,Fall,NEW HORIZON,NH,27,22:28:00Z,33.656666,-118.973335,760,18.29
CALCOFI 0604,86.7,45,NA,"33.483, -119.317",4/9/06,1:54,2:15,0,216,CALBOBL,NA,0.505,OBLIQUE,ethanol,ethanol,200604,200604:86.7_45,86.7_45,2006,4,Spring,NEW HORIZON,NH,37,07:25:00Z,33.49,-119.316666,1647,13.6
CALCOFI 1911,86.7,45,NA,"33.490, -119.317",11/10/19,22:55,23:18,0,216,CALBOBL,NA,0.505,OBLIQUE,ethanol,ethanol,201911,201911:86.7_45,86.7_45,2019,11,Fall,NA,NA,NA,NA,NA,NA,NA,NA
CALCOFI 0211,90,28,NA,"33.483, -117.767",11/16/02,14:43,15:04,0,216,CALBOBL,NA,0.505,OBLIQUE,ethanol,ethanol,200211,200211:90_28,90_28,2002,11,Fall,NEW HORIZON,NH,28,21:25:00Z,33.485,-117.77,248,18
CALCOFI 2105,90,35,NA,"33.252, -118.250",5/8/21,17:21,17:43,0,216,CALBOBL,NA,0.505,OBLIQUE,ethanol,ethanol,202105,202105:90_35,90_35,2021,5,Spring,NA,NA,NA,NA,NA,NA,NA,NA
CALCOFI 0404 ,90,37,NA,"33.183, -118.383",3/28/04,23:55,0:17,0,216,CALBOBL,NA,0.505,OBLIQUE,ethanol,ethanol,200404,200404:90_37,90_37,2004,3,Spring,NA,NA,NA,NA,NA,NA,NA,NA
CALCOFI 0704,90,45,NA,"32.917, -118.933",4/6/07,3:25,3:46,0,216,CALBOBL,NA,0.505,OBLIQUE,ethanol,ethanol,200704,200704:90_45,90_45,2007,4,Spring,DAVID STARR JORDAN,JD,25,09:47:00Z,32.91833,-118.935,1718,14.7
CALCOFI 0804,90,60,NA,"32.417, -119.967",3/30/08,12:56,13:17,0,216,CALBOBL,NA,0.505,OBLIQUE,ethanol,ethanol,200804,200804:90_60,90_60,2008,3,Spring,DAVID STARR JORDAN,JD,24,18:43:00Z,32.41833,-119.96166,895,13.2
CALCOFI 1810,93.3,30,NA,"32.847, -117.530",10/14/18,22:02,22:24,0,216,CALBOBL,NA,0.505,OBLIQUE,ethanol,ethanol,201810,201810:93.3_30,93.3_30,2018,10,Fall,NA,NA,NA,NA,NA,NA,NA,NA
CALCOFI 2204,93.3,30,NA,"32.843, -117.532",4/7/22,3:24,3:44,0,216,CALBOBL,NA,0.505,OBLIQUE,ethanol,ethanol,202204,202204:93.3_30,93.3_30,2022,4,Spring,BELL M. SHIMADA,SH,5,09:34:00Z,32.843334,-117.53167,867,17.5
CALCOFI 1904,93.3,35,NA,"32.680, -117.875",4/3/19,1:11,1:33,0,216,CALBOBL,NA,0.505,OBLIQUE,ethanol,ethanol,201904,201904:93.3_35,93.3_35,2019,4,Spring,REUBEN LASKER,RL,5,07:43:00Z,32.68,-117.875,603,16.6
CALCOFI 1203,93.3,35,NA,"32.682, -117.868",3/25/12,7:24,,0,216,CALBOBL,NA,0.505,OBLIQUE,ethanol,ethanol,201203,201203:93.3_35,93.3_35,2012,3,Spring,BELL M. SHIMADA,SH,4,13:46:00Z,32.681667,-117.86833,642,14.2
CALCOFI 1504,93.3,40,NA,"32.513, -118.215",4/5/15,6:22,6:45,0,216,CALBOBL,NA,0.505,OBLIQUE,ethanol,ethanol,201504,201504:93.3_40,93.3_40,2015,4,Spring,NEW HORIZON,NH,7,12:46:00Z,32.513332,-118.215,1658,17.79
CALCOFI 0610,80,55,NA,"34.317, -120.800",11/2/06,2:46,3:09,0,217,CALBOBL,NA,0.505,OBLIQUE,ethanol,ethanol,200610,200610:80_55,80_55,2006,11,Fall,ROGER REVELLE,RR,62,08:35:00Z,34.316666,-120.8,796,15.9
CALCOFI 1804,80,55,NA,"34.333, -120.805",4/17/18,21:00,21:22,0,217,CALBOBL,NA,0.505,OBLIQUE,ethanol,ethanol,201804,201804:80_55,80_55,2018,4,Spring,NA,NA,NA,NA,NA,NA,NA,NA
CALCOFI 1804,80,60,NA,"34.148, -121.148",4/18/18,1:16,1:38,0,217,CALBOBL,NA,0.505,OBLIQUE,ethanol,ethanol,201804,201804:80_60,80_60,2018,4,Spring,BELL M. SHIMADA,SH,63,07:10:00Z,34.148335,-121.14833,2222,13.1
CALCOFI 1104,80,80,NA,"33.483, -122.533",4/24/11,3:15,3:36,0,217,CALBOBL,NA,0.505,OBLIQUE,Ethanol,Ethanol,201104,201104:80_80,80_80,2011,4,Spring,BELL M. SHIMADA,SH,107,08:25:00Z,33.483334,-122.53667,3831,14.6
CALCOFI 0310,83.3,55,NA,"33.750, -120.417",10/30/03,15:08,15:30,0,217,CALBOBL,NA,0.505,OBLIQUE,ethanol,ethanol,200310,200310:83.3_55,83.3_55,2003,10,Fall,NEW HORIZON,NH,47,21:23:00Z,33.745,-120.41333,1035,15.7
CALCOFI 0810,83.3,55,NA,"33.750, -120.400",10/25/08,0:20,0:41,0,217,CALBOBL,NA,0.505,OBLIQUE,ethanol,ethanol,200810,200810:83.3_55,83.3_55,2008,10,Fall,NEW HORIZON,NH,50,06:28:00Z,33.745,-120.40833,985,16.6
CALCOFI 0903,83.3,55,NA,"33.750, -120.417",3/18/09,20:17,20:38,0,217,CALBOBL,NA,0.505,OBLIQUE,ethanol,ethanol,200903,200903:83.3_55,83.3_55,2009,3,Spring,NA,NA,NA,NA,NA,NA,NA,NA
CALCOFI 1804,86.7,40,NA,"33.657, -118.968",4/11/18,23:31,23:52,0,217,CALBOBL,NA,0.505,OBLIQUE,ethanol,ethanol,201804,201804:86.7_40,86.7_40,2018,4,Spring,NA,NA,NA,NA,NA,NA,NA,NA
CALCOFI 0810,86.7,45,NA,"33.500, -119.300",10/21/08,8:28,8:49,0,217,CALBOBL,NA,0.505,OBLIQUE,ethanol,ethanol,200810,200810:86.7_45,86.7_45,2008,10,Fall,NEW HORIZON,NH,35,15:43:00Z,33.491665,-119.305,1675,17.1
CALCOFI 1411,86.7,45,NA,"33.492, -119.318",11/15/14,7:00,7:22,0,217,CALBOBL,NA,0.505,OBLIQUE,ethanol,ethanol,201411,201411:86.7_45,86.7_45,2014,11,Fall,NEW HORIZON,NH,38,13:25:00Z,33.491665,-119.31834,1662,18.29
CALCOFI 0104,90,37,NA,"33.383, -118.383",4/12/01,17:20,17:41,0,217,CALBOBL,NA,0.505,OBLIQUE,ethanol,ethanol,200104,200104:90_37,90_37,2001,4,Spring,DAVID STARR JORDAN,JD,27,23:49:00Z,33.185,-118.388336,1188,15
CALCOFI 0104,90,45,NA,"32.933, -118.933",4/12/01,11:55,12:16,0,217,CALBOBL,NA,0.505,OBLIQUE,ethanol,ethanol,200104,200104:90_45,90_45,2001,4,Spring,DAVID STARR JORDAN,JD,26,18:00:00Z,32.91833,-118.93667,1704,13.5
CALCOFI 0010,90,60,NA,"32.417, -119.417",10/17/00,21:38,21:59,0,217,CALBOBL,NA,0.505,OBLIQUE,ethanol,ethanol,200010,200010:90_60,90_60,2000,10,Fall,NEW HORIZON,NH,23,21:31:00Z,32.41833,-119.96,892,18
CALCOFI 0810,90,60,NA,"32.417, -119.967",10/19/08,11:03,11:24,0,217,CALBOBL,NA,0.505,OBLIQUE,ethanol,ethanol,200810,200810:90_60,90_60,2008,10,Fall,NEW HORIZON,NH,23,17:16:00Z,32.41833,-119.96,915,17.6
CALCOFI 1304,90,60,NA,"32.417, -119.960",4/14/13,14:40,15:00,0,217,CALBOBL,NA,0.505,OBLIQUE,ethanol,ethanol,201304,201304:90_60,90_60,2013,4,Spring,BELL M. SHIMADA,SH,33,20:45:00Z,32.416664,-119.96,822,13.1
CALCOFI 1810,90,60,NA,"32.418, -119.960",10/19/18,7:42,8:04,0,217,CALBOBL,NA,0.505,OBLIQUE,ethanol,ethanol,201810,201810:90_60,90_60,2018,10,Fall,NA,NA,NA,NA,NA,NA,NA,NA
CALCOFI 0104,93.3,40,NA,"32.217, -118.217",4/7/01,3:18,3:39,0,217,CALBOBL,NA,0.505,OBLIQUE,ethanol,ethanol,200104,200104:93.3_40,93.3_40,2001,4,Spring,DAVID STARR JORDAN,JD,5,09:35:00Z,32.515,-118.215,1645,14.3
CALCOFI 1004,80,60,NA,"34.150, -121.150",5/16/10,19:08,19:29,0,218,CALBOBL,NA,0.505,OBLIQUE,Ethanol,Ethanol,201004,201004:80_60,80_60,2010,5,Spring,NA,NA,NA,NA,NA,NA,NA,NA
CALCOFI 1304,80,60,NA,"34.150, -121.147",4/20/13,7:24,7:45,0,218,CALBOBL,NA,0.505,OBLIQUE,ethanol,ethanol,201304,201304:80_60,80_60,2013,4,Spring,BELL M. SHIMADA,SH,57,15:15:00Z,34.15,-121.14667,2310,11.9
CALCOFI 0104,81.8,46.9,NA,"34.033, -120.033",4/18/01,1:14,1:35,0,218,CALBOBL,NA,0.505,OBLIQUE,ethanol,ethanol,200104,200104:81.8_46.9,81.8_46.9,2001,4,Spring,DAVID STARR JORDAN,JD,52,07:25:00Z,34.276665,-120.026665,585,12.1
CALCOFI 1511,86.7,40,NA,"33.655, -118.973",11/3/15,17:58,18:20,0,218,CALBOBL,NA,0.505,OBLIQUE,ethanol,ethanol,201511,201511:86.7_40,86.7_40,2015,11,Fall,NA,NA,NA,NA,NA,NA,NA,NA
CALCOFI 0304,93.3,30,NA,"32.850, -117.533",4/4/03,20:14,20:35,0,218,CALBOBL,NA,0.505,OBLIQUE,ethanol,ethanol,200304,200304:93.3_30,93.3_30,2003,4,Spring,NA,NA,NA,NA,NA,NA,NA,NA
CALCOFI 9904,93.3,35,NA,"32.683, -117.867",4/1/99,23:42,0:03,0,218,CALBOBL,NA,0.505,OBLIQUE,ethanol,ethanol,199904,199904:93.3_35,93.3_35,1999,4,Spring,NA,NA,NA,NA,NA,NA,NA,NA
CALCOFI 0711 ,93.3,35,NA,"32.683, -117.867",11/3/07,13:09,13:30,0,218,CALBOBL,NA,0.505,OBLIQUE,ethanol,ethanol,200711,200711:93.3_35,93.3_35,2007,11,Fall,NEW HORIZON,NH,5,20:33:00Z,32.68,-117.87334,632,16.79
CALCOFI 0504,70,55,NA,"36.050, -122.017",4/15/05,6:25,6:46,0,219,CALBOBL,NA,0.505,OBLIQUE,ethanol,ethanol,200504,200504:70_55,70_55,2005,4,Spring,DAVID STARR JORDAN,JD,34,13:00:00Z,36.046665,-122.01,1320,9.8
CALCOFI 1804,73.3,80,NA,"34.642, -123.363",4/21/18,17:45,18:06,0,219,CALBOBL,NA,0.505,OBLIQUE,ethanol,ethanol,201804,201804:73.3_80,73.3_80,2018,4,Spring,NA,NA,NA,NA,NA,NA,NA,NA
CALCOFI 0804,83.3,51,NA,"33.883, -120.133",4/5/08,11:20,11:41,0,219,CALBOBL,NA,0.505,OBLIQUE,ethanol,ethanol,200804,200804:83.3_51,83.3_51,2008,4,Spring,DAVID STARR JORDAN,JD,50,18:04:00Z,33.875,-120.14166,255,10.3
CALCOFI 1104,90,37,NA,"33.183, -118.383",4/16/11,18:10,18:31,0,219,CALBOBL,NA,0.505,OBLIQUE,Ethanol,Ethanol,201104,201104:90_37,90_37,2011,4,Spring,NA,NA,NA,NA,NA,NA,NA,NA
CALCOFI 0411,90,45,NA,"32.917, -118.933",11/8/04,19:12,19:33,0,219,CALBOBL,NA,0.505,OBLIQUE,ethanol,ethanol,200411,200411:90_45,90_45,2004,11,Fall,NA,NA,NA,NA,NA,NA,NA,NA
CALCOFI 1004,90,60,NA,"32.417, -119.950",5/4/10,0:15,0:35,0,219,CALBOBL,NA,0.505,OBLIQUE,Ethanol,Ethanol,201004,201004:90_60,90_60,2010,5,Spring,MILLER FREEMAN,MF,161,06:36:00Z,32.415,-119.955,923,14.9
CALCOFI 0211,93.3,35,NA,"32.683, -117.867",11/11/02,0:04,0:24,0,219,CALBOBL,NA,0.505,OBLIQUE,ethanol,ethanol,200211,200211:93.3_35,93.3_35,2002,11,Fall,NEW HORIZON,NH,4,06:24:00Z,32.683334,-117.86833,642,17.2
CALCOFI 0411,93.3,40,NA,"32.517, -118.217",11/3/04,6:26,6:47,0,219,CALBOBL,NA,0.505,OBLIQUE,ethanol,ethanol,200411,200411:93.3_40,93.3_40,2004,11,Fall,ROGER REVELLE,RR,6,12:39:00Z,32.513332,-118.21333,1672,18.6
CALCOFI 1804,93.3,40,NA,"32.513, -118.213",4/6/18,6:58,7:20,0,219,CALBOBL,NA,0.505,OBLIQUE,ethanol,ethanol,201804,201804:93.3_40,93.3_40,2018,4,Spring,BELL M. SHIMADA,SH,7,13:12:00Z,32.513332,-118.21333,1671,16.2
CALCOFI 0211,76.7,55,NA,"34.883, -121.200",11/24/02,17:02,17:23,0,220,CALBOBL,NA,0.505,OBLIQUE,ethanol,ethanol,200211,200211:76.7_55,76.7_55,2002,11,Fall,NEW HORIZON,NH,64,23:20:00Z,34.888332,-121.2,573,15.3
CALCOFI 1904,80,60,NA,"34.150, -121.153",4/15/19,7:12,7:34,0,220,CALBOBL,NA,0.505,OBLIQUE,ethanol,ethanol,201904,201904:80_60,80_60,2019,4,Spring,REUBEN LASKER,RL,58,14:30:00Z,34.15,-121.153336,2223,13.5
CALCOFI 1704,83.3,55,NA,"33.742, -120.403",4/9/17,10:29,10:50,0,220,CALBOBL,NA,0.505,OBLIQUE,ethanol,ethanol,201704,201704:83.3_55,83.3_55,2017,4,Spring,BELL M. SHIMADA,SH,53,17:35:00Z,33.741665,-120.403336,948,13.1
CALCOFI 2204,86.7,40,NA,"33.655, -118.975",4/14/22,3:47,4:09,0,220,CALBOBL,NA,0.505,OBLIQUE,ethanol,ethanol,202204,202204:86.7_40,86.7_40,2022,4,Spring,BELL M. SHIMADA,SH,35,09:58:00Z,33.655,-118.975,734,16.1
CALCOFI 1904,93.3,40,NA,"32.520, -118.212",4/3/19,5:14,5:35,0,220,CALBOBL,NA,0.505,OBLIQUE,ethanol,ethanol,201904,201904:93.3_40,93.3_40,2019,4,Spring,REUBEN LASKER,RL,6,11:42:00Z,32.52,-118.21166,1669,16.6
CALCOFI 1810,76.7,60,NA,"34.722, -121.548",10/27/18,14:09,14:31,0,221,CALBOBL,NA,0.505,OBLIQUE,ethanol,ethanol,201810,201810:76.7_60,76.7_60,2018,10,Fall,NA,NA,NA,NA,NA,NA,NA,NA
CALCOFI 0711 ,86.7,40,NA,"33.650, -118.967",11/10/07,1:47,2:09,0,221,CALBOBL,NA,0.505,OBLIQUE,ethanol,ethanol,200711,200711:86.7_40,86.7_40,2007,11,Fall,NEW HORIZON,NH,34,07:55:00Z,33.656666,-118.975,771,16.1
CALCOFI 1004,93.3,26.7,NA,"32.950, -117.300",4/27/10,0:14,0:36,0,221,CALBOBL,NA,0.505,OBLIQUE,Ethanol,Ethanol,201004,201004:93.3_26.7,93.3_26.7,2010,4,Spring,MILLER FREEMAN,MF,125,06:54:00Z,32.953335,-117.308334,317,15.3
CALCOFI 0610,90,37,NA,"33.183, -118.383",10/26/06,22:08,22:29,0,222,CALBOBL,NA,0.505,OBLIQUE,ethanol,ethanol,200610,200610:90_37,90_37,2006,10,Fall,NA,NA,NA,NA,NA,NA,NA,NA
CALCOFI 0610,93.3,30,NA,"32.867, -117.533",10/21/06,23:25,23:46,0,222,CALBOBL,NA,0.505,OBLIQUE,ethanol,ethanol,200610,200610:93.3_30,93.3_30,2006,10,Fall,NA,NA,NA,NA,NA,NA,NA,NA
CALCOFI 0804,93.3,40,NA,"32.517, -118.217",3/25/08,16:49,17:10,0,223,CALBOBL,NA,0.505,OBLIQUE,ethanol,ethanol,200804,200804:93.3_40,93.3_40,2008,3,Spring,DAVID STARR JORDAN,JD,7,23:12:00Z,32.513332,-118.21166,1678,15.5
CALCOFI 1711,76.7,55,NA,"34.888, -121.198",11/20/17,13:01,13:23,0,224,CALBOBL,NA,0.505,OBLIQUE,ethanol,ethanol,201711,201711:76.7_55,76.7_55,2017,11,Fall,NA,NA,NA,NA,NA,NA,NA,NA
CALCOFI 0610,76.7,60,NA,"34.717, -121.550",11/4/06,16:24,16:46,0,224,CALBOBL,NA,0.505,OBLIQUE,ethanol,ethanol,200610,200610:76.7_60,76.7_60,2006,11,Fall,ROGER REVELLE,RR,72,22:56:00Z,34.72333,-121.543335,935,16.6
CALCOFI 1311,90,35,NA,"33.252, -118.250",11/15/13,7:11,7:34,0,224,CALBOBL,NA,0.505,OBLIQUE,ethanol,ethanol,201311,201311:90_35,90_35,2013,11,Fall,NEW HORIZON,NH,28,13:38:00Z,33.251667,-118.25,352,18.4
CALCOFI 9604,93.3,30,NA,"32.850, -117.533",4/15/96,18:59,19:20,0,224,CALBOBL,NA,0.505,OBLIQUE,ethanol,ethanol,199604,199604:93.3_30,93.3_30,1996,4,Spring,NA,NA,NA,NA,NA,NA,NA,NA
CALCOFI 0903,93.3,40,NA,"32.517, -118.217",3/8/09,15:07,15:28,0,227,CALBOBL,NA,0.505,OBLIQUE,ethanol,ethanol,200903,200903:93.3_40,93.3_40,2009,3,Spring,DAVID STARR JORDAN,JD,7,21:35:00Z,32.513332,-118.215,1649,14.6
CALCOFI 0610,93.3,40,NA,"32.517, -118.217",10/22/06,7:33,7:54,0,229,CALBOBL,NA,0.505,OBLIQUE,ethanol,ethanol,200610,200610:93.3_40,93.3_40,2006,10,Fall,ROGER REVELLE,RR,7,14:53:00Z,32.515,-118.21333,1674,19.1
CALCOFI 0903,93.3,30,NA,"32.850, -117.533",3/8/09,5:27,5:50,0,235,CALBOBL,NA,0.505,OBLIQUE,ethanol,ethanol,200903,200903:93.3_30,93.3_30,2009,3,Spring,DAVID STARR JORDAN,JD,5,12:00:00Z,32.846664,-117.535,850,14.6
CALCOFI 1411,93.3,26.7,NA,"32.957, -117.305",11/8/14,13:32,13:56,0,237,CALBOBL,NA,0.505,OBLIQUE,ethanol,ethanol,201411,201411:93.3_26.7,93.3_26.7,2014,11,Fall,NEW HORIZON,NH,1,19:53:00Z,32.956665,-117.305,288,19.79
CALCOFI 0610,76.7,55,NA,"34.883, -121.200",11/4/06,20:34,20:57,0,245,CALBOBL,NA,0.505,OBLIQUE,ethanol,ethanol,200610,200610:76.7_55,76.7_55,2006,11,Fall,NA,NA,NA,NA,NA,NA,NA,NA
CALCOFI 1110,93.3,35,NA,"32.683, -117.867",10/17/11,8:14,8:37,0,252,CALBOBL,NA,0.505,,Ethanol,Ethanol,201110,201110:93.3_35,93.3_35,2011,10,Fall,NEW HORIZON,NH,6,15:38:00Z,32.678333,-117.87334,628,18.29
CALCOFI 1010,80,60,NA,"34.150, -121.150",11/10/10,3:12,3:35,NA,NA,CALBOBL,NA,0.505,OBLIQUE,Ethanol,Ethanol,201010,201010:80_60,80_60,2010,11,Fall,NA,NA,NA,NA,NA,NA,NA,NA
CALCOFI 1010,80,80,NA,"33.483, -122.533",11/10/10,17:45,18:06,NA,NA,CALBOBL,NA,0.505,OBLIQUE,Ethanol,Ethanol,201010,201010:80_80,80_80,2010,11,Fall,NA,NA,NA,NA,NA,NA,NA,NA
CALCOFI 1010,81.7,43.5,NA,"34.417, -119.800",11/9/10,11:33,11:35,NA,NA,CALBOBL,NA,0.505,OBLIQUE,Ethanol,Ethanol,201010,201010:81.7_43.5,81.7_43.5,2010,11,Fall,NA,NA,NA,NA,NA,NA,NA,NA
CALCOFI 1010,81.8,46.9,NA,"34.283, -120.017",11/9/10,14:48,15:10,NA,NA,CALBOBL,NA,0.505,OBLIQUE,Ethanol,Ethanol,201010,201010:81.8_46.9,81.8_46.9,2010,11,Fall,NA,NA,NA,NA,NA,NA,NA,NA
CALCOFI 1010,83.3,39.4,NA,"34.250, -119.317",11/9/10,4:35,4:37,NA,NA,CALBOBL,NA,0.505,OBLIQUE,Ethanol,Ethanol,201010,201010:83.3_39.4,83.3_39.4,2010,11,Fall,NA,NA,NA,NA,NA,NA,NA,NA
CALCOFI 1010,83.3,40.6,NA,"34.233, -119.417",11/9/10,6:05,6:08,NA,NA,CALBOBL,NA,0.505,OBLIQUE,Ethanol,Ethanol,201010,201010:83.3_40.6,83.3_40.6,2010,11,Fall,NA,NA,NA,NA,NA,NA,NA,NA
CALCOFI 1010,83.3,55,NA,"33.750, -120.417",11/8/10,12:40,13:03,NA,NA,CALBOBL,NA,0.505,OBLIQUE,Ethanol,Ethanol,201010,201010:83.3_55,83.3_55,2010,11,Fall,NA,NA,NA,NA,NA,NA,NA,NA
CALCOFI 1010,85.4,35.8,NA,"34.017, -118.850",11/9/10,0:41,0:43,NA,NA,CALBOBL,NA,0.505,OBLIQUE,Ethanol,Ethanol,201010,201010:85.4_35.8,85.4_35.8,2010,11,Fall,NA,NA,NA,NA,NA,NA,NA,NA
CALCOFI 1010,86.7,33,NA,"33.900, -118.483",11/4/10,7:24,7:28,NA,NA,CALBOBL,NA,0.505,OBLIQUE,Ethanol,Ethanol,201010,201010:86.7_33,86.7_33,2010,11,Fall,NA,NA,NA,NA,NA,NA,NA,NA
CALCOFI 1010,86.7,40,NA,"33.667, -118.967",11/4/10,14:58,15:20,NA,NA,CALBOBL,NA,0.505,OBLIQUE,Ethanol,Ethanol,201010,201010:86.7_40,86.7_40,2010,11,Fall,NA,NA,NA,NA,NA,NA,NA,NA
CALCOFI 1010,86.7,45,NA,"33.483, -119.317",11/4/10,19:17,19:40,NA,NA,CALBOBL,NA,0.505,OBLIQUE,Ethanol,Ethanol,201010,201010:86.7_45,86.7_45,2010,11,Fall,NA,NA,NA,NA,NA,NA,NA,NA
CALCOFI 1010,86.8,32.5,NA,"33.883, -118.450",11/4/10,5:51,5:52,NA,NA,CALBOBL,NA,0.505,OBLIQUE,Ethanol,Ethanol,201010,201010:86.8_32.5,86.8_32.5,2010,11,Fall,NA,NA,NA,NA,NA,NA,NA,NA
CALCOFI 1010,88.5,30.1,NA,"33.667, -118.083",11/4/10,2:12,2:14,NA,NA,CALBOBL,NA,0.505,OBLIQUE,Ethanol,Ethanol,201010,201010:88.5_30.1,88.5_30.1,2010,11,Fall,NA,NA,NA,NA,NA,NA,NA,NA
CALCOFI 1010,90,28,NA,"33.483, -117.767",11/3/10,23:30,23:44,NA,NA,CALBOBL,NA,0.505,OBLIQUE,Ethanol,Ethanol,201010,201010:90_28,90_28,2010,11,Fall,NA,NA,NA,NA,NA,NA,NA,NA
CALCOFI 1010,90,35,NA,"33.250, -118.250",11/3/10,14:28,14:51,NA,NA,CALBOBL,NA,0.505,OBLIQUE,Ethanol,Ethanol,201010,201010:90_35,90_35,2010,11,Fall,NA,NA,NA,NA,NA,NA,NA,NA
CALCOFI 1010,90,37,NA,"33.183, -118.383",11/3/10,11:39,12:02,NA,NA,CALBOBL,NA,0.505,OBLIQUE,Ethanol,Ethanol,201010,201010:90_37,90_37,2010,11,Fall,NA,NA,NA,NA,NA,NA,NA,NA
CALCOFI 1010,90,60,NA,"32.417, -119.967",11/2/10,19:34,19:56,NA,NA,CALBOBL,NA,0.505,OBLIQUE,Ethanol,Ethanol,201010,201010:90_60,90_60,2010,11,Fall,NA,NA,NA,NA,NA,NA,NA,NA
CALCOFI 1010,93.3,35,NA,"32.683, -117.867",10/29/10,2:34,2:57,NA,NA,CALBOBL,NA,0.505,OBLIQUE,Ethanol,Ethanol,201010,201010:93.3_35,93.3_35,2010,10,Fall,NA,NA,NA,NA,NA,NA,NA,NA
CALCOFI 1010,93.3,40,NA,"32.517, -118.217",10/29/10,6:54,7:16,NA,NA,CALBOBL,NA,0.505,OBLIQUE,Ethanol,Ethanol,201010,201010:93.3_40,93.3_40,2010,10,Fall,NA,NA,NA,NA,NA,NA,NA,NA