CO1_1996_4_80_60_1_1,CO1_1996_4_80_60_1_2,CO1_1996_4_80_60_1_3,CO1_1996_4_86.7_50_1_1,CO1_1996_4_86.7_50_1_2,CO1_1996_4_86.7_50_1_3,CO1_1996_4_93.3_30_1_1,CO1_1996_4_93.3_30_1_2,CO1_1996_4_93.3_30_1_3,CO1_1996_4_93.3_60_1_1,CO1_1996_4_93.3_60_1_2,CO1_1996_4_93.3_60_1_3,CO1_1998_4_80_60_1_2,CO1_1998_4_80_60_1_3,CO1_1998_4_86.7_50_1_1,CO1_1998_4_86.7_50_1_2,CO1_1998_4_93.3_30_1_1,CO1_1998_4_93.3_30_1_2,CO1_1998_4_93.3_60_1_1,CO1_1998_4_93.3_60_1_2,CO1_1999_4_80_60_1_1,CO1_1999_4_80_60_1_3,CO1_1999_4_86.7_50_1_1,CO1_1999_4_86.7_50_1_2,CO1_1999_4_86.7_50_1_3,CO1_1999_4_93.3_30_1_2,CO1_1999_4_93.3_30_1_3,CO1_1999_4_93.3_60_1_1,CO1_1999_4_93.3_60_1_2,CO1_1999_4_93.3_60_1_3,CO1_2000_4_80_60_1_2,CO1_2000_4_80_60_1_3,CO1_2000_4_86.7_50_1_2,CO1_2000_4_86.7_50_1_3,CO1_2000_4_93.3_30_1_1,CO1_2000_4_93.3_30_1_2,CO1_2000_4_93.3_30_1_3,CO1_2001_4_80_60_1_1,CO1_2001_4_80_60_1_3,CO1_2001_4_86.7_50_1_1,CO1_2001_4_86.7_50_1_2,CO1_2001_4_86.7_50_1_3,CO1_2001_4_93.3_30_1_2,CO1_2001_4_93.3_30_1_3,CO1_2001_4_93.3_60_1_1,CO1_2001_4_93.3_60_1_3,CO1_2002_3_93.3_30_1_1,CO1_2002_3_93.3_30_1_2,CO1_2002_3_93.3_30_1_3,CO1_2002_3_93.3_60_1_1,CO1_2002_3_93.3_60_1_2,CO1_2002_4_80_60_1_3,CO1_2002_4_86.7_50_1_1,CO1_2002_4_86.7_50_1_3,CO1_2003_4_80_60_1_1,CO1_2003_4_80_60_1_3,CO1_2003_4_86.7_50_1_1,CO1_2003_4_86.7_50_1_2,CO1_2003_4_93.3_30_1_1,CO1_2003_4_93.3_30_1_3,CO1_2003_4_93.3_60_1_2,CO1_2003_4_93.3_60_1_3,CO1_2004_3_86.7_50_1_1,CO1_2004_3_86.7_50_1_2,CO1_2004_3_93.3_30_1_1,CO1_2004_3_93.3_60_1_1,CO1_2004_3_93.3_60_1_2,CO1_2004_3_93.3_60_1_3,CO1_2004_4_80_60_1_2,CO1_2004_4_80_60_1_3,CO1_2005_4_80_60_1_2,CO1_2005_4_80_60_1_3,CO1_2005_4_86.7_50_1_1,CO1_2005_4_86.7_50_1_3,CO1_2005_4_93.3_30_1_3,CO1_2005_4_93.3_60_1_3,CO1_2006_4_80_60_1_1,CO1_2006_4_80_60_1_2,CO1_2006_4_80_60_1_3,CO1_2006_4_86.7_50_1_2,CO1_2006_4_86.7_50_1_3,CO1_2006_4_93.3_30_1_3,CO1_2006_4_93.3_60_1_1,CO1_2006_4_93.3_60_1_2,CO1_2006_4_93.3_60_1_3,CO1_2007_3_93.3_30_1_1,CO1_2007_3_93.3_30_1_3,CO1_2007_3_93.3_60_1_1,CO1_2007_3_93.3_60_1_3,CO1_2007_4_80_60_1_1,CO1_2007_4_80_60_1_3,CO1_2007_4_80_60_2_3,CO1_2007_4_86.7_50_1_2,CO1_2008_3_93.3_30_1_2,CO1_2008_3_93.3_30_1_3,CO1_2008_3_93.3_60_1_3,CO1_2008_4_86.7_50_1_2,CO1_2009_3_80_60_1_1,CO1_2009_3_80_60_1_3,CO1_2009_3_86.7_50_1_1,CO1_2009_3_86.7_50_1_2,CO1_2009_3_86.7_50_2_1,CO1_2009_3_86.7_50_2_2,CO1_2009_3_86.7_50_2_3,CO1_2009_3_86.7_50_3_1,CO1_2009_3_86.7_50_3_2,CO1_2009_3_86.7_50_3_3,CO1_2009_3_93.3_30_1_2,CO1_2009_3_93.3_30_1_3,CO1_2009_3_93.3_60_1_1,CO1_2009_3_93.3_60_1_3,CO1_2010_4_93.3_30_1_2,CO1_2010_4_93.3_30_1_3,CO1_2010_4_93.3_60_1_2,CO1_2010_4_93.3_60_1_3,CO1_2010_5_80_60_1_2,CO1_2010_5_80_60_1_3,CO1_2011_4_80_60_1_1,CO1_2011_4_86.7_50_1_1,CO1_2011_4_86.7_50_1_2,CO1_2011_4_86.7_50_1_3,CO1_2011_4_93.3_30_1_1,CO1_2011_4_93.3_30_1_3,CO1_2011_4_93.3_60_1_1,CO1_2011_4_93.3_60_1_2,CO1_2012_3_86.7_50_1_1,CO1_2012_3_86.7_50_1_2,CO1_2012_3_86.7_50_1_3,CO1_2012_3_93.3_60_1_1,CO1_2012_3_93.3_60_1_3,CO1_2012_4_80_60_1_1,CO1_2012_4_80_60_1_3,CO1_2013_4_80_60_1_1,CO1_2013_4_80_60_1_3,CO1_2013_4_86.7_50_1_1,CO1_2013_4_86.7_50_1_2,CO1_2013_4_86.7_50_1_3,CO1_2013_4_93.3_30_1_1,CO1_2013_4_93.3_30_1_2,CO1_2013_4_93.3_30_1_3,CO1_2013_4_93.3_60_1_1,CO1_2013_4_93.3_60_1_2,CO1_2013_4_93.3_60_1_3,CO1_2014_4_80_60_1_1,CO1_2014_4_80_60_1_2,CO1_2014_4_80_60_1_3,CO1_2014_4_80_60_2_1,CO1_2014_4_80_60_2_2,CO1_2014_4_80_60_2_3,CO1_2014_4_93.3_30_1_1,CO1_2014_4_93.3_30_1_2,CO1_2014_4_93.3_30_1_3,CO1_2014_4_93.3_60_1_1,CO1_2014_4_93.3_60_1_2,CO1_2014_4_93.3_60_1_3,CO1_2015_4_80_60_1_3,CO1_2015_4_86.7_50_1_1,CO1_2015_4_86.7_50_1_2,CO1_2015_4_86.7_50_1_3,CO1_2015_4_93.3_30_1_1,CO1_2015_4_93.3_30_1_2,CO1_2015_4_93.3_30_1_3,CO1_2015_4_93.3_60_1_1,CO1_2015_4_93.3_60_1_2,CO1_2015_4_93.3_60_1_3,CO1_2016_4_86.7_50_1_1,CO1_2016_4_86.7_50_1_3,CO1_2016_4_86.7_50_2_1,CO1_2016_4_86.7_50_2_2,CO1_2016_4_86.7_50_2_3,CO1_2016_4_93.3_30_1_1,CO1_2016_4_93.3_30_1_2,CO1_2016_4_93.3_60_1_1,CO1_2016_4_93.3_60_1_2,CO1_2016_4_93.3_60_1_3,CO1_2017_3_93.3_60_1_1,CO1_2017_3_93.3_60_1_2,CO1_2017_3_93.3_60_1_3,CO1_2017_4_80_60_1_1,CO1_2017_4_80_60_1_2,CO1_2017_4_80_60_1_3,CO1_2017_4_86.7_50_1_1,CO1_2017_4_86.7_50_1_2,CO1_2017_4_86.7_50_1_3,CO1_2018_4_80_60_1_1,CO1_2018_4_80_60_1_2,CO1_2018_4_80_60_1_3,CO1_2018_4_86.7_50_1_1,CO1_2018_4_86.7_50_1_2,CO1_2018_4_86.7_50_1_3,CO1_2018_4_86.7_50_2_1,CO1_2018_4_86.7_50_2_2,CO1_2018_4_86.7_50_2_3,CO1_2018_4_93.3_30_1_1,CO1_2018_4_93.3_30_1_2,CO1_2018_4_93.3_30_1_3,CO1_2018_4_93.3_60_1_1,CO1_2018_4_93.3_60_1_2,CO1_2018_4_93.3_60_1_3,CO1_2019_4_80_60_1_2,CO1_2019_4_80_60_1_3,CO1_2019_4_80_60_2_1,CO1_2019_4_80_60_2_2,CO1_2019_4_80_60_2_3,CO1_2019_4_86.7_50_1_1,CO1_2019_4_86.7_50_1_2,CO1_2019_4_93.3_30_1_1,CO1_2019_4_93.3_30_1_2,CO1_2019_4_93.3_30_1_3,CO1_2019_4_93.3_60_1_1,CO1_2019_4_93.3_60_1_2,sum.taxonomy
0.29745284022735374,0.3017409100343591,0.28693571741157514,0.38637984851638685,0.42934428521498375,0.40673512172155446,0.5382834398584566,0.5244008836217122,0.553647019795882,0.38891779755473277,0.4191262685361815,0.38729291503532937,0.5860331075021873,0.5764147883470105,0,0.03270578857805621,0.002456703031981915,0.00590277535997494,0.34497884024954534,0.3842917782323872,0.5534953828709381,0.5395507137258041,0.4487513169640515,0.4322153255726789,0.46364234438803875,0.3288947583946084,0.3223489692634968,0.771324857899062,0.7491234680157829,0.7420885263051258,0.45315236514250246,0.635981904691257,0.5856458862629412,0.6761500389684618,0.5303418070256757,0.5720005212593666,0.5204026688814294,0.34567276474399844,0.3533762914239219,0.6138205863746028,0.6800458004741783,0.6490318497212267,0.22729129281362612,0.2001479149009178,0.48531786415910916,0.380732486028063,0.3625324665586965,0.36823790025994313,0.3404113819466555,0.2984664122291607,0.2850934665712703,0.46064038964454834,0.6630322860419694,0.7275023680847762,0.4926146531098087,0.46787234604465433,0.4146907903878509,0.49650126168495545,0.46247917984820636,0.448644423580515,0.4205127692720181,0.3579902234020719,0.49380433144090347,0.5223865304114796,0.5660717931687735,0.42268229841598953,0.40603451759855497,0.4466433535162216,0.5495705406239145,0.5757058984076104,0.5855994457609185,0.557029637080815,0.35653132231343065,0.34771659122325593,0.5242492207100931,0.1516136728308839,0.3368319766339718,0.30426878447778183,0.337442826552727,0.5406574117933294,0.5562658847504169,0.4269292345942985,0.2704997490709984,0.28969120165434903,0.36305108212153836,0.5423766200202168,0.6056888511008255,0.3989517555787345,0.4613490431683034,0.43217773334507037,0.34630212897298107,0.3472396202294462,0.32855582536667566,0.6565715863365139,0.658749237081439,0.6497402005801513,0.4693706049991182,0.548874945926955,0.4258039378234443,0.4313274365214025,0.5461589744258113,0.5217214329209371,0.4207714175285392,0.4820436660830418,0.4086929508924803,0.5704775746007309,0.6442951364135651,0.5586922788403521,0.586773896631569,0.6892425018210385,0.66582736908345,0.2876908045199097,0.27751177449107534,0.45353190840808105,0.3944919323091064,0.7042286601691897,0.6966461001752514,0.6012090073465793,0.6056755655048213,0.4852624733064659,0.5735924899557101,0.4185761729528522,0.15043036338732818,0.3231946459103141,0.7672915502705514,0.44489528048708826,0.449000787077483,0.45132926882633073,0.5630621039208846,0.6078792383229996,0.7340930869007561,0.6902906503145805,0.4410089108063119,0.5025862469431709,0.4708505737970598,0.45721824378667014,0.4832711545053184,0.4029248507144298,0.3657146765439086,0.3997768986367087,0.5567769080566253,0.573695667817954,0.6522636390773304,0.5071054114813422,0.5139082222653668,0.5724466631917405,0.4651561782160527,0.4805772829768144,0.4729826682922027,0.29117950530061293,0.3133536001443793,0.3210874694923558,0.2763277292433004,0.2580124331246282,0.27385419460452964,0.5102390034942386,0.5578772381898528,0.5518571208938295,0.6046852048941717,0.6019916328982448,0.5803241411055823,0.566074506764109,0.35020605830486456,0.33370036172648926,0.3290336953212969,0.6266842507371411,0.8592148560169304,0.7168551388576936,0.7446675116380418,0.7549993761529037,0.5609485543000602,0.5526656264596785,0.36566850951719865,0.33316635483801255,0.33229600102434365,0.6202738824147201,0.618345153086819,0.5763860901099358,0.5923256058829717,0.7234540756309147,0.6023895825187993,0.48240566063869866,0.5367186144279452,0.5450452026761242,0.48494932816890046,0.3636784291610514,0.47030985371582423,0.9643740395323068,0.9241916885648626,0.9303166751970584,0.8531800711905593,0.8813294752735333,0.8416019988736507,0.6424670390046102,0.5660062177734926,0.5673082464652273,0.6386613663688641,0.6743063013997612,0.665529918281945,0.9907891902590676,1,0.8667871952043337,0.8970306358244492,0.8833052522410164,0.49490675516431887,0.49505517210698563,0.3117595834997194,0.27228905082988597,0.3065253170462372,0.2816758264500056,0.28790923844613336,
3.159102321733594e-4,0.0012952591103851017,0.001770330812618094,0.006266751663445958,0.0034151398192632442,0.006345966885212405,0.008017735155338655,0.011876149840032352,0.014204021622707067,0.02412947657808298,0.019246184259913507,0.021826769072729787,0,7.08191618391498e-4,0,0,0,0,0.03138128997241592,0,0,4.712960421241544e-4,0.3433223973097337,0.32344487423357027,0.29935021507829346,0.9552112294840711,1,0.047437089557020425,0.07508579362060915,0.06634425849539471,0.027914428460210798,0.021593433960477432,0.22930701523989122,0.23421840267182983,0.1968316477379844,0.18095541675420282,0.17097230805161176,0.0022167044756559655,0.0013428042894640788,0.015245577968819857,0.011857809352249277,0.013239581649041206,0.02837569447217573,0.03620891894169427,0,0,0.2522798526575742,0.25739985658105746,0.25717466184556453,0.005268814252856721,0,0.004885548351627364,0.019912716749179975,0.02553806352865565,0.0010841736706037395,0.0017335472295755936,0.3636387591680849,0.35630631812793595,0.18845002445875236,0.18937072138075575,0.01409569678373552,0.012018114454525454,0.007900357941909844,0.004567964766487065,0,0.06257870694708374,0.060311890339353066,0.05243879121413611,0.012762636156158923,0.007117692435157072,7.53646840738762e-4,7.759547218535492e-4,0.21915995172742178,0.21070857020231074,0.13276738049908313,0.01674862432635853,0.012668962787053983,0.011899244141420408,0.008539580907741406,0.04527774253808915,0.02257271000703406,0.36148778961050404,0.027354584274795337,0.027272441912478466,0.014666084898877859,0.010823336178272148,0.0148480160649157,0.06668230453500347,0.056337937010661795,0,0,0,0.014695137114114952,0.0043244415278896374,0.0047493269807490825,0.06684516729835359,0.0042075931165013085,0.0144272359634216,0.007473658156958525,0.013558626393197735,0,0.007037142590767155,0.010088743476060157,0.00762795790381748,0.008682132076938544,0.009462248068690659,0.005675258855273181,0.01007692255654081,0.006976730422336466,0.005425442473122764,0,0.1760724282114805,0.1666868014511814,0,0,1.848946549436709e-4,2.2996121530643502e-4,0,0,1.1826111326280513e-4,0,0,0.0022193682675211174,0.17543510706772733,0,0.00121667948515926,9.73127748164098e-4,0.0013350772780116335,9.14395464156681e-4,0,0,0,0.009264246472045675,0.009179138921847959,0.004254891261432465,0.0040418013539416245,0.001809057229437635,0.40139163490737095,0.38030655370041855,0.33640677461981655,0.014016343162520841,0.008844445396072442,0.007951432915509895,0.003967900364570031,0.004127964116804139,0.0031590624793534487,0.009940615524061912,0.008304872075343857,0.009588100869371334,0.06469084262426278,0.05835821706734756,0.07662601558837256,0.053465892887957826,0.04155841676249991,0.05546500914741494,0.0011228119140178456,0.09239519468902564,0.081888558756585475,0.08335435405552262,0.45439655916450694,0.46358700075325887,0.4168291550869746,0.0040654692981856935,0.0021585181462305696,0,0.012662474050700786,0.004647162597178756,0.00996997649394733,0.007838742409929652,0.0075954903735843725,0,0,0.003382207558025688,0.002806154907720017,0.00190562031861699,0.00109234432673654,0.00161379460875361,6.642654971254469e-4,0.3965774112537351,0.42641526559134924,0.42839650029615517,0.09132158582893463,0.08366793691468478,0.07652472099205206,0,0,0,0.003892911076170686,0.001558024643979467,0.0030220661492342186,0.013909490057130823,6.810433370012959e-4,0.0014385599815525782,0.12587038391353514,0.13040590481030562,0.11986585621600523,0,0,0,0,0,0,0,0,0.003003635291349847,0.002441147379075139,0.044538257940014106,0.04439473839293069,0.028123178290817598,0,0,Eukaryota;Cnidaria;Hydrozoa;Leptothecata;Campanulariidae;Obelia;
0.5894330822571971,0.7143558652220591,0.6779203310770252,0,0,0,0.3469641802293606,0.38711768874385144,0.182528452687206,0.14592761295492312,0.20484759704696692,0.34302583479413395,0.1381183155080214,0.045803491910345856,0,0,0,0,0.049868256965243815,0,0.3900401844023426,0.43598310234382015,0,0,0,0.28651986536511465,0.9222064287033807,0.17850612826750545,0.4281931405480671,0.13404958578956286,0,0,0,0,0.037385815765842816,0.06893931636661516,0,0,0.0194345489972249,0,0,0,0.06865866370889867,0,0.14539188676281967,0.09870879072652373,0.02574537512434618,0,0.010957316640133516,0.053697009296379834,0.03494138532493663,0.032829206340762807,0.008781059104188799,0,0,0.06008349964882513,0,0.022536699592835364,0,0,0.03963752408477842,0,0.0171514078472605,0.016114955726280484,0.1337984519085817,0.22203516251387692,0.15637845237760073,0.0912084827280438,0.010061291225362598,0.06564688894443764,0,0,0,0.018152425593244155,0,0,0.11500163048541881,0.11594030679834293,0,0,0,0.0788058276310156,0.09088172207603981,0.09004746750200342,0,0,0,0.012526258905193936,0,0,0.07334993668084688,0,0,0.00230198005953047,0.0015531651359503818,0,0,0,0,0,0,0,0.002128895807102572,0.00424895677151862,0.08407959654346939,0,0,0.08531895624791992,0.044927846725031806,0,0,0,0,0.0906534597422858,0,0.012533911598051483,0.011863611769468405,0,0,0,0,0.03847427645216091,0.10113144102379769,0,0,0,0,0,0.3064531145870085,0.7407790026941462,0,0,0,0,0,0.017223867632746137,0,0,0.094161855894074,0.042250593073026116,0.051577505641167254,0.015889707775489186,0.026715448615001018,0,0,0,0,0,0,0,0,0,0.5261513711058794,0.6657679330705273,0.7295752956435652,0,0,0.0080836114509356,0,0.09047460755396317,0.04458139467040569,0.03397050121783963,0.21730670233772673,0.35536025775640157,0.1839176917600702,0,0,0,0,0,0.710964710964711,0.2614886218135258,1,0.6416412812941862,0.3723333091266605,0,0.01594089359315442,0.015622725690598993,0.016962630996179565,0,0,0,0,0,0,0.0088854134113839,0,0,0,0,0.003100800753650495,0,0,0.13845034323402727,0.12415605290343629,0.11783075425047493,0.6471178043409878,0.34362265585914176,0.49035011205485723,0.014241683877741752,0.0063238405811951795,0.007785768602687114,0,0.006067760455072158,0,0,0,0.023350722127031657,0,0.11643688624336128,0.17756864004006778,Eukaryota;Arthropoda;Hexanauplia;Calanoida;Aetideidae;Undeuchaeta;Undeuchaeta major
1,0,0,0,0,0,0,0,0,0,0,0,0,0,0,0,0,0,0,0,0,0,0,0,0,0,0,0,0,0,0,0,0,0,0,0,0,0,0,0,0,0,0,0,0,0,0,0,0,0,0,0,0,0,0,0,0,0,0,0,0,0,0,0,0,0,0,0,0,0,0,0,0,0,0,0,0,0,0,0,0,0,0,0,0,0,0,0,0,0,0,0,0,0,0,0,0,0,0,0,0,0,0,0,0,0,0,0,0,0,0,0,0,0,0,0,0,0,0,0,0,0,0,0,0,0,0,0,0,0,0,0,0,0,0,0,0,0,0,0,0,0,0,0,0,0,0,0,0,0,0,0,0,0,0,0,0,0,0,0,0,0,0,0,0,0,0,0,0,0,0,0,0,0,0,0,0,0,0,0,0,0,0,0,0,0,0,0,0,0,0,0,0,0,0,0,0,0,0,0,0,0.9314727725952767,0,0,0,0,0,0,0,0,0,Eukaryota;Arthropoda;Hexanauplia;Calanoida;Heterorhabdidae;Heterorhabdus;Heterorhabdus norvegicus
0,0,0,0,0,0,0,0,0,0,0,0,0,0,0,0,0,0,0,0,0,0,0,0,0,0,0,0,0,0,0,0,0,0,0,0,0,0,0,0,0,0,0,0,0,0,0,0,0,0,0,0,0,0,0,0,0,0,0,0,0,0,0,0,0,0,0,0,0,0,0,0,0,0,0,0,0,0,0,0,0,0,0,0,0,0,0,0,0,0,0,0,0,0,0,0,0,0,0,0,0,0,0,0,0,0,0,0,0,0,0,0,0,0,0,0,0,0,0,0,0,0,0,0,0,0,0,0,0,0,0,0,0,0,0,0,0,0,0,0,0,0,0,0,0,0,0,0,0,0,0,0,0,0,0,0,0,0,0,0,0,0,0,0,0,0,0,0,0,0,0,0,0,0,0,0,0,0,0,0,0,0,0,0,0,0,0,0,0,0,0,0,0,0,0,0,0,0,0,0,0,0,0,0,1,0,0,0,0,0,0,Eukaryota;;Phaeophyceae;Laminariales;Laminariaceae;Laminaria;
0,0,0,0,0,0,0,0,0,0,0,0,0,0,0,0,0,0,0,0,0,0,0,0,0,0,0,0,0,0,0,0,0,0,0,0,0,0,0,0,0,0,0,0,0,0,0,0,0,0,0,0,0,0,0,0,0,0,0,0,0,0,0,0,0,0,0,0,0,0,0,0,0,0,0,0,0,0,0,0,0,0,0,0,0,0,0,0,0,0,0,0,0,0,0,0,0,0,0,0,0,0,0,0,0,0,0,0,0,0,0,0,0,0,0,0,0,0,0,0,0,0,0,0,0,0,0,0,0,0,0,0,0,0,0,0,0,0,0,0,0,0,0,0,0,0,0,0,0,0,0,0,0,0,0,0,0,0,0,0,0,0,0,0,0,0,0,0,0,0,0,0,0,0,0,0,0,0,0,0,0,0,0,0,0,0,0,0,0,0,0,0,0,0.9977622487437185,0,0,0,0,0,0,0,0,0,0,1,0,0,0,0,0,0,Eukaryota;Echinodermata;Ophiuroidea;Ophiurida;Amphiuridae;Amphiura;Amphiura magellanica
0,0,0,0,0,0,0,0,0,0,0,0,0,0,0,0,0,0,0,0,0,0,0,0,0,0,0,0,0,0,0,0,0,0,0,0,0,0,0,0,0,0,0,0,0,0,0,0,0,0,0,0,0,0,0,0,0,0,0,0,0,0,0,0,0,0,0,0,0,0,0,0,0,0,0,0,0,0,0,0,0,0,0,0,0,0,0,0,0,0,0,0,0,0,0,0,0,0,0,0,0,0,0,0,0,0,0,0,0,0,0,0,0,0,0,0,0,0,0,0,0,0,0,0,0,0,0,0,0,0,0,0,0,0,0,0,0,0,0,0,0,0,0,0,0,0,0,0,0,0,0,0,0,0,0,0,0,0,0,0,0,0,0,0,0,0,0,0,0,0,0,0,0,0,0,0,0,0,0,0,0,0,0,0,0,0,0,0,0,0,0,0,0,0,0,0,0,0,0,0,0,0,0,0,1,0,0,0,0,0,0,Eukaryota;Porifera;Homoscleromorpha;Homosclerophorida;Plakinidae;;
0,0,0,0,0,0,0,1,0,0,0,0,0,0,0,0,0,0,0,0,0,0,0,0,0,0,0,0,0,0,0,0,0,0,0,0,0,0,0,0,0,0,0,0,0,0,0,0,0,0,0,0,0,0,0,0,0,0,0,0,0,0,0,0,0,0,0,0,0,0,0,0,0,0,0,0,0,0,0,0,0,0,0,0,0,0,0,0,0,0,0,0,0,0,0,0,0,0,0,0,0,0,0,0,0,0,0,0,0,0,0,0,0,0,0,0,0,0,0,0,0,0,0,0,0,0,0,0,0,0,0,0,0,0,0,0,0,0,0,0,0,0,0,0,0,0,0,0,0,0,0,0,0,0,0,0,0,0,0,0,0,0,0,0,0,0,0,0,0,0,0,0,0,0,0,0,0,0,0,0,0,0,0,0,0,0,0,0,0,0,0,0.9685011895321172,0,0,0,0,0,0,0,0,0,0,0,0,0,0,0,0,0,0,0,Eukaryota;Bacillariophyta;Coscinodiscophyceae;Thalassiosirales;Stephanodiscaceae;Cyclostephanos;Cyclostephanos tholiformis
0,0,0,0,0,0,0,0,0,0,0,0,0,0,0,0,0,0,0,0,0,0,0,0,0,0,0,0,0,0,0,0,0,0,0,0,0,0,0,0,0,0,0,0,0,0,0,0,0,0,0,0,0,0,0,0,0,0,0,0,0,0,0,0,0,0,0,0,0,0,0,0,0,0,0,0,0,0,0,0,0,0,0,0,0,0,0,0,0,0,0,0,0,0,0,0,0,0,0,0,0,0,0,0,0,0,0,0,0,0,0,0,0,0,0,0,0,0,0,0,0,0,0,0,0,0,0,0,0,0,0,0,0,0,0,0,0,0,0,0,0,0,0,0,0,0,0,0,0.033430130324253175,0,0,0,0,0,0,0,0,0,0,0,0,0,0,0,0,0,0,0,0,0,0,0,0,0,0,0,0,0,0,0,0,0,0,0,0,0,0,0,0,0,0,0,0,0,0,0,0,0,0,0,1,0,0,0,0,0,0,0,0,0,0,Eukaryota;;Dinophyceae;;;;
0,0,0,0,0,0,0,0,0,0,0,0,0,0,0,0,0,0,0,0,0,0,0,0,0,0,0,0,0,0,0,0,0,0,0,0,0,0,0,0,0,0,0,0,0,0,0,0,0,0,0,0,0,0,0,0,0,0,0,0,0,0,0,0,0,0,0,0,0,0,0,0,0,0,0,0,0,0,0,0,0,0,0,0,0,0,0,0,0,0,0,0,0,0,0,0,0,0,0,0,0,0,0,0,0,0,0,0,0,0,0,0,1,0,0,0,0,0,0,0,0,0,0,0,0,0,0,0,0,0,0,0,0,0,0,0,0,0,0,0,0,0,0,0,0,0,0,0,0,0,0,0,0,0,0,0,0,0,0,0,0,0,0,0,0,0,0,0,0,0,0,0,0,0,0,0,0,0,0,0,0,0,0,0,0,0,0,0,0,0,0,0,0,0,0,0,0,0,0,0,0,0,0,0,0,0,0,0,0,0,0,Eukaryota;Annelida;Polychaeta;Phyllodocida;Phyllodocidae;Eumida;Eumida elektra
0,0,0,0,0,0,0,0,0,0,0,0,0,0,0,0,0,0,0,0,0,0,0,0,0,0,0,0,0,0,0,0,0,0,0,0,0,0,0,0,0,0,0,0,0,0,0,0,0,0,0,0,0,0,0,0,0,0,0,0,0,0,0,0,0,0,0,0,0,0,0,0,0,0,0,0,0,0,0,0,0,0,0,0,0,0,0,0,0,0,0,0,0,0,0,0,0,0,0,0,0,0,0,0,0,0,0,0,0,0,0,0,0,0,0,0,0,0,0,0,0,0,0,0,0,0,0,1,0,0,0,0,0,0,0,0,0,0,0,0,0,0,0,0,0,0,0,0,0,0,0,0,0,0,0,0,0,0,0,0,0,0,0,0,0,0,0,0,0,0,0,0,0,0,0,0,0,0,0,0,0,0,0,0,0,0,0,0,0,0,0,0,0,0,0,0,0,0,0,0,0,0,0,0,0,0,0,0,0,0,0,Eukaryota;Arthropoda;Malacostraca;Decapoda;Galatheidae;NA;Galatheidae sp. KSA_1168
0,0,0,0,0,0,0,0,0,0,0,0,0,0,0,0,0,0,0,0,0,0,0,0,0,0,0,0,0,0,0,0,0,0,0,0,0,0,0,0,0,0,0,0,0,0,0,0,0,0,0,0,0,0,0,0,0,0,0,0,0,0,0,0,0,0,0,0,0,0,0,0,0,0,0,0,0,0,0,0,0,0,0,0,0,0,0,0,0,0,0,0,0,0,0,0,0,0,0,0,0,0,0,0,0,0,0,0,0,0,0,0,0,0,0,0,0,0,0,0,0,0,0,0,0,0,0,0,0,0,0,0,0,0,0,0,0,0,0,0,0,0,0,0,0,0,0,0,0,0,0,0,0,0,0,0,0,0,1,0,0,0,0,0,0,0,0,0,0,0,0,0,0,0,0,0,0,0,0,0,0,0,0,0,0,0,0,0,0,0,0,0,0,0,0,0,0,0,0,0,0,0,0,0,0,0,0,0,0,0,0,Eukaryota;Echinodermata;Ophiuroidea;Ophiurida;Ophiacanthidae;Ophiocamax;Ophiocamax drygalskii
0,0,0,0,0,0,0,0,0,0,0,0,0,0,0,0,0,0,0,0,0,0,0,0,0,0,0,0,0,0,0,0,0,0,0,0,0,0,0,0,0,0,0,0,0,0,0,0,0,0,0,0,0,0,0,0,0,0,0,0,0,0,0,0,0,0,0,0,0,0,0,0,0,0,0,0,0,0,0,0,0,0,0,0,0,0,0,0,0,0,0,0,0,0,0,0,0,0,0,0,0,0,0,0,0,0,0,0,0,0,0,0,0,0,0,0,0,0,0,0,0,0,0,0,0,0,0,0,0,0,0,0,0,0,0,0,0,0,0,0,0,0,0,0,0,0,0,0,0,0,0,0,0,0,0,0,0,0,0,0,0,1,0,0,0,0,0,0,0,0,0,0,0,0,0,0,0,0,0,0,0,0,0,0,0,0,0,0,0,0,0,0,0,0,0,0,0,0,0,0,0,0,0,0,0,0,0,0,0,0,0,Eukaryota;;Oomycetes;Pythiales;Pythiaceae;Pythium;Pythium sp. M-2017a
0,0.011580019003664994,0.00749221664868726,0,0,0,0,0,0.052366337241421645,0.7443698487770448,0.684016525256735,0.5723676810598014,0.18705722885562223,0.1607215035224535,0,0,0,0,0.07777088993016938,0.34301510315884703,0,0,0,0,0,0,0,0,0,0.05017294551389261,0,0,0,0,0,0,0,0,0,0,0,0,0,0,0.19839974307293629,0.22246065383295044,0,0,0,0,0,0,0,0,0,0,0,0,0,0,0.07586482881280569,0.08336922200767648,0,0,0.04003404393288482,0,0,0,0,0,0,0,0,0,0,0.3475012700751976,0,0,0,0,0,0,0,0,0,0,0,0,0,0,0,0,0,0,0,0,0,0,0,0,0,0,0,0,0,0,0,0,0,0,0,0,0,0.2595965267182116,0.16441230708768537,0.0017951301492154152,0.001428434059099764,0,0,0,0,0.15187922826359307,0,0,0.021834329370513036,0,0,0,0.3427203001588513,0.23458433863184788,0,0,0,0,0,7.650309160014408e-4,0,0,0,0,0,0.01351659668858433,0.03437235589514053,0,0,0,0,0,0,0,0,0,0,0,0,0.1948259343842255,0.01362302342743927,0.01914628861614713,0.007725013036861694,0.15661832201211678,0.05615552313052364,0.04966679216136807,0.6669466498549633,0.7020565500073698,0.740963534735161,0,0,0,0.0027787784840266655,0,0.44177499562114947,0.4503709248497981,0.053165690960009664,0,0.056453427364082404,0.09765897773453151,0.09145021611230972,0.13933197675975262,0,0,0,0,0,0,0,0,0,0,0,0,0,0,0,0,0,0,0.06910809966323732,0.06407365934261017,0.06857491532359722,0,0,0,0,0,0,0,0,0,0,0.9056624707657187,1,Eukaryota;Arthropoda;Malacostraca;Euphausiacea;Euphausiidae;Euphausia;Euphausia recurva
0,0,0,1,0,0,0,0,0,0,0,0,0,0,0,0,0,0,0,0,0,0,0,0,0,0,0,0,0,0,0,0,0,0,0,0,0,0,0,0,0,0,0,0,0,0,0,0,0,0,0,0,0,0,0,0,0,0,0,0,0,0,0,0,0,0,0,0,0,0,0,0,0,0,0,0,0,0,0,0,0,0,0,0,0,0,0,0,0,0,0,0,0,0,0,0,0,0,0,0,0,0,0,0,0,0,0,0,0,0,0,0,0,0,0,0,0,0,0,0,0,0,0,0,0,0,0,0,0,0,0,0,0,0,0,0,0,0,0,0,0,0,0,0,0,0,0,0,0,0,0,0,0,0,0,0,0,0,0,0,0,0,0,0,0,0,0,0,0,0,0,0,0,0,0,0,0,0,0,0,0,0,0,0,0,0,0,0,0,0,0,0,0,0,0,0,0,0,0,0,0,0,0,0,0,0,0,0,0,0,0,Eukaryota;Arthropoda;Malacostraca;Decapoda;Pandalidae;Pandalus;Pandalus danae
0,0,0,0,0,0,1,0,0,0,0,0,0,0,0,0,0,0,0,0,0,0,0,0,0,0,0,0,0,0,0,0,0,0,0,0,0,0,0,0,0,0,0,0,0,0,0,0,0,0,0,0,0,0,0,0,0,0,0,0,0,0,0,0,0,0,0,0,0,0,0,0,0,0,0.5566121861027793,0,0,0,0,0,0,0,0,0,0,0,0,0,0,0,0,0,0,0,0,0,0,0,0,0,0,0,0,0,0,0,0,0,0,0,0,0,0,0,0,0,0,0,0,0,0,0,0,0,0,0,0,0,0,0,0,0,0,0,0,0,0,0,0,0,0,0,0,0,0,0,0,0,0,0,0,0,0,0,0,0,0,0,0,0,0,0,0,0,0,0,0,0,0,0,0,0,0,0,0,0,0,0,0,0,0,0,0,0,0,0,0,0,0,0,0,0,0,0,0,0,0,0,0,0,0,0,0,0,0,0,0,0,0,0,0,Eukaryota;Annelida;Polychaeta;Spionida;Chaetopteridae;Phyllochaetopterus;Phyllochaetopterus prolifica
0,0,0,0,0,0,0,0,0,1,0,0,0,0,0,0,0,0,0,0,0,0,0,0,0,0,0,0,0,0,0,0,0,0,0,0,0,0,0,0,0,0,0,0,0,0,0,0,0,0,0,0,0,0,0,0,0,0,0,0,0,0,0,0,0,0,0,0,0,0,0,0,0,0,0,0,0,0,0,0,0,0,0,0,0,0,0,0,0,0,0,0,0,0,0,0,0,0,0,0,0,0,0,0,0,0,0,0,0,0,0,0,0,0,0,0,0,0,0,0,0,0,0,0,0,0,0,0,0,0,0,0,0,0,0,0,0,0,0,0,0,0,0,0,0,0,0,0,0,0,0,0,0,0,0,0,0,0,0,0,0,0,0,0,0,0,0,0,0,0,0,0,0,0,0,0,0,0,0,0,0,0,0,0,0,0,0,0,0,0,0,0,0,0,0,0,0,0,0,0,0,0,0,0,0,0,0,0,0,0,0,Eukaryota;Arthropoda;Malacostraca;Decapoda;Alpheidae;Alpheus;Alpheus roquensis
0,0,0,0,0,0,0,0,0,0,0,0,0,0,0,0,0,0,0,0,0,0,0,0,0,0,0,0,0,0,0,0,0,0,0,0,0,0,0,0,0,0,0,0,0,0,1,0,0,0,0,0,0,0,0,0,0,0,0,0,0,0,0,0,0,0,0,0,0,0,0,0,0,0,0,0,0,0,0,0,0,0,0,0,0,0,0,0,0,0,0,0,0,0,0,0,0,0,0,0,0,0,0,0,0,0,0,0,0,0,0,0,0,0,0,0,0,0,0,0,0,0,0,0,0,0,0,0,0,0,0,0,0,0,0,0,0,0,0,0,0,0,0,0,0,0,0,0,0,0,0,0,0,0,0,0,0,0,0,0,0,0,0,0,0,0,0,0,0,0,0,0,0,0,0,0,0,0,0,0,0,0,0,0,0,0,0,0,0,0,0,0,0,0,0,0,0,0,0,0,0,0,0,0,0,0,0,0,0,0,0,Eukaryota;Echinodermata;Ophiuroidea;Ophiurida;Ophiuridae;Ophiocten;Ophiocten sericeum
0,0,0,0,0,0,0,0,0,0,0,0,0,0,0,0,0,0,0,0,0,0,0,0,0,0,0,0,0,0,0,0,0,0,0,0,0,0,0,0,0,0,0,0,0,0,1,0,0,0,0,0,0,0,0,0,0,0,0,0,0,0,0,0,0,0,0,0,0,0,0,0,0,0,0,0,0,0,0,0,0,0,0,0,0,0,0,0,0,0,0,0,0,0,0,0,0,0,0,0,0,0,0,0,0,0,0,0,0,0,0,0,0,0,0,0,0,0,0,0,0,0,0,0,0,0,0,0,0,0,0,0,0,0,0,0,0,0,0,0,0,0,0,0,0,0,0,0,0,0,0,0,0,0,0,0,0,0,0,0,0,0,0,0,0,0,0,0,0,0,0,0,0,0,0,0,0,0,0,0,0,0,0,0,0,0,0,0,0,0,0,0,0,0,0,0,0,0,0,0,0,0,0,0,0,0,0,0,0,0,0,Eukaryota;Arthropoda;Insecta;Diptera;Sciaridae;Corynoptera;Corynoptera deserta
0,0,0,0,0,0,0,0,0,0,0,0,0,0,0,0,0,0,0,0,0,0,0,0,0,0,0,0,0,0,0,0,0,0,0,0,0,0,0,0,0,0,0,0,0,0,0,0,0,0,0,0,0,0,0,0,0,0,0,0,0,0,0,0,0,0,0,0,0,0,0,0,0,0,0,0,0,0,0,0,0,0,0,0,0,0,0,0,0,0,0,0,0,0,0,0,0,1,0,0,0,0,0,0,0,0,0,0,0,0,0,0,0,0,0,0,0,0,0,0,0,0,0,0,0,0,0,0,0,0,0,0,0,0,0,0,0,0,0,0,0,0,0,0,0,0,0,0,0,0,0,0,0,0,0,0,0,0,0,0,0,0,0,0,0,0,0,0,0,0,0,0,0,0,0,0,0,0,0,0,0,0,0,0,0,0,0,0,0,0,0,0,0,0,0,0,0,0,0,0,0,0,0,0,0,0,0,0,0,0,0,Eukaryota;Arthropoda;Hexanauplia;Cyclopoida;Oithonidae;Oithona;Oithona similis
0,0,0,0,0,0,0,0,0,0,0,0,0,0,0,0,0,0,0,0,0,0,0,0,0,0,0,0,0,0,0,0,0,0,0,0,0,0,0,0,0,0,0,0,0,0,0,0,0,0,0,0,0,0,0,0,0,0,0,0,0,0,0,0,0,0,0,0,0,0,0,0,0,0,0,0,0,0,0,0,0,0,0,0,0,0,0,0,0,0,0,0,0,0,0,0,0,0,0,0,0,0,0,0,0,0,0,0,0,0,0,0,0,0,0,0,0,0,0,0,0,0,0,0,0,0,0,0,0,0,0,0,0,0,0,0,0,0,0,0,0,0,0,0,0,0,1,0,0,0,0,0,0,0,0,0,0,0,0,0,0,0,0,0,0,0,0,0,0,0,0,0,0,0,0,0,0,0,0,0,0,0,0,0,0,0,0,0,0,0,0,0,0,0,0,0,0,0,0,0,0,0,0,0,0,0,0,0,0,0,0,Eukaryota;Arthropoda;Malacostraca;Euphausiacea;Euphausiidae;Meganyctiphanes;Meganyctiphanes norvegica
0,0.670184607031356,0,0,0,0,0,0,0,0,0,0,0,0,0,0,0,0,0,0,0,0,0,0,0,0,0,0,0,0,0,0,0,0,0,0,0,0,0,0,0,0,0,0,0,0,0,0,0,0,0,0,0,0,0,0,0,0,0,0,0,0,0,0,0,0,0,0,0,0,0,0,0,0,0,0,0,0,0,0,0,0,0,0,0,0,0,0,0,0,0,0,0,0,0,0,0,0,0,0,0,0,0,0,0,0,0,0,0,0,0,0,0,0,0,0,0,0,0,0,0,0,0,0,0,0,0,0,0,0,0,0,0,0,0,0,0,0,0,0,0,0,0,0,0,0,0,0,0,0,0,0,0,0,0,0,0,0,0,0,0,0,0,0,0,0,0,0,0,0,0,0,1,0,0,0,0,0,0,0,0,0,0,0,0,0,0,0,0,0,0,0,0,0,0,0,0,0,0,0,0,0,0,0,0,0,0,0,0,0,0,Eukaryota;Arthropoda;Hexanauplia;Harpacticoida;Aegisthidae;Pontostratiotes;Pontostratiotes sp. DZMB517
0,1,0.5256835956082432,0,0,0,0,0,0,0,0,0,0,0,0,0,0,0,0,0,0,0,0,0,0,0,0,0,0,0,0,0,0,0,0,0,0,0,0,0,0,0,0,0,0,0,0,0,0,0,0,0,0,0,0,0,0,0,0,0,0,0,0,0,0,0,0,0,0,0,0,0,0,0,0,0,0,0,0,0,0,0,0,0,0,0,0,0,0,0,0,0,0,0,0,0,0,0,0,0,0,0,0,0,0,0,0,0,0,0,0,0,0,0,0,0,0,0,0,0,0,0,0,0,0,0,0,0,0,0,0,0,0,0,0,0,0,0,0,0,0,0,0,0,0,0,0,0,0,0,0,0,0,0,0,0,0,0,0,0,0,0,0,0,0,0,0,0,0,0,0,0,0,0,0,0,0,0,0,0,0,0,0,0,0,0,0,0,0,0,0,0,0,0,0,0,0,0,0,0,0,0,0,0,0,0,0,0,0,0,0,Eukaryota;Ascomycota;Dothideomycetes;Capnodiales;Mycosphaerellaceae;Pseudocercospora;Pseudocercospora mori
0,0,0,0,0,0,0,0,0,0,0,0,0,0,0,0,0,0,0,0,0,0,0,0,0,0,0,0,0,0,0.4622303005189154,0,0,0,0,0,0,0,0,0,0,0,0,0,0,0,0,0,0,0,0,0,0,0,0,0,0,0,0,0,0,0,0,0,0,0,0,0,0,0,0,0,0,0,0,0,0,0,0,0,0,0,0,0,0,0,0,0,0,0,0,0,0,0,0,0,0,0,0,0,0,0,0,0,0,0,0,0,0,0,0,0,0,0,0,0,0,0,0,0,0,0,0,0,0,0,0,0,0,0,0,0,0,0,0,0,0,0,0,0,0,0,0,0,0,0,0,0,0,0,0,0,0,0,0,0,0,0,0,0,1,0,0,0,0,0,0,0,0,0,0,0,0,0,0,0,0,0,0,0,0,0,0,0,0,0,0,0,0,0,0,0,0,0,0,0,0,0,0,0,0,0,0,0,0,0,0,0,0,0,0,Eukaryota;Basidiomycota;Agaricomycetes;;;;
0,0,0,0,0,0,0.11710135042792898,0.039692132138661615,0,0,0,0,0,0,0,0,0,0,0,0,0,0,0.20418667876254534,0,0.19597027465356023,0,0,0,0,0,0,0,0.022339785593056483,0,0,0,0,0.01759544164943496,0,0.03179934694138215,0,0,0,0,0,0,0.1523940393842308,0.16548442392407753,0,0,0,0,0,0,0,0,0,0,0,0,0,0,0,0.029007153055569425,0,0,0,0,0.11884995623061909,0.08640841089891885,0,0,0.09920775623317382,0,0,0,0,0,0,0,0,0,0,0.005610694917425198,0,0,0,0,0,0,0,0,0,0.026697951137327758,0.03485912972347646,0,0,0.863182911733093,0,0.8348527029150162,0.2931379796380981,0.3351505801366396,0.6717397546556796,1,0,0.7742525192294807,0.45457792582047657,0,0,0,0,0,0,0,0,0,0,0,0,0,0,0,0,0,0,0,0,0,0,0,0,0,0,0,0,0.0061810198155152684,0,0,0,0,0,0,0,0,0,0,0,0,0.001141605959851705,0,0,0,0,0,0,0,0,0.0024554166800507494,0.003933640556265764,0,0,0,0,0,0,0.06877026435234064,0.1567722430533138,0.18262675853904853,0.14528983795840608,0.17360406415576085,0,0,0,0,0,0,0,0,0,0,0,0.039449224559167204,0.022825351366119205,0.015277006207573477,0,0,0,0,0,0,0,0,0,0,0,0,0,0,0,0.02162973094245492,0,0.017518119918341152,0,0.02018630077094813,0,0,0,0,0,0,0,Eukaryota;Bacillariophyta;Bacillariophyceae;Bacillariales;Bacillariaceae;Pseudo-nitzschia;Pseudo-nitzschia hasleana
0,0,0,0,0,0,0,0,0,0,0,0,0,0,0,0,0,0,0,0,0,0,0,0,0,0,0,0,0,0,0,0,0,0,0,0,0,0,0,0,0,0,0,0,0,0,0,0,0,0,0,0,0,0,0,0,0,0,0,0,0,0,0,0,0,0,0,0,1,0,0,0,0,0,0,0,0,0,0,0,0,0,0,0,0,0,0,0,0,0,0,0,0,0,0,0,0,0,0,0,0,0,0,0,0,0,0,0,0,0,0,0,0,0,0,0,0,0,0,0,0,0,0,0,0,0,0,0,0,0,0,0,0,0,0,0,0,0,0,0,0,0,0,0,0,0,0,0,0,0,0,0,0,0,0,0,0,0,0,0,0,0,0,0,0,0,0,0,0,0,0,0,0,0,0,0,0,0,0,0,0,0,0,0,0,0,0,0,0,0,0,0,0,0,0,0,0,0,0,0,0,0,0,0,0,0,0,0,0,0,0,Eukaryota;NA;Oomycetes;Peronosporales;Peronosporaceae;Phytophthora;Phytophthora amnicola
0,0,0,0,0,0,0,0,0,0,0,0,0,0,0,0,0,0,0,0,0,0,0,0,0,0,0,0,0,0,0,0,0,0,0,0,0,0,0,0,0,0,0,0,0,0,0,0,0,0,0,0,0,0,0,0,0,0,0,0,0,0,0,1,0,0,0,0,0,0,0,0,0,0,0,0,0,0,0,0,0,0,0,0,0,0,0,0,0,0,0,0,0,0,0,0,0,0,0,0,0,0,0,0,0,0,0,0,0,0,0,0,0,0,0,0,0,0,0,0,0,0,0,0,0,0,0,0,0,0,0,0,0,0,0,0,0,0,0,0,0,0,0,0,0,0,0,0,0,0,0,0,0,0,0,0,0,0,0,0,0,0,0,0,0,0,0,0,0,0,0,0,0,0,0,0,0,0,0,0,0,0,0,0,0,0,0,0,0,0,0,0,0,0,0,0,0,0,0,0,0,0,0,0,0,0,0,0,0,0,0,Eukaryota;Chlorophyta;Mamiellophyceae;Dolichomastigales;Dolichomastigaceae;Dolichomastix;Dolichomastix tenuilepis
0,0,0,0,0,0,0,0,0,0,0,0,0,0,0,0,0,0,0,0,0,0,0,0,0,0,0,0,0,0,0,0,0,0,0,0,0,0,0,0,0,0,0,0,0,0,0,0,0,0,0,0,0,0,0,0,0,0,0,0,0,0,0,0,0,0,0,0,0,0,0,0,0,0,0,0,0,0,0,0,0,0,0,0,0,0,0,0,0,0,0,0,0,1,0,0,0,0,0,0,0,0,0,0,0,0,0,0,0,0,0,0,0,0,0,0,0,0,0,0,0,0,0,0,0,0,0,0,0,0,0,0,0,0,0,0,0,0,0,0,0,0,0,0,0,0,0,0,0,0,0,0,0,0,0,0,0,0,0,0,0,0,0,0,0,0,0,0,0,0,0,0,0,0,0,0,0,0,0,0,0,0,0,0,0,0,0,0,0,0,0,0,0,0,0,0,0,0,0,0,0,0,0,0,0,0,0,0,0,0,0,Eukaryota;;Phaeophyceae;Ectocarpales;Chordariaceae;Microspongium;Microspongium tenuissimum
0,0,0,0,0,0,0,0,0,0,0,0,0,0,0,0,0,0,0,0,0,0,0,0,0,0,0,0,0,0,0,0,0,0,0,0,0,0,0,0,0,0,0,0,0,0,0,0,0,0,0,0,0,0,0,0,0,0,0,0,0,0,0,0,0,0,0,0,0,0,0,0,0,0,0,0,0,0,0,0,0,0,0,0,0,0,0,0,0,0,0,0,0,0,0,0,0,0,0,0,1,0,0,0,0,0,0,0,0,0,0,0,0,0,0,0,0,0,0,0,0,0,0,0,0,0,0,0,0,0,0,0,0,0,0,0,0,0,0,0,0,0,0,0,0,0,0,0,0,0,0,0,0,0,0,0,0,0,0,0,0,0,0,0,0,0,0,0,0,0,0,0,0,0,0,0,0,0,0,0,0,0,0,0,0,0,0,0,0,0,0,0,0,0,0,0,0,0,0,0,0,0,0,0,0,0,0,0,0,0,0,Eukaryota;Annelida;Polychaeta;Phyllodocida;Hesionidae;Gyptis;Gyptis hians
0,0,0,0,0,0,0,0,0,0,0,0,0,0,0,0,0,0,0,0,0,0,0,0,0,0,0,0,0,0,0,0,0,0,0,0,0,0,0,0,0,0,0,0,0,0,0,0,0,0,0,0,0,0,0,0,0,0,0,0,0,0,0,0,0,0,0,0,0,0,0,0,0,0,0,0,0,0,0,0,0,0,0,0,0,0,0,0,0,0,0,0,0,0,0.022991498313141675,0,0,0,0,0,1,0,0,0,0,0.15770437550297034,0,0,0,0,0,0,0,0,0,0,0,0,0,0,0,0,0,0,0,0,0,0,0,0,0,0,0,0,0,0,0,0,0,0,0,0,0,0,0,0,0,0,0,0,0,0,0,0,0,0,0,0,0,0,0,0,0,0,0,0,0,0,0,0,0,0,0,0,0,0,0,0,0,0,0,0,0,0,0,0,0,0,0,0,0,0,0,0,0,0,0,0,0,0,0,0,0,0,0,0,0,0,0,0,0,Eukaryota;;Phaeophyceae;Fucales;Durvillaeaceae;Durvillaea;Durvillaea potatorum
0,0,0,0,0,0,0,0,0,0,0,0,0,0,0,0,0,0,0,0,0,0,0,0,0,0,0,0,0,0,0,0,0,0,0,0,0,0,0,0,0,0,0,0,0,0,0,0,0,0,0,0,0,0,0,0,0,0,0,0,0,0,0,0,0,0,0,0,0,0,0,0,0,0,0,0,0,0,0,0,0,0,0,0,0,0,0,0,0,0,0,0,0,0,0,0,0,0,0,0,0,0,1,0,0,0,0,0,0,0,0,0,0,0,0,0,0,0,0,0,0,0,0,0,0,0,0,0,0,0,0,0,0,0,0,0,0,0,0,0,0,0,0,0,0,0,0,0,0,0,0,0,0,0,0,0,0,0,0,0,0,0,0,0,0,0,0,0,0,0,0,0,0,0,0,0,0,0,0,0,0,0,0,0,0,0,0,0,0,0,0,0,0,0,0,0,0,0,0,0,0,0,0,0,0,0,0,0,0,0,0,Eukaryota;Bacillariophyta;Bacillariophyceae;Cymbellales;Cymbellaceae;Placoneis;Placoneis sp. WJS-2015a
0,0,0,0,0,0,0,0,0,0,0,0,0,0,0,0,0,0,0,0,0,0,0,0,0,0,0,0,0,0,0,0,0,0,0,0,0,0,0,0,0,0,0,0,0,0,0,0,0,0,0,0,0,0,0,0,0,0,0,0,0,0,0,0,0,0,0,0,0,0,0,0,0,0,0,0,0,0,0,0,0,0,0,0,0,0,0,0,0,0,0,0,0,0,0,0,0,0,0,0,0,0,0,0,0,0,0,0,0,0,0,0,0,0,0,1,0.48717997697113574,0,0,0,0,0,0,0,0,0,0,0,0,0,0,0,0,0,0,0,0,0,0,0,0,0,0,0,0,0,0,0,0,0,0,0,0,0,0,0,0,0,0,0,0,0,0,0,0,0,0,0,0,0,0,0,0,0,0,0,0,0,0,0,0,0,0,0,0,0,0,0,0,0,0,0,0,0,0,0,0,0,0,0,0,0,0,0,0,0,0,0,0,0,0,Eukaryota;Arthropoda;Malacostraca;Decapoda;Hippolytidae;Thor;
0,0,0,0,0,0,0,0,0,0,0,0,0,0,0,0,0,0,0,0,0,0,0,0,0,0,0,0,0,0,0,0,0,0,0,0,0,0,0,0,0,0,0,0,0,0,0,0,0,0,0,0,0,0,0,0,0,0,0,0,0,0,0,0,0,0,0,0,0,0,0,0,0,0,0,0,0,0,0,0,0,0,0,0,0,0,0,0,0,0,0,0,0,0,0,0,0,0,0,0,0,0,0,0,0,0,0,0,0,0,0,0,0,0,0,0,0,0,0,0,0,0,0,0,0,0,0,0,0,0,0,0,0,0,0,0,0,0,0,0,0,0,0,0,0,0,0,1,0,0,0,0,0,0,0,0,0,0,0,0,0,0,0,0,0,0,0,0,0,0,0,0,0,0,0,0,0,0,0,0,0,0,0,0,0,0,0,0,0,0,0,0,0,0,0,0,0,0,0,0,0,0,0,0,0,0,0,0,0,0,0,Eukaryota;Cnidaria;Scyphozoa;Semaeostomeae;Pelagiidae;Chrysaora;Chrysaora sp. 3 LGD-2017
0,0,0,0,0,0,0,0,0,0,0,0,0,0,0,0,0,0,0,0,0,0,0,0,0,0,0,0,0,0,0,0,0,0,0,0,0,0,0,0,0,0,0,0,0,0,0,0,0,0,0,0,0,0,0,0,0,0,0,0,0,0,0,0,0,0,0,0,0,0,0,0,0,0,0,0,0,0,0,0,0,0,0,0,0,0,0,0,0,0,0,0,0,0,0,0,0,0,0,0,0,0,0,0,0,0,0,0,0,0,0,0,0,0,0,0,0,0,0,0,0,0,0,0,0,0,0,0,0,0,0,0,0,0,0,0,0,0,0,0,0,0,0,0,0,0,0,0,0,0,0,0,0,0,0,0,0,1,0,0,0,0,0,0,0,0,0,0,0,0,0,0,0,0,0,0,0,0,0,0,0,0,0,0,0,0,0,0,0,0,0,0,0,0,0,0,0,0,0,0,0,0,0,0,0,0,0,0,0,0,0,Eukaryota;NA;NA;NA;Paramoebidae;Paramoeba;Paramoeba pemaquidensis
0,0,0,0,0,0,0,0,0,0,0,0,0,0,0,0,0,0,0,0,0,0,0,0,0,0,0,0,0,0,0,0,0,0,0,0,0,0,0,0,0,0,0,0,0,0,0,0,0,0,0,0,0,0,0,0,0,0,0,0,0,0,0,0,0,0,0,0,0,0,0,0,0,0,0,0,0,0,0,0,0,0,0,0,0,0,0,0,0,0,0,0,0,0,0,0,0,0,0,0,0,0,0,0,0,0,0,0,0,0,0,0,0,0,0,0,0,0,0,0,0,0,0,0,0,0,0,0,0,0,0,0,0,0,0,0,0,0,0,0,0,0,0,0,0,0,0,0,0,0,0,0,0,0,0,0,0,0,0,0,1,0,0,0,0,0,0,0,0,0,0,0,0,0,0,0,0,0,0,0,0,0,0,0,0,0,0,0,0,0,0,0,0,0,0,0,0,0,0,0,0,0,0,0,0,0,0,0,0,0,0,Eukaryota;;;;Vannellidae;Vannella;Vannella sp.
0,0,0,0,0,0,0,0,0,0,0,0,0,0,0,0,0,0,0,0,0,0,0,0,0,0,0,0,0,0,0,0,0,0,0,0,0,0,0,0,0,0,0,0,0,0,0,0,0,0,0,0,0,0,0,0,0,0,0,0,0,0,0,0,0,0,0,0,0,0,0,0,0,0,0,0,0,0,0,0,0,0,0,0,0,0,0,0,0,0,0,0.01007181379518131,0,0.003561507834141531,0.002033289944371481,0,0,0.4747402502015614,0,0.772296762108321,0.40849286760116343,0.30068099270905,0.7433673984214607,1,0,0.46179532937116674,0.5083229991334978,0,0,0,0,0,0,0,0,0,0,0,0,0,0,0,0,0,0,0.0037460448870994902,0,0,0,0,0,0,0,0,0,0,0,0,0,0,0,0,0,0,0,0,0,0,0,0,0,0,0,0,0,0,0,0,0,0,0,0,0,0,0,0,0,0,0,0,0,0,0,0,0,0,0,0,0,0,0,0,0,0,0,0,0,0,0,0,0,0,0,0,0,0,0,0,0,0,0,0,0,0,0,0,0,0,0,0,0,Eukaryota;Arthropoda;Hexanauplia;Calanoida;Clausocalanidae;Clausocalanus;Clausocalanus pergens
0,0,0,0,0,0,0,0,0,0,0,0,0,0,0,0,0,0,0,0,0,0,0,0,0,0,0,0,0,0,0,0,0,0,0,0,0,0,0,0,0,0,0,0,0,0,0,0,0,0,0,0,0,0,0,0,0,0,0,0,0,0,0,0,0,0,0,0,0,0,0,0,0,0,0,0,0,0,0,0,0,0,0,0,0,0,0,0,0,0,0,0,0,0,0,0,0,0,0,0,0,0,0,0,0,0,0,0,0,0,0,0,0,0,0,0,0,0,0,0,0,0,0,0,0,0,0,0,0,0,0,0,0,0,0,0,0,0,0,0,0,0,0,0,0,0,0,0,0,0,0,0,0,0,0,0,0,0,0,0,0,0,0,0,0,0,0,0,0,0,0,0,0,0,0,0,0,0,0,0,0,0,0,0,0,1,0,0,0,0,0,0,0,0,0,0,0,0,0,0,0,0,0,0,0,0,0,0,0,0,0,Eukaryota;Arthropoda;Insecta;Lepidoptera;Hesperiidae;Pyrgus;Pyrgus orcus
0,0,0.5067550853424162,0,0,0,0,0,0,0,0,0,0,0,0,0,0,0,0,0,0,0,0,0,0,0,0,0,0,0,0,0,0,0,0,0,0,0,0,0,0,0,0,0,0,0,0,0,0,0,0,0,0,0,0,0,0,0,0,0,0,1,0,0,0,0,0,0,0,0,0,0,0,0,0,0,0,0,0,0,0,0,0,0,0,0,0,0,0,0,0,0,0,0,0,0,0,0,0,0,0,0,0,0,0,0,0,0,0,0,0,0,0,0,0,0,0,0,0,0,0,0,0,0,0,0,0,0,0,0,0,0,0,0,0,0,0,0,0,0,0,0,0,0,0,0,0,0,0,0,0,0,0,0,0,0,0,0,0,0,0,0,0,0,0,0,0,0,0,0,0,0,0,0,0,0,0,0,0,0,0,0,0,0,0,0,0,0,0,0,0,0,0,0,0,0,0,0,0,0,0,0,0,0,0,0,0,0,0,0,0,Eukaryota;Arthropoda;Hexanauplia;Calanoida;Eucalanidae;Subeucalanus;
0,0,0,0,0,0,0,0,0,0,0,1,0,0,0,0,0,0,0,0,0,0,0,0,0,0,0,0,0,0,0,0,0,0,0,0,0,0,0,0,0,0,0,0,0,0,0,0,0,0,0,0,0,0,0,0,0,0,0,0,0,0,0,0,0,0,0,0,0,0,0,0,0,0,0,0,0,0,0,0,0,0,0,0,0,0,0,0,0,0,0,0,0,0,0,0,0,0,0,0,0,0,0,0,0,0,0,0,0,0,0,0,0,0,0,0,0,0,0,0,0,0,0,0,0,0,0,0,0,0,0,0,0,0,0,0,0,0,0,0,0,0,0,0,0,0,0,0,0,0,0,0,0,0,0,0,0,0,0,0,0,0,0,0,0,0,0,0,0,0,0,0,0,0,0,0,0,0,0,0,0,0,0,0,0,0,0,0,0,0,0,0,0,0,0,0,0,0,0,0,0,0,0,0,0,0,0,0,0,0,0,Eukaryota;Mollusca;Gastropoda;Littorinimorpha;Littorinidae;Melarhaphe;Melarhaphe neritoides
0,0,0,0,0,0,0,0,0,0,0,0,0,0,0,0,0,0,0,0,0,0,0,0,0,0,0,0,0,1,0,0,0,0,0,0,0,0,0,0,0,0,0,0,0,0,0,0,0,0,0,0,0,0,0,0,0,0,0,0,0,0,0,0,0,0,0,0,0,0,0,0,0,0,0,0,0,0,0,0,0,0,0,0,0,0,0,0,0,0,0,0,0,0,0,0,0,0,0,0,0,0,0,0,0,0,0,0,0,0,0,0,0,0,0,0,0,0,0,0,0,0,0,0,0,0,0,0,0,0,0,0,0,0,0,0,0,0,0,0,0,0,0,0,0,0,0,0,0,0,0,0,0,0,0,0,0,0,0,0,0,0,0,0,0,0,0,0,0,0,0,0,0,0,0,0,0,0,0,0,0,0,0,0,0,0,0,0,0,0,0,0,0,0,0,0,0,0,0,0,0,0,0,0,0,0,0,0,0,0,0,Eukaryota;NA;Oomycetes;Saprolegniales;Saprolegniaceae;Achlya;Achlya americana
0,0,0,0,0,0,0,0,0,0,0,0,0,0,0,0,0,0,0,0,0,0,0,0,0,0,0,0,0,0,0,0,0,0,0,0,0,0,0,0,0,0,0,0,0,1,0,0,0,0,0,0,0,0,0,0,0,0,0,0,0,0,0,0,0,0,0,0,0,0,0,0,0,0,0,0,0,0,0,0,0,0,0,0,0,0,0,0,0,0,0,0,0,0,0,0,0,0,0,0,0,0,0,0,0,0,0,0,0,0,0,0,0,0,0,0,0,0,0,0,0,0,0,0,0,0,0,0,0,0,0,0,0,0,0,0,0,0,0,0,0,0,0,0,0,0,0,0,0,0,0,0,0,0,0,0,0,0,0,0,0,0,0,0,0,0,0,0,0,0,0,0,0,0,0,0,0,0,0,0,0,0,0,0,0,0,0,0,0,0,0,0,0,0,0,0,0,0,0,0,0,0,0,0,0,0,0,0,0,0,0,Eukaryota;Arthropoda;Hexanauplia;Calanoida;Scolecitrichidae;Scaphocalanus;
0,0,0,0,0,0,0,0,0,0,0,0,0,0,0,0,0,0,0,0,0,0,0,0,0,0,0,0,0,0,0,0,0,0,0,0,0,0,0,0,0,0,0,0,0,0,0,0,0,0,0,0,0,0,0,0,0,0,0,0,0,0,0,0,0,0,0,0,0,0,0,0,0,1,0,0,0,0,0,0,0,0,0,0,0,0,0,0,0,0,0,0,0,0,0,0,0,0,0,0,0,0,0,0,0,0,0,0,0,0,0,0,0,0,0,0,0,0,0,0,0,0,0,0,0,0,0,0,0,0,0,0,0,0,0,0,0,0,0,0,0,0,0,0,0,0,0,0,0,0,0,0,0,0,0,0,0,0,0,0,0,0,0,0,0,0,0,0,0,0,0,0,0,0,0,0,0,0,0,0,0,0,0,0,0,0,0,0,0,0,0,0,0,0,0,0,0,0,0,0,0,0,0,0,0,0,0,0,0,0,0,Eukaryota;NA;Synurophyceae;Synurales;NA;NA;Synurales sp.
0,0,0,0,0,0,0.6455747255209501,0,0,0,0,0,0,0,0,0,0,0,0,0,0,0,0,0,0,0,0,0,0,0,0,0,0,0,0,0,0,0,0,0,0,0,0,0,0,0,0,0,0.7815246403228956,0,0,0,0,0,0,0,0,0,0,0,0,0,0,0,0,0,0,0,0,0,0,0,0,0,0,1,0,0,0,0,0,0,0,0,0,0,0,0,0,0,0,0,0,0,0,0,0,0,0,0,0,0,0,0,0,0,0,0,0,0,0,0,0,0,0,0,0,0,0,0,0,0,0,0,0,0,0,0,0,0,0,0,0,0,0,0,0,0,0,0,0,0,0,0,0,0,0,0,0,0,0,0,0,0,0,0,0,0,0,0,0,0,0,0,0,0,0,0,0,0,0,0,0,0,0,0,0,0,0,0,0,0,0,0,0,0,0,0,0,0,0,0,0,0,0,0,0,0,0,0,0,0,0,0,0,0,0,0,0,0,0,Eukaryota;Mollusca;Gastropoda;Littorinimorpha;Pterotracheidae;Pterotrachea;Pterotrachea coronata
0,0,0,0,0,0,0,0,0,0,0,0,0,0,0,0,0,0,0,0,0,0,0,0,0,0,0,0,0,0,0,0,0,0,0,0,0,0,0,0,0,0,0,0,0,0,0,0,0,0,0,0,0,0,0,0,0,0,0,0,0,0,0,0,0,0,0,0,0,0,0,0,0,0,0,1,0,0,0,0,0,0,0,0,0,0,0,0,0,0,0,0,0,0,0,0,0,0,0,0,0,0,0,0,0,0,0,0,0,0,0,0,0,0,0,0,0,0,0,0,0,0,0,0,0,0,0,0,0,0,0,0,0,0,0,0,0,0,0,0,0,0,0,0,0,0,0,0,0,0,0,0,0,0,0,0,0,0,0,0,0,0,0,0,0,0,0,0,0,0,0,0,0,0,0,0,0,0,0,0,0,0,0,0,0,0,0,0,0,0,0,0,0,0,0,0,0,0,0,0,0,0,0,0,0,0,0,0,0,0,0,Eukaryota;Arthropoda;Arachnida;Araneae;Araneidae;Argiope;Argiope trifasciata
0,0,0,0,0,0,0,0,0,0,0,0,0,0,0,0,0,0,0,0,0,0,0,0,0,0,0,0,0,0,0,0,0,0,0,0,0,0,0.6550211857854206,0,0,0,0,0,0,0,0,0,0,0,0,0,0,0,0,0,0,0,0,0,0,0,0,0,0,0,0,0,0,0,0,0,0,0,0,0,0,0,0,0,1,0,0,0,0,0,0,0,0,0,0,0,0,0,0,0,0,0,0,0,0,0,0,0,0,0,0,0,0,0,0,0.33529964948277335,0,0,0,0,0,0,0,0,0,0,0,0,0,0,0,0,0,0,0,0,0,0,0,0,0,0,0,0,0,0,0,0,0,0,0,0,0,0,0,0,0,0,0,0,0,0,0,0,0,0,0,0,0,0,0,0,0,0,0,0,0,0,0,0,0,0,0,0,0,0,0,0,0,0,0,0,0,0,0,0,0,0,0,0,0,0,0,0,0,0,0,0,0,0,0,0,0,0,0,Eukaryota;Cnidaria;Hydrozoa;Anthoathecata;Corymorphidae;Euphysa;Euphysa japonica
0,0,0,0,0,0,0,0,0,0,0,0,0,0,0,0,0,0,0,0,0,0,0,0,0,0,0,0,0,0,0,0,0,0,0,0,0,0,0,0,0,0,0,0,0,0,0,0,0,0,0,0,0,0,0,0,0,0,0,0,0,0,0,0,0,0,0,0,0,0,0,0,0,0,0,0,0,0,0,0,0,0,0,0,0,0,0,0,0,0,0,0,0,0,1,0,0,0,0,0,0,0,0,0,0,0,0,0,0,0,0,0,0,0,0,0,0,0,0,0,0,0,0,0,0,0,0,0,0,0,0,0,0,0,0,0,0,0,0,0,0,0,0,0,0,0,0,0,0,0,0,0,0,0,0,0,0,0,0,0,0,0,0,0,0,0,0,0,0,0,0,0,0,0,0,0,0,0,0,0,0,0,0,0,0,0,0,0,0,0,0,0,0,0,0,0,0,0,0,0,0,0,0,0,0,0,0,0,0,0,0,Eukaryota;Bacillariophyta;Bacillariophyceae;Bacillariales;Bacillariaceae;Nitzschia;Nitzschia sp. BOLD:AAX5147
0,0,0,0,0.13712758924062823,0,0,0,0.05653567781429792,0,0,0,0.047733751089542746,0,0,0,0,0,0,0,0,0,0,0.03185643836765068,0.20652514798698499,0,0,0,0.8628982865126873,0.369694218430301,0,0,0,0,0.1010843382080447,0.10562619849943217,0,0,0,0,0,0,0,0,0,0,0,0,0,0,0,0,0.1537600546365154,0,0,0,0,0,0,0,0,0,0.6851241564264441,0.6466617731537627,0,0,0,0,0.027527728115031604,0,0,0,0,0,0,0,0,0.08531938186871027,0,1,0.46966992721709705,0,0,0,0,0,0.06126439959052683,0,0,0,0.033216940844747175,0,0.09900194687072478,0.7592224586803062,0.7780770899661869,0,0.13745675327318363,0.048738729142040305,0.25131494326794984,0,0,0,0,0.1317518206297237,0.4022449932854557,0,0,0,0,0.7285851694039176,0,0,0,0,0,0.005878770194640294,0,0,0,0.07153219948908657,0,0,0.06426487223672943,0,0.0367734910240317,0,0,0,0,0,0,0,0,0,0,0.025053564773190946,0.02834289836421986,0,0,0,0,0,0,0,0,0,0,0.007063638106668593,0.01804638536772961,0,0,0,0,0,0,0,0.03004567090259346,0.0212321177367427,0.030612957911746803,0,0,0,0,0,0,0,0,0,0,0,0,0,0,0,0,0,0.014953488286280429,0.012823149700977756,0,0.06476497625151026,0.08509977680714217,0.4796993371212121,0.5319008647188874,0.48676376094250506,0,0,0.017741402369752277,0.06262478597081168,0,0.32086302454473475,0,0.03505875567731238,0,0,0,0,0,0,0,0,0,0,0,0,0,0,0,0,0,0,0.04318474867062372,Eukaryota;Echinodermata;Ophiuroidea;Ophiurida;Amphiuridae;Amphipholis;Amphipholis squamata
0,0,0,0,0,0,0,0,0,0,0,0,0,0,0,0,0,0,0,0,0,0,0,0,0,0,0,0,0,0,0,0,0,0,0,0,0,0,0,0,0,0,0,0,0,0,0,0,0,0,0,0,0,0,0,0,0,0,0,0,0,0,0,0,0,0,0,0,0,0,0,0,0,0,0,0,0,0,0,0,0,0,0,0,0,0,0,0,0,0,0,0,0,0,0.06224920814714507,0,0,0,0,0,0,0,0,0,0,0,0,0,0,0,0,0,0,0,0,0,0,0,0,0,0,0,0,0,0,0,0,0,0,0,0,0,0,0,0,0,0,0,0,0,0,0,0,0,0,0,0,0,0,0,0,0,0,0,0,0,0,0,0,0,0,0,0,0,0,0,0,0,0,0.05479265129170961,0,0,0,0,0,0,0,0,0,0,0,0,0,0,0,0,0,0,0,0.9156294536817102,0,0,0,0,0,0,0,0,0,0,0,0,0,0,0,0,0,0,0,1,0.6777868948540617,Eukaryota;Echinodermata;Echinoidea;Echinoida;Strongylocentrotidae;Allocentrotus;Allocentrotus fragilis
0,0,0,0,0,0,0,0,0,0,0,0,0,0,0,0,0,0,0,0,0,0,0,0,0,0,0,0,0,0,0,0,0,0,0,0,0,0,0,0,0,0,0,0,0,0,0,0,0,0,0,0,0,0,0,0,0,0,0,0,0,0,0,0,0,0,0,0,0,0,0,0,0,0,0,0,0,0,0,0,0,0,0,0,0,0,0,0,0,0,0,0,0,0,0,0,0,0,0,0,0,0,0,0,0,0,0,0,0,0,0,0,0,0,0,0,0,0,0,0,0,0,0,0,0,0,0,0,0,0,0,0,0,0,0,0,0,0,0,0,0,0,0,0,0,0,0,0,0,0,0,0,0,0,0,0,0,0,0,0,0,0,0,0,0,0,0,0,0,0,0,0,0,0,0,0,0,0,0,0,0,0,0,0,0,0,0,0,0,0,0,0,0,0,0,0,0,0,0,0,0,1,0,0,0,0,0,0,0,0,0,Eukaryota;Arthropoda;Insecta;Diptera;Ceratopogonidae;Forcipomyia;Forcipomyia sp. JWDCG075-10
0,0,0,0,0,0,0,0,0,0,0,0,0,0,0,0,0,0,0,0,0,0,0,0,0,0,0,0,0,0,0,0,0,0,0,0,0,0,0,0,0,0,0,0,0,0,0,0,0,0,0,0,0,0,0,0,0,0,0,0,0,0,0,0,0,0,0,0,0,0,0,0,0,0,0,0,0,0,0,0,0,0,0,0,0,0,0,0,0,0,0,0,0,0,0,0,0,0,0,0,0,0,0,0,0,0,0,0,0,0,0,0,0,0,0,0,0,0,0,0,0,0,0,0,0,0,0,0,0,0,0,0,0,0,0,0,0,0,0,0,0,0,0,0,0,0,0,0,0,0,0,0,0,0,0,0,0,0,0,0,0,0,0,0,0,0,0,0,0,0,0,0,0,0,0,0,0,0,0,0,0,0,0,0,0,0,0,0,0,0,0,0,0,0,0,0,0,0,0,0,0,0,0,0,0,0,0,0,1,0,0,Eukaryota;Chordata;Actinopteri;Argentiniformes;Bathylagidae;Leuroglossus;Leuroglossus schmidti
0,0,0,0,0,0,0,0,0,0,0,0,0,0,0,0,0,0,0,0,0,0,0,0,0,0,0,0,0,0,0,0,0,0,0,0,0,0,0,0,0,0,0,0,0,0,0,0,0,0,0,0,0,0,0,0,0,0,0,0,0,0,0,0,0,0,0,0,0,0,0,0,0,0,0,0,0,0,0,0,0,0,0,0,0,0,0,0,0,0,0,0,0,0,0,0,0,0,0,0,0,0,0,0,0,0,0,0,1,0,0,0,0,0,0,0,0,0,0,0,0,0,0,0,0,0,0,0,0,0,0,0,0,0,0,0,0,0,0,0,0,0,0,0,0,0,0,0,0,0,0,0,0,0,0,0,0,0,0,0,0,0,0,0,0,0,0,0,0,0,0,0,0,0,0,0,0,0,0,0,0,0,0,0,0,0,0,0,0,0,0,0,0,0,0,0,0,0,0,0,0,0,0,0,0,0,0,0,0,0,0,Eukaryota;Arthropoda;Insecta;Diptera;Culicidae;Anopheles;Anopheles koliensis
0,0,0,0,0,0,0,0,0,0,0,0,0,1,0,0,0,0,0,0,0,0,0,0,0,0,0,0,0.23639840693369824,0,0,0,0,0,0,0,0,0,0,0,0,0,0,0,0,0,0,0,0,0,0,0,0,0,0,0,0,0,0,0,0,0,0,0,0,0,0,0,0,0,0,0,0,0,0,0,0,0,0,0,0,0,0,0,0,0,0,0,0,0,0,0,0,0,0,0,0,0,0,0,0,0,0,0,0,0,0,0,0,0,0,0,0,0,0,0,0,0,0,0,0,0,0,0,0,0,0,0,0,0,0,0,0,0,0,0,0,0,0,0,0,0,0,0,0,0,0,0,0,0,0,0,0,0,0,0,0,0,0,0,0,0,0,0,0,0,0,0,0,0,0,0,0,0,0,0,0,0,0,0,0,0,0,0,0,0,0,0,0,0,0,0,0,0,0,0,0,0,0,0,0,0,0,0,0,0,0,0,0,0,0,Eukaryota;Cnidaria;Hydrozoa;Siphonophorae;Diphyidae;Eudoxoides;Eudoxoides mitra
0,0,0,0,0,0,0,0,0,0,0,0,0,0,0,0,0,0,0,0,0,0,0,0,0,0,0,0,0,0,0,0,0,0,0,0,0,0,0,0,0,0,0,0,0,0,0,0,0,0,0,0,0,0,0,0,0,0,0,0,0,0,0,0,0,0,0,0,0,0,0,0,0,0,0,0,0,0,0,0,0,0,0,0,0,0,0,0,0,0,0,0,0,0,0,0,0,0,0,0,0,0,0,0,0,0,0,0,0,0,0,0,0,0,0,0,0,0,0,0,0,0,0,0,0,0,0,0.3181887323135207,0,0,0,0,0,0,0,0,0,0,0,0,0,0,0,0,0,0,0,0,0,0,0,0,0,0,0,0,0,0,0,0,0,0,0,0,0,0,0,0,0,0,0,0,0,0,0,0,1,0,0,0,0,0,0,0,0,0,0,0,0,0,0,0,0,0,0,0,0,0,0,0,0,0,0,0,0,0,0,0,0,0,0,Eukaryota;Chordata;Chondrichthyes;Myliobatiformes;Myliobatidae;Myliobatis;Myliobatis californica
0,0,0,0,0,0,0,0,0,0,0,0,0,0,0,0,0,0,0,0,0,0,0,0,0,0,0,0,0,0,0,0,0,0,0,0,0,0,0,0,0,0,0,0,0,0,0,0,0,0,0,0,0,0,0,0,0,0,0,0,0,0,0,0,0,0,0,0,0,0,0,0,0,0,0,0,0,0,0,0,0,0,0,0,0,0,0,0,0,0,0,0,0,0,0,0,0,0,0,0,0,0,0,0,0,0,0,0,0,0,0,0,0,0,0,0,0,0,0,0,0,0,0,0,0,0,0,0,0,0,0,0,0,0,0,0,0,0,0,0,0,0,0,0,0,0,0,0,0,0,0,0,0,0,0,1,0,0,0,0,0,0,0,0,0,0,0,0,0,0,0,0,0,0,0,0,0,0,0,0,0,0,0,0,0,0,0,0,0,0,0,0,0,0,0,0,0,0,0,0,0,0,0,0,0,0,0,0,0,0,0,Eukaryota;Echinodermata;Asteroidea;Forcipulatida;Heliasteridae;Heliaster;Heliaster helianthus
0,0,0,0,0,0,0,0,0,0,0,0,0,0,0,0,0,0,0,0,0,0,0,0,0,0,0,0,0,0,0,0,0,0,0,0,0,0,0,0,0,0,0,0,0,0,0,0,0,0,0,0,0,0,0,0,0,0,0,0,0,0,0,0,0,0,0,0,0,0,0,0,0,0,0,0,0,0,0,0,0,0,0,0,0,0,0,0,0,0,0,0,0,0,0,0,0,0,0,0,0,0,0,0,0,0,0,0,0,0,0,0,0,0,0,0,0,0,0,0,0,0,0,0,0,0,0,0,0,0,0,0,0,0,0,0,0,0,0,0,0,0,0,0,0,0,0,0,0,0,0,0,0,0,0,0,0,0,1,0,0,0,0,0,0,0,0,0,0,0,0,0,0,0,0,0,0,0,0,0,0,0,0,0,0,0,0,0,0,0,0,0,0,0,0,0,0,0,0,0,0,0,0,0,0,0,0,0,0,0,0,Eukaryota;;Phaeophyceae;Fucales;Sargassaceae;Sargassum;Sargassum fusiforme
0,0,0,0,0,0,0,0,0,0,0,0,0,0,0,0,0,0,0,0,0,0,0,0,0,0,0,0,0,0,0,0,0,0,0,0,0,0,0,0,0,0,0,0,0,0,0,0,0,0,0,0,0,0,0,0,0,0,0,0,0,0,0,0,0,0,0,0,0,0,0,0,0,0,0,0,0,0,0,0,0,0,0,0,0,0,0,0,0,0,0,0,0,0,0,0,0,0,0,0,0,0,0,0,0,0,0,0,0,0,0,0,0,0,0,0,0,0,0,0,0,0,0,0,0,0,0,0,0,0,0,0,0,0,0,0,0,0,0,0,0,0,0,0,0,0,0,0,0,0,0,0,0,0,0,0,0,0,0,0,0,0,0,0,0,0,0,0,0,0,0,0,0,0,0,0,0,0,0,0,1,0,0,0,0,0,0,0,0,0,0,0,0,0,0,0,0,0,0,0,0,0,0,0,0,0,0,0,0,0,0,Eukaryota;Arthropoda;Insecta;Lepidoptera;Geometridae;Chrysolarentia;Chrysolarentia tacera
0,0,0,0,0,0,0,0,0,0,0,0,0,0,0,0,0,0,0,0,0,0,0,0,0,0,0,0,0,0,0,0,0,0,0,0,0,0,0,0,0,0,0,0,0,0,0,0,0,0,0,0,1,0,0,0,0,0,0,0,0,0,0,0,0,0,0,0,0,0,0,0,0,0,0,0,0,0,0,0,0,0,0,0,0,0,0,0,0,0,0,0,0,0,0,0,0,0,0,0,0,0,0,0,0,0,0,0,0,0,0,0,0,0,0,0,0,0,0,0,0,0,0,0,0,0,0,0,0,0,0,0,0,0,0,0,0,0,0,0,0,0,0,0,0,0,0,0,0,0,0,0,0,0,0,0,0,0,0,0,0,0,0,0,0,0,0,0,0,0,0,0,0,0,0,0,0,0,0,0,0,0,0,0.1344737472887886,0,0,0,0,0,0,0,0,0,0,0,0,0,0,0,0,0,0,0,0,0,0,0,0,0,0,0,Eukaryota;Echinodermata;Ophiuroidea;Ophiurida;Amphiuridae;Amphipholis;Amphipholis sp. AAD7203
0,0,0.11402785726611199,0.040883352308097344,0,0.09883182498079487,0.39125267393248575,0.22529853317223947,0.3897658347354499,0,0,0.41740243879711153,0.27509363171451795,0.04712539122513889,0,0,0,0,0,0,0,0,0,0,0,0.010666703423053377,0,0,0,0.09861157568903543,0,0.0765560337010107,0,0.3799809696596454,0,0,0,0,0,0.15180335620695745,0.3356438600596179,0.04235601695444804,0.031081674157693542,0.04154241608444477,0,0.6811786832384155,0,0,0,0,0,0,0,0,0,0.1730338709455974,0.14052099174554178,0,0.09153344693203423,0.0725092731631822,0,0.010431192031928002,0,0.1773142851843305,0.017607662397191543,0,0,0,0,0.1671651463262064,0,0,0,0,0,0,0,0,0,0,0,0,0,0,0,0,0,0,0,0,0,0,0,0,0,0.17108063468860552,0.24768083901114227,0,0,0,0,0,0,0,0,0,0,0,0,0,0,0.03694371841190114,0.03818205179600249,0.04864499341878438,0,0,0,0,0,0.003278950854365418,0,0.013607224442129296,0,0,0.04753541584019042,0,0,0.042711739178748334,0,0,0,0,0.0402047818510461,0,0,0,0,0,0.005791702586492525,0,0,0,0,0,0,0,0.011326731765125464,0,0,0,0,0,0,0,0,0,0.5225566428312615,0.4791577663548387,0.5759920872715428,0,0.024257128065118937,0,0.15985842999135846,0,0,0.05173875133366683,0,0,0,0,0.11000823308515617,0,0.0080379705474647,0,0,0,0.05154584741385082,0,0.06856212168698672,0.03348749321606364,0,0.14124169040835707,0.0010810754805796927,0,0.029618232767721537,0.039928367655373616,0.02102237706485136,0,0.1002201970199532,0.10054909285313086,0,0,1,0.2706474987882023,0.33229460597881655,0.32088430080659425,0,0,0,0,0,0.02325260755913751,0,0.003678838478374979,0.8681928533354857,0.8347711160673071,0.07592076326266996,0.0755059779258602,0,0.037062283985600374,0.03256339123177712,Eukaryota;Arthropoda;Hexanauplia;Calanoida;Candaciidae;Candacia;Candacia curta
0,0,0,0,0,0,0,0,0,0,0,0,0,0,0,0,0,0,0,0,0,0,0,0,0,0,0,0,0,0,0,0,0,0,0,0,0,0,0,0,0,0,0,0,0,0,0,0,0,0,0,0,0,0,0,0,0,0,0,0,0,0,0,0,0,0,0,0,0,0,0,0,0,0,0,0,0,0,0,0,0,0,0,0,0,0,0,0,0,0,0,0,0,0,0,0,0,0,0,0,0,0,0,0,0,0,0,0,0,0,0,0,0,0,0,0,0,0,0,0,0,0,0,0,0,0,0,0,0,0,0,0,0,0,0,0,0,0,0,0,0,0,0,0,0,0,0,0,0,0,0,0,0,0,0,0,0,0,0,0,0,0,0,0,0,0,0,0,0,0,0,0,0,0,0,0,0,0,0,0,0,0,0,1,0,0,0,0,0,0,0,0,0,0,0,0,0,0,0,0,0,0,0,0,0,0,0,0,0,0,0,Eukaryota;Arthropoda;Insecta;Diptera;Ceratopogonidae;Forcipomyia;Forcipomyia glauca
0,0,0,0,0,0,0,0,0,0,0,0,0,0,0,0,0,0,0,0,0,0,0,0,0,0,0,0,0,0,0,0,0,0,0,0,0,0,0,0,0,0,0,0,0,0,0,0,0,0,0,0,0,0,0,0,0,0,0,0,0,0,0,0,0,0,0,0,0,0,0,0,0,0,0,0,0,0,0,0,0,0,0,0,0,0,0,0,0,0,0,0,0,0,0,0,0,0,0,0,0,0,0,0,0,0,0,0,0,0,0,0,0,0,0,0,0,0,0,0,0,0,0,0,0,0,0,0,0,0,0,0,0,0,0,0,0,0,0,0,0,0,0,0,0,0,0,0,0,0,0,0,0,0,0,0,0,0,0,0,0,0,0,0,0,0,0,0,0,0,0,0,0,0,0,0,0,1,0,0,0,0,0,0,0,0,0,0,0,0,0,0,0,0,0,0,0,0,0,0,0,0,0,0,0,0,0,0,0,0,0,Eukaryota;Arthropoda;Hexanauplia;Calanoida;Spinocalanidae;Mimocalanus;Mimocalanus sp. 2 MB-2017
0,0,0,0,0,0,1,0,0,0,0,0,0,0,0,0,0,0,0,0,0,0,0,0,0,0,0,0,0,0,0,0,0,0,0,0,0,0,0,0,0,0,0,0,0,0,0,0,0,0,0,0,0,0,0,0,0,0,0,0,0,0,0,0,0,0,0,0,0,0,0,0,0,0,0,0,0,0,0,0,0,0,0,0,0,0,0,0,0,0,0,0,0,0,0,0,0,0,0,0,0,0,0,0,0,0,0,0,0,0,0,0,0,0,0,0,0,0,0,0,0,0,0,0,0,0,0,0,0,0,0,0,0,0,0,0,0,0,0,0,0,0,0,0,0,0,0,0,0,0,0,0,0,0,0,0,0,0,0,0,0,0,0,0,0,0,0,0,0,0,0,0,0,0,0,0,0,0,0,0,0,0,0,0,0,0,0,0,0,0,0,0,0,0,0,0,0,0,0,0,0,0,0,0,0,0,0,0,0,0,0,Eukaryota;Cnidaria;Hydrozoa;Leptothecata;Campanulariidae;Eucheilota;Eucheilota maculata
0,0,0,0,0,0,0,0,0,0,0,0,0,0.4804067092177527,0,0,0,0,0,0,1,0,0,0,0,0,0,0,0,0,0,0,0,0,0,0,0,0,0,0,0,0,0,0,0,0,0,0,0,0,0,0,0,0,0,0,0,0,0,0,0,0,0,0,0,0,0,0,0,0,0,0,0,0,0,0,0,0,0,0,0,0,0,0,0,0,0,0,0,0,0,0,0,0,0,0,0,0,0,0,0,0,0,0,0,0,0,0,0,0,0,0,0,0,0,0,0,0,0,0,0,0,0,0,0,0,0,0,0,0,0,0,0,0,0,0,0,0,0,0,0,0,0,0,0,0,0,0,0,0,0,0,0,0,0,0,0,0,0,0,0,0,0,0,0,0,0,0,0,0,0,0,0,0,0,0,0,0,0,0,0,0,0,0,0,0,0,0,0,0,0,0,0,0,0,0,0,0,0,0,0,0,0,0,0,0,0,0,0,0,0,Eukaryota;Arthropoda;Hexanauplia;Calanoida;Stephidae;Stephos;Stephos longipes
0,0,0,0,0,0,0,0,0,0,0,0,0,0,0,0,0,0,0,0,0,0,0,0,0,0,0,0,0,0,0,0,0,0,0,0,0,0,0,0,0,0,0,0,0,0,0,0,0,0,0,0,0,0,0,0,0,0,0,0,0,0,1,0,0,0,0,0,0,0,0,0,0,0,0,0,0,0,0,0,0,0,0,0,0,0,0,0,0,0,0,0,0,0,0,0,0,0,0,0,0,0,0,0,0,0,0,0,0,0,0,0,0,0,0,0,0,0,0,0,0,0,0,0,0,0,0,0,0,0,0,0,0,0,0,0,0,0,0,0,0,0,0,0,0,0,0,0,0,0,0,0,0,0,0,0,0,0,0,0,0,0,0,0,0,0,0,0,0,0,0,0,0,0,0,0,0,0,0,0,0,0,0,0,0,0,0,0,0,0,0,0,0,0,0,0,0,0,0,0,0,0,0,0,0,0,0,0,0,0,0,Eukaryota;Basidiomycota;Tremellomycetes;Tremellales;Bulleribasidiaceae;Hannaella;Hannaella oryzae
0,0,0,0,0,0,0,0,0,0,0,0,0,0,0,0,0,0,0,0,0,0,0,0,0,0,0,0,0,0,0,0,0,0,0,0,0,0,0,0,0,0,0,0,0,0,0,0,0,0,0,0,0,0,0,0,0,0,0,0,0,0,0,0,0,0,0,0,0,0,0,0,0,0,0,0,0,0,0,0,0,0,0,0,0,0,0,1,0,0,0,0,0,0,0,0,0,0,0,0,0,0,0,0,0,0,0,0,0,0,0,0,0,0,0,0,0,0,0,0,0,0,0,0,0,0,0,0,0,0,0,0,0,0,0,0,0,0,0,0,0,0,0,0,0,0,0,0,0,0,0,0,0,0,0,0,0,0,0,0,0,0,0,0,0,0,0,0,0,0,0,0,0,0,0,0,0,0,0,0,0,0,0,0,0,0,0,0,0,0,0,0,0,0,0,0,0,0,0,0,0,0,0,0,0,0,0,0,0,0,0,Eukaryota;Arthropoda;Malacostraca;Amphipoda;Hyperiidae;;
0,0,0,0,0,0,0,0,0,0,0,0,0,0,0,0,0,0,0,0,0,0,0,0,0,0,0,0,0,0,0,0,0,0,0,0,0,0,0,0,0,0,0,0,0,0,0,0,0,0,0,0,0,0,0,0,0,0,0,0,0,0,0,0,0,0,0,0,0,0,0,0,0,0,0,0,0,0,0,0,0,0,0,0,0,0,0,0,0,0,0,0,0,0,0,0,0,0,0,0,0,1,0,0,0,0,0,0,0,0,0,0,0,0,0,0,0,0,0,0,0,0,0,0,0,0,0,0,0,0,0,0,0,0,0,0,0,0,0,0,0,0,0,0,0,0,0,0,0,0,0,0,0,0,0,0,0,0,0,0,0,0,0,0,0,0,0,0,0,0,0,0,0,0,0,0,0,0,0,0,0,0,0,0,0,0,0,0,0,0,0,0,0,0,0,0,0,0,0,0,0,0,0,0,0,0,0,0,0,0,0,Eukaryota;Cnidaria;Hydrozoa;Leptothecata;Campanulariidae;Orthopyxis;Orthopyxis everta
0,0,0,0,0,0,0,0,0,0,0,0,0,0,0,0,0,0,0,0,0,0,0,0,0,0,0,0,0,0,0,0,0,0,0,0,0,0,0,0,0,0,0,0,0,0,0,0,0,0,0,0,0,0,0,0,0,0,0,0,0,0,0,0,0,0,0,0,0,0,0,0,0,0,0,0,0,0,0,0,0,0,0,0,0,0,0,0,0,0,0,0,0,0,0,0,0,0,0,0,0,0,0,0,0,0,0,0,0,0,0,0,0,0,0,0,0,0,0,0,0,0,0,0,0,1,0.09300262780924191,0,0,0,0,0,0,0,0,0,0,0,0,0,0,0,0,0,0,0,0,0,0,0,0,0,0,0,0,0,0,0,0,0,0,0,0,0,0,0,0,0,0,0,0,0,0,0,0,0,0,0,0,0,0,0,0,0,0,0,0,0,0,0,0,0,0,0,0,0,0,0,0,0,0,0,0,0,0,0,0,0,0,0,0,Eukaryota;Arthropoda;Malacostraca;Decapoda;Hippolytidae;Spirontocaris;Spirontocaris sp. DQCS097-08
0,0,0,0,0,0,0,0,0,0,0,0,0,0,0,0,0,0,0,0,0,0,0,0,0,0.7778860368230077,0,0,0,0,0,0,0,0,0,0,0,0,0,0,0,0,0,0,0,0,0,0,0,0,0,0,0,0,0,0,0,0,0,0,0,0,0,0,0,0,0,0,0,0,0,0,0,0,0,0,0,0,0,0,0,0,0,0,0,0,0,0,0,0,0,0,0,0,0,0,0,0,0,0,0,0,0,0,0,0,0,0,0,0,0,0,0,0,0,0,0,0,0,0,0,0,0,0,0,0,0,0,0,0,0,0,0,0,0,0,0,0,0,0,0,0,0,0,0,0,0,0,0,0,0,0,0,0,0,0,0,0,0,0,0,0,0,0,0,0,0,0,0,0,0.7640497640497641,0,0,0,0,0,0,0,1,0,0,0,0,0,0,0,0,0,0,0,0,0,0,0,0,0,0,0,0,0,0,0,0,0,0,0,0,0,0,0,0,Eukaryota;Arthropoda;Malacostraca;Euphausiacea;Euphausiidae;Nematoscelis;Nematoscelis megalops
0,0,0,0,0,0,0,0,0,0,0,0,0,0,0,0,0,0,0,0,0,0,0,0,0,0,0,0,0.19801743328175542,0,0,0,0,0,0,0,0,0,0,0,0,0,0,0,0,0,0,0,0,0,0,0,0,0,0,0,0,0,0,0,0,0,0,0,0,0,0,0,0,0,0,0,0,0,0,0,0,0,0,0,0,0,0,0,0,0,0,0.060937503098136676,0,0,0,0,0,0,0,0,0,0,0,0,0,0,0,0,0,0,0,0,0,0,0,0,0,0,0,0,0,0,0,0,0,0,0,0,0,0,0,0,0.1290070962002653,0.11908930479180457,0,0,0,0,0,0,0,0,0,0,0,0,0,0,0,0,0,0,0,0,0,0,0,0,0.020337449232075328,0,0,0,0,0,0,0,0.5817179194878243,0.5634240006564789,0.7321651480074127,0,0,0,0,0,0,0,0,0,0,0,0,0,0,0,0,0,0,0,0.745986385612139,0.5803499063748917,1,0,0,0,0,0,0,0,0,0,0,0,0,0,0,0,0,0,0,0,0,0,0,0,0,Eukaryota;Chordata;Actinopteri;Beryciformes;Melamphaidae;Melamphaes;Melamphaes lugubris
0,0,0,0,0,0,0,0,0,0,0,0,0,0,0,0,0,0,0,0,0,0,0,0,0,0,0,0,0,0,1,0,0,0,0,0,0,0,0,0,0,0,0,0,0,0,0,0,0,0,0,0,0,0,0.6127960410038883,0,0,0,0,0,0,0,0,0,0,0,0,0,0,0,0,0,0,0,0,0,0,0,0,0,0,0,0,0,0,0,0,0,0,0,0,0,0,0,0,0,0,0,0,0,0,0,0,0,0,0,0,0,0,0,0,0,0,0,0,0,0,0,0,0,0,0,0,0,0,0,0,0,0,0,0,0,0,0,0,0,0,0,0,0,0,0,0,0,0,0,0,0,0,0,0,0,0,0,0,0,0,0,0,0,0,0,0,0,0,0,0,0,0,0,0,0,0,0,0,0,0,0,0,0,0,0,0,0,0,0,0,0,0,0,0,0,0,0,0,0,0,0,0,0,0,0,0,0,0,0,0,0,0,0,0,Eukaryota;Mollusca;Gastropoda;Pteropoda;Limacinidae;Limacina;Limacina helicina
0,0,0,0,0,0,0,0,0,0,0,0,0,0,0,0,0,0,0,0,0,0,0,0,0,0,0,0,0,0,0,0,0,0,0,0,0,0,0,0,1,0,0,0,0,0,0,0,0,0,0,0,0,0,0,0,0,0,0,0,0,0,0,0,0,0,0,0,0,0,0,0,0,0,0,0,0,0,0,0,0,0,0,0,0,0,0,0,0,0,0,0,0,0.04189699289065938,0,0,0,0,0,0,0,0,0,0,0,0,0,0,0,0,0,0,0,0,0,0,0,0,0,0,0,0,0,0,0,0,0,0,0,0,0,0,0,0,0,0,0,0,0,0,0,0,0,0,0,0,0,0,0,0,0,0,0,0,0,0,0,0,0,0,0,0,0,0,0,0,0,0,0,0,0,0,0,0,0,0,0,0,0,0,0,0,0,0,0,0,0,0,0,0,0,0,0,0,0,0,0,0,0,0,0,0,0,0,0,0,0,0,0,0,0,Eukaryota;Annelida;Polychaeta;Phyllodocida;Polynoidae;Harmothoe;Harmothoe rarispina CMC03
0,0,0,0,0,0,0,0,0,0,0,0,0,0,0,0,0,0,0,0,0,0,0,0,0,0,0,0,0,0,0,0,0,0,0,0,0,0,0,0,0,0,0,0,0,0,0,1,0,0,0,0,0,0,0,0,0,0,0,0,0,0,0,0,0,0,0,0,0,0,0,0,0,0,0,0,0,0,0,0,0,0,0,0,0,0,0,0,0,0,0,0,0,0,0,0,0,0,0,0,0,0,0,0,0,0,0,0,0,0,0,0,0,0,0,0,0,0,0,0,0,0,0,0,0,0,0,0,0,0,0,0,0,0,0,0,0,0,0,0,0,0,0,0,0,0,0,0,0,0,0,0,0,0,0,0,0,0,0,0,0,0,0,0,0,0,0,0,0,0,0,0,0,0,0,0,0,0,0,0,0,0,0,0,0,0,0,0,0,0,0,0,0,0,0,0,0,0,0,0,0,0,0,0,0,0,0,0,0,0,0,Eukaryota;Arthropoda;Insecta;Diptera;Mycetophilidae;Boletina;Boletina takagii
0,0,0,0,0,0,0,0,0,0,0,0,0,0,0,0,0,0,0,0,0,0,0,0,0,0,0,0,0,0,0,0,0,0,0,0,0,0,0,0,0,0,0,0,0,0,0,0,0,0,0,0,0,0,0,0,0,0,0,0,0,0,0,0,0,0,1,0,0,0,0,0,0,0,0,0,0,0,0,0,0,0,0,0,0,0,0,0,0,0,0,0,0,0,0,0,0,0,0,0,0,0,0,0,0,0,0,0,0,0,0,0,0,0,0,0,0,0,0,0,0,0,0,0,0,0,0,0,0,0,0,0,0,0,0,0,0,0,0,0,0,0,0,0,0,0,0,0,0,0,0,0,0,0,0,0,0,0,0,0,0,0,0,0,0,0,0,0,0,0,0,0,0,0,0,0,0,0,0,0,0,0,0,0,0,0,0,0,0,0,0,0,0,0,0,0,0,0,0,0,0,0,0,0,0,0,0,0,0,0,0,Eukaryota;Cnidaria;Hydrozoa;Siphonophorae;Abylidae;Ceratocymba;Ceratocymba sp. BO-2009
0,0,0,0,0,0,0,0,0,0,0,0,0,0,0,0,0,0,0,0,0,0,0,0,0,0,0,0,0,0,0,0,0,0,0,0,0,0,0,0,0,0,0,0,0,0,0,0,0,0,0,0,0,0,0,0,0,0,0,0,0,0,0,0,0,0,0,0,0,0,0,0,0,0,0,0,0,0,0,1,0,0,0,0,0,0,0,0,0,0,0,0,0,0,0,0,0,0,0,0,0,0,0,0,0,0,0,0,0,0,0,0,0,0,0,0,0,0,0,0,0,0,0,0,0,0,0,0,0,0,0,0,0,0,0,0,0,0,0,0,0,0,0,0,0,0,0,0,0,0,0,0,0,0,0,0,0,0,0,0,0,0,0,0,0,0,0,0,0,0,0,0,0,0,0,0,0,0,0,0,0,0,0,0,0,0,0,0,0,0,0,0,0,0,0,0,0,0,0,0,0,0,0,0,0,0,0,0,0,0,0,Eukaryota;Nemertea;Pilidiophora;Heteronemertea;Cerebratulidae;Cerebratulus;Cerebratulus sp. pink_proboscis
0,0,0,0,0,0,0,0,0,0,0,0,0,0,0,0,0,0,0,0,0,0,0,0,0,0,0,0,0,0,0,0,0,0,0,0,0,0,0,0,0,0,0,0,0,0,0,0,0,0,0,0,0,0,0,0,0,0,0,0,0,0,0,0,0,0,0,0,0,0,0,0,0,0,0,0,0,0,0,1,0,0,0,0,0,0,0,0,0,0,0,0,0,0,0,0,0,0,0,0,0,0,0,0,0,0,0,0,0,0,0,0,0,0,0,0,0,0,0,0,0,0,0,0,0,0,0,0,0,0,0,0,0,0,0,0,0,0,0,0,0,0,0,0,0,0,0,0,0,0,0,0,0,0,0,0,0,0,0,0,0,0,0,0,0,0,0,0,0,0,0,0,0,0,0,0,0,0,0,0,0,0,0,0,0,0,0,0,0,0,0,0,0,0,0,0,0,0,0,0,0,0,0,0,0,0,0,0,0,0,0,Eukaryota;Porifera;Demospongiae;Poecilosclerida;Microcionidae;Clathria;Clathria reinwardti
0,0,0,0,0,0,0,0,0,0,0,0,0,0,0,0,0,0,0,0,0,0,0,0,0,0,0,0,0,0,0,0,0,0,0,0,0,0,0,0,0,0,0,0,0,0,0,0,0,0,0,0,0,0,0,0,0,0,0,0,0,0,0,0,0,0,0,0,0,0,0,0,0,0,0,0,0,0,0,0,0,0,0,0,0,0,0,0,0,0,0,0,0,0.36043411986164264,0,0,0,0,0,0,0,0,1,0,0,0,0,0,0,0,0,0,0,0,0,0,0,0,0,0,0,0,0,0,0,0,0,0,0,0,0,0,0,0,0,0,0,0,0,0,0,0,0,0,0,0,0,0,0,0,0,0,0,0,0,0,0,0,0,0,0,0,0,0,0,0,0,0,0,0,0,0,0,0,0,0,0,0,0,0,0,0,0,0,0,0,0,0,0,0,0,0,0,0,0,0,0,0,0,0,0,0,0,0,0,0,0,0,0,0,0,Eukaryota;NA;Phaeophyceae;Ectocarpales;Chordariaceae;Stictyosiphon;Stictyosiphon soriferus
0,0,0,0,0,0,0,0,0,0,0,0,0,0,0,0,0,0,0,0,0,0,0,0,0,0,0,0,0,0,0,0,0,0,0,0,0,0,0,0,0,0,0,0,0,0,0,0,0,0,0,0,0,0,0,0,0,0,0,0,0,0,0,0,0,0,0,0,0,0,0,0,0,0,0,0,0,0,0,0,0,0,0,0,0,0,0,0,0,0,0,0,0,0,0,0,0,0,0,0,0,0,0,0,0,1,0,0,0,0,0,0,0,0,0,0,0,0,0,0,0,0,0,0,0,0,0,0,0,0,0,0,0,0,0,0,0,0,0,0,0,0,0,0,0,0,0,0,0,0,0,0,0,0,0,0,0,0,0,0,0,0,0,0,0,0,0,0,0,0,0,0,0,0,0,0,0,0,0,0,0,0,0,0,0,0,0,0,0,0,0,0,0,0,0,0,0,0,0,0,0,0,0,0,0,0,0,0,0,0,0,Eukaryota;;Raphidophyceae;Chattonellales;Chattonellaceae;Chattonella;
0,0,0,0,0,0,0,0,0,0,0,0,0,0,0,0,0,0,0,0,0,0,0,0,0,0,0,0,0,0,0,0,0,0,0,0,0,0,0,0,0,0,0,0,0,0,0,0,0,0,0,0,0,0,0,0,0,0,0,0,0,0,0,0,0,0,0,0,0,0,0,0,0,0,0,0,0,0,0,0,0,0,0,0,0,0,0,0,0,0,0,0,0,0,0,0,0,0,0,0,0,0,0,0,0,0,0,1,0,0,0,0,0,0,0,0,0,0,0,0.44009386025067954,0,0,0,0,0,0,0,0,0,0,0,0,0,0,0,0,0,0,0,0,0,0,0,0,0,0,0,0,0,0,0,0,0,0,0,0,0,0,0,0,0,0,0,0,0,0,0,0,0,0,0,0,0,0,0,0,0,0,0,0,0,0,0,0,0,0,0,0,0,0,0,0,0,0,0,0,0,0,0,0,0,0,0,0,0,0,0,0,0,0,0,Eukaryota;Ascomycota;Eurotiomycetes;Eurotiales;Aspergillaceae;Penicillium;Penicillium rubens
0.09046669164087721,0.10057671353992786,0.1601894818152691,0,0,0,0,0,0,0,0,0.018872812698970294,0.13787618273884145,0.05850105709093389,0,0,0,0,0,0,0,0,0,0,0,0,0,0.09852480740498466,0.07136051257320797,0,0,0,0,0,0.5647964286016967,0.6017961930802397,0.6110524456259898,0,0,0,0,0,0,0,0,0.017588675183937797,0,0,0,0,0,0,0.024673724225059784,0,0,0,0,0,0,0,0.024300369733895745,0,0,0,0,0,0,0,0,0,0,0,0.011592345137085245,0,0,0.42960124401190625,0,0,0,0,0,0,0,0,0,0,0,0,0,0,0,0,0,0,0,0,0,0,0,0,0,0,0,0,0,0,0,0,0,0,0,0,0,0.8783633198609797,0.9510342922997669,0,0,0,0,0,0,1,0,0,0.040913640308083823,0,0,0,0,0,0,0,0,0,0,0,0,0,0,0,0,0,0,0,0,0,0,0,0,0,0,0,0,0,0,0,0,0,0,0,0,0,0.14556842344156817,0.09733469897404323,0.1435518563546245,0,0,0,0,0,0,0,0.39913071205794887,0.38943399025741204,0.30611388087116237,0,0,0,0,0,0,0,0,0,0,0,0,0,0,0,0,0,0,0,0,0,0,0,0,0,0,0,0,0.0036535028655538503,0,0,0,0,0,0,0,Eukaryota;Chordata;Actinopteri;Argentiniformes;Bathylagidae;Bathylagoides;Bathylagoides wesethi
0,0,0,0,0,0,0,0,0,0,0,0,0,0,0,0,0,0,0,0,0,0,0,0,0,0,0,0,0,0,0,0,0,0,0,0,0,0,0,0,0,0,0,0,0,0,0,0,0,0,0,0,0,0,0,0,0,0,0,0,0,0,0,0,0,0,0,0,0,0,0,0,0,0,0,0,0,0,0,0,0,0,0,0,0,0,0,0,0,0,0,0,0,0,0,0,0,0,0,0,0,0,0,0,0,0,0,0,0,0,0,0,0,0,0,1,0,0,0,0,0,0,0,0,0,0,0,0,0,0,0,0,0,0,0,0,0,0,0,0,0,0,0,0,0,0,0,0,0,0,0,0,0,0,0,0,0,0,0,0,0,0,0,0,0,0,0,0,0,0,0,0,0,0,0,0,0,0,0,0,0,0,0,0,0,0,0,0,0,0,0,0,0,0,0,0,0,0,0,0,0,0,0,0,0,0,0,0,0,0,0,Eukaryota;Arthropoda;Hexanauplia;Calanoida;Clausocalanidae;Pseudocalanus;
0,0,0,0,0,0,0,0,0,0,0,0,0,0,0,0,0,0,0,0,0,0,0,0,0,0,0,0,0,0,0,0,0,0,0,0,0,0,0,0,0,0,0,0,0,0,0,0,0,0,0,0,0,0,0,0,0,0,0,0,0,0,0,0,0,0,0,0,0,0,0,0,0,0,0,0,0,0,0,0,0,0,0,0,0,0,0,0,0,0,0,0,0,0,0,0,0,0,0,0,0,0,0,0,0,0,0,0,0,0,0,0,0,0,0,0,0,0,0,0.11744098619361981,0,0,0,0,0,0,0,0,0,0,0,0,1,0.4557741330383339,0,0,0,0,0,0,0,0,0,0,0,0,0,0,0,0,0,0,0,0,0,0,0,0,0,0,0,0,0,0,0,0,0,0,0,0,0,0,0,0,0,0,0,0,0,0,0,0,0,0,0,0,0,0,0,0,0,0,0,0,0,0,0,0,0,0,0,0,0,0,0,0,0,0,0,0,0,Eukaryota;Cnidaria;Hydrozoa;Leptothecata;Campanulariidae;Clytia;Clytia gregaria
0,0,0,0,0,0,0,0,0,0,0,0,0,0,0,0,0,0,0,0,0,0,0,0,0,0,0,0,0,0,0,0,0,0,0,0,0,0,0,0,0,0,0,0,0,0,0,0,0,0,0,0,0,0,0,0,0,0,0,0,0,0,0,0,0,0,0,0,0,0,0,0,0,0,0,0,0,0,0,0,0,0,0,0,0,0,0,0,0,0,0,0,0,0,0,0,0,0,0,0,0,0,0,0,0,0,0,0,0,0,0,0,0,0,0,0,0,0,0,1,0,0,0,0,0,0,0,0,0,0,0,0,0,0,0,0,0,0,0,0,0,0,0,0,0,0,0,0,0,0,0,0,0,0,0,0,0,0,0,0,0,0,0,0,0,0,0,0,0,0,0,0,0,0,0,0,0,0,0,0,0,0,0,0,0,0,0,0,0,0,0,0,0,0,0,0,0,0,0,0,0,0,0,0,0,0,0,0,0,0,0,Eukaryota;Echinodermata;Asteroidea;Forcipulatida;Asteriidae;Stylasterias;Stylasterias forreri
0,0,0,0,0,0,0,0,0,0,0,0,0,0,0,0,0,0,0,0,0,0,0,0,0,0,0,0,0,0,0,0,0,0,0,0,0,0,0,0,0,0,0,0,0,0,0,0,0,0,0,0,0,0,0,0,0,0,0,0,0,0,0,0,0,0,0,0,0,0,0,0,0,0,0,0,0,0,0,0,0,0,0,0,0,0,0,0,0,0,0,0,0,0,0,0,0,0,0,0,0,0,0,0,0,0,0,0,0,0,0,0,0,0,0,0,0,0,0,0,0,0,0,0,0,0,1,0,0,0,0,0,0,0,0,0,0,0,0,0,0,0,0,0,0,0,0,0,0,0,0,0,0,0,0,0,0,0,0,0,0,0,0,0,0,0,0,0,0,0,0,0,0,0,0,0,0,0,0,0,0,0,0,0,0,0,0,0,0,0,0,0,0,0,0,0,0,0,0,0,0,0,0,0,0,0,0,0,0,0,0,Eukaryota;Arthropoda;Malacostraca;Decapoda;Hippidae;Emerita;Emerita analoga
0,0,0,0,0,0,0,0,0,0,0,0,0,0,0,0,0,0,0,0,0,0,0,0,0,0,0,0,0,0,0,0,0,0,0,0,0,0,0,0,0,0,0,0,0,0,0,0,0,0,0,0,0,0,0,0,0,0,0,0,0,0,0,0,0,0,0,0,0,0,0,0,0,0,0,0,0,0,0,0,0,0,0,0,0,0,0,0,0,0,0,0,0,0,0,0,0,0,0,1,0,0,0,0,0,0,0,0,0,0,0,0,0,0,0,0,0,0,0,0,0,0,0,0,0,0,0,0,0,0,0,0,0,0,0,0,0,0,0,0,0,0,0,0,0.8669169404035665,0,0,0,0,0,0,0,0,0,0,0,0,0,0,0,0,0,0,0,0,0,0,0,0,0,0,0,0,0,0,0,0,0,0,0,0,0,0,0,0,0,0,0,0,0,0,0,0,0,0,0,0,0,0,0,0,0,0,0,0,0,0,0,0,0,0,Eukaryota;;Dinophyceae;Peridiniales;Protoperidiniaceae;Protoperidinium;Protoperidinium cf. depressum
0,0,0,0,0,0,0,0,0,0,0,0,0,0,0,0,0,0,0,0,0,0,0,0,0,0,0,0,0,0,0,0,0,0,0,0,0,0,0,0,0,0,0,0,0,0,0,0,0,0,0,0,0,0,0,0,0,0,0,0,0,0,0,0,0,0,0,0,0,0,0,0,0,0,0,0,0,0,0,0,0,0,0,0,0,0,0,0,0,0,0,0,0,0,0,0,0,0,0,0,0,0,0,0,0,0,0,0,0,0,0,0,0,0,0,0,0,0,0,0,0,0,0,0,0,0,0,0,0,0,0,0,0,0,0,0,0,0,0,0,0,0,0,0,0,0,0,0,0,0,0,0,0,0,0,0,0,0,0,0,0,0,0,0,0,0,0,0,1,0,0,0,0,0,0,0,0,0,0,0,0,0,0,0,0,0,0,0,0,0,0,0,0,0,0,0,0,0,0,0,0,0,0,0,0,0,0,0,0,0,0,Eukaryota;Echinodermata;Ophiuroidea;NA;Ophiopteridae;Ophiopteris;Ophiopteris papillosa
0,0,0,0,0,0,0,0,0,0,0,0,0,0,0,0,0,0,0,0,0,0,0,0,0,0,0,0,0,0,0,0,0,0,0,0,0,0,0,0,0,0,0,0,0,0,0,0,0,0,0,0,0,0,0,0,0,0,0,0,0,0,0,0,0,0,0,0,0,0,0,0,0,0,0,0,0,0,0,0,0,0,0,0,0,0,0,0,0,0,0,0,0,0,0,0,0,0,0,0,0,0,0,0,0,0,0,0,0,0,0,0,0,0,0,0,0,0,0,0,0,0,0,0,0,0,0,0,0,0,0,0,0,0,0,0,0,0,0,0,0,0,0,0,0,0,0,0,0,0,0,0,0,0,0,0,0,0,0,0,0,0,0,0,0,0,0,0,0,0,0,0,0,0,0,0,0,0,0,0,0,0,1,0,0,0,0,0,0,0,0,0,0,0,0,0,0,0,0,0,0,0,0,0,0,0,0,0,0,0,0,Eukaryota;NA;Phaeophyceae;Fucales;Sargassaceae;Sargassum;Sargassum lapazeanum
0,0,0,0,0,0,0,0,0,0,0,0,0,0,0,0,0,0,0,0,0,0,0,0,0,0,0,0,0,0,0,0,0,0,0,0,0,0,0,0,0,0,0,0,0,0,0,0,0,0,0,0,0,0,0,0,0,0,0,0,0,0,0,0,0,0,0,0,0,0,0,0,0,0,0,0,0,0,0,0,0,0,0,0,0,0,0,0,0,0,0,0,0,0,0,0,0,0,0,0,0,0,0,0,0,0,0,0,0,0,0,0,0,0,0,0,0,0,0,0,0,0,0,0,0,0,0,0,0,0,0,0,0,0,0,0,0,0,0,0,0,0,0,0,0,0,0,0,0,0,0,0,0,0,0,0,0,0,0,0,0,0,0,0,0,0,0,0,0,0,0,0,0,0,0,0,0,0,0,0,0,0,1,0,0,0,0,0,0,0,0,0,0,0,0,0,0,0,0,0,0,0,0,0,0,0,0,0,0,0,0,Eukaryota;NA;Oomycetes;Pythiales;Pythiaceae;Pythium;Pythium sp. rooibos 2
0,0,0,0,0,0,0,0,0,0,0,0,0,0,0,0,0,0,0,0,0,0,0,0,0,0,0,0,0,0,0,0,0,0,0,0,0,0,0,0,0,0,0,0,0,0,0,0,0,0,0,0,0,0,0,0,0,0,0,0,0,0,0,0,0,0,0,0,0,0,0,0,0,0,0,0,0,0,0,0,0,0,0,0,0,0,0,0,0,0,0,0,0,0,0,0,0,0,0,0,0,0,0,0,0,0,0,0,0,0,0,0,0,0,0,0,0,0,0,0,0,0,0,0,0,0,0,0,0,0,0,0,0,0,0,0,0,0,0,0,0,0,0,0,0,0,0,0,0,0,0,0,0,0,0,0,0,0,0,0,0,0,0,0,0,0,0,0,0,0,0,0,0,0,0,0,1,0,0,0,0,0,0,0,0,0,0,0,0,0,0,0,0,0,0,0,0,0,0,0,0,0,0,0,0,0,0,0,0,0,0,Eukaryota;Rhodophyta;Florideophyceae;Ceramiales;Rhodomelaceae;Chondria;Chondria coerulescens
0,0,0,0,0,0,0,0,0,0,0,0,0,0,0,0,0,0,0,0,0,0,0,0,0,0,0,0,0,0,0,0,0,0,0,0,0,0,0,0,0,0,0,0,0,0,0,0,0,0,0,0,0,0,0,0,0,0,0,0,0,0,0,0,0,0,0,0,0,0,0,0,0,0,0,0,0,0,0,0,0,0,0,0,0,0,0,0,0,0,0,0,0,0,0,0,0,0,0,0,0,0,0,0,0,0,0,0,0,0,0,0,0,0,0,0,0,0,0,0,0,0,0,0,0,0,0,0,0,0,0,0,0,0,0,0,0,0,0,0.8066596817497218,0,0,0,0,0,0,0,0,0,0,0,0,0,0,0,0,0,0,0,0,0,0,0,0,0,0,0,0,0,0,0,0,0,0,0,0,1,0,0,0,0,0,0,0,0,0,0,0,0,0,0,0,0,0,0,0,0,0,0,0,0,0,0,0,0,0,0,0,0,0,0,Eukaryota;Arthropoda;Insecta;Diptera;Mycetophilidae;Allodia;Allodia sp. CJB1
0,0,0.6425651679776087,0,0,0,0,0,0.5182113939096322,0,0,0,0,0,0,0,0,0,0,0.5171215586112677,0,0,0,0,0.3640440628797679,0,0,0,0,0,0,0,0,0,0,0,0,0,0,0,0,0,0,0,0,0,0,0,0,0,0,0,0,0,0,0,0,0,0,0,0,0,0,0,0,0,0,0,0,0,0,0,0,0,0,0,0,0,0,0,0,0,0,0,0,0,0,0,0,0,0,0,0,0,0,0,0,0,0,0,0,0,0,0,0,0,0,0,0,0,0,0,0,0,0,0,0,0,0,0,0,0,0,0,0,0,0,0,0,0,0,0,0,0,0,0,0,0,0,0,0,0,0,0,0,0,0,0,0,0,0,0,0,0,0,0.9169639918372721,0,0,0,0,0,0,0,0,0,0,0,0,0,0,0,0,0.6412108323091157,0,0,0,0,0,0,0,0,0,0,0,0,0,0,0,0,0,0,0,1,0,0,0,0,0,0,0,0,0,0,0,0,0,0,0,0,0,0,Eukaryota;Arthropoda;Insecta;Psocoptera;Liposcelidae;Liposcelis;Liposcelis corrodens
0,0,0,0,0,0,0,0,0,0,0,0,0,0,0,0,0,0,0,0,0,0,0,0,0,0,0,0,0,0,0,0,0,0,0,0,0,0,0,0,0,0,0,0,0,0,0,0,0,0,0,0,0,0,0,0,0,0,0,0,0,0,0,0,0,0,0,0,0,0,0,0,0,0,0,0,0,0,0,0,0,0,0,0,0,0,0,0,0,0,0,0,0,0,0,0,0,0,0,0,0,0,0,0,0,0,0,0,0,0,0,0,0,0,0,0,0,0,0,0,0,0,0,0,0,0,0,0,0,0,0,0,0,0,0,0,0,0,0,0,0,0,0,0,0,0,0,0,0,0,0,0,0,0,0,0,0,0,0,0,0,0,0,0,0,0,0,0,0,0,0,0,0,0,0,0,0,0,0,0,0,0,0,0,0,1,0,0,0,0,0,0,0,0,0,0,0,0,0,0,0,0,0,0,0,0,0,0,0,0,0,Eukaryota;Arthropoda;Insecta;Diptera;Drosophilidae;Drosophila;Drosophila camargoi
0,0,0,0,0,0,0,0,0,0,0,1,0,0,0,0,0,0,0,0,0,0,0,0,0,0,0,0,0,0,0,0,0,0,0,0,0,0,0,0,0,0,0,0,0,0,0,0,0,0,0,0,0,0,0,0,0,0,0,0,0,0,0,0,0,0,0,0,0,0,0,0,0,0,0,0,0,0,0,0,0,0,0,0,0,0,0,0,0,0,0,0,0,0,0,0,0,0,0,0,0,0,0,0,0,0,0,0,0,0,0,0,0,0,0,0,0,0,0,0,0,0,0,0,0,0,0,0,0,0,0,0,0,0,0,0,0,0,0,0,0,0,0,0,0,0,0,0,0,0,0,0,0,0,0,0,0,0,0,0,0,0,0,0,0,0,0,0,0,0,0,0,0,0,0,0,0,0,0,0,0,0,0,0,0,0,0,0,0,0,0,0,0,0,0,0,0,0,0,0,0,0,0,0,0,0,0,0,0,0,0,Eukaryota;;Oomycetes;Pythiales;Pythiaceae;Pythium;Pythium insidiosum
0,0,0,0,0,0,0,0,0,0,0,0,0,0,0,0,0,0,0,0,0,0,0,0,0,0,0,0,0,0,0,0,0,0,0,0,0,0,0,0,0,0,0,0,0,0,0,0,0,0,0,0,0,0,0,0,0,0,0,0,0.7330443159922929,1,0,0,0,0,0,0,0,0,0,0,0,0,0,0,0,0,0,0,0,0,0,0,0,0,0,0,0,0,0,0,0,0,0,0,0,0,0,0,0,0,0,0,0,0,0,0,0,0,0,0,0,0,0,0,0,0,0,0,0,0,0,0,0,0,0,0,0,0,0,0,0,0,0,0,0,0,0,0,0,0,0,0,0,0,0,0,0,0,0,0,0,0,0,0,0,0,0,0,0,0,0,0,0,0,0,0,0,0,0,0,0,0,0,0,0,0,0,0,0,0,0,0,0,0,0,0,0,0,0,0,0,0,0,0,0,0,0,0,0,0,0,0,0,0,0,0,0,0,0,Eukaryota;Annelida;Polychaeta;Spionida;Spionidae;NA;Spionidae sp. 11BIOAK-1681
0,0,0,0,0,0,0,0,0,0,0,0,0,0,0,0,0,0,0,0,0,0,0,0,0,0,0,0,0,0,0,0,0,0,0,0,0,0,0,0,0,0,0,0,0,0,0,0,0,0,0,0,0,0,0,0,0,0,0,0,0,0,0,0,0,0,0,0,0,0,0,0,0,1,0,0,0,0,0,0,0,0,0,0,0,0,0,0,0,0,0,0,0,0,0,0,0,0,0,0,0,0,0,0,0,0,0,0,0,0,0,0,0,0,0,0,0,0,0,0,0,0,0,0,0,0,0,0,0,0,0,0,0,0,0,0,0,0,0,0,0,0,0,0,0,0,0,0,0,0,0,0,0,0,0,0,0,0,0,0,0,0,0,0,0,0,0,0,0,0,0,0,0,0,0,0,0,0,0,0,0,0,0,0,0,0,0,0,0,0,0,0,0,0,0,0,0,0,0,0,0,0,0,0,0,0,0,0,0,0,0,Eukaryota;NA;Oomycetes;Peronosporales;Peronosporaceae;Phytophthora;Phytophthora nicotianae
0,0,0,0,0,0,0,0,0,0,0,0,0,0,0,0,0,0,0,0,0,0,0,0,0,0,0,0,0,0,0,0,0,0,0,0,0,0,0,0,0,0,0,0,0,0,0,0,0,0,0,0,0,0,0,0,0,0,0,0,0,0,0,0,0,0,0,0,0,0,0,0,0,0,0,0,0,0,0,0,0,0,0,0,0,0,0,0,0,0,0,0,0,0,0,0,0,0,0,0,0,0,0,1,0,0,0,0,0,0,0,0,0,0,0,0,0,0,0,0,0,0,0,0,0,0,0,0,0,0,0,0,0,0,0,0,0,0,0,0,0,0,0,0,0,0,0,0,0,0,0,0,0,0,0,0,0,0,0,0,0,0,0,0,0,0,0,0,0,0,0,0,0,0,0,0,0,0,0,0,0,0,0,0,0,0,0,0,0,0,0,0,0,0,0,0,0,0,0,0,0,0,0,0,0,0,0,0,0,0,0,Eukaryota;NA;Phaeophyceae;Laminariales;NA;Aureophycus;Aureophycus aleuticus
0,0,0.061125593844943836,0,0,0,0,0,0,0,0,0,0,0,0,0,0,0,0,0,0,0,0,0,0,0,0,0,0,0,0,0,0,0,0,0,0,0,0,0,0,0,0,0,0,0,0,0,0,0,0,0,0,0,0,0,0,0,0,0,0,0,0,0,0,0,0,0,0,0,0,0,0,0,0,0,0,0,0,0,0,0,0,0,0,0,0,0,0,0,0,0,0,0,0,0,0,0,0,0,0,0,0,0,0,0,0,0,0,0,0,0,0,0,0,0,0,0,0,0,0,0,0,0,0,0,0,0,0,0,0,0,0,0,0,0,0,0,0,0,0,0,0,0,0.28264312529328955,0,0,0,0,0,0,0,0,0,0,0,0,0,0,0,0,0,0,0,0,0,0,0,0,0,0,0,0,0,0,0.36773319596283366,0,0,0,0,0,0,0,0,0,0,0,0,0,0,0,0,0,0,0,0,0,0,0,0,0,0,0,0,0,0,0,0,0,1,0,Eukaryota;Arthropoda;Hexanauplia;Calanoida;Bathypontiidae;Temorites;Temorites brevis
0,0,0,0,0,0,0,0,0,0,0,0,0,0,0,0,0,0,0,0,0,0,0,0,0,0,0,0,0,0,0,0,0,0,0,0,0,0,0,0,0,0,0,0,0,0,0,0,0,0,0,0,0,0,0,0,0,0,0,0,0,0,0,0,0,0,0,0,0,0,0,0,0,0,0,0,0,0,0,0,0,0,0,0,0,0,0,0,0,0,0,0,0,0,0,0,0,0,0,0,0,0,0,0,0,0,0,0,0,0,0,0,0,0,1,0,0,0,0,0,0,0,0,0,0,0,0,0,0,0,0,0,0,0,0,0,0,0,0,0,0,0,0,0,0,0,0,0,0,0,0,0,0,0,0,0,0,0,0,0,0,0,0,0,0,0,0,0,0,0,0,0,0,0,0,0,0,0,0,0,0,0,0,0,0,0,0,0,0,0,0,0,0,0,0,0,0,0,0,0,0,0,0,0,0,0,0,0,0,0,0,Eukaryota;Cnidaria;Hydrozoa;Leptothecata;Eirenidae;Helgicirrha;
0,0,0,0,0,0,0,0,0,0,0,0,0,0,0,0,0,0,0,0,0,0,0,0,0,0,0,0,0,0,0,0,0,0,0,0,0,0,0,0,0,0,0,0,0,0,0,0,0,0,0,0,0.6371869782971619,0,0,0,0,0,0,0,0,0,0,0,0,0,0,0,0,0,0,0,0,0,0,0,0,0,0,0,0,0,0,0,0,0,0,0,0,0,0,0,0,0,0,0,0,0,0,0,0,0,0,0,0,0,0,0,0,0,0,0,0,0,1,0,0,0,0,0,0,0,0,0,0,0,0,0,0,0,0,0,0,0,0,0,0,0,0,0,0,0,0,0,0,0,0,0,0,0,0,0,0,0,0,0,0,0,0,0,0,0,0,0,0,0,0,0,0,0,0,0,0,0,0,0,0,0,0,0,0,0,0,0,0,0,0,0,0,0,0,0,0,0,0,0,0,0,0,0,0,0,0,0,0,0,0,0,0,0,0,Eukaryota;Cnidaria;Hydrozoa;Anthoathecata;Corynidae;Sarsia;Sarsia tubulosa
0,0,0,0,0,0,0,0,0,0,0,0,0,0,0,0,0,0,0,0,0,0,0,0,0,0,0,0,0,0,0,0,0,0,0,0,0,0,0,0,0,0,0,0,0,0,0,0,0,0,0,0,0,0,0,0,0,0,0,0,0,0,0,0,0,0,0,0,0,0,0,0,0,0,0,0,0,0,0,0,0,0,0,0,0,0,0,0,0,0,0,0,0,0,0,0,0,0,0,0,0,0,0,0,0,0,0,0,0,0,0,0,0,0,0,0,0,0,0,0,1,0,0,0,0,0,0,0,0,0,0,0,0,0,0,0,0,0,0,0,0,0,0,0,0,0,0,0,0,0,0,0,0,0,0,0,0,0,0,0,0,0,0,0,0,0,0,0,0,0,0,0,0,0,0,0,0,0,0,0,0,0,0,0,0,0,0,0,0,0,0,0,0,0,0,0,0,0,0,0,0,0,0,0,0,0,0,0,0,0,0,Eukaryota;Arthropoda;Insecta;Diptera;Drosophilidae;Drosophila;Drosophila caribiana
0,0,0,0,0,0,0,0,0,0,0,0,0,0,0,0,0,0,0,0,0,0,0,0,0,0,0,0,0,0,0,0,0,0,0,0,0,0,0,0,0,0,0,0,0,0,0,0,0,0,0,0,0,0,0,0,0,0,0,0,0,0,0,0,0,0,0,0,0,0,0,0,0,0,0,0,0,0,0,0,0,0,0,0,0,0,0,0,0,0,0,0,0,0,0,0,0,0,0,0,0,0,0,0,0,0,0,0,0,0,0,0,0,0,0,0,0,0,0,0,0,0,0,0,0,0,0,0,0,0,0,0,0,0,0,0,0,0,0,0,0,0,0,0,0,0,0,0,0,0,0,0,0,0,0,0,0,0,0,0,0,0,0,0,0,0,0,0,0,1,0,0,0,0,0,0,0,0,0,0,0,0,0,0,0,0,0,0,0,0,0,0,0,0,0,0,0,0,0,0,0,0,0,0,0,0,0,0,0,0,0,Eukaryota;Bacillariophyta;Coscinodiscophyceae;Thalassiosirales;Skeletonemataceae;Skeletonema;Skeletonema pseudocostatum
0,0,0.006624763756158913,0,0,0,0.04011857350400786,0,0.048847473669411764,0.05030723353477629,0,0.07655273570840442,0.07410763171973352,0.09597247027728432,0,0,0,0,0.05894274365581203,0.4833853776965149,0,0,0,0,0,0.060156294029158404,0.07186942366659627,0.06216632669331471,0.1413620665943369,0.09981876322762537,0.14754531738116147,0.07380306736425908,0,0,0.042889209631899974,0.0407420742140276,0.06365320590134736,0,0.012921209031420012,0,0,0,0,0,0,0.01707376831334507,0.09129072110950434,0.057191790137729535,0.045329237637838596,0,0,0,0,0,0,0.03804473884859955,0,0,0,0,0,0,0,0,0.662005041496634,0,0.030805752305217832,0,0.08621798827224889,0.058194450473028944,0,0,0,0,0.32999497309833153,0,0.14828551077022026,0.07088165760041927,0,0,0,0.024656310219007285,0.1568888548173959,0.13508846096558336,0,0.24236947165290737,0.28357041153669893,0.04885865220491325,0,0.12236655701014687,0.11659300915301858,0.068201422141617,0,0.10054849646939407,0.0888065032583118,0.03062958779548844,0,0,0,0,0,0,0,0,0,0,0,0.024277350314768215,0.017316303564088222,0.11803236332666674,0.03693716085909706,0.019842763653211328,0,0.07759108751446832,0.06841249944535653,0.0412695142707929,0.029385226094541694,0,0,0,0,0.1023196717231768,0,0,0.02647726479948052,0.010146557269704534,0.011795706116243606,0.008921427384405439,0,0,0.051305845983880945,0,0,0,1,0.7920324297999908,0.4334698912795307,0.08694610145297864,0.14879846551016962,0.04885327132811295,0,0.012805326235008803,0,0,0.005834806088312317,0,0.034068592925267024,0.025338615135993867,0.030484913866452565,0,0,0.046595671653550955,0.012837276201524785,0,0,0.07202880100908644,0,0,0,0.0769955034717526,0.0506671493009252,0,0.17568528271410336,0.12177191858907882,0,0,0,0,0,0,0,0.07641877658915369,0.3827968423064296,0.37703325730138587,0.3728510646310957,0,0.008074990801927863,0,0.03866652130358638,0,0,0,0.0030484345489962864,0,0,0.011120066425594408,0,0,0,0,0,0,0.01285386468731242,0.12496454044415627,0.11898537582960332,0.07834068113531586,0.054871346277971626,0,0.03779861271782583,0.6123088016737018,0.3438308996771285,0.021472590219870132,0,0.012294695921952677,0,0,0.06343188916582955,0,0.025678971050739623,0.04644837437698119,0.052470165733321736,Eukaryota;Cnidaria;Hydrozoa;Trachymedusae;Rhopalonematidae;Colobonema;Colobonema sericeum
0,0,0,0,0,0,0,0,0,0,0,0,0,0,0,0,0,0,0,0,0,0,0,0,0,0,0,0,0,0,0,0,0,0,0,0,0,0,0,0,0,0,0,0,0,0,0,0,0,0,0,0,0,0,0,0,0,0,0,0,0,0,0,0,0,0,0,0,0,0,0,0,0,0,0,0,0,0,0,0,0,0,0,0,0,0,0,0,0,0,0,0,0,0,0,0,0,0,0,0,0,0,0,0,0,0,0,0,0,0,0,0,0,0,0,0,0,0,0,0,0,0,0,0,0,0,0,0,0,0,0,0,0,0,0,0,0,0,0,0,0,0,0,0,0,0,0,0,0,0,0,0,0,0,0,0,0,0,0,0,0,0,0,0,0,0,0,0,0,0,0,0,0,0,0,0,0,0,0,0,0,0,0,0,0,0,0,0,0,1,0,0,0,0,0,0,0,0,0,0,0,0,0,0,0,0,0,0,0,0,0,Eukaryota;Arthropoda;Malacostraca;Decapoda;Hippolytidae;Lebbeus;
0,0,0,0,0,0,1,0,0,0,0,0,0,0,0,0,0,0,0,0,0,0,0,0,0,0,0,0,0,0,0,0,0,0,0,0,0,0,0,0,0,0,0,0,0,0,0,0,0,0,0,0,0,0,0,0,0,0,0,0,0,0,0,0,0,0,0,0,0,0,0,0,0,0,0,0,0,0,0,0,0,0.737503098405354,0,0,0,0,0,0,0,0,0,0,0,0,0,0,0,0,0,0,0,0,0,0,0,0,0,0,0,0,0,0,0,0,0,0,0,0,0,0,0,0,0,0,0,0,0,0,0,0,0,0,0,0,0,0,0,0,0,0,0,0,0,0,0,0,0,0,0,0,0,0,0,0,0,0,0,0,0,0,0,0,0,0,0,0,0,0,0,0,0,0,0,0,0,0,0,0,0,0,0,0,0,0,0,0,0,0,0,0,0,0,0,0,0,0,0,0,0,0,0,0,0,0,0,0,0,0,0,0,0,Eukaryota;Arthropoda;Hexanauplia;Calanoida;Spinocalanidae;;
0,0,0,0,0,0,1,0,0,0,0,0,0,0,0,0,0,0,0,0,0,0,0,0,0,0,0,0,0,0,0,0,0,0,0,0,0,0,0,0,0,0,0,0,0,0,0,0,0,0,0,0,0,0,0,0,0,0,0,0,0,0,0,0,0,0,0,0,0,0,0,0,0,0,0,0,0,0,0,0,0,0,0,0,0,0,0,0,0,0,0,0,0,0,0,0,0,0,0,0,0,0,0,0,0,0,0,0,0,0,0,0,0,0,0,0,0,0,0,0,0,0,0,0,0,0,0,0,0,0,0,0,0,0,0,0,0,0,0,0,0,0,0,0,0,0,0,0,0,0,0,0,0,0,0,0,0,0,0,0,0,0,0,0,0,0,0,0,0,0,0,0,0,0,0,0,0,0,0,0,0,0,0,0,0,0,0,0,0,0,0,0,0,0,0,0,0,0,0,0,0,0,0,0,0,0,0,0,0,0,0,Eukaryota;NA;Oomycetes;Myzocytiopsidales;Myzocytiopsidaceae;Chlamydomyzium;Chlamydomyzium dictyuchoides
0,0,0,0,0,0,0,0,0,0,0,0,0,0,0,0,0,0,0,0,0,0,1,0,0,0,0,0,0,0,0,0,0,0,0,0,0,0,0,0,0,0,0,0,0,0,0,0,0,0,0,0,0,0,0,0,0,0,0,0,0,0,0,0,0,0,0,0,0,0,0,0,0,0,0,0,0,0,0,0,0,0,0,0,0,0,0,0,0,0,0,0,0,0,0,0,0,0,0,0,0,0,0,0,0,0.3568833470472815,0,0,0,0,0,0,0,0,0,0,0,0,0,0,0,0,0,0,0,0,0,0,0,0,0,0,0,0,0,0,0,0,0,0,0,0,0,0,0,0,0,0,0,0,0,0,0,0,0,0,0,0,0,0,0,0,0,0,0,0,0,0,0,0,0,0,0,0,0,0,0,0,0,0,0,0,0,0,0,0,0,0,0,0,0,0,0,0,0,0,0,0,0,0,0,0,0,0,0,0,0,0,0,0,0,Eukaryota;Bacillariophyta;Bacillariophyceae;Cymbellales;Gomphonemataceae;Gomphonema;Gomphonema parvulum
0,0,0,0,0,0,0,0,0,0,0,0,0,0,0,0,0,0,0,0,0,0,1,0,0,0,0,0,0,0,0,0,0,0,0,0,0,0,0,0,0,0,0,0,0,0,0,0,0,0,0,0,0,0,0,0,0,0,0,0,0,0,0,0,0,0,0,0,0,0,0,0,0,0,0,0,0,0,0,0,0,0,0,0,0,0,0,0,0,0,0,0,0,0,0,0,0,0,0,0,0,0,0,0,0,0,0,0,0,0,0,0,0,0,0,0,0,0,0,0,0,0,0,0,0,0,0,0,0,0,0,0,0,0,0,0,0,0,0,0,0,0,0,0,0,0,0,0,0,0,0,0,0,0,0,0,0,0,0,0,0,0,0,0,0,0,0,0,0,0,0,0,0,0,0,0,0,0,0,0,0,0,0,0,0,0,0,0,0,0,0,0,0,0,0,0,0,0,0,0,0,0,0,0,0,0,0,0,0,0,0,Eukaryota;Chordata;Actinopteri;Lampriformes;Trachipteridae;Trachipterus;Trachipterus trachypterus
0,0,0,0,0,0,0,0,0,0,0,0,0,0,0,0,0,0,0,0,0,0,0,0,0,0,0,0,0,0,0,0,0,0,1,0,0,0,0,0,0,0,0,0,0,0,0,0,0,0,0,0,0,0,0,0,0,0,0,0,0,0,0,0,0,0,0.4309580787747403,0,0,0,0,0,0,0,0,0,0,0,0,0,0,0,0,0,0,0,0,0,0,0,0,0,0,0,0,0,0,0,0,0,0,0,0,0,0,0,0,0,0,0,0,0,0,0,0,0,0,0,0,0,0,0,0,0,0,0,0,0,0,0,0,0,0,0,0,0,0,0,0,0,0,0,0,0,0,0,0,0,0,0,0,0,0,0,0,0,0,0,0,0,0,0,0,0,0,0,0,0,0,0,0,0,0,0,0,0,0,0,0,0,0,0,0,0,0,0,0,0,0,0,0,0,0,0,0,0,0,0,0,0,0,0,0,0,0,0,0,0,0,0,0,Eukaryota;Cnidaria;Hydrozoa;Siphonophorae;Agalmatidae;;
0,0,0,0,0,0,0,0,0,0,0,0,0,0,0,0,0,0,0,0,0,0,0,0,0,0,0,0,0,0,0,0,0,0,0,0,0,0,0,1,0,0,0,0,0,0,0,0,0,0,0,0,0,0,0,0,0,0,0,0,0,0,0,0,0,0,0,0,0,0,0,0,0,0,0,0,0,0,0,0,0,0,0,0,0,0,0,0,0,0,0,0,0,0,0,0,0,0,0,0,0,0,0,0,0,0,0,0,0,0,0,0,0,0,0,0,0,0,0,0,0,0,0,0,0,0,0,0,0,0,0,0,0,0,0,0,0,0,0,0,0,0,0,0,0,0,0,0,0,0,0,0,0,0,0,0,0,0,0,0,0,0,0,0,0,0,0,0,0,0,0,0,0,0,0,0,0,0,0,0,0,0,0,0,0,0,0,0,0,0,0,0,0,0,0,0,0,0,0,0,0,0,0,0,0,0,0,0,0,0,0,Eukaryota;Chordata;Actinopteri;Perciformes;Sebastidae;Sebastes;Sebastes jordani
0,0,0,0,0,0,0,0,0,0,0,0,0,0,0,0,0,0,0,0,0,0,0,0,0,0,0,0,0,0,0,0,0,0,0,0,0,0,0,1,0,0,0,0,0,0,0,0,0,0,0,0,0,0,0,0,0,0,0,0,0,0,0,0,0,0,0,0,0,0,0,0,0,0,0,0,0,0,0,0,0,0,0,0,0,0,0,0,0,0.3516135646040924,0,0,0,0.03198382680959948,0,0,0,0,0,0,0,0,0,0,0,0,0,0,0,0,0,0,0,0,0,0,0,0,0,0,0,0,0,0,0,0,0,0,0,0,0,0,0,0,0,0,0,0,0,0,0,0,0,0,0,0,0,0,0.03231026617497815,0,0,0,0.5533080960165189,0,0,0,0,0,0,0,0,0,0,0,0,0,0,0,0,0,0,0,0,0,0,0,0,0,0,0,0,0,0,0,0,0,0,0,0,0,0,0,0,0,0,0,0,0,0,0,0,0,0,0,0,0,0,0,0,0,0,Eukaryota;Arthropoda;Hexanauplia;Calanoida;Aetideidae;Euchirella;Euchirella pulchra
0,0,0,0,0,0,0,0,0,0,0,0,0,0,0,0,0,0,0,0,0,0,0,0,0,0,0,0,0,0,0,0,0,0,0,0,0,0,0,0,0,0,0,0,0,0,0,0,0,0,0,0,1,0,0,0,0,0,0,0,0,0,0,0,0,0,0,0,0,0,0,0,0,0,0,0,0,0,0,0,0,0,0,0,0,0,0,0,0,0,0,0,0,0,0,0,0,0,0,0,0,0,0,0,0,0,0,0,0,0,0,0,0,0,0,0,0,0,0,0,0,0,0,0,0,0,0,0,0,0,0,0,0,0,0,0,0,0,0,0,0,0,0,0,0,0,0,0,0,0,0,0,0,0,0,0,0,0,0,0,0,0,0,0,0,0,0,0,0,0,0,0,0,0,0,0,0,0,0,0,0,0,0,0,0,0,0,0,0,0,0,0,0,0,0,0,0,0,0,0,0,0,0,0,0,0,0,0,0,0,0,Eukaryota;Mollusca;Gastropoda;Littorinimorpha;Lacunidae;Lacuna;Lacuna variegata
0.016890345994791355,0.018805464867760868,0.01518949398147368,0.053690507659091134,0.04004446169496922,0.023150466542172687,0.0065040105693959325,0.003457165557592517,0.01052885277497845,0,0.010878029144792753,0.005077106808968599,0.007265568474973481,0.007833915600743263,0,0,0,0,0,0,0.4830901509471321,0.5030940856746471,0.3513230861407816,0.3255403566055334,0.21336145456907893,0.38921418908024846,0.38608663279104055,0.2601222945083511,0.3069565966073958,0.3215500979013446,0.4149032837506248,0.37493740245298673,0.0585588491962694,0.03747156217699727,0.38788430005150043,0.36964498413997376,0.2750063164755297,0.07969283284366141,0.0554165151765979,0.038775908853140174,0.04111280055814061,0.04999163972939755,0.05037707393132525,0.03729146377733693,0.010447523456382828,0.007360347603723563,0.03772453442974582,0.03388463519057738,0.012884192777701815,0.01457071966857672,0.03160456153720379,0.016405985222306997,0.13422804196356472,0.10365870533542411,0.1583072822547653,0.1367569726535435,0.10745409173066708,0.1095326887238688,0.23775177220974195,0.22521236101768935,0.05169239649220695,0.04855298013082554,0.12369420250173427,0.11874592464593153,0.15732730050294746,0.07161070475197742,0.0965824153592015,0.07367454874848708,0.5102931562440696,0.4716375361953533,0.07294642990774765,0.057580989061011764,0.010914881304744387,0.011383777417163754,0.27011714751446214,0.01020560127073088,0.0676125015634353,0.08884873603357316,0.05106142550523158,0.019806331104056843,0.007475931979461636,0.011991819867476678,0.03937077729394385,0.08047075904556421,0.045193801306123466,0.014411488872220966,0.014418599518349043,0.16025193477785668,0.13922604518922693,0.03624948732878063,0.030930581653083388,0.01447434745346791,0.08509618350777605,0.36339885801637756,0.31957097010555063,0.020314060276660113,0.2837381680432083,0.027429882797110346,0.018001281125058093,0.016605328144978365,0.007565089358724753,0.014562630022482566,0.016476057161730166,0.010547424043271834,0.024292601630217476,0.02700264611691728,0.01854831473989445,0.05325764677309012,0.05236916119918215,0.3874912378239787,0.008399091199757153,0.07106430350386987,0.08092698615491807,0.04043263757969418,0.03111245199579919,0.9626644862740034,1,0.11259252055442134,0.43564179116617957,0.09179117184163271,0.0941369981000616,0.04637109260865982,0.07365101440010331,0.08085993174285315,0.007463072033251748,0.002355278891565841,0.0016897921159314477,0.001609380865305666,0,0,0.9316566354397292,0.1694806755021568,0.6427264792121917,0.6739607155156584,0.10910987715402228,0.11700440866558882,0.10687320000831654,0.20038283056287415,0.17883766635277407,0.18100976081727527,0.10072768771555224,0.11550083931996977,0.08795762721190693,0.23909781813571135,0.20470935222436426,0.19719022241649553,0.19544559608232454,0.1511727005460526,0.1731465689635424,0.01700919087548119,0.01272350274884459,0.010595326945268652,0.43874957097894574,0.4955243355790157,0.4747100698654638,0.0367834529685913,0.17334369285708462,0.15246241571539312,0.13129129211181123,0,0.0013441323883531143,0,0,0.0028090850224721823,0.004805781224021795,0.1326983669841783,0.09424480250394171,0.12802485446525635,0.11352891460937736,0.10164948813473718,0.02351221684090022,0.03513967540223793,0.050775467043492825,0.03707709522112986,0.044591678707161804,0.3073704336714898,0.2795555533136364,0.3187199795086313,0.27182947830575854,0.26813478020599685,0.24382235072297487,0.4002949814685649,0.35084506216232736,0.3403301370404663,0,0,0,0,0.007468347653466883,0.00522338572864285,0.003281477061277142,0.02636761802013532,0.032110457779384,0.15450938098950243,0.1380979462527854,0.1565633493239901,0.03572993866555335,0.03396359827498698,0.04073660299177645,0.011722287911392675,0.011897450271011578,0.023192460842848043,0.020088294836728714,0.014983067095644037,0.02491934183853977,0.02925392960042762,0.2290428827636802,0.24632864724854497,0.18506723975044748,0.006845632640111984,0.006959820135679672,Eukaryota;Cnidaria;Hydrozoa;Siphonophorae;Agalmatidae;Nanomia;Nanomia bijuga
0.8029109343450003,0.8042354697637734,1,0,0,0,0,0,0,0,0.0418689314345425,0.010132631075718873,0,0,0,0,0,0,0,0,0,0,0,0,0,0,0,0,0,0,0.056635005098141546,0,0,0,0,0,0,0.0642304769091653,0.07439674322006574,0,0,0,0.02030134560685693,0.009303050412042895,0,0,0,0,0,0,0,0,0,0,0,0,0,0,0,0,0,0,0,0.011345125497701638,0,0.2411724303561622,0.18348723151903742,0.15075833856869514,0,0,0.018717784453716465,0,0,0,0.03879350499203186,0,0,0,0,0,0,0,0,0,0,0,0,0,0,0,0,0,0,0,0,0,0,0,0,0,0,0,0,0,0,0,0,0,0,0,0,0,0,0,0,0.007023204947158604,0.007553762343143268,0,0,0,0,0,0,0,0.10250864771218944,0,0,0,0.20439164142301747,0.16055450136660332,0,0,0.7903071570354204,0.6839270113895111,0,0,0,0,0,0,0,0,0,0,0,0,0,0,0,0,0,0,0,0.014958789890171605,0,0,0,0,0,0,0,0,0,0,0,0,0,0,0,0,0,0,0,0,0,0.07799808953823109,0.09940002645248543,0.08248942159066786,0,0,0,0,0,0,0.17687298173743468,0.1335720312262031,0.09558204263928899,0,0,0,0,0,0,0,0,0,0,0,0,0,0,0,0,0.004119213932155076,0,0,0,0,0,0,0,Eukaryota;Cnidaria;Hydrozoa;Anthoathecata;Pandeidae;Pandea;Pandea conica
0,0,0,0,0,0,0,0,0,0,0,0,0,0,0,0,0,0,0,0,0,0,0,0,0,0,0,0,0,0,0,0,0,0,0,0,0,0,0,0,0,0,0,0,0,0,0,0,0,0,0,0,0,0,0,0,0,0,0,0,0,0,0,0,0,0,0,0,0,0,0,0,1,0,0,0,0,0,0,0,0,0,0,0,0,0,0,0,0,0,0,0,0,0,0,0,0,0,0,0,0,0,0,0,0,0,0,0,0,0,0,0,0,0,0,0,0,0,0,0,0,0,0,0,0,0,0,0,0,0,0,0,0,0,0,0,0,0,0,0,0,0,0,0,0,0,0,0,0,0,0,0,0,0,0,0,0,0,0,0,0,0,0,0,0,0,0,0,0,0,0,0,0,0,0,0,0,0,0,0,0,0,0,0,0,0,0,0,0,0,0,0,0,0,0,0,0,0,0,0,0,0,0,0,0,0,0,0,0,0,0,Eukaryota;Bacillariophyta;Coscinodiscophyceae;Thalassiosirales;Stephanodiscaceae;;
0,0,0,0,0,0,0,0,0,0,0,0,0,0,0,0,0,0,0,0,0,0,0.4236662883087401,0,0,0,0,0,0,0,0,0,0,0,0,0,0,0,0,0,0,0,0,0,0,0,0,0,0,0,0,0,0,0,0,0,0.5286515196223074,0,0,0,0,0,0,0,0,0,0,0,0,0,0,0,0,0,0,0,0,0,0,0,0,0,0,0,0,0,0,1,0,0,0,0,0,0,0,0,0,0,0,0,0,0,0,0,0,0,0,0,0,0,0,0,0,0,0,0,0,0,0,0,0,0,0,0,0,0,0,0,0,0,0,0,0,0,0,0,0,0,0,0,0,0,0,0,0,0,0,0,0,0,0,0,0,0,0,0,0,0,0,0,0,0.9039810283061708,0,0,0,0,0,0,0,0,0,0,0,0,0,0,0,0,0,0,0,0,0,0,0,0,0,0,0,0,0,0,0,0,0,0,0,0,0,0,0,0,0,0,0,0,0,0,0,0,0,Eukaryota;Cnidaria;Hydrozoa;Leptothecata;Campanulariidae;Obelia;Obelia sp. 1 SL-2013
0,0,0,0,0,0,0,0,0,0,0,0,0,0,0,0,0,0,0,0,0,0,0,0,0,0,0,0,0,0,0,0,0,0,0,0,0,0,0,0,0,0,0,0,0,0,0,0,0,0,0,0,0,0,0,0,0,0,0,0,0,0,0,0,0,0,0,0,0,0,0,0,0,0,0,0,0,0,0,0,0,0,0,0,0,0,0,0,0,0,0,0,0,0,0,0,0,1,0,0,0,0,0,0,0,0,0,0,0,0,0,0,0,0,0,0,0,0,0,0,0,0,0,0,0,0,0,0,0,0,0,0,0,0,0,0,0,0,0,0,0,0,0,0,0,0,0,0,0,0,0,0,0,0,0,0,0,0,0,0,0,0,0,0,0,0,0,0,0,0,0,0,0,0,0,0,0,0,0,0,0,0,0,0,0,0,0,0,0,0,0,0,0,0,0,0,0,0,0,0,0,0,0,0,0,0,0,0,0,0,0,Eukaryota;Arthropoda;Insecta;Diptera;Thaumaleidae;Thaumalea;Thaumalea verralli
0,0,0,0,0,0,0,0,0,0,0,0,0,0,0,0,0,0,0,0,0,0,0,0,0,0,0,0,0,0,0,0,0,0,0,0,0,0,0,0,0,0,0,0,0,0,0,0,0,0,0,0,0,0,0,0,0,0,0,0,0,0,0,0,0,0,0,0,0,0,0,0,0,0,0,0,0,0,0,0,0,0,0,0,0,0,0,0,0,0,0,0,0,0,0,0,0,0,0,1,0,0,0,0,0,0,0,0,0,0,0,0,0,0,0,0,0,0,0,0,0,0,0,0,0,0,0,0,0,0,0,0,0,0,0,0,0,0,0,0,0,0,0,0,0,0,0,0,0,0,0,0,0,0,0,0,0,0,0,0,0,0,0,0,0,0,0,0,0,0,0,0,0,0,0,0,0,0,0,0,0,0,0,0,0,0,0,0,0,0,0,0,0,0,0,0,0,0,0,0,0,0,0,0,0,0,0,0,0,0,0,Eukaryota;NA;Chrysophyceae;Chromulinales;Dinobryaceae;Poteriospumella;Poteriospumella lacustris
0,0,0,0,0,0,0,0,0,0,0,0,0,0,0,0,0,0,0,0,0,0,0,0,0,0,0,0,0,0,0,0,0,0,0,0,0,0,0,0,0,0,0,0,0,0,0,0,0,0,0,0,0,0,0,0,0,0,0,0,0,0,0,0,0,0,0,0,0,0,0,0,0,0,0,0,0,0,0,0,0,0,0,0,0,0,0,0,0,0,0,0,0,0,0,0,0,0,0,0,0,1,0,0,0,0,0,0,0,0,0,0,0,0,0,0,0,0,0,0,0,0,0,0,0,0,0,0,0,0,0,0,0,0,0,0,0,0,0,0,0,0,0,0,0,0,0,0,0,0,0,0,0,0,0,0,0,0,0,0,0,0,0,0,0,0,0,0,0,0,0,0,0,0,0,0,0,0,0,0,0,0,0,0,0,0,0,0,0,0,0,0,0,0,0,0,0,0,0,0,0,0,0,0,0,0,0,0,0,0,0,Eukaryota;NA;Oomycetes;Saprolegniales;Saprolegniaceae;Achlya;Achlya dubia
0,0,0,0,0,0,0,0,0,0,0,0,0,0,0,0,0,0,0,0,0,0,0,0,0,0,0,0,0,0,0,0,0,0,0,0,0,0,0,0,0,0,0,0,0,0,0,0,0,0,0,0,0,0,0,0,0,0,0,0,0,0,0,0,0,0,0,0,0,0,0,0,0,0,0,0,0,0,0,0,0,0,0,0,0,0,0,0,0,0,0,0,0,0,0,0,0,0,0,0,0,0,0,0,0,0,0,0,0,0,0,0,0,0,0,0,0,0,0,0,0,0,0,0,0,0,0,0,0,0,0,0,0,0,0,0,0,0,0,0,0,0,0,0,0,0,0,0,0,0,0,0,0,0,0,0,0,0,0,0,0,0,0,0,0,0,0,0,0,0,0,0,0,0,0,0,0,0,0,0,0,0,0,0,0,0,0,0,0,0,0,0,0,0,0,0,0,0,1,0,0,0,0,0,0,0,0,0,0,0,0,Eukaryota;Chaetognatha;Sagittoidea;Aphragmophora;Sagittidae;Sagitta;Sagitta enflata
0,0,0,0,0,0,0,0,0,0,0,0,0,0,0,0,0,0,0,0,0,0,0,0,0,0,0,0,0,0,0,0,0,0,0,0,0,0,0,0,0,0,0,0,0,0,0,0,0,0,0,0,0,0,0,0,0,0,0,0,0,0,0,0,0,0,0,0,0,0,0,0,0,0,0,0,0,0,0,0,0,0,0,0,0,0,0,0,0,0,0,0,0,0,0,0,0,0,0,0,0,0,0,0,0,0,0,0,0,0,0,0,0,0,0,0,0,0,0,0,0,1,0,0,0,0,0,0,0,0,0,0,0,0,0,0,0,0,0,0,0,0,0,0,0,0,0,0,0,0,0,0,0,0,0,0,0,0,0,0,0,0,0,0,0,0,0,0,0,0,0,0,0,0,0,0,0,0,0,0,0,0,0,0,0,0,0,0,0,0,0,0,0,0,0,0,0,0,0,0,0,0,0,0,0,0,0,0,0,0,0,Eukaryota;Arthropoda;Malacostraca;NA;Parasquillidae;Pseudosquillopsis;Pseudosquillopsis marmorata
0.03673901802267653,0.03697358702109618,0.025195343921201624,0,0.02166361382990828,0,0.013562596937008767,0.07599605948878842,0.0139332768391758,0.14759649713771525,0.0712912904185503,0.08734375633345234,0.28184661930450994,0.5110043585626189,0,0,0,0,0,0,0,0,0,0,0,0,0,0.40408270781545025,0.6212603124019513,0.6905675201178617,0.11971099636733494,0.039296361747764026,0.1423982197577703,0.10437031323107272,0,0,0,0,0,0.02470664568905927,0.056133494815889654,0.05249001492130794,0,0,0.9367925480796196,1,0.2323552197890355,0.28421591823791986,0.24628063818220708,0,0,0.05534108957163374,0,0,0,0,0.07590792211624314,0,0,0.032741659725023506,0.39847859269824587,0.6496612862758216,0,0,0,0.14971629456025656,0.06603599390558482,0,0,0,0,0,0.5807073114394222,0.34272044237173477,0,0.6797770564058421,0,0.013478878694256182,0,0,0,0,0.25479878406260603,0.315734587642536,0.09967811917574784,0,0,0,0.04344976680056717,0,0,0,0,0,0,0.05325286599205571,0,0,0,0.03071709063914325,0,0.06984402657865492,0.023228920995353668,0.007003413953935664,0,0,0,0,0,0,0,0,0,0,0.06690519148762418,0,0,0,0,0.002500593654926016,0,0.12322856296797664,0,0,0.010069850296102167,0.36274084460956496,0.30900604646228913,0.3230138830546373,0.47490614890356153,0.34899602242775674,0,0,0,0,0,0,0,0,0,0,0,0.02142857142857143,0,0,0,0,0,0,0,0,0,0,0.2799174498391568,0.22923639511406976,0.2294589112582955,0.03287284764475206,0,0,0,0,0,0,0.26492250970917347,0.14900502946063943,0.19980038173445566,0,0,0,0,0,0,0.007750303473734971,0.06896157161993406,0.10383669395563265,0.08368699016357858,0,0,0,0,0,0,0,0,0,0,0,0,0,0,0,0,0,0,0,0,0,0,0,0.03953287960317837,0,0,0,0,0,0,0,0,0,0,0,0.022172763351992048,Eukaryota;Arthropoda;Hexanauplia;Calanoida;Clausocalanidae;Clausocalanus;Clausocalanus lividus
0,0,0,0,0,0,0,0,0,0,0,0,0,0,0,0,0,0,0,0,0,0,0,0,0,0,0,0,0,0,0,0,0,0,0,0,0,0,0,0,0,0,0,0,0,0,0,0,0,0,0,0,0,0,0,0,0,0,0,0,0,0,0,0,0,0,0,0,0,0,0,0,0,0,0,0,0,0,0,0,0,0,0,0,0,0,0,0,0,0,0,0,0,0,0,0,0,0,0,0,0,0,0,0,0,0,0,0,0,0,0,0,0,0,0,0,0,0,0,0,0,0,0,0,0,0,0,0,0,0,1,0,0,0,0,0,0,0,0,0,0,0,0,0,0,0,0,0,0,0,0,0,0,0,0,0,0,0,0,0,0,0,0,0,0,0,0,0,0,0,0,0,0,0,0,0,0,0,0,0,0,0,0,0,0,0,0,0,0,0,0,0,0,0,0,0,0,0,0,0,0,0,0,0,0,0,0,0,0,0,0,Eukaryota;Cnidaria;Scyphozoa;Semaeostomeae;Pelagiidae;Pelagia;Pelagia sp. Plg_P3
0,0,0,0,0,0,0,0,0,0,0,0,0,0,0,0,0,0,0,0,0,0,0,0,0,0,0,0,0,0,0,0,0,0,0,0,0,0,0,0,0,0,0,0,0,0,0,0,0,0,0,0,0,0,0,0,0,0,0.8936043438566142,0,0,0,0,0,0,0,0,0,0,0,0,0,0,0,0,0,0,0,0,0,0,0,0,0,0,0,0,0,0,0,0,0,0,0,0,0,0,0,0,0,0,0,0,0,0,0,0,0.4364216652586126,0,0,0,0,0,0,0,0,0,0,0,0,0,0,0,0,0,0,0,0,0,0,0,0,0,0,0,0,0,0,0,0,0,0,0,0,0,0,0,0,0,0,0,0,1,0,0,0,0,0,0,0,0,0,0,0,0,0,0,0,0,0,0,0,0,0,0,0,0,0,0,0,0,0,0,0,0,0,0,0,0,0,0,0,0,0,0,0,0,0,0,0,0,0,0,0,0,0,0,0,0,0,0,Eukaryota;Arthropoda;Hexanauplia;Calanoida;Spinocalanidae;Spinocalanus;Spinocalanus aff. elongatus 2 MB-2017
0,0,0,0,0,0,0,0,0,0,0,0,0,0,0,0,0,0,0,0,0,0,0,0,0,0,0,0,0,0,0,0,0,0,0,0,0,0,0,0,0,0,0,0,0,0,0,0,0,0,0,0,0,0,0,0,0,0,0,0,0,0,0,0,0,0,0,0,0,0,0,0,0,0,0,0,0,0,0,0,0,0,0,0,0,0,0,0,0,0,0,0,0,0,0,0,0,0,0,0,0,0,0,0,0,0,0,0,0,0,0,0,0,0,0,0,0,0,0,0,0,0,0,0,0,0,0,0,0,0,0,0,0,0,0,0,0,0,0,0,0,0,0,0,0,0,0,0,0,0,0,0,0,0,0,0,1,0,0,0,0,0,0,0,0,0,0,0,0,0,0,0,0,0,0,0,0,0,0,0,0,0,0,0,0,0,0,0,0,0,0,0,0,0,0,0,0,0,0,0,0,0,0,0,0,0,0,0,0,0,0,Eukaryota;NA;Dinophyceae;Gonyaulacales;Ceratiaceae;Tripos;Tripos longipes
0,0,0,0,0,0,0,0,0,0,0,0,0,0,0,0,0,0,0,0,0,0,0,0,0,0,0,0,0,0,0,0,0,0,0,0,0,0,0,0,0,0,0,0,0,0,0,0,0,0,0,0,0,0,0,0,0,0,0,0,0,0,0,0,0,0,0,0,0,0,0,0,0,0,0,0,0,0,0,0,0,0,0,0,0,0,0,0,0,0,0,0,0,0.20123686114778924,0,0,0,0,0,0,0,0,0,0,0,0,0,0,0,0,0,0,0,0,0,0,0,0,0,0,0,0,0,0,0,0,0,0,0,0,0,0,0,0,0,0,0,0,0,0,0,0,0,0,0,0,0,0,0,0,0,0,0,0,0,0,1,0,0,0,0,0,0,0,0,0,0,0,0,0,0,0,0,0,0,0,0,0,0,0,0,0,0,0,0,0,0,0,0,0,0,0,0,0,0,0,0,0,0,0,0,0,0,0,0,0,0,0,0,0,0,Eukaryota;Echinodermata;Ophiuroidea;;;;
0,0,0,0,0,0,0,0,0,0,0,0,0,0,0,0,0,0,0,0,0,0,0,0,0,0,0,0,0,0,0,0,0,0,0,0,0,0,0,0,0,0,0,0,0,0,0,0,0,0,0,0,0,0,0,0,0,0,0,0,0,0,0,0,0,0,0,0,0,0,0,0,0,0,0,0,0,0,0,0,0,0,0,0,0,0,0,0,0,0,0,0,0,0,0,0,0,0,0,0,0,0,0,0,0,0,0,0,0,0,0,0,0,0,0,0,0,0,0,0,0,0,0,0,0,0,0,0,0,0,0,0,0,0,0,0,0,0,0,0,0,0,0,0,0,0,0,0,0,0,0,0,0,0,0,0,0,0,0,0,0,0,1,0,0,0,0,0,0,0,0,0,0,0,0,0,0,0,0,0,0,0,0,0,0,0,0,0,0,0,0,0,0,0,0,0,0,0,0,0,0,0,0,0,0,0,0,0,0,0,0,Eukaryota;Arthropoda;Insecta;Hymenoptera;Braconidae;Lysiphlebus;Lysiphlebus hirticornis
0,1,0,0,0,0,0,0,0,0,0,0,0,0,0,0,0,0,0,0,0,0,0,0,0,0,0,0,0,0,0,0,0,0,0,0,0,0,0,0,0,0,0,0,0,0,0,0,0,0,0,0,0,0,0,0,0,0,0,0,0,0,0,0,0,0,0,0,0,0,0,0,0,0,0,0,0,0,0,0,0,0,0,0,0,0,0,0,0,0,0,0,0,0,0,0,0,0,0,0,0,0,0,0,0,0,0,0,0,0,0,0,0,0,0,0,0,0,0,0,0,0,0,0,0,0,0,0,0,0,0,0,0,0,0,0,0,0,0,0,0,0.7587023686920701,0,0,0,0,0,0,0,0,0,0,0,0,0,0,0,0,0,0,0,0,0,0,0,0,0,0,0,0,0,0,0,0,0,0,0,0,0,0,0,0,0,0,0,0,0,0,0,0,0,0,0,0,0,0,0,0,0,0,0,0,0,0,0,0,0,0,0,0,0,Eukaryota;Arthropoda;Hexanauplia;Calanoida;Clausocalanidae;Clausocalanus;Clausocalanus laticeps
0,0,0,0,0,0,0,0,0,0,0,0,0,0,0,0,0,0,0,0,0,0,0,0,0,0,0,0,0,0,0,0,0,0,0,0,0,0,0,0,0,0,0,0,0,0,0,0,0,0,0,0,0,0,0,0,0,0,0,0,1,0,0,0,0,0,0,0,0,0,0,0,0,0,0,0,0,0,0,0,0,0,0,0,0,0,0,0,0,0,0,0,0,0,0,0,0,0,0,0,0,0,0,0,0,0,0,0,0,0,0,0,0,0,0,0,0,0,0,0,0,0,0,0,0,0,0,0,0,0,0,0,0,0,0,0,0,0,0,0,0,0,0,0,0,0,0,0,0,0,0,0,0,0,0,0,0,0,0,0,0,0,0,0,0,0,0,0,0,0,0,0,0,0,0,0,0,0,0,0,0,0,0,0,0,0,0,0,0,0,0,0,0,0,0,0,0,0,0,0,0,0,0,0,0,0,0,0,0,0,0,Eukaryota;Arthropoda;Insecta;Diptera;Hybotidae;Chersodromia;Chersodromia isabellae
0,0,0,0,0,0,0,0,0,0,0,0,0,0,0,0,0,0,0,0,0,0,0,0,0,0,0,0,0,0,0,0,0,0,0,0,0,0,0,0,0,0,0,0,0,0,0,0,0,0,0,0,0,0,0,0,0,0,0,0,0,0,0,0,0,0,0,0,0,0,0,0,0,0,0,0,0,0,0,0,0,0,0,0,0,0,0,0,0,0,0,0,0,0,0,0,1,0,0,0,0,0,0,0,0,0,0,0,0,0,0,0,0,0,0,0,0,0,0,0,0,0,0,0,0,0,0,0,0,0,0,0,0,0,0,0,0,0,0,0,0,0,0,0,0,0,0,0.032301076446903505,0,0,0,0,0,0,0,0,0,0,0,0,0,0,0,0,0,0,0,0,0,0,0,0,0,0,0,0,0,0,0,0,0,0,0,0,0,0.08239568486068025,0,0,0,0,0,0,0,0,0,0,0,0,0,0,0,0,0,0,0,0,0,0,0,0,0,Eukaryota;Cnidaria;Hydrozoa;Anthoathecata;Corymorphidae;Euphysa;Euphysa aurata
0,0,0,0,0,0,0,0,0,0,0,0,0,0,0,0,0,0,0,0,0,0,0,0,0,0,0,0,0,0,0,0,0,0,0,0,0,0,0,0,0,0,0,0,0,0,0,0,0,0,0,0,0,0,0,0,0,0,0,0,0,0,0,0,0,0,0,0,0,0,0,0,0,0,0,0,0,0,0,0,0,0,0,0,0,0,0,0,0,0,0,0,0,0,0,0,0,0,0,0,0,0,1,0,0,0,0,0,0,0,0,0,0,0,0,0,0,0,0,0,0,0,0,0,0,0,0,0,0,0,0,0,0,0,0,0,0,0,0,0,0,0,0,0,0,0,0,0,0,0,0,0,0,0,0,0,0,0,0,0,0,0,0,0,0,0,0,0,0,0,0,0,0,0,0,0,0,0,0,0,0,0,0,0,0,0,0,0,0,0,0,0,0,0,0,0,0,0,0,0,0,0,0,0,0,0,0,0,0,0,0,Eukaryota;NA;Oomycetes;Pythiales;Pythiaceae;Pythium;Pythium glomeratum
0,0,0,0,0,0,0,0,0,0,0,0,0,0,0,0,0,0,0,0,0,0,0,0,0,0,0,0,0,0,0,0,0,0,0,0,0,0,0,0,0,0,0,0,0,0,0,0,0,0,0,0,0,0,0,0,0,0,0,0,0,0,0.9659550619045193,0,0,0,0,0,0,0,0,0,0,0,0,0,0,0,0,0,0,0,0,0,0,0,0,0,0,0,0,0,0,0,0,0,0,0,0,0,0,0,0,0,0,1,0,0,0,0,0,0,0,0,0,0,0,0,0,0,0,0,0,0,0,0,0,0,0,0,0,0,0,0,0,0,0,0,0,0,0,0,0,0,0,0,0,0,0,0,0,0,0,0,0,0,0,0,0,0,0,0,0,0,0,0,0,0,0,0,0,0,0,0,0,0,0,0,0,0,0,0,0,0,0,0,0,0,0,0,0,0,0,0,0,0,0,0,0,0,0,0,0,0,0,0,0,0,0,0,0,Eukaryota;Bacillariophyta;Fragilariophyceae;Fragilariales;Fragilariaceae;Asterionella;Asterionella formosa
0,0,0,0.0450514556132697,0.07790951936388843,0.04950356346366415,0,0,0,0,0,0,0,0,0,0,0,0,0,0,0,0,0.2114228997283013,0.21848497282120316,0.1424818389889541,0,0.026330366802920693,0.2705453541435454,0.5473112540574295,0.26934093456092895,0,0,0,0,0,0,0,0,0.01262364089306514,0,0,0,0,0,0,0,0.07203674214533623,0.022349878218815546,0.0189794275389193,0,0,0,0.10646916240491315,0,0.035333190295450914,0.029734872018699034,0,0,0,0,0,0,0.26737523593295504,0.28223241808372035,0,0.0494475892851661,0.0465124841092633,0.034344428709044784,0,0,0,0,0.040196192806471714,0,0,0,0,0,0,0,0,0,0,0,0,0,0,0,0,0,0,0,0,0,0.0015693265578699488,0,0,0,0,0,0,0,0.003687510823664583,0.03761633954775499,0.008322071973891083,0,0,0,0,0,0,0,0,0,0,0.03411616212305133,0.02629094297705993,0,0,0,0,0,0,0,0,0,0.002765773841680084,0.009064610834145097,0,0,0,0,0,0,0,0,0,0,0,0,0,0,0,0,0,0,0,0,0.0051265584775509075,0,0,0,0,0,0,0,0.0028820414144667956,0.022052858236075147,0.018169326015165216,0.018805585139994797,0,0.009806851554075697,0,0,0,1,0.38651532291238166,0.735617191607853,0.7077944097476883,0.6692611109440646,0,0,0,0,0,0,0,0,0,0,0,0,0.004301888969321324,0.002272588450680521,0,0,0,0,0,0,0,0,0,0,0,0,0,0,0,0.4686987978238734,0.34321511777354347,0.3596243761317886,0.3544114482858284,0.3123004566832527,0.02676635720345433,0,0,0,0,0,0,Eukaryota;Bacillariophyta;Coscinodiscophyceae;;;;
0,0,0,0,0,0,0,0,0,0,0,0,0,0,0,0,0,0,0,0,0,0,0,0,0,0,0,0,0,0,0,0,0,0,0,0,0,0,0,0,0,0,0,0,0,0,0,0,0,0,0,0,0,0,0,0,0,0,0,0,0,0,0,0,0,0,0,0,0,0,0,0,0,0,0,0,0,0,0,0,0,0,0,0,0,0,0,0,0,0,0,0,0,0,0,0,0,0,0,0,0,0,0,0,0,0,0,0,0,0,0,0,0,0,0,0,0,0,0,0,0,0,0,0,1,0,0,0.06469376919323824,0,0,0,0,0,0,0,0,0,0,0,0,0,0,0,0,0,0,0,0,0,0,0,0,0,0,0,0,0,0,0,0,0,0,0,0,0,0,0,0,0,0,0,0,0,0,0,0,0,0,0,0,0,0,0,0,0,0,0,0,0,0,0,0,0,0,0,0,0,0,0,0,0,0,0,0,0,0,0,0,0,0,0,Eukaryota;Arthropoda;Malacostraca;Decapoda;Calappidae;Platymera;Platymera gaudichaudii
0,0,0,0,0,0,0,0,0,0,0,0,0,0,0,0,0,0,0,0,0,0,0,0,0,0,0,0,0,0,0,0,0,0,0,0,0,0,0,0,0,0,0,0,0,0,0,0,0,0,0,0,0,0,0,0,0,0,0,0,0,0,0,0,0,0,0,0,0,0,0,0,0,0,0,0,0,0,0,0,0,0,0,0,0,0,0,0,0,0,0,0,0,0,0,0,0,0,0,0,0,0,0,0,0,0,0,0,0,0,0,0,0,0,0,0,0,0,0,0,0,0,0,0,0,0,1,0,0,0,0,0,0,0,0,0,0,0,0,0,0,0,0,0,0,0,0,0,0,0,0,0,0,0,0,0,0,0,0,0,0,0,0,0,0,0,0,0,0,0,0,0,0,0,0,0,0,0,0,0,0,0,0,0,0,0,0,0,0,0,0,0,0,0,0,0,0,0,0,0,0,0,0,0,0,0,0,0,0,0,0,Eukaryota;Arthropoda;Insecta;Hemiptera;Cicadidae;Hyalessa;Hyalessa maculaticollis
0,0,0,0,0,0,0,0,0,0,0,0,0,0,0,0,0,0,0,0,0,0,0,0,0,0,0,0,0,0,0,0,0,0,0,0,0,0,0,0,0,0,0,0,0,0,0,0,0,0,0,0,0,0,0,0,0,0,0,0,0,0,0,0,0,0,0,0,0,0,0,0,0,0,0,0,0,0,0,0,0,0,0,0,0,0,0,0,0,0,0,0,0,0,0,0,0,0,0,0,0,0,0,0,0,0,0,0,0,0,0,0,0,0,0,0,0,0,0,0,0,0,0,0,0,0,1,0,0,0,0,0,0,0,0,0,0,0,0,0,0,0,0,0,0,0,0,0,0,0,0,0,0,0,0,0,0,0,0,0,0,0,0,0,0,0,0,0,0,0,0,0,0,0,0,0,0,0,0,0,0,0,0,0,0,0,0,0,0,0,0,0,0,0,0,0,0,0,0,0,0,0,0,0,0,0,0,0,0,0,0,Eukaryota;Arthropoda;Malacostraca;Decapoda;Majidae;Loxorhynchus;Loxorhynchus crispatus
1,0,0,0,0,0,0,0,0,0,0,0,0,0,0,0,0,0,0,0,0,0,0,0,0,0,0,0,0,0,0,0,0,0,0,0,0,0,0,0,0,0,0,0,0,0,0,0,0,0,0,0,0,0,0,0,0,0,0,0,0,0,0,0,0,0,0,0,0,0,0,0,0,0,0,0,0,0,0,0,0,0,0,0,0,0,0,0,0,0,0,0,0,0,0,0,0,0,0,0,0,0,0,0,0,0,0,0,0,0,0,0,0,0,0,0,0,0,0,0,0,0,0,0,0,0,0,0,0,0,0,0,0,0,0,0.22008277148464064,0,0,0,0,0,0,0,0,0,0,0,0,0,0,0,0,0,0,0,0,0,0,0,0,0,0,0,0,0,0,0,0,0,0,0,0,0,0,0,0,0,0,0,0,0,0,0,0,0,0,0,0,0,0,0,0,0,0,0,0,0,0,0,0,0,0,0,0,0,0,0,0,0,0,0,Eukaryota;Arthropoda;Insecta;Orthoptera;Gryllidae;Anaxipha;
0,0,0,0,0,0,0,0,0,0,0,0,0,0,0,0,0,0,0,0,0,0,0,0,0,0,0,0,0,0,0,0,0,0,0,0,0,0,0,0,0,0,0,0,0,0,0,0,0,0,0,0,0,0,0,0,0,0,0,0,0,0,0,0,0,0,0,0,0,0,0,0,0,0,0,0,0,0,0,0,0,0,0,0,0,0,0,0,0,0,0,0,0,0,0,0,0,0,0,0,0,0,0,0,0,0,0,0,0,0,0,0,0,0,0,0,0,0,0,0,0,0,0,0,0,0,0,0,0,0,0,0,0,0,0,1,0,0,0,0,0,0,0,0,0,0,0,0,0,0,0,0,0,0,0,0,0,0,0,0,0,0,0,0,0,0,0,0,0,0,0,0,0,0,0,0,0,0,0,0,0,0,0,0,0,0,0,0,0,0,0,0,0,0,0,0,0,0,0,0,0,0,0,0,0,0,0,0,0,0,0,Eukaryota;Cnidaria;Hydrozoa;Siphonophorae;Rhodaliidae;Dromalia;Dromalia alexandri
0,0,0,0,0,0,0,0,0,0,0,0,0,0,0,0,0,0,0,0,0,0,0,0,0,0,0,0,0,0,0,0,0,0,0,0,0,0,0,0,0,0,0,0,0,0,0,0,0,0,0,0,0,0,0,0,0,0,0,0,0,0,0,0,0,0,0,0,0,0,0,0,0,0,0,0,0,0,0,0,0,0,0,0,0,0,0,0,0,0,0,0,0,0,0,0,0,0,0,0,0,0,0,0,0,0,0,0,0,0,0,0,0,0,0,0,0,0,0,0,0,0,0,0,0,0,0,0,0,0,0,0,0,0,0,0,0,0,0,0,0,0,0,0,0,0,0,1,0,0,0,0,0,0,0,0,0,0,0,0,0,0,0,0,0,0,0,0,0,0,0,0,0,0,0,0,0,0,0,0,0,0,0,0,0,0,0,0,0,0,0,0,0,0,0,0,0,0,0,0,0,0,0,0,0,0,0,0,0,0,0,Eukaryota;NA;Dinophyceae;Gymnodiniales;Kareniaceae;Karenia;Karenia mikimotoi
0,0,0,0,0,0,0,0,0,0,0,0,0,0,0,0,0,0,0,0,0,0,0,0,0,0,0,0,0,0,0,0,0,0,0,0,0,0,0,0,0,0,0,0,0,0,0,0,0,0,0,0,0,0,0,0,0,0,0,0,0,0,0,0,0,0,0,0,0,0,0,0,0,0,0,0,0,0,0,0,0,0,0,0,0,0,0,0,0,0,0,0,0,0,0,0,0,0,0,0,0,0,0,0,0,0,0,0,0,0,0,0,0,0,0,0,0,0,0,0,0,0,0,0,0,0,0,0,0,0,0,0,0,0,0,0,0,0,0,0.25804465981271696,0,0,0,0,0,0,0,0,0,0,1,0,0,0,0,0,0,0,0,0,0,0,0,0,0,0,0,0,0.16686286299850103,0,0,0,0,0,0,0,0,0,0,0,0,0,0,0,0,0,0,0,0,0,0,0,0,0,0,0,0,0,0,0,0,0,0,0,0,0,0,0,0,0,0,Eukaryota;Echinodermata;Asteroidea;Valvatida;Asterinidae;Patiria;Patiria miniata
0,0,0,0,0,0,0,0,0,0,0,0,0,0,0,0,0,0,0,0,0,0,0,0,0,0,0,0,0,0,0,0,0,0,0,0,0,0,0,0,0,0,0,0,0,0,0,0,0,0,0,0,0,0,0,0,0,0,0,0,0,0,0,0,0,0,0,0,0,0,0,0,0,0,0,0,0,0,0,0,0,0,0,0,0,0,0,0,0,0,0,0,0,0,0,0,0,0,0,0,0,0,0,0,0,0,0,0,0,0,0,0,0,0,0,0,0,0,0,0,0,0,0,0,0,0,0,0,0,0,0,0,0,0,0,0,0,0,0,0,0,0,0,0,0,0,0,0,0,0,0,0,0,1,0,0,0,0,0,0,0,0,0,0,0,0,0,0,0,0,0,0,0,0,0,0,0,0,0,0,0,0,0,0,0,0,0,0,0,0,0,0,0,0,0,0,0,0,0,0,0,0,0,0,0,0,0,0,0,0,0,Eukaryota;Mollusca;Gastropoda;Neogastropoda;Terebridae;Terebra;Terebra succincta
0,0,0,0,0,0,0,0,0,0,0,0,0,0,0,0,0,0,0,0,0,0,0,0,0,0,0,0,0,0,0,0,0,0,0,0,0,0,0,0,0,0,0,0,0,0,0,0,0,0,0,0,0,0,0,0,0,0,0,0,0,0,0,0,0,0,0,0,0,0,0,0,0,0,0,0,0,0,0,0,0,0,0,0,0,0,0,0,0,0,0,0,0,0,0,0,0,0,0,0,0,0,0,0,0,0,0,0,0,0,0,0,0,0,0,0,0,0,0,0,0,0,0,0,0,0,0,0,0,0,0,0,0,0,0,0,0,0,0,0,0,0,0,0,0,0,0,0,0,0,0,0,0,0,0,0,0,1,0,0,0,0,0,0,0,0,0,0,0,0,0,0,0,0,0,0,0,0,0,0,0,0,0,0,0,0,0,0,0,0,0,0,0,0,0,0,0,0,0,0,0,0,0,0,0,0,0,0,0,0,0,Eukaryota;Annelida;Clitellata;Haplotaxida;Almidae;Glyphidrilus;Glyphidrilus mekongensis
0,0,0,0,0,0,0,0,0,0,0,0,0,0,0,0,0,0,0,0,0,0,0,0,0,0,0,0,0,0,0,0,0,0,0,0,0,0,0,0,0,0,0,0,0,0,0,0,0,0,0,0,0,0,0,0,0,0,0,0,0,0,0,0,0,0,0,0,0,0,0,0,0,0,0,0,0,0,0,0,0,0,0,0,0,0,0,0,0,0,0,0,0,0,0,0,0,0,0,0,0,0,0,0,0,0,0,0,0,0,0,0,0,0,0,0,0,0,0,0,0,0,0,0,0,0,0,0,0,0,0,0,0,0,0,0,0,0,0,0,0,0,0,0,0,0,0,0,0,0,0,0,0,0,0,0,0,0,0,0,0,0,0,0,0,0,0,0,1,0,0,0,0,0,0,0,0,0,0,0,0,0,0,0,0,0,0,0,0,0,0,0,0,0,0,0,0,0,0,0,0,0,0,0,0,0,0,0,0,0,0,Eukaryota;Echinodermata;Holothuroidea;Apodida;Chiridotidae;Chiridota;
0,0,0,0,0,0,0,0,0,0,0,0,0,0,0,0,0,0,0,0,0,0,0,0,0,0,0,0,0,0,0,0,0,0,0,0,0,0,0,0,0,0,0,0,0,0,0,0,0,0,0,0,0,0,0,0,0,0,0,0,0,0,0,0,0,0,0,0,0,0,0,0,0,0,0,0,0,0,0,0,0,0,0,0,0,0,0,0,0,0,0,0,0,0,0,0,0,0,0,0,0,0,0,0,0,0,0,0,0,0,0,0,0,0,0,1,0.9358387464608328,0,0,0,0,0,0,0,0,0,0,0,0,0,0,0,0,0,0,0,0,0,0,0,0,0,0,0,0,0,0,0,0,0,0,0,0,0,0,0,0,0,0,0,0,0,0,0,0,0,0,0,0,0,0,0,0,0,0,0,0,0,0,0,0,0,0,0,0,0,0,0,0,0,0,0,0,0,0,0,0,0,0,0,0,0,0,0,0,0,0,0,0,0,0,Eukaryota;Cnidaria;Scyphozoa;Semaeostomeae;Pelagiidae;Chrysaora;
0,0,0,0,0,0,0,0,0,0,0,0,0,0,0,0,0,0,0,0,0,0,0,0,0,0,0,0,0,0,0,0,0,0,0,0,0,0,0,0,0,0,0,0,0,0,0,0,0,0,0,0,0,0,0,0,0,0,0,0,0,0,0,0,0,0,0,0,0,0,0,0,0,0,0,0,0,0,0,0,0,0,0,0,0,0,0,0,0,0,0,0,0,0,0,0,0,0,0,0,0,0,0,0,0,0,0,0,0,0,0,0,0,0,0,0,0,0,0,0,0,0,0,0,0,0,0,0,0,0,0,0,0,0,0,0,0,0,0,0,0,0,0,0,0,0,0,0,0,0,0,0,0,0,0,0,0,0,0,0,0,0,0,0,0,0,0,0,0,0,0,0,0,0,0,0,1,0,0,0,0,0,0,0,0,0,0,0,0,0,0,0,0,0,0,0,0,0,0,0,0,0,0,0,0,0,0,0,0,0,0,Eukaryota;Ascomycota;Sordariomycetes;Hypocreales;Hypocreaceae;Trichoderma;Trichoderma reesei
0,0.5706854893443736,1,0,0,0,0,0,0,0,0,0,0,0,0,0,0,0,0,0,0,0,0,0,0,0,0,0,0,0,0,0,0,0,0,0,0,0,0,0,0,0,0,0,0,0,0,0,0,0,0,0,0,0,0,0,0,0,0,0,0,0,0,0,0,0,0,0,0,0,0,0,0,0,0,0,0,0,0,0,0,0,0,0,0,0,0,0,0,0,0,0,0,0,0,0,0,0,0,0,0,0,0,0,0,0,0,0,0,0,0,0,0,0,0,0,0,0,0,0,0,0,0,0,0,0,0,0,0,0,0,0,0,0,0,0,0,0,0,0,0,0,0,0,0,0,0,0,0,0,0,0,0,0,0,0,0,0,0,0,0,0,0,0,0,0,0,0,0,0,0,0,0,0,0,0,0,0,0,0,0,0,0,0,0,0,0,0,0,0,0,0,0,0,0,0,0,0,0,0,0,0,0,0,0,0,0,0,0,0,0,Eukaryota;NA;NA;Physariida;Didymiaceae;Didymium;Didymium iridis
0,0,1,0,0,0,0,0,0,0,0,0,0,0,0,0,0,0,0,0,0,0,0,0,0,0,0,0,0,0,0,0,0,0,0,0,0,0,0,0,0,0,0,0,0,0,0,0,0,0,0,0,0,0,0,0,0,0,0,0,0,0,0,0,0,0,0,0,0,0,0,0,0,0,0,0,0,0,0,0,0,0,0,0,0,0,0,0,0,0,0,0,0,0,0,0,0,0,0,0,0,0,0,0,0,0,0,0,0,0,0,0,0,0,0,0,0,0,0,0,0,0,0,0,0,0,0,0,0,0,0,0,0,0,0,0,0,0,0,0,0,0,0,0,0,0,0,0,0,0,0,0,0,0,0,0,0,0,0,0,0,0,0,0,0,0,0,0,0,0,0,0,0,0,0,0,0,0,0,0,0,0,0,0,0,0,0,0,0,0,0,0,0,0,0,0,0,0,0,0,0,0,0,0,0,0,0,0,0,0,0,Eukaryota;Chordata;Mammalia;Chiroptera;Phyllostomidae;Carollia;Carollia perspicillata
0,0,0,0,0,0,0,0,0,0,0,0,0,0,0,0,0,0,0,0,0,0,0,0,0,0,0,0,0,0,0,0,0,0,0,0,0,0,0,0,0,0,0,0,0,0,0,0,1,0,0,0,0,0,0,0,0,0,0,0,0,0,0,0,0,0,0,0,0,0,0,0,0,0,0,0,0,0,0,0,0,0,0,0,0,0,0,0,0,0,0,0,0,0,0,0,0,0,0,0,0,0,0,0,0,0,0,0,0,0,0,0,0,0,0,0,0,0,0,0,0,0,0,0,0,0,0,0,0,0,0,0,0,0,0,0,0,0,0,0,0,0,0,0,0,0,0,0,0,0,0,0,0,0,0,0,0,0,0,0,0,0,0,0,0,0,0,0,0,0,0,0,0,0,0,0,0,0,0,0,0,0,0,0,0,0,0,0,0,0,0,0,0,0,0,0,0,0,0,0,0,0,0,0,0,0,0,0,0,0,0,Eukaryota;NA;Oomycetes;Pythiales;Pythiaceae;Phytopythium;Phytopythium chamaehyphon
0,0,0,0,0,0,0,0,0,0,0,0,0,0,0,0,0,0,0,0,0,0,0,0,0,0,0,0,0,0,0,0,0,0,0,0,0,0,0,0,0,0,0,0,0,0,0,0,0,0,0,0,0,0,0,0,0,0,0,0,0,0,0,0,0,0,0,0,0,0,0,0,0,0,0,0,0,0,0,0,0,0,0,0,0,0,0,0,0,0,0,0,0,0,0,0,0,0,0,0,0,0,0,1,0,0,0,0,0,0,0,0,0,0,0,0,0,0,0,0,0,0,0,0,0,0,0,0,0,0,0,0,0,0,0,0,0,0,0,0,0,0,0,0,0,0,0,0,0,0,0,0,0,0,0,0,0,0,0,0,0,0,0,0,0,0,0,0,0,0,0,0,0,0,0,0,0,0,0,0,0,0,0,0,0,0,0,0,0,0,0,0,0,0,0,0,0,0,0,0,0,0,0,0,0,0,0,0,0,0,0,Eukaryota;NA;NA;Longamoebia;Acanthamoebidae;Acanthamoeba;Acanthamoeba jacobsi
0,0,0,0,0,0,0,0,0,0,0,0,0,0,0,0,0,0,0,0,0,0,0,0,0,0,0,0,0,0,0,0,0,0,0,0,0,0,0,0,0,0,0,0,0,0,0,0,0,0,0,0,0,0,0,0,0,0,0,0,0,0,0,0,0,0,0,0,0,0,0,0,0,0,0,0,0,0,0,0,0,0,0,0,0,0,0,0,0,0,0,0,0,0,0,0,0,0,0,0,0,0,0,1,0,0,0,0,0,0,0,0,0,0,0,0,0,0,0,0,0,0,0,0,0,0,0,0,0,0,0,0,0,0,0,0,0,0,0,0,0,0,0,0,0,0,0,0,0,0,0,0,0,0,0,0,0,0,0,0,0,0,0,0,0,0,0,0,0,0,0,0,0,0,0,0,0,0,0,0,0,0,0,0,0,0,0,0,0,0,0,0,0,0,0,0,0,0,0,0,0,0,0,0,0,0,0,0,0,0,0,Eukaryota;NA;Phaeophyceae;Ectocarpales;Acinetosporaceae;Feldmannia;Feldmannia irregularis
0,0,0,0,0,0,0,0,0,0,0,0,0,0,0,0,0,0,0,0,0,0,0,0,0,0,0,0,0,0,0,0,0,0,0,0,0,0,0,0,0,0,0,0,0,0,0,0,0,0,0,0,0,0,0,0,0,0,0,0,0,0,0,0,0,0,0,0,0,0,0,0,0,0,0,0,0,0,0,0,0,0,0,0,0,0,0,0,0,0,0,0,0,0,0,0,0,0,0,0,0,0,0,0,0,0,0,0,0,0,0,0,0,0,0,0,0,0,0,0,0,0,0,0,0,0,0,0,0,0,0,0,0,0,0,0,0,0,0,0,0,0,0,0,0,0,0,0,0,0,0,0,0,0,0,0,0,0,0,0,0,0,0,0,0,0,0,0,0,0,0,0,0,0,0,0,0,0,0,0,0,0,0,0,0,0,0,0,0,0,0,0,0,0,0,0,1,0,0,0,0,0,0,0,0,0,0,0,0,0,0,Eukaryota;Annelida;Polychaeta;Phyllodocida;Phyllodocidae;Phyllodoce;Phyllodoce groenlandica CMC01
0,0,0,0,0,0,0,0,0,0,0,0,0,0,0,0,0,0,0,0,0,0,0,0,0,0,0,0,0,0,0,0,0,0,0,0,0,0,0,0,0,0,0,0,0,0,0,0,0,0,0,0,0,0,0,0,0,0,0,0,0,0,0,0,0,0,0,0,0,0,0,0,0,0,0,0,0,0,0,0,0,0,0,0,0,0,0,0,0,0,0,0,0,0,0,0,0,0,0,0,0,0,0,0,0,0,0,0,0,0,0,0,0,0,0,0,0,0,0,0,0,0,0,0,0,0,0,0,0,0,0,0,0,0,0,0,0,0,0,0,0,0,0,0,0,0,0,0,0,0,0,0,0,0,0,0,0,0,0,0,0,0,0,0,0,0,0,0,0,0,0,0,0,0,0,0,0,0,0,0,0,0,0,0,0,0,0,0,0,0,0,0,0,0,0,0,0,0,0,0,0,0,0,0,0,0,1,0,0,0,0,Eukaryota;Echinodermata;Ophiuroidea;Ophiurida;Ophiocomidae;Clarkcoma;Clarkcoma canaliculata
0,0,0,0,0,0,0,0,0,0,0,0,0,0,0,0,0,0,0,0,0,0,0,0,0,0,0,0,0,0,0,0,0,0,0,0,0,0,0,0,0,0,0,0,0,0,0,0,0,0,0,0,0,0,0,0,0,0,0,0,0,0,0,0,0,0,0,0,0,0,0,0,0,0,0,0,0,0,0,0,0,0,0,0,0,0,0,0,0,0,0,0,0,0,0,0,0,0,0,0,0,0,0,0,0,0,0,0,0,0,0,0,0,0,0,0,0,0,0,0,0,0,0,0,0,0,0,0,0,0,0,0,0,0,0,0,0,0,0,0,0,0,0,0,0,0,0,0,0,0,0,0,0,0,0,0,0,0,0,0,0,0,0,0,0,0,0,0,0,0,0,0,0,0,0,0,0,0,0,0,0,0,0,0,0,0,0,0,0,0,0,0,0,0,0,0,0,0,0,0,0,0,0,0,0,1,0,0,0,0,0,Eukaryota;NA;Oomycetes;Peronosporales;Peronosporaceae;Phytophthora;Phytophthora rosacearum
0.021741498847603822,0.00955093011098949,0.01204984147715518,0.04349131686061167,0,0,0.01891867411005859,0,0,0,0,0,0,0,0,0,0,0,0,0,0,0.013900896041025929,0,0,0,0,0,0,0,0,0.09972816901210896,0.21403990111545054,0.13044585225914418,0,0.024821861051620268,0.02881904654010222,0,0,0,0.08205637697399307,0.10440196175926936,0.1276641161396246,0.020665241214252165,0,0,0,0.017385524705034135,0,0,0,0,0.061756906490046434,0.11746527901111783,0,0.41144700835141035,0.4574883103228841,0.0664377240509031,0.05652677415357266,0,0,0,0,0.03584944317912039,0.04491076921405475,0,0,0,0,0,0,0,0,0,0,0,0,0,0.03509686926950633,0,0.06800329015011311,0.06777431787467918,0,0,0,0,0,0,0.05026957955090659,0,0.028852135206322866,0,0,0.22689816297161597,0.017583995563387984,0.015095698959511902,0,0.09069074963879872,1,0.024887918893057963,0.3370688880750175,0.6011062219495028,0.5704392290009326,0.30193676140260617,0.41563375036702305,0.060254080177828795,0.8075778204832966,0.8635905046217206,0.013209744133607355,0.012248746975778076,0,0.04852273766163994,0,0.02115505175215261,0,0,0.006095060753204119,0.002406769999142542,0,0,0.002325410915473212,0,0.01206269537590598,0,0,0,0,0.0023362453391658224,0.0015145445741108596,0,0,0,0,0,0.0203054308482496,0.01996562142339037,0.020233415421325545,0.010052997402509941,0,0,0,0,0.010869469947630212,0,0,0,0,0,0,7.070035683690837e-4,0,0,0,0,0,0,0,0,0.001774097033734897,0,0,0.008601499822048398,0,0.008720813327259266,0,0,0,0,0.049353543694874616,0.05065036696492233,0.04450582061306778,0,0.021622033944479254,0,0,0,0,0,0,0.03646786271895283,0,0.027862342447594873,0.05497007978723405,0.023479936284828203,0.016865516824033127,0,0.012454210711695517,0,0.04305808928734182,0.10722600141368421,0.027854988965819307,0.15068827398669754,0.1361479406752493,0.14850634925289968,0,0.03366588618548305,0.051720247284849,0,0,0,0,0.029079453088527777,0.029292513413719967,0.06477372288068367,0.019567564902246,0.1744161807610684,0.11600280623661897,0.007478127551031946,0,0,0,0,Eukaryota;Arthropoda;Hexanauplia;Calanoida;Calanidae;Ctenocalanus;Ctenocalanus vanus
0,0,0,0,0,0,0,0,0,0,0,0,0,0,0,0,0,0,0,0,0,0,0,0,0,0,0,0,0,0,0,0,0,0,0,0,0,0,0,0,0,0,0,0,0,0,0,0,0,0,0,0,0,0,0,0,0,0,0,0,0,0,0,0,0,0,0,0,0,0,0,0,0,0,0,0,0,0,0,0,0,0,0,0,0,0,0,0,0,0,0,0,0,0,0,0,0,0,0,0,0,0,0,0,0,0,0,0,0,0,0,0,0,0,0,0,0,0,0,0,0,0,0,0,0,0,0,0,0,0,0,0,0,0,0,0,0,0,0,0,0,0,0,0,0,0,0,0,0,0,0,0,0,0,0,0,0,0,0,0,0,0,0,0,0,0,0,0,0,0,0,0,0,0,0,0,0,0,0,0,0,0,0,0,0,0,0,0,0,0,0,0,0,0,0,0,0,0,0,0,0,0,0,0,0,0,0.4766783576008785,1,0,0,0,Eukaryota;Mollusca;Cephalopoda;Teuthida;Cranchiidae;Helicocranchia;Helicocranchia sp. A HJ-2019
0,0,0,0,0,0,0,0,0,0,0,0,0,0,0,0,0,0,0,0,0,0,0,0,0,0,0,0,0,0,0,0,0,0,0,0,0,0,0,0,0,0,0,0,0,0,0,0,0,0,0,0,0,0,0,0,0,0,0,0,0,0,0,0,0,0,0,0,0,0,0,0,0,0,0,0,0,0,0,0,0,0,0,0,0,0,0,0,0,0,0,0,0,0,0,0,0,0,0,0,0,0,0,0,0,0,0,0,0,0,0,0,0,0,0,0,0,0,0,0,0,0,0,0,0,0,0,0,0,0,0,0,0,0,0,0,0,0,0,0,0,0,0,0,0,0,0,0,0,0,0,0,0,0,0,0,0,0,0,0,0,0,0,0,0,0,0,0,0,0,0,0,0,0,0,0,0,0,0,0,0,0,0,0,0,0,0,0,0,0,0,0,0,0,0,0,0,0,1,0,0,0,0,0,0,0,0,0,0,0,0,Eukaryota;Annelida;Clitellata;Haplotaxida;Lumbricidae;Eisenia;Eisenia nordenskioldi
0,0,0,0,0,0,0,0,0,0,0,0,0,1,0,0,0,0,0,0,0,0,0,0,0,0,0,0,0,0,0,0,0,0,0,0,0,0,0,0,0,0,0,0,0,0,0,0,0,0,0,0,0,0,0,0,0,0,0,0,0,0,0,0,0,0,0,0,0,0,0,0,0,0,0,0,0,0,0,0,0,0,0,0,0,0,0,0,0,0,0,0,0,0,0,0,0,0,0,0,0,0,0,0,0,0,0,0,0,0,0,0,0,0,0,0,0,0,0,0,0,0,0,0,0,0,0,0,0,0,0,0,0,0,0,0,0,0,0,0,0,0,0,0,0,0,0,0,0,0,0,0,0,0,0,0,0,0,0,0,0,0,0,0,0,0,0,0,0,0,0,0,0,0,0,0,0,0,0,0,0,0,0,0,0,0,0,0,0,0,0,0,0,0,0,0,0,0,0,0,0,0,0,0,0,0,0,0,0,0,0,Eukaryota;Annelida;Clitellata;Haplotaxida;Hormogastridae;Hormogaster;Hormogaster sp. UCML T00367
0,0,0,0,0,0,0,0,0,0,0,0,0,0,0,0,0,0,0,0,0,0,0,0,0,0,0,0,0,0,0,0,0,0,0,0,0,0,0,0,0,0,0,0,0,0,0,0,0,0,0,0,0,0,0,0,0,0,0,0,0,0,0,0,0,0,0,0,0,0,0,0,0,0,0,0,0,0,0,0,0,0,0,0,0,0,0,0,0,0,0,0,0,0,0,0,0,0,0,0,0,0,1,0,0,0,0,0,0,0,0,0,0,0,0,0,0,0,0,0,0,0,0,0,0,0,0,0,0,0,0,0,0,0,0,0,0,0,0,0,0,0,0,0,0,0,0,0,0,0,0,0,0,0,0,0,0,0,0,0,0,0,0,0,0,0,0,0,0,0,0,0,0,0,0,0,0,0,0,0,0,0,0,0,0,0,0,0,0,0,0,0,0,0,0,0,0,0,0,0,0,0,0,0,0,0,0,0,0,0,0,Eukaryota;Bacillariophyta;Bacillariophyceae;Bacillariales;Bacillariaceae;Nitzschia;Nitzschia sp. NIES-3581
0,0,0,0,0,0,0,0,0,0,0,0,0,0,0,0,0,0,0,0,0,0,0,0,0,0,0,0,0,0,0,0,0,0,0,0,0,0,0,0,0,0,0,0,0,0,0,0,0,0,0,0,0,0,0,0,0,0,0,0,0,0,0,0,0,0,0,0,0,0,0,0,0,0,0,0,0,0,0,0,0,0,0,0,0,0,0,0,0,0,0,0,0,0,0,0,0,0,0,0,0,0,0,0,0,0,0,0,0,0,0,0,0,0,0,0.48872131316953665,1,0,0,0,0,0,0,0,0,0,0,0,0,0,0,0,0,0,0,0,0,0,0,0,0,0,0,0,0,0,0,0,0,0,0,0,0,0,0,0,0,0,0,0,0,0,0,0,0,0,0,0,0,0,0,0,0,0,0,0,0,0,0,0,0,0,0,0,0,0,0,0,0,0,0,0,0,0,0,0,0,0,0,0,0,0,0,0,0,0,0,0,0,0,0,Eukaryota;Arthropoda;Insecta;Diptera;Dolichopodidae;NA;Sympycninae sp. BIOUG21839-G01
0,0,0,0,0,0,0,0,0,0,0,0,0,0,0,0,0,0,0,0,0,0,0,0,0,0,0,0,0,0,0,0,0,0,0,0,0,0,0,0,0,0,0,0,0,0,0,0,0,0,0,0,0,0,0,0,0,0,0,0,0,0,0,0,0,0,0,0,0,0,0,0,0,0,0,0,0,0,0,0,0,0,0,0,0,0,0,0,0,0,0,0,0,0,0,0,0,0,0,0,0,0,0,0,0,0,0,0,0,0,0,0,0,0,0,0,0,0,0,0,0,0,0,0,0,0,0,1,0,0,0,0,0,0,0,0,0,0,0,0,0,0,0,0,0,0,0,0,0,0,0,0,0,0,0,0,0,0,0,0,0,0,0,0,0,0,0,0,0,0,0,0,0,0,0,0,0,0,0,0,0,0,0,0,0,0,0,0,0,0,0,0,0,0,0,0,0,0,0,0,0,0,0,0,0,0,0,0,0,0,0,Eukaryota;Chordata;Actinopteri;Syngnathiformes;Callionymidae;Repomucenus;Repomucenus filamentosus
0,0,0,0,0,0,0,0,0,0,0,0,0,0,0,0,0,0,0,0,0,0,0,0,0,0,0,0,0,0,0,0,0,0,0,0,0,0,0,0,0,0,0,0,0,0,0,0,0,0,0,0,0,0,0,0,0,0,0,0,0,0,0,0,0,0,0,0,0,0,0,0,0,0,0,0,0,0,0,0,0,0,0,0,0,0,0,0,0,0,0,0,0,0,0,0,0,0,0,0,0,0,0,0,0,0,0,0,0,0,0,0,0,0,0,0,0,0,0,0,0,0,0,0,0,0,0,0,0,1,0,0,0,0,0,0,0,0,0,0,0,0,0,0,0,0,0,0,0,0,0,0,0,0,0,0,0,0,0,0,0,0,0,0,0,0,0,0,0,0,0,0,0,0,0,0,0,0,0,0,0,0,0,0,0,0,0,0,0,0,0,0,0,0,0,0,0,0,0,0,0,0,0,0,0,0,0,0,0,0,0,Eukaryota;Arthropoda;Malacostraca;Isopoda;Ligiidae;Ligia;Ligia dilatata
0,0,0,0,0,0,0,0,0,0,0,0,0,0,0,0,0,0,0,0,0,0,0,0,0,0,0,0,0,0,0,0,0,0,0,0,0,0,0,0,0,0,0,0,0,0,0,0,0,0,0,0,0,0,0,0,0,0,0,0,0,0,0,0,0,0,0,0,0,0,0,0,0,0,0,0,0,0,0,0,0,0,0,0,0,0,0,0,0,0,0,0,0,0,0,0,0,0,0,0,0,0,0,0,0,0,0,0,0,0,0,0,0,0,0,0,0,0,0,0,0,0,0,0,0,0,0,0,0,0,0,0,0,0,0,0,0,0,0,0,0,0,0,0,0,0,0,0,0,0,0,0,0,0,0,0,0,0,0,0,0,0,0,0,0,0,0,0,0,1,0,0,0,0,0,0,0,0,0,0,0,0,0,0,0,0,0,0,0,0,0,0,0,0,0,0,0,0,0,0,0,0,0,0,0,0,0,0,0,0,0,Eukaryota;Arthropoda;Hexanauplia;Calanoida;Paracalanidae;Paracalanus;Paracalanus gracilis
0,0,0,0,0,0,0,0,0,0,0,0,0,0,0,0,0,0,0,0,0,0,0,0,0,0,0,0,0,0,0,0,0,0,0,0,0,0,0,0,0,0,0,0,0,0,0,0,0,0,0,0,0,0,0,0,0,0,0,0,0,0,0,0,1,0,0,0,0,0,0,0,0,0,0,0,0,0,0,0,0,0,0,0,0,0,0,0,0,0,0,0,0,0,0,0,0,0,0,0,0,0,0,0,0,0,0,0,0,0,0,0,0,0,0,0,0,0,0,0,0,0,0,0,0,0,0,0,0,0,0,0,0,0,0,0,0,0,0,0,0,0,0,0,0,0,0,0,0,0,0,0,0,0,0,0,0,0,0,0,0,0,0,0,0,0,0,0,0,0,0,0,0,0,0,0,0,0.8368024132730014,0,0,0,0,0,0,0,0,0,0,0,0,0,0,0,0,0,0,0,0,0,0,0,0,0,0,0,0,0,0,0,0,0,Eukaryota;NA;Oomycetes;Saprolegniales;Saprolegniaceae;Achlya;Achlya bisexualis
0,0,0,0.2360124207869119,0.22958266019655668,0.26581920792313984,0,0,0,0,0,0,0,0,0,0,0,0,0,0,0,0,0.2004492646552367,0.47874419560138687,0.08397269009451361,0,0,0,0,0,0,0,0.024132435764521284,0,0,0,0,0,0,0.1790072795805886,0.08923218328538769,0.10697481175656302,0,0,0,0,0,0,0,0,0,0,0,0,0,0,0,0,0,0,0,0,0.0787897530845531,0,0,0,0,0,0,0,0,0,0,0,0,0,0,0,0,0,0,0,0,0,0,0,0,0,0,0,0,0,0,0,0,0,0.4196205098135876,0,0,0,0,0,0,0,0,0,0,0,0,0,0,0,0,0,0,0,0,0,0,0,0,0,0,0,0,0.06864621737338197,0.06465780033887542,0.039245307575993,0,0,0,0,0,0,0,0,0,0,0,0,0,0,0,0,0,0,0,0,0,0,0,0,0,0,0,0,0,0.013822216567620513,0,0,0,0,0,0,0,0,0,0,0,0,0,0,0,0,0,0,0,0,0,0,0,0,0,0,0,0,0,0.8100263382476698,1,0.8525392773015996,0.9986899418121364,0.6921971043841625,0.46873361908804834,0,0,0,0,0,0,0,0,0,0,0,0,0,0,0,0,0,0,Eukaryota;Arthropoda;Malacostraca;Decapoda;Hippolytidae;Heptacarpus;Heptacarpus tenuissimus
0,0,0,0,0,0,0,0,0,1,0,0.5917739108127753,0,0,0,0,0,0,0,0,0,0,0,0,0,0,0,0,0,0,0,0,0,0,0,0,0,0,0,0,0,0,0,0,0,0,0,0,0,0,0,0,0,0,0,0,0,0,0,0,0,0,0,0,0,0,0,0,0,0,0,0,0,0,0,0,0,0,0,0,0,0,0,0,0,0,0,0,0,0,0,0,0,0,0,0,0,0,0,0,0,0,0,0,0,0,0,0,0,0,0,0,0,0,0,0,0,0,0,0.11435913113169353,0,0,0,0,0,0,0,0,0,0,0,0,0,0,0,0,0,0,0,0,0,0,0,0,0,0,0,0,0,0,0,0,0,0,0,0,0,0,0,0,0,0,0,0,0,0,0,0,0,0,0,0,0,0,0,0,0,0,0,0,0,0,0,0,0,0,0,0,0,0,0,0,0,0,0,0,0,0,0,0,0,0,0,0,0,0,0,0,0,0,0,Eukaryota;Arthropoda;Malacostraca;Euphausiacea;Euphausiidae;Stylocheiron;Stylocheiron carinatum
0,0,0,0,0,0,0,0,0,0,0,0,0,0,0,0,0,0,0,0,1,0,0,0,0,0,0,0,0,0,0,0,0,0,0,0,0,0,0,0,0,0,0,0,0,0,0,0,0,0,0,0,0,0,0,0,0,0,0,0,0,0,0,0,0,0,0,0,0,0,0,0,0,0,0,0,0,0,0,0,0,0,0,0,0,0,0,0,0,0,0,0,0,0,0,0,0,0,0,0,0,0,0,0,0,0,0,0,0,0,0,0,0,0,0,0,0,0,0,0,0,0,0,0,0,0,0,0,0,0,0,0,0,0,0,0,0,0,0,0,0,0,0,0,0,0,0,0,0,0,0,0,0,0,0,0,0,0,0,0,0,0,0,0,0,0,0,0,0,0,0,0,0,0,0,0,0,0,0,0,0,0,0,0,0,0,0,0,0,0,0,0,0,0,0,0,0,0,0,0,0,0,0,0,0,0,0,0,0,0,0,Eukaryota;Arthropoda;Hexanauplia;Calanoida;Paracalanidae;Acrocalanus;Acrocalanus monachus
0,0,0,0,0,0,0,0,0,0,0,0,0,0,0,0,0,0,0,0,0,0,0,0,0,0,0,0,0,0,0,0,0,0,0,0,0,0,0,0,0,0,0,0,0,0,1,0,0,0,0,0,0,0,0,0,0,0,0,0,0,0,0,0,0,0,0,0,0,0,0,0,0,0,0,0,0,0.2883915528658465,0,0,0,0,0,0,0,0,0,0,0,0,0,0,0,0,0,0,0,0,0,0,0,0,0,0,0,0,0,0,0,0,0,0,0,0,0,0,0,0,0,0,0,0,0,0,0,0,0,0,0,0,0,0,0,0,0,0,0,0,0,0,0,0,0,0,0,0,0,0,0,0,0,0,0,0,0,0,0,0.029155569094479278,0,0,0,0,0,0,0,0,0,0,0,0,0,0,0,0,0,0,0,0,0,0,0,0,0,0,0,0,0,0,0,0,0,0,0,0,0,0,0,0,0,0,0,0,0,0,0,0,0,0,0,0,0,Eukaryota;Arthropoda;Insecta;Lepidoptera;Zygaenidae;Pollanisus;Pollanisus trimacula
0,0,0,0,0,0,0,0,0,0,0,0,0,0,0,0,0,0,0,0,0,0,0,0,0,0,0,0,0,0,0,0,0,0,0,0,0,0,0,0,0,0,0,0,0,0,0,0,0,0,0,0,0,0,1,0,0,0,0,0,0,0,0,0,0,0,0,0,0,0,0,0,0,0,0,0,0,0,0,0,0,0,0,0,0,0,0,0,0,0,0,0,0,0,0,0,0,0,0,0,0,0,0,0,0,0,0,0,0,0,0,0,0,0,0,0,0,0,0,0,0,0,0,0,0,0,0,0,0,0,0,0,0,0,0,0,0,0,0,0,0,0,0,0,0,0,0,0,0,0,0,0,0,0,0,0,0,0,0,0,0,0,0,0,0,0,0,0,0,0,0,0,0,0,0,0,0,0,0,0,0,0,0,0,0,0,0,0,0,0,0,0,0,0,0,0,0,0,0,0,0,0,0,0,0,0,0,0,0,0,0,Eukaryota;Arthropoda;Hexanauplia;Calanoida;Acartiidae;Acartia;Acartia clausii
0,0,0,0,0,0,0,0,0,0,0,0,0,0,0,0,0,0,0,0,0,0,0,0,0,0,0,0,0,0,0,0,0,0,0,0,0,0,0,0,0,0,0,0,0,0,0,0,0,0,0,0,0,0,0,0,0,0,1,0,0,0,0,0,0,0,0,0,0,0,0,0,0,0,0,0,0,0,0,0,0,0,0,0,0,0,0,0,0,0,0,0,0,0,0,0,0,0,0,0,0,0,0,0,0,0,0,0,0,0,0,0,0,0,0,0,0,0,0,0,0,0,0,0,0,0,0,0,0,0,0,0,0,0,0,0,0,0,0,0,0,0,0,0,0,0,0,0,0,0,0,0,0,0,0,0,0,0,0,0,0,0,0,0,0,0,0,0,0,0,0,0,0,0,0,0,0,0,0,0,0,0,0,0,0,0,0,0,0,0,0,0,0,0,0,0,0,0,0,0,0,0,0,0,0,0,0,0,0,0,0,Eukaryota;Mollusca;Gastropoda;Neogastropoda;Buccinidae;Cominella;Cominella adspersa
0,0,0,0,0,0,0,0,0,0,0,0,0,0,0,0,0,0,0,0,0,0,0,0,0,0,0,0,0,0,0,0,0,0,0,0,0,0,0,0,0,0,0,0,0,0,0,0,0,0,0,0,0,0,0,0,0,0,0,0,0,0,0,0,0,1,0,0,0,0,0,0,0,0,0,0,0,0,0,0,0,0,0,0,0,0,0,0,0,0,0,0,0,0,0,0,0,0,0,0,0,0,0,0,0,0,0,0,0,0,0,0,0,0,0,0,0,0,0,0,0,0,0,0,0,0,0,0,0,0,0,0,0,0,0,0,0,0,0,0,0,0,0,0,0,0,0,0,0,0,0,0,0,0,0,0,0,0,0,0,0,0,0,0,0,0,0,0,0,0,0,0,0,0,0,0,0,0,0,0,0,0,0,0,0,0,0,0,0,0,0,0,0,0,0,0,0,0,0,0,0,0,0,0,0,0,0,0,0,0,0,Eukaryota;Arthropoda;Hexanauplia;Calanoida;Paracalanidae;Bestiolina;Bestiolina sp. AC-2013
0,0,0,0,0,0,0,0,0,0,0,0,0,0,0,0,0,0,0,0,0,0,0,0,0,0,0,0,0,0,0,0,0,0,0,0,0,0,0,0,0,0,0,0,0,0,0,0,0,0,0,0,0,0,0,0,0,0,0,0,0,0,0,0,0,0,0,0,0,0,0,0,1,0,0,0,0,0,0,0,0,0,0,0,0,0,0,0,0,0,0,0,0,0,0,0,0,0,0,0,0,0,0,0,0,0,0,0,0,0,0,0,0,0,0,0,0,0,0,0,0,0,0,0,0,0,0,0,0,0,0,0,0,0,0,0,0,0,0,0,0,0,0,0,0,0,0,0,0,0,0,0,0,0,0,0,0,0,0,0,0,0,0,0,0,0,0,0,0,0,0,0,0,0,0,0,0,0,0,0,0,0,0,0,0,0,0,0,0,0,0,0,0,0,0,0,0,0,0,0,0,0,0,0,0,0,0,0,0,0,0,Eukaryota;Mollusca;Gastropoda;Littorinimorpha;Calyptraeidae;Crepipatella;Crepipatella dilatata
0,0,0,0,0,0,0,0,0,0,1,0.9680334060170737,0,0,0,0,0,0,0,0,0,0,0,0,0,0,0,0,0,0,0,0,0,0,0,0,0,0,0,0,0,0,0,0,0,0,0,0,0,0,0,0,0,0,0,0,0,0,0,0,0,0,0,0,0,0,0,0,0,0,0,0,0,0,0,0,0,0,0,0,0,0,0,0,0,0,0,0,0,0.9284181462801221,0,0,0,0,0,0,0,0,0,0,0,0,0,0,0,0,0,0,0,0,0,0,0,0,0,0,0,0,0,0,0,0,0,0,0,0,0,0,0.5424113203328382,0,0,0,0,0,0,0,0,0,0,0,0,0,0,0,0,0,0,0,0,0,0,0,0,0,0.7802692643477462,0,0,0,0,0,0,0,0,0,0,0,0,0,0,0,0,0,0,0,0,0,0,0,0,0,0,0,0,0,0,0,0,0,0,0,0,0,0,0,0,0,0,0,0,0,0,0,0,0,0,0,0,0,0,0,0,Eukaryota;Arthropoda;Hexanauplia;Calanoida;Aetideidae;Euchirella;Euchirella curticauda
0,0,0,0,0,0,0,0,0,0,0,0,0,0,0,0,0,0,0,0,0,0,0,0,0,0,0,0,0,0,0,0,0,0,0,0,0,0,0,0,0,0,0,0,0,0,0,0,0,0,0,0,0,0,0,0,0,0,0,0,0,0,0,0,0,0,0,1,0,0,0,0,0,0,0,0,0,0,0,0,0,0,0,0,0,0,0,0,0,0,0,0,0,0,0,0,0,0,0,0,0,0,0,0,0,0,0,0,0,0,0,0,0,0,0,0,0,0,0,0,0,0,0,0,0,0,0,0,0,0,0,0,0,0,0,0,0,0,0,0,0,0,0,0,0,0,0,0,0,0,0,0,0,0,0,0,0,0,0,0,0,0,0,0,0,0,0,0,0,0,0,0,0,0,0,0,0,0,0,0,0,0,0,0,0,0,0,0,0,0,0,0,0,0,0,0,0,0,0,0,0,0,0,0,0,0,0,0,0,0,0,Eukaryota;Cnidaria;Hydrozoa;Leptothecata;Eirenidae;NA;Eirenidae gen. sp. GAM-2014
0,0,0,0,0,0,0,0,0,0,0,0,0,0,0,0,0,0,0,0,0,0,0,0,0,0,0,0,0,0,0,0,0,0,0,0,0,0,0,0,0,0,0,0,0,0,0,0,0,0,0,0,0,0,0,0,0,0,0,0,0,0,0,0,0,0,0,0,0,0,0,0,0,0,0,0,0,0,0,0,0,0,0,0,0,0,0,0,0,0,0,0,0,0,0,0,0,1,0,0,0,0,0,0,0,0,0,0,0,0,0,0,0,0,0,0,0,0,0,0,0,0,0,0,0,0,0,0,0,0,0,0,0,0,0,0,0,0,0,0,0,0,0,0,0,0,0,0,0,0,0,0,0,0,0,0,0,0,0,0,0,0,0,0,0,0,0,0,0,0,0,0,0,0,0,0,0,0,0,0,0,0,0,0,0,0,0,0,0,0,0,0,0,0,0,0,0,0,0,0,0,0,0,0,0,0,0,0,0,0,0,Eukaryota;Arthropoda;Malacostraca;Bathynellacea;Parabathynellidae;Iberobathynella;Iberobathynella sp. ABI-2015
0,0.046657321812938565,0,0,0,0,0.03696790389918011,0,0,0,0,0,0.5032504191103754,1,0,0,0,0,0,0,0.049561180875872676,0,0,0,0,0,0,0,0,0,0.12236220218194735,0.07140737286159456,0,0,0.09700597077965713,0,0,0,0,0,0,0,0,0,0,0,0,0,0,0,0,0,0.1506305151442881,0,0,0,0,0,0,0,0,0,0,0,0.09912746641554963,0,0,0,0.04931190002452054,0,0,0,0,0,0,0,0,0,0,0,0,0.17039964791997939,0,0,0,0,0,0,0,0,0,0,0,0.005128340976746091,0.0028546108865413994,0,0,0,0,0,0,0,0,0,0,0,0,0.046462335990436726,0,0,0,0,0,0,0,0,0,0,0,0.02044778880229538,0,0,0.07994522381577356,0,0,0,0,0,0.7048731811252602,0.7847953064989833,0,0,0,0,0,0.004808549801874235,0,0,0,0,0,0,0,0,0,0,0.011772394547338586,0.005272281198765079,0.006907577090180331,0,0,0.05980417395318284,0,0,0,0,0.911311537471051,0.8419036288693502,0.847333123523138,0,0.022410268074141496,0,0.3280362620678055,0.2341746577276855,0.13771514797869613,0,0,0,0,0,0.09528052385195243,0.09154250176382973,0,0,0,0,0,0,0,0,0,0,0,0,0,0,0,0,0,0,0,0,0,0,0,0,0,0,0,0,0,0,0,0,0,0,0,0,0,0,0,Eukaryota;Arthropoda;Hexanauplia;Calanoida;Lucicutiidae;Lucicutia;Lucicutia flavicornis
0,0,0,0,0,0,0,0,0,0,0,0,0,0,0,0,0,0,0,0,0,0,0,0,0,0,0,0,0,0,0,0,0,0,0,0,0,0,0,0,0,0,0,0,0,0,0,0,0,0,0,0,0,0,0,0,0,0,0,0,0,0,0,0,0,0,0,0,0,0,0,0,0,0,0,0,0,0,0,0,0,0,0,0,0,0,0,0,0,0,0,0,0,0,0,0,0,0,0,0,0,0,0,0,0,0,0,0,0,0,0,0,0,0,0,0,0,1,0,0,0,0,0,0,0,0,0,0,0,0,0,0,0,0,0,0,0,0,0,0,0,0,0,0,0,0,0,0,0,0,0,0,0,0,0,0,0,0,0,0,0,0,0,0,0,0,0,0,0,0,0,0,0,0,0,0,0,0,0,0,0,0,0,0,0,0,0,0,0,0,0,0,0,0,0,0,0,0,0,0,0,0,0,0,0,0,0,0,0,0,0,Eukaryota;;Oomycetes;Pythiales;Pythiaceae;;
0,0,0,0,0,0,0,0,0,0,0,0,0,0,0,0,0,0,0,0,0,0,0,0,0,0,0,0,0,0,0,0,0,0,0,0,0,0,0,0,0,0,0,0,0,0,0,0,0,0,0,0,0,0,0,0,0,0,0,0,0,0,0,0,0,0,0,0,0,0,0,0,0,0,0,0,0,0,0,0,0,0,0,0,0,0,0,0,0,0,0,0,0,0,0,0,0,0,0,0,0,0,0,0,0,0,0,0,0,0,0,0,0,0,0,0,0,0,0,0,0,0,0,0,0,1,0,0,0,0,0,0,0,0,0,0,0,0,0,0,0,0,0,0,0,0,0,0,0,0,0,0,0,0,0,0,0,0,0,0,0,0,0,0,0,0,0,0,0,0,0,0,0,0,0,0,0,0,0,0,0,0,0,0,0,0,0,0,0,0,0,0,0,0,0,0,0,0,0,0,0,0,0,0,0,0,0,0,0,0,0,Eukaryota;Chordata;Actinopteri;Pleuronectiformes;Paralichthyidae;Citharichthys;
0,0,0,0,0,0,0,0,0,0,0,0,0,0,0,0,0,0,0,0,0,0,0,0,0,0,0,0,0,0,0,0,0,0,0,0,0,0,0,0,0,0,0,0,0,0,0,0,0,0,0,0,0,0,0,0,0,0,0,0,0,0,0,0,0,0,0,0,0,0,0,0,0,0,0,0,0,0,0,0,0,0,0,0,0,0,0,0,0,0,0,0,0,0,0,0,0,0,0,0,0,0,0,0,0,0,0,0,0,0,0,0,0,0,0,0,0,0,0,0,0,0,0,0,0,1,0,0,0,0,0,0,0,0,0,0,0,0,0,0,0,0,0,0,0,0,0,0,0,0,0,0,0,0,0,0,0,0,0,0,0,0,0,0,0,0,0,0,0,0,0,0,0,0,0,0,0,0,0,0,0,0,0,0,0,0,0,0,0,0,0,0,0,0,0,0,0,0,0,0,0,0,0,0,0,0,0,0,0,0,0,Eukaryota;Brachiopoda;NA;NA;NA;Phoronis;Phoronis hippocrepia
0,0,0,0,0,0,0,0,0,0,0,0,0,0,0,0,0,0,0,0,0,0,0,0,0,0,0,0,0,0,0,0,0,0,0,0,0,0,0,0,0,0,0,0,0,0.671697991761071,0,0,0,0,0,0,0,0,0,0,0,0,0,0,0,0,0,0,0,0,0,0,0,0,0,0,0,0,0,0,0,0,0,0,0,0,0,0,0,0,0,0,0,0,0,0,0,0,0,0,0,0,0,0,0,0,0,0,0,0,0,0,0,0,0,0,0,0,0,0,0,0,0,0,0,0,0,0,0,0,0,0,1,0,0,0,0,0,0,0,0,0,0,0,0,0,0,0,0,0,0,0,0,0,0,0,0,0,0,0,0,0,0,0,0,0,0,0,0,0,0,0,0,0,0,0,0,0,0,0,0,0,0,0,0,0,0,0,0,0,0,0,0,0,0,0,0,0,0,0,0,0,0,0,0,0,0,0,0,0,0,0,0,0,0,Eukaryota;Mollusca;Cephalopoda;Teuthida;Cranchiidae;Galiteuthis;Galiteuthis sp. Gali3
0,0,0,0,0,0,0,0,0,0,0,0,0,0,0,0,0,0,0,0,0,0,0,0,0,0,0,0,0,0,0,0,0,0,0,0,0,0,0,0,0,0,0,0,0,0,0,0,0,0,0,0,0,0,0,0,0,0,0,0,0,0,0,0,0,0,0,0,0,0,0,0,0,0,0,0,0,0,0,0,0,0,0,0,0,0,0,0,0,0,0,0,0,0,0,0,0,0,0,0,0,0,0,0,0,0,0,0,0,0,0,0,0,0,0,0,0,0,0,0,0,0,0,0,0,0,0,0,0,0,0,0,1,0,0,0,0,0,0,0,0,0,0,0,0,0,0,0,0,0,0,0,0,0,0,0,0,0,0,0,0,0,0,0,0,0,0,0,0,0,0,0,0,0,0,0,0,0,0,0,0,0,0,0,0,0,0,0,0,0,0,0,0,0,0,0,0,0,0,0,0,0,0,0,0,0,0,0,0,0,0,Eukaryota;Arthropoda;Malacostraca;Decapoda;Penaeidae;Penaeus;Penaeus vannamei
0,0,0,0,0,0,0,0,0,0,0,0,0,0,0,0,0,0,0,0,0,0,0,0,0,0,0,0,0,0,0,0,0,0,0,0,0,0,0,0,0,0,0,0,0,0,0,0,0,0,0,0,0,0,0,0,0,0,0,0,0,0,0,0,0,0,0,0,0,0,0,0,0,0,0,0,0,0,0,0,0,0,0,0,0,0,0,0,0,0,0,0,0,0,0,0,0,0,0,0,0,0,0,0,0,0,0,0,0,0,0,0,0,0,0,0,0,0,0,0,0,0,0,0,0,0,0,0,0,0,0,0,1,0,0,0,0,0,0,0,0,0,0,0,0,0,0,0,0,0,0,0,0,0,0,0,0,0,0,0,0,0,0,0,0,0,0,0,0,0,0,0,0,0,0,0,0,0,0,0,0,0,0,0,0,0,0,0,0,0,0,0,0,0,0,0,0,0,0,0,0,0,0,0,0,0,0,0,0,0,0,Eukaryota;Annelida;Polychaeta;Terebellida;Terebellidae;;
0,0,0,0,0,0,0,0,0,0,0,0,0,0,0,0,0,0,0,0,0,0,0,0,0,0,0,0,0,0,0,0,0,0,0,0,0,0,0,0,0,0,0,0,0,0,0,0,0,0,0,0,0,0,0,0,0,0,0,0,0,0,0,0,0,0,0,0,0,0,0,0,0,0,0,0,0,0,0,0,0,0,0,0,0,0,0,0,0,0,0,0,0,0,0,0,0,0,0,0,0,0,0,0,0,0,0,0,0,0,0,0,0,0,0,0,0,0,0,0,0,0,0,0,0,0,0,0,0,0,0,0,0,0,0,0,0,0,0,0,0,0,0,0,0,0,0,0,0,1,0,0,0,0,0,0,0,0,0,0,0,0,0,0,0,0,0,0,0,0,0,0,0,0,0,0,0,0,0,0,0,0,0,0,0,0,0,0,0,0,0,0,0,0,0,0,0,0,0,0,0,0,0,0,0,0,0,0,0,0,0,Eukaryota;Cnidaria;Scyphozoa;Semaeostomeae;Pelagiidae;Chrysaora;Chrysaora lactea
0,0,0,0,0,0,0,0,0,0,0,0,0,0,0,0,0,0,0,0,0,0,0,0,0,0,0,0,0,0,0,0,0,0,0,0,0,0,0,0,0,0,0,0,0,0,0,0,0,0,0,0,0,0,0,0,0,0,0,0,0,0,0,0,0,0,0,0,0,0,0,0,0,0,0,0,0,0,0,0,0,0,0,0,0,0,0,0,0,0,0,0,0,0,0,0,0,0,0,0,0,0,0,0,0,0,0,0,0,0,0,0,0,0,0,0,0,0,0,0,0,0,0,0,0,0,0,0,0,0,0,0,0,0,0,0,0,0,0,0,0,0,0,0,0,0,0,0,0,0,0,0,1,0,0,0,0,0,0,0,0,0,0,0,0,0,0,0,0,0,0,0,0,0,0,0,0,0,0,0,0,0,0,0,0,0,0,0,0,0,0,0,0,0,0,0,0,0,0,0,0,0,0,0,0,0,0,0,0,0,0,Eukaryota;Arthropoda;Insecta;Hymenoptera;;;
0,0,0,0,0,0,0,0,0,0,0,0,0,0,0,0,0,0,0,0,0,0,0,0,0,0,0,0,0,0,0,0,0,0,0,0,0,0,0,0,0,0,0,0,0,0,0,0,0,0,0,0,0,0,0,0,0,0,0,0,0,0,0,0,0,0,0,0,0,0,0,0,0,0,0,0,0,0,0,0,0,0,0,0,0,0,0,0,0,0,0,0,0,0,0,0.4443320283288611,0,0,0,0,0,0,0,0,0,0,0,0,0,0,0,0,0,0,0,0,0,0,0,0,0,0,0,0,0,0,0,0,0,0,0,0,0,0,0,0,0,0,0,0,0,0,0,0,0,0,0,0,0,0,0,0,0,0,0,0,0,0,0,0,0,0,0,0,0,0,0,0,0,0,1,0,0,0,0,0,0,0,0,0,0,0,0,0,0,0,0,0,0,0,0,0,0,0,0,0,0,0,0,0,0,0,0,0,0,0,0,0,0,0,0,Eukaryota;;Phaeophyceae;Laminariales;Alariaceae;Undaria;Undaria pinnatifida
0,1,0,0,0,0,0,0,0,0,0,0,0,0,0,0,0,0,0,0,0,0,0,0,0,0,0,0,0,0,0,0,0,0,0,0,0,0,0,0,0,0,0,0,0,0,0,0,0,0,0,0,0,0,0,0,0,0,0,0,0,0,0,0,0,0,0,0,0,0,0,0,0,0,0,0,0,0,0,0,0,0,0,0,0,0,0,0,0,0,0,0,0,0,0,0,0,0,0,0,0,0,0,0,0,0,0,0,0,0,0,0,0,0,0,0,0,0,0,0,0,0,0,0,0,0,0,0,0,0,0,0,0,0,0,0,0,0,0,0,0,0,0,0,0,0,0,0,0,0,0,0,0,0,0,0,0,0,0,0,0,0,0,0,0,0,0,0,0,0,0,0,0,0,0,0,0,0,0,0,0,0,0,0,0,0,0,0,0,0,0,0,0,0,0,0,0,0,0,0,0,0,0,0,0,0,0,0,0,0,0,Eukaryota;Arthropoda;Insecta;Diptera;Nycteribiidae;Basilia;Basilia anceps
0,0,0,0,0,0,0,0,0,0,0,0,0,0,0,0,0,0,0,0,0,0,0,0,0,0,0,0,0,0,0,0,0,0,0,0,0,0,0,0,0,0,0,0,0,0,0,0,0,0,0,0,0,0,0,0,0,0,0,0,0,0,0.9563733473775432,1,0,0,0,0,0,0,0,0,0,0,0,0,0,0,0,0,0,0,0,0,0,0,0,0,0,0,0,0,0,0,0,0,0,0,0,0,0,0,0,0,0,0,0,0,0,0,0,0,0,0,0,0,0,0,0,0,0,0,0,0,0,0,0,0,0,0,0,0,0,0,0,0,0,0,0,0,0,0,0,0,0,0,0,0,0,0,0,0,0,0,0,0,0,0,0,0,0,0,0,0,0,0,0,0,0,0,0,0,0,0,0,0,0,0,0,0,0,0,0,0,0,0,0,0,0,0,0,0,0,0,0,0,0,0,0,0,0,0,0,0,0,0,0,0,0,0,0,Eukaryota;Chordata;Actinopteri;Perciformes;Hexagrammidae;Ophiodon;Ophiodon elongatus
0,1,0,0,0,0,0,0,0,0,0,0,0,0,0,0,0,0,0,0,0,0,0,0,0,0,0,0,0,0,0,0,0,0,0,0,0,0,0,0,0,0,0,0,0,0,0,0,0,0,0,0,0,0,0,0,0,0,0,0,0,0,0,0,0,0,0,0,0,0,0,0,0,0,0,0,0,0,0,0,0,0,0,0,0,0,0,0,0,0,0,0,0,0,0,0,0,0,0,0,0,0,0,0,0,0,0,0,0,0,0,0,0,0,0,0,0,0,0,0,0,0,0,0,0,0,0,0,0,0,0,0,0,0,0,0,0,0,0,0,0,0,0,0,0,0,0,0,0,0,0,0,0,0,0,0,0,0,0,0,0,0,0,0,0,0,0,0,0,0,0,0,0,0,0,0,0,0,0,0,0,0,0,0,0,0,0,0,0,0,0,0,0,0,0,0,0,0,0,0,0,0,0,0,0,0,0,0,0,0,0,Eukaryota;NA;Labyrinthulomycetes;NA;Thraustochytriaceae;Aurantiochytrium;Aurantiochytrium limacinum
0,0,0,0,0,0,0,0,0,0,0,0,0,0,0,0,0,0,0,0,0,0,0,1,0,0,0,0,0,0,0,0,0,0,0,0,0,0,0,0,0,0,0,0,0,0,0,0,0,0,0,0,0,0,0,0,0,0,0,0,0,0,0,0,0,0,0,0,0,0,0,0,0,0,0,0,0,0,0,0,0,0,0,0,0,0,0,0,0,0,0,0,0,0,0,0,0,0,0,0,0,0,0,0,0,0,0,0,0,0,0,0,0,0,0,0,0,0,0,0,0,0,0,0,0,0,0,0,0,0,0,0,0,0,0,0,0,0,0,0,0,0,0,0,0,0,0,0,0,0,0,0,0,0,0,0,0,0,0,0,0,0,0,0,0,0,0,0,0,0,0,0,0,0,0,0,0,0,0,0,0,0,0,0,0,0,0,0,0,0,0,0,0,0,0,0,0,0,0,0,0,0,0,0,0,0,0,0,0,0,0,Eukaryota;Arthropoda;Insecta;Diptera;Ceratopogonidae;Culicoides;Culicoides orientalis
0,0,0,0,0,0,0,0,0,0,0,0,0,0,0,0,0,0,0,0,0,0,0,0,0,0,0,0,0,0,0,0,1,0,0,0,0,0,0,0,0,0,0,0,0,0,0,0,0,0,0,0,0,0,0,0,0,0,0,0,0,0,0,0,0,0,0,0,0,0,0,0,0,0,0,0,0,0,0,0,0,0,0,0,0,0,0,0,0,0,0,0,0,0,0,0,0,0,0,0,0,0,0,0,0,0,0,0,0,0,0,0,0,0,0,0,0,0,0,0,0,0,0,0,0,0,0,0,0,0,0,0,0,0,0,0,0,0,0,0,0,0,0,0,0,0,0,0,0,0,0,0,0,0,0,0,0,0,0,0,0,0,0,0,0,0,0,0,0,0,0,0,0,0,0,0,0,0,0,0,0,0,0,0,0,0,0,0,0,0,0,0,0,0,0,0,0,0,0,0,0,0,0,0,0,0,0,0,0,0,0,Eukaryota;Echinodermata;Holothuroidea;Dendrochirotida;Cucumariidae;Cucumaria;Cucumaria piperata
0,0,0,0,0,0,0,0,0,0,0,0,0,0,0,0,0,0,0,0,0,0,0,0,0,0,0,0,0,0,0,0,0,0,0,1,0,0,0,0,0,0,0,0,0,0,0,0,0,0,0,0,0,0,0,0,0,0,0,0,0,0,0,0,0,0,0,0,0,0,0,0,0,0,0,0,0,0,0,0,0,0,0,0,0,0,0,0,0,0,0,0,0,0,0,0,0,0,0,0,0,0,0,0,0,0,0,0,0,0,0,0,0,0,0,0,0,0,0,0,0,0,0,0,0,0,0,0,0,0,0,0,0,0,0,0,0,0,0,0,0,0,0,0,0,0,0,0,0,0,0,0,0,0,0,0,0,0,0,0,0,0,0,0,0,0,0,0,0,0,0,0,0,0,0,0,0,0,0,0,0,0,0,0,0,0,0,0,0,0,0,0,0,0,0,0,0,0,0,0,0,0,0,0,0,0,0,0,0,0,0,Eukaryota;Arthropoda;Insecta;Diptera;Chironomidae;NA;Chironomidae sp. SS-2012
0,0,0,0,0,0,0,0,0,0,0,0,0,0,0,0,0,0,0,0,0,0,0,0,0,0,0,0,0,0,0,0,0,0,0,0,0,0,0,0,0,0,0,0,0,0,0,1,0,0,0,0,0,0,0,0,0,0,0,0,0,0,0,0,0,0,0,0,0,0,0,0,0,0,0,0,0,0,0,0,0,0,0,0,0,0,0,0,0,0,0,0,0,0,0,0,0,0,0,0,0,0,0,0,0,0,0,0,0,0,0,0,0,0,0,0,0,0,0,0,0,0,0,0,0,0,0,0,0,0,0,0,0,0,0,0,0,0,0,0,0,0,0,0,0,0,0,0,0,0,0,0,0,0,0,0,0,0,0,0,0,0,0,0,0,0,0,0,0,0,0,0,0,0,0,0,0,0,0,0,0,0,0,0,0,0,0,0,0,0,0,0,0,0,0,0,0,0,0,0,0,0,0,0,0,0,0,0,0,0,0,Eukaryota;Bacillariophyta;Fragilariophyceae;Fragilariales;Fragilariaceae;Asterionellopsis;Asterionellopsis guyunusae
0,0,0,0,0,0,0,0,0,0,0,0,0,0,0,0,0,0,0,0,0,0,0,0,0,0,0,0,0,0,0,0,0,0,0,0,0,0,0,0,0,0,0,0,0,0,0,0,0,0,0,0,0,0,0,0,0,0,0,0,0,0,0,1,0,0,0,0,0,0,0,0,0,0,0,0,0,0,0,0,0,0,0,0,0,0,0,0,0,0,0,0,0,0,0,0,0,0,0,0,0,0,0,0,0,0,0,0,0,0,0,0,0,0,0,0,0,0,0,0,0,0,0,0,0,0,0,0,0,0,0,0,0,0,0,0,0,0,0,0,0,0,0,0,0,0,0,0,0,0,0,0,0,0,0,0,0,0,0,0,0,0,0,0,0,0,0,0,0,0,0,0,0,0,0,0,0,0,0,0,0,0,0,0,0,0,0,0,0,0,0,0,0,0,0,0,0,0,0,0,0,0,0,0,0,0,0,0,0,0,0,Eukaryota;NA;Labyrinthulomycetes;NA;NA;NA;labyrinthulid quahog parasite QPX
0,0,0,0,0,0,0,0,0,0,0,0,0,0,0,0,0,0,0,0,0,0,0,0,0,0,0,0,0,0,0,0,0,0,0,0,0,0,0,0,0,0,0,0,0,0,0,0,0,0,0,0,0,0,0,0,0,0,0,0,0,0,0,0,0,0,0,0,0,0,0,0,0,0,0,0,0,0,0,0,0,0,0,0,0,0,0,0,0,0,0,0,0,0,0,0,0,0,0,0,0,0,0,0,0,0,0,1,0,0,0,0,0,0,0,0,0,0,0,0,0,0,0,0,0,0,0,0,0,0,0,0,0,0,0,0,0,0,0,0,0,0,0,0,0,0,0,0,0,0,0,0,0,0,0,0,0,0,0,0,0,0,0,0,0,0,0,0,0,0,0,0,0,0,0,0,0,0,0,0,0,0,0,0,0,0,0,0,0,0,0,0,0,0,0,0,0,0,0,0,0,0,0,0,0,0,0,0,0,0,0,Eukaryota;Arthropoda;Arachnida;Araneae;Theridiidae;;
0,0,0,0,0,0,0,0,0,0,0,0,0,0,0,0,0,0,0,0,0,0,0,0,0,0,0,0,0,0,0,0,0,0,0,0,0,0,0,0,0,0,0,0,0,0,0,0,0,0,0,0,0,0,0,0,0,0,0,0,0,0,0,0,0,0,0,0,0,0,0,0,0,0,0,0,0,0,0,0,0,0,0,0,0,0,0,0,0,0,0,0,0,0,0,0,0,0,0,0,0,0,0,0,0,0,0,0,0,0,0,0,0,0,0,1,0,0,0,0,0,0,0,0,0,0,0,0,0,0,0,0,0,0,0,0,0,0,0,0,0,0,0,0,0,0,0,0,0,0,0,0,0,0,0,0,0,0,0,0,0,0,0,0,0,0,0,0,0,0,0,0,0,0,0,0,0,0,0,0,0,0,0,0,0,0,0,0,0,0,0,0,0,0,0,0,0,0,0,0,0,0,0,0,0,0,0,0,0,0,0,Eukaryota;Cnidaria;Hydrozoa;Anthoathecata;Pandeidae;Leuckartiara;
0,0,0,0,0,0,0,0,0,0,0,0,0,0,0,0,0,0,0,0,0,0,0,0,0,0,0,0,0,0,0,0,0,0,0,0,0,0,0,0,0,0,0,0,0,0,0,0,0,0,0,0,0,0,0,0,0,0,0,0,0,0,0,0,0,0,0,0,0,0,0,0,0,0,0,0,0,0,0,0,0,0,0,0,0,0,0,0,0,0,0,0,0,0,0,0,0,0,0,0,0,0,0,0,0,0,0,0,0,0,0,0,0,0,0,0.4099566724568434,0,0,0,0,0,0,0,0,0,0,0,0,0,0,0,0,0,0,0,0,0,0,0,0,0,0,0,0,0,0,0,0,0,0,0,0,0,0,0,0,1,0,0,0,0,0,0,0,0,0,0,0,0,0,0,0,0,0,0,0,0,0,0,0,0,0,0,0,0,0,0,0,0,0,0,0,0,0,0,0,0,0,0,0,0,0,0,0,0,0,0,0,0,0,0,Eukaryota;Annelida;Polychaeta;NA;NA;NA;Polychaeta sp. NB-Po397
0,0,0,0,0,0,0,0,0,0,0,0,0,0,0,0,0,0,0,0,0,0,0,0,0,0,0,0,0,0,0,0,0,0,0,0,0,0,0,0,1,0,0,0,0,0,0,0,0,0,0,0,0,0,0,0,0,0,0,0,0,0,0,0,0,0,0,0,0,0,0,0,0,0,0,0,0,0,0,0,0,0,0,0,0,0,0,0,0,0,0,0,0,0,0,0,0,0,0,0,0,0,0,0,0,0,0,0,0,0,0,0,0,0,0,0.08193783994492493,0,0,0,0,0,0,0,0,0,0,0,0,0,0,0,0,0,0,0,0,0,0,0,0,0,0,0,0,0,0,0,0,0,0,0,0,0,0,0,0,0,0,0,0,0,0,0,0,0,0,0,0,0,0,0,0,0,0,0,0,0,0,0,0,0,0,0,0,0,0,0,0,0,0,0,0,0,0,0,0,0,0,0,0,0,0,0,0,0,0,0,0,0,0,0,Eukaryota;Arthropoda;Insecta;Lepidoptera;Riodinidae;Sarota;Sarota myrtea
0,6.980254759821814e-4,6.115675700674474e-4,0,0,0,0,0,0,0,0,0,0,0,1,0.8408914508953165,0.02632573816570206,0.05498795521216975,0,0,0,0,0,0,0.0063752767720944795,0,0,0,0,0,0,0,0,0,7.558727777458741e-4,0,0,0,0,0,0,0,0,0,0,0,0,0,0,0,0,0,0,0,0,0,0,0,0,0,0,0,0.0013100202989658964,0.0014359990653493456,0,0,0,0,0,0,0,0,0,0,0,0,0,0,0,0,0,0,0,0,0,0,0,0,0,0,0,0,0,0,0,0,0,0,0,0,0,0,0,0,0,0,0,0,0,0,0,0,0,0,0,0,0,0,0,0,0,0,0,0,0,0,0,0,0,0,0,0,0,0,0,0,0,0,0,0,0,0,0,0,0,0,0,2.2888396648870654e-4,0,0,0,0,0,0,0,0,0,0,0,0,0,0,0,0,0,0,0,0,0,0,0,0,0,0,0,0,4.3484339962596315e-4,0,0,0,0,0,0,0,0,0,0,0,0,0,0,0,0,0,0,0,0,0,0,0,0,0,0,0,0,0,0,0,0,0,0,Eukaryota;Arthropoda;Insecta;Hemiptera;NA;NA;Hemiptera sp. BIOUG03768-E03
0,0,0,0,0,0,0,0,0,0,0,0,0,0,0,0,0,0,0,0,0,0,0,0,0,0,0,0,0,0,0,0,0,0,0,0,0,0,0,0,0,0,0,0,0,0,0,0,0,0,0,0,0,0,0,0,0,0,0,0,0,0,0,0,0,0,0,0,0,0,0,0,0,0,0,0,0,0,0,0,0,0,0,0,0,0,0,0,0,0,0,0,0,0,0,0,0,0,0,0,0,0,0,0,0,0,0,0,0,0,0,0,0,0,0,0,0,0,0,1,0,0,0,0,0,0,0,0,0,0,0,0,0,0,0,0,0,0,0,0,0,0,0,0,0,0,0,0,0,0,0,0,0,0,0,0,0,0,0,0,0,0,0,0,0,0,0,0,0,0,0,0,0,0,0,0,0,0,0,0,0,0,0,0,0,0,0,0,0,0,0,0,0,0,0,0,0,0,0,0,0,0,0,0,0,0,0,0,0,0,0,Eukaryota;;Oomycetes;Pythiales;Pythiaceae;Pythium;Pythium nagaii
0,0,0,0,0,0,0,0,0,0,0,0,0,0,0,0,0,0,0,0,0,0,0,0,0,0,0,0,0,0,0,0,0,0,0,0,0,0,0,0,0,0,0,0,0,0,0,0,0,0,0,0,0,0,0,0,0,0,0,0,0,0,0,0,0,0,0,0,0,0,0,0,0,0,0,0,0,0,0,0,0,0,0,0,0,0,0,0,0,0,0,0,0,0,0,0,0,0,0,0,0,0,0,0,0,0,0,0,0,0,0,0,0,0,0,0,0,0,0,0,0,0,0,0,0,0,1,0,0,0,0,0,0,0,0,0,0,0,0,0,0,0,0,0,0,0,0,0,0,0,0,0,0,0,0,0,0,0,0,0,0,0,0,0,0,0,0,0,0,0,0,0,0,0,0,0,0,0,0,0,0,0,0,0,0,0,0,0,0,0,0,0,0,0,0,0,0,0,0,0,0,0,0,0,0,0,0,0,0,0,0,Eukaryota;Arthropoda;Insecta;Ephemeroptera;Ephemerellidae;Attenella;Attenella margarita
0,0,0,0,0,0,0,0,0,0,0,0,0,0,0,0,0,0,0,0,0,0,0,0,0,0,0,0,0,0,0,0,0,0,0,0,0,0,0,0,0,0,0,0,0,0,0,0,0,0,0,0,0,0,0,0,0,0,0,0,0,0,0,0,0,0,0,0,0,0,0,0,0,0,0,0,0,0,0,0,0,0,0,0,0,0,0,0,0,0,0,0,0,0,0,0,0,0,0,0,0,0,0,0,0,0,0,0,0,0,0,0,0,0,0,0,0,0,0,0,0,0,0,0,0,0,1,0,0,0,0,0,0,0,0,0,0,0,0,0,0,0,0,0,0,0,0,0,0,0,0,0,0,0,0,0,0,0,0,0,0,0,0,0,0,0,0,0,0,0,0,0,0,0,0,0,0,0,0,0,0,0,0,0,0,0,0,0,0,0,0,0,0,0,0,0,0,0,0,0,0,0,0,0,0,0,0,0,0,0,0,Eukaryota;NA;Oomycetes;Peronosporales;Peronosporaceae;Phytophthora;Phytophthora acerina
0,0,0,0,0,0,0,0,0,0,0,0,0,0,0,0,0,0,0,0,0,0,0,0,0,0,0,0,0,0,0,0,0,0,0,0,0,0,0,0,0,0,0,0,0,0,0,0,0,0,0,0,0,0,0,0,0,0,0,0,0,0,0,0,0,0,0,0,0,0,0,0,0,0,0,0,0,0,0,0,0,0,0,0,0,0,0,0,0,0,0,0,0,0,0,0,0,0,0,0,0,0,0,0,0,0,0,0,0,0,0,0,0,0,0,0,0,0,0,0,0,0,0,0,0,0,1,0,0,0,0,0,0,0,0,0,0,0,0,0,0,0,0,0,0,0,0,0,0,0,0,0,0,0,0,0,0,0,0,0,0,0,0,0,0,0,0,0,0,0,0,0,0,0,0,0,0,0,0,0,0,0,0,0,0,0,0,0,0,0,0,0,0,0,0,0,0,0,0,0,0,0,0,0,0,0,0,0,0,0,0,Eukaryota;Arthropoda;Hexanauplia;Cyclopoida;Cyclopidae;Cyclops;Cyclops sp. BIOUG02838-D04
0,0,0,0,0,0,0,0,0,0,0,0,0,0,0,0,0,0,0,0,0,0,0,0,0,0,0,0,0,0,0,0,0,0,0,0,0,0,0,0,0,0,0,0,0,0,0,0,0,0,0,0,0,0,0,0,0,0,0,0,0,0,0,0,0,0,0,0,0,0,0,0,0,0,0,0,0,0,0,0,0,0,0,0,0,0,0,0,0,0,0,0,0,0,0,0,0,0,0,0,0,0,0,0,0,0,0,0,0,0,0,0,0,0,0,0,0,0,0,0,0,0,0,0,0,0,0,0,0,0,0,0,0,0,0,1,0,0,0,0,0,0,0,0,0,0,0,0,0,0,0,0,0,0,0,0,0,0,0,0,0,0,0,0,0,0,0,0,0,0,0,0,0,0,0,0,0,0,0,0,0,0,0,0,0,0,0,0,0,0,0,0,0,0,0,0,0,0,0,0,0,0,0,0,0,0,0,0,0,0,0,Eukaryota;Cnidaria;Hydrozoa;Leptothecata;Eirenidae;Eutima;Eutima curva
0,0,0,0,0,0,0,0,0,0,0,0,0,0,0,0,0,0,0,0,0,0,0,0,0,0,0,0,0,0,0,0,0,0,0,0,0,0,0,0,0,0,0,0,0,0,0,0,0,0,0,0,0,0,0,0,0,0,0,0,0,0,0,0,0,0,0,0,0,0,0,0,0,0,0,0,0,0,0,0,0,0,0,0,0,0,0,0,0,0,0,0,0,0,0,0,0,0,0,0,0,0,0,0,0,0,0,0,0,0,0,0,0,0,0,0,0,0,0,0,0,0,0,0,0,0,0,0,0,0,0,0,0,0,0,0,0,0,0,0,0,1,0,0,0,0,0,0,0,0,0,0,0,0,0,0,0,0,0,0,0,0,0,0,0,0,0,0,0,0,0,0,0,0,0,0,0,0,0,0,0,0,0,0,0,0,0,0,0,0,0,0,0,0,0,0,0,0,0,0,0,0,0,0,0,0,0,0,0,0,0,Eukaryota;Arthropoda;Malacostraca;Amphipoda;Phrosinidae;Phrosina;Phrosina semilunata
0,0,0,0,0,0,0,0,0,0,0,0,0,0,0,0,0,0,0,0,0,0,0,0,0,0,0,0,0,0,0,0,0,0,0,0,0,0,0,0,0,0,0,0,0,0,0,0,0,0,0,0,0,0,0,0,0,0,0,0,0,0,0,0,0,0,0,0,0,0,0,0,0,0,0,0,0,0,0,0,0,0,0,0,0,0,0,0,0,0,0,0,0,0,0,0,0,0,0,0,0,0,0,0,0,0,0,0,0,0,0,0,0,0,0,0,0,0,0,0,0,0,0,0,0,0,0,0,0,0,0,0,0,0,0,0,0,0,0,0,0,0,0,0,1,0,0,0,0,0,0,0,0,0,0,0,0,0,0,0,0,0,0,0,0,0,0,0,0,0,0,0,0,0,0,0,0,0,0,0,0,0,0,0,0,0,0,0,0,0,0,0,0,0,0,0,0,0,0,0,0,0,0,0,0,0,0,0,0,0,0,Eukaryota;Porifera;Demospongiae;Suberitida;Suberitidae;Aaptos;Aaptos papillata
0,0,0,0,0,0,0,0,0,0,0,0,0,0,0,0,0,0,0,0,0,0,0,0,0,0,0,0,0,0,0,0,0,0,0,0,0,0,0,0,0,0,0,0,0,0,0,0,0,0,0,0,0,0,0,0,0,0,0,0,0,0,0,0,0,0,0,0,0,0,0,0,0,0,0,0,0,0,0,0,0,0,0,0,0,0,0,0,0,0,0,0,0,0,0,0,0,0,0,0,0,0,0,0,0,0,0,0,0,0,0,0,0,0,0,0,0,0,0,0,0,0,0,0,0,0,0,0,0,0,0,0,0,0,0,0,0,0,0,0,0,0,0,0,0,0,0,1,0,0,0,0,0,0,0,0,0,0,0,0,0,0,0,0,0,0,0,0,0,0,0,0,0,0,0,0,0,0,0,0,0,0,0,0,0,0,0,0,0,0,0,0,0,0,0,0,0,0,0,0,0,0,0,0,0,0,0,0,0,0,0,Eukaryota;;Raphidophyceae;;;Haramonas;Haramonas dimorpha
0,0,0,0,0,0,0,0,0,0,0,0,0,0,0,0,0,0,0,0,0,0,0,0,0,0,0,0,0,0,0,0,0,0,0,0,0,0,0,0,0,0,0,0,0,0,0,0,0,0,0,0,0,0,0,0,0,0,0,0,0,0,0,0,0,0,0,0,0,0,0,0,0,0,0,0,0,0,0,0,0,0,0,0,0,0,0,0,0,0,0,0,0,0,0,0,0,0,0,0,0,0,0,0,0,0,0,0,0,0,0,0,0,0,0,0,0,0,0,0,0,0,0,0,0,0,0,0,0,0,0,0,0,0,0,0,0,0,0,0,0,0,0,0,0,0,0,0,0,0,0,0,0,0,0,0,0,1,0,0,0,0,0,0,0,0,0,0,0,0,0,0,0,0,0,0,0,0,0,0,0,0,0,0,0,0,0,0,0,0,0,0,0,0,0,0,0,0,0,0,0,0,0,0,0,0,0,0,0,0,0,Eukaryota;Arthropoda;Hexanauplia;Calanoida;Euchaetidae;Euchaeta;
0,0,0,0,0,0,0,0,0,0,0,0,0,0,0,0,0,0,0,0,0,0,0,0,0,0,0,0,0,0,0,0,0,0,0,0,0,0,0,0,0,0,0,0,0,0,0,0,0,0,0,0,0,0,0,0,0,0,0,0,0,0,0,0,0,0,0,0,0,0,0,0,0,0,0,0,0,0,0,0,0,0,0,0,0,0,0,0,0,0,0,0,0,0,0,0,0,0,0,0,0,0,0,0,0,0,0,0,0,0,0,0,0,0,0,0,0,0,0,0,0,0,0,0,0,0,0,0,0,0,0,0,0,0,0,0,0,0,0,0,0,0,0,0,0,0,0,0,0,0,0,0,0,0,0,0,0,0,0,0,0,0,0,0,0,0,0,0,1,0,0,0,0,0,0,0,0,0,0,0,0,0,0,0,0,0,0,0,0,0,0,0,0,0,0,0,0,0,0,0,0,0,0,0,0,0,0,0,0,0,0,Eukaryota;Arthropoda;Malacostraca;Decapoda;Diogenidae;Dardanus;NA
0,0,0,0,0,0,0.03659068665195772,0.008914375874911966,0.03759074823392225,0,0,0,0,0,0,0,0,0,0,0,0,0,0.10619718240426128,0.05295361268335971,0.21566158613240294,0,0,0,0,0,0,0,0.025802986494894414,0,0,0,0,0,0,0.057134009374336645,0,0.0435733589112779,0,0,0,0,0.2990260206891556,0.22690706817542508,0.25248848187179046,0,0,0,0,0,0.03710897618414345,0,0.04216323553016418,0.03416520940610717,0,0,0,0,0.9776454657870922,1,0,0,0,0,0.16167890396107484,0.0776251626711203,0,0,0.09381418868496215,0.1027366036680637,0.035641938654608955,0,0,0,0,0.029383344686762576,0,0,0,0,0,0,0,0,0,0,0,0,0,0.05444022693534474,0.07675894634551843,0,0,0.20446979016970224,0,0.18231838460179445,0.22822892704617728,0.0860237629706171,0.19716270402970232,0.2190054895477126,0,0.279943225423014,0.22074105775572764,0.030658825594233986,0,0.06055481849884579,0,0.02714679076529146,0,0.022746856826343788,0,0,0,0,0,0.003373190226629692,0,0,0,0.058185788686555724,0,0,0.003388906404733054,0,0,0,0,0,0,0,0,0.019831182423650992,0.008973943516050869,0,0,0,0,0,0,0,0,0,0,0.0047525472947949204,0.0015383458754404283,0,0,0,0,0,0,0,0.048430206416965646,0.03860199547185934,0.022616278939941323,0,0.02079524593626955,0,0,0,0,0.04752299975778952,0.0662760692076653,0.16108013547198524,0.08643801741190607,0.08341915252960111,0,0.010454816551068329,0,0,0,0.12268147662846407,0.20437609684365082,0.2735473820621285,0,0,0,0.04429910875859573,0.028151204645164945,0.011337323135571016,0,0.030426620185328768,0.03440591490976051,0,0,0.048487005501094804,0.14243288158287062,0,0,0,0.012208749590885713,0,0,0,0,0,0.04218201879988917,0.02990112998251926,0,0.05203784993640094,0.05220723610220182,0.05222207613520415,0,0,0,0,0,Eukaryota;Bacillariophyta;Bacillariophyceae;Bacillariales;Bacillariaceae;Pseudo-nitzschia;
0,0,0,0,0,0,0,0,0,0,0,0,0,0,0,0,0,0,0,0,0,0,0,0,0,0,0,0,0,0,0,0,0,0,0,0,0,0,0,0,0,0,0,0,0,0,0,0,0,0,0,0,0,0,0,0,0,0,0,0,0,0,0,0,0,0,0,0,0,0,0,0,0,0,0,0,0,0,0,0,0,0,0,0,0,0,0,0,0,0,0,0,0,0,0,0,0,0,0,0,0,0,0,0,0,0,0,0,0,0,0,0,0,0,0,0,0,0,0,0,0,0,0,0,0,0,0,0,0,0,0,0,0,0,0,0,0,0,0,0,0,0,0,0,0,0,0,0,0,0,0,0,0,0,0,0,0,0,0,0,0,0,0,0,0,0,0,0,0,0,0,0,0,0,0,0,0,0,0,0,0,0,1,0,0,0,0,0,0,0,0,0,0,0,0,0,0,0,0,0,0,0,0,0,0,0,0,0,0,0,0,Eukaryota;Bacillariophyta;Bacillariophyceae;Naviculales;Sellaphoraceae;Sellaphora;Sellaphora blackfordensis
0,0,0,0,0,0,0,0,0,0,0,0,0,0,0,0,0,0,0,0,0,0,0,0,0,0,0,0,0,0,0,0,0,0,0,0,0,0,0,0,0,0,0,0,0,0,0,0,0,0,0,0,0,0,0,0,0,0,0,0,0,0,0,0,0,0,0,0,0,0,0,0,0,0,0,0,0,0,0,0,0,0,0,0,0,0,0,0,0,0,0,0,0,0,0,0,0,0,0,0,0,0,0,0,0,0,0,0,0,0,0,0,0,0,0,0,0,0,0,0,0,0,0,0,0,0,0,0,0,0,0,0,0,0,0,0,0,0,0,0,0,0,0,0,0,0,0,0,0,0,0,0,0,0,0,0,0,0,0,0,0,0,0,0,0,0,0,0,0,0,0,0,0,0,0,0,0,0,0,0,0,0,1,0,0,0,0,0,0,0,0,0,0,0,0,0,0,0,0,0,0,0,0,0,0,0,0,0,0,0,0,Eukaryota;Rhodophyta;Florideophyceae;Plocamiales;Plocamiaceae;Plocamium;Plocamium sp. 2telfairiae
0,0,0,0,0,0,0,0,0,0,0,0,0,0,0,0,0,0,0,0,0,0,0,0,0,0,0,0,0,0,0,0,0,0,0,0,0,0,0,0,0,0,0,0,0,0,0,0,0,0,0,0,0,0,0,0,0,0,0,0,0,0,0,0,0,0,0,0,0,0,0,0,0,0,0,0,0,0,0,0,0,0,0,0,0,0,0,0,0,0,0,0,0,0,0,0,0,0,0,0,0,0,0,0,0,0,0,0,0,0,0,0,0,0,0,0,0,0,0,0,0,0,0,0,0,0,0,0,0,0,0,0,0,0,0,0,0,0,0,0,0,0,0,0,0,0,0,0,0,0,0,0,0,0,0,0,0,0,0,0,0,0,0,0,0,0,0,0,0,0,0,0,0,0,0,0,0,0,0,0,0,0,1,0,0,0,0,0,0,0,0,0,0,0,0,0,0,0,0,0,0,0,0,0,0,0,0,0,0,0,0,Eukaryota;Annelida;Polychaeta;NA;Spionidae;Spiophanes;NA
0,0,0,0,0,0,0,0,0,0,0,0,0,0,0,0,0,0,0,0,0,0,0,0,0,0,0,0,0,0,0,0,0,0,0,0,0,0,0,0,0,0,0,0,0,0,0,0,0,0,0,0,0,0,0,0,0,0,0,0,0,0,0,0,0,0,0,0,0,0,0,0,0,0,0,0,0,0,0,0,0,0,0,0,0,0,0,0,0,0,0,0,0,0,0,0,0,0,0,0,0,0,0,0,0,0,0,0,0,0,0,0,0,0,0,0,0,0,0,0,0,0,0,0,0,0,0,0,0,0,0,0,0,0,0,0,0,0,0,0,0,0,0,0,0,0,0,0,0,0,0,0,0,0,0,0,0,0,0,0,0,0,0,0,0,0,0,0,0,0,0,0,0,0,0,0,1,0,0,0,0,0,0,0,0,0,0,0,0,0,0,0,0,0,0,0,0,0,0,0,0,0,0,0,0,0,0,0,0,0,0,Eukaryota;Arthropoda;Hexanauplia;Calanoida;Euchaetidae;Euchaeta;Euchaeta acuta
0,0,0,0,0,0,0,0,0,0,0,0,0,0,0,0,0,0,0,0,0,0,0,0,0,0,0,0,0,0,0,0,0,0,0,0,0,0,0,0,0,0,0,0,0,0,0,0,0,0,0,0,0,0,0,0,0,0,0,0,0,0,0,0,0,0,0,0,0,0,0,0,0,0,0,0,0,0,0,0,0,0,0,0,0,0,0,0,0,0,0,0,0,0,0,0,0,0,0,0,0,0,0,0,0,0,0,0,0,0,0,0,0,0,0,0,0,0,0,0,0,0,0,0,0,0,0,0,0,0,0,0,0,0,0,0,0,0,0,0,0,0,0,0,0,0,0,0,0,0,0,0,0,0,0,0,0,0,0,0,0,0,0,0,0,0,0,0,0,0,0,0,0,0,0,0,1,0,0,0,0,0,0,0,0,0,0,0,0,0,0,0,0,0,0,0,0,0,0,0,0,0,0,0,0,0,0,0,0,0,0,Eukaryota;Annelida;Clitellata;Haplotaxida;Naididae;Nais;Nais communis/variabilis complex sp. A3
0,0,0,0,0,0,0,0,0,0,0,0,0,0,0,0,0,0,0,0,0,0,0,0,0,0,0,0,0,0,0,0,0,0,0,0,0,0,0,0,0,0,0,0,0,0,0,0,0,0,0,0,0,0,0,0,0,0,0,0,0,0,0,0,0,0,0,0,0,0,0,0,0,0,0,0,0,0,0,0,0,0,0,0,0,0,0,0,0,0,0,0,0,0,0,0,0,0,0,0,0,0,0,0,0,0,0,0,0,0,0,0,0,0,0,0,0,0,0,0,0,0,0,0,0,0,0,0,0,0,0,0,0,0,0,0,0,0,0,0,0,0,0,0,0,0,0,0,0,0,0,0,0,0,0,0,0,0,0,0,0,0,0,0,0,0,0,0,0,0,0,0,0,0,0,0,1,0,0,0,0,0,0,0,0,0,0,0,0,0,0,0,0,0,0,0,0,0,0,0,0,0,0,0,0,0,0,0,0,0,0,Eukaryota;NA;Oomycetes;Peronosporales;Peronosporaceae;Nothophytophthora;Nothophytophthora valdiviana
0,0,0,0,0,0,0,0,0,0,0,0,0,0,0,0,0,0,0,0,0,0,0,0,0,0,0,0,0,0,0,0,0,0,0,0,0,0,0,0,0,0,0,0,0,0,0,0,0,0,0,0,0,0,0,0,0,0,0,0,0,0,0,0,0,0,0,0,0,0,0,0,0,0,0,0,0,0,0,0,0,0,0,0,0,0,0,0,0,0,0,0,0,0,0,0,0,0,0,0,0,0,0,0,0,0,0,0,0,0,0,0,0,0,0,0,0,0,0,0,0,0,0,0,0,0,0,0,0,0,0,0,0,0,0,0,0,0,0,0,0,0,0,0,0,0,0,0,0,0,0,0,0,0,0,0,0,0,0,0,0,0,0,0,0,0,0,0,0,0,0,0,0,0,0,0,1,0,0,0,0,0,0,0,0,0,0,0,0,0,0,0,0,0,0,0,0,0,0,0,0,0,0,0,0,0,0,0,0,0,0,Eukaryota;Arthropoda;Malacostraca;Decapoda;Pisidae;Scyra;Scyra compressipes
0,0,1,0,0,0,0,0,0,0,0,0,0,0,0,0,0,0,0,0,0,0,0,0,0,0,0,0,0,0,0,0,0,0,0,0,0,0,0,0,0,0,0,0,0,0,0,0,0,0,0,0,0,0,0,0,0,0,0,0,0,0,0,0,0,0,0,0,0,0,0,0,0,0,0,0,0,0,0,0,0,0,0,0,0,0,0,0,0,0,0,0,0,0,0,0,0,0,0,0,0,0,0,0,0,0,0,0,0,0,0,0,0,0,0,0,0,0,0,0,0,0,0,0,0,0,0,0,0,0,0,0,0,0,0,0,0,0,0,0,0,0,0,0,0,0,0,0,0,0,0,0,0,0,0,0,0,0,0,0,0,0,0,0,0,0,0,0,0,0,0,0,0,0,0,0,0,0,0,0,0,0,0,0,0,0,0,0,0,0,0,0,0,0,0,0,0,0,0,0,0,0,0,0,0,0,0,0,0,0,0,Eukaryota;Cnidaria;Scyphozoa;Semaeostomeae;Pelagiidae;Chrysaora;Chrysaora achlyos
0,0,0,0,0,1,0,0,0,0,0,0,0,0,0,0,0,0,0,0,0,0,0,0,0,0,0,0,0,0,0,0,0,0,0,0,0,0,0,0,0,0,0,0,0,0,0,0,0,0,0,0,0,0,0,0,0,0,0,0,0,0,0,0,0,0,0,0,0,0,0,0,0,0,0,0,0,0,0,0,0,0,0,0,0,0,0,0,0,0,0,0,0,0,0,0,0,0,0,0,0,0,0,0,0,0,0,0,0,0,0,0,0,0,0,0,0,0,0,0,0,0,0,0,0,0,0,0,0,0,0,0,0,0,0,0,0,0,0,0,0,0,0,0,0,0,0,0,0,0,0,0,0,0,0,0,0,0,0,0,0,0,0,0,0,0,0,0,0,0,0,0,0,0,0,0,0,0,0,0,0,0,0,0,0,0,0,0,0,0,0,0,0,0,0,0,0,0,0,0,0,0,0,0,0,0,0,0,0,0,0,Eukaryota;Arthropoda;Insecta;Coleoptera;;;
0,0,0,0,0,0,0,0,1,0,0,0,0,0,0,0,0,0,0,0,0,0,0,0,0,0,0,0,0,0,0,0,0,0,0,0,0,0,0,0,0,0,0,0,0,0,0,0,0,0,0,0,0,0,0,0,0,0,0,0,0,0,0,0,0,0,0,0,0,0,0,0,0,0,0,0,0,0,0,0,0,0,0,0,0,0,0,0,0,0,0,0,0,0,0,0,0,0,0,0,0,0,0,0,0,0,0,0,0,0,0,0,0,0,0,0,0,0,0,0,0,0,0,0,0,0,0,0,0,0,0,0,0,0,0,0,0,0,0,0,0,0,0,0,0,0,0,0,0,0,0,0,0,0,0,0,0,0,0,0,0,0,0,0,0,0,0,0,0,0,0,0,0,0,0,0,0,0,0,0,0,0,0,0,0,0,0,0,0,0,0,0,0,0,0,0,0,0,0,0,0,0,0,0,0,0,0,0,0,0,0,Eukaryota;Cnidaria;Scyphozoa;Semaeostomeae;Pelagiidae;Chrysaora;Chrysaora cf. chesapeake KMB1150
0,0,3.897949037130352e-5,0,0,0,0,0,0,0,0,0,0,0,0.40091343507036864,0.5601866704079512,1,0.9787266794208688,0,0,0,0,0,0,0,0,0,0,0,0,0,0,0,0,0,0,0,0,0,0,0,0,0,0,0,0,0,0,0,0,0,0,0,0,0,0,0,0,0,0,0,0,0,0,0,0,0,0,0,0,0,0,0,0,0,0,0,0,0,0,0,0,0,0,0,0,0,0,0,0,0,0,0,0,0,0,0,0,0,0,0,0,0,0,0,0,0,0,0,0,0,0,0,0,0,0,0,0,0,0,0,0,0,0,0,0,0,0,0,0,0,0,0,0,1.660780053900129e-4,0,0,0,0,0,0,0,0,0,0,0,0,0,0,0,0,0,0,0,0,0,0,0,0,0,0,0,0,0,0,0,0,0,3.469692591372071e-5,5.8235006786769884e-5,0,0,0,0,0,0,0,0,0,0,0,0,0,0,0,0,0,0,0,0,0,0,0,0,0,0,0,0,0,0,0,0,0,0,0,0,0,0,0,0,0,Eukaryota;Ascomycota;Eurotiomycetes;Eurotiales;Aspergillaceae;Aspergillus;Aspergillus niger
0.39516982086038743,0.23020771296351486,0.44337198019669194,0.5046698525087651,0.20220675321338333,0.35749707395194846,0.08023461458006916,0.11945445014518269,0.048845931955728616,0.08983151026510626,0.2548074676907183,0.22327176540395957,0.2899772325010112,0.040602455898390066,0,0,0,0,0,0,0.23306158289452505,0,0,0.03440432398213415,0,0.2606690466850912,0.2358141034560041,0.14693395272115323,0.11779800412878597,0.08317967730735748,0.16393406731878643,1,0,0,0.009747239993566446,0.00611111824818842,0,0.18485730466720804,0.12920801214940056,0,0.029518105107603488,0,0.099814333108331807,0,0,0.03414645886932608,0.03686624300058743,0,0,0,0.057182313702987556,0.05820282895631765,0,0.030056135837193642,0,0.009510884522139797,0,0,0,0,0.022359680244201284,0,0,0,0,0,0.021003259104918535,0,0.05945880488155112,0,0.007856094778302458,0.021569692006146994,0,0,0,0,0.1019430710472203,0.14353082640813225,0,0,0,0,0.016960421959392447,0,0,0,0,0,0,0,0,0,0,0.0025971116636618998,0.0011473346300535767,0.05031844890216817,0,0,0,0,0,0,0,0,0.03620138706204017,0,0,0.018674295444728595,0,0,0.4564233674801869,0,0.011962553780679118,0,0,0.05646035561008942,0.0024744672542501333,0,0,0.008218442769732288,0,0,0.02891866341619574,0,0.004964330461804035,0,0,0.0023194979101299204,0.023829388789791302,0.04874788946228945,0,0,0,0,0,0.002319201850187814,0.00792574407038307,0.1494338953222911,0.05443674481621406,0,0,0,0.044995573045107144,0,0,0,0,0.025746489845955182,0.008995264438431303,0,0,0.00832039303763734,0.05562644114783228,0.18835189298683366,0.16910993352914735,0.039614590208175794,0.03171125974223309,0.024184266638793524,0,0,0,0,0.0339031072893693,0,0,0,0,0,0,0,0,0,0,0.12350699640835121,0.13446663162711261,0.8056099712734291,0.49054020840163753,0.41200026201445444,0.015036505912936293,0.02098346839596657,0,0,0,0,0,0.03335914636919489,0,0,0,0,0,0,0,0,0.005949081021910697,0,0,0,0.02834806479447495,0,0,0.022238766524586066,0,0.03534613515312441,0,0,0,0.008871095310632042,0,0.06708997877568273,0.03206408924949641,Eukaryota;Arthropoda;Hexanauplia;Calanoida;Aetideidae;Euchirella;Euchirella messinensis
0,0,0,0,0,0,0,0,0,0,0,0,0,0,0,0,0,0,0,0,0,0,0,0,1,0,0,0,0,0,0,0,0,0,0,0,0,0,0,0,0,0,0,0,0,0,0,0,0,0,0,0,0,0,0,0,0,0,0,0,0,0,0,0,0,0,0,0,0,0,0,0,0,0,0,0,0,0,0,0,0,0,0,0,0,0,0,0,0,0,0,0,0,0,0,0,0,0,0,0,0,0,0,0,0,0,0,0,0,0,0,0,0,0,0,0,0,0,0,0,0,0,0,0,0,0,0,0,0,0,0,0,0,0,0,0,0,0,0,0,0,0,0,0,0,0,0,0,0,0,0,0,0,0,0,0,0,0,0,0,0,0,0,0,0,0,0,0,0,0,0,0,0,0,0,0,0,0,0,0,0,0,0,0,0,0,0,0,0,0,0,0,0,0,0,0,0,0,0,0,0,0,0,0,0,0,0,0,0,0,0,Eukaryota;Basidiomycota;Agaricomycetes;Agaricales;Tricholomataceae;;
0,0,0,0,0,0,0,0,0,0,0,0,0,0,0,0,0,0,0,0,0,0,0,0,0,0,0,0,0,1,0,0,0,0,0,0,0,0,0,0,0,0,0,0,0,0,0,0,0,0,0,0,0,0,0,0,0,0,0,0,0,0,0,0,0,0,0,0,0,0,0,0,0,0,0,0,0,0,0,0,0,0,0,0,0,0,0,0,0,0,0,0,0,0,0,0,0,0,0,0,0,0,0,0,0,0,0,0,0,0,0,0,0,0,0,0,0,0,0,0,0,0,0,0,0,0,0,0,0,0,0,0,0,0,0,0,0,0,0,0,0,0,0,0,0,0,0,0,0,0,0,0,0,0,0,0,0,0,0,0,0,0,0,0,0,0,0,0,0,0,0,0,0,0,0,0,0,0,0,0,0,0,0,0,0,0,0,0,0,0,0,0,0,0,0,0,0,0,0,0,0,0,0,0,0,0,0,0,0,0,0,Eukaryota;Porifera;Homoscleromorpha;Homosclerophorida;Plakinidae;Plakortis;Plakortis halichondrioides
0,0,0,0,0,0,0,0,0,0,0,0,0,0,0,0,0,0,0,0,0,0,0,0,0,0,0,0,0,0,0,0,0,0,0,0,0,0,1,0,0,0,0,0,0,0,0,0,0,0,0,0,0,0,0,0,0,0,0,0,0,0,0,0,0,0,0,0,0,0,0,0,0,0,0,0,0,0,0,0,0,0,0,0,0,0,0,0,0,0,0,0,0,0,0,0,0,0,0,0,0,0,0,0,0,0,0,0,0,0,0,0,0,0,0,0,0,0,0,0,0,0,0,0,0,0,0,0,0,0,0,0,0,0,0,0,0,0,0,0,0,0,0,0,0,0,0,0,0,0,0,0,0,0,0,0,0,0,0,0,0,0,0,0,0,0,0,0,0,0,0,0,0,0,0,0,0,0,0,0,0,0,0,0,0,0,0,0,0,0,0,0,0,0,0,0,0,0,0,0,0,0,0,0,0,0,0,0,0,0,0,Eukaryota;Arthropoda;Hexanauplia;Calanoida;Euchaetidae;Paraeuchaeta;Paraeuchaeta glacialis
0,0,0,0,0,0,0,0,0,0,0,0,0,0,0,0,0,0,0,0,0,0,0,0,0,0,0,0,0,0,0,0,0,0,0,0,0,0,0,0,0,0,0,0,0,1,0,0,0,0,0,0,0,0,0,0,0,0,0,0,0,0,0,0,0,0,0,0,0,0,0,0,0,0,0,0,0,0,0,0,0,0,0,0,0,0,0,0,0,0,0,0,0,0,0,0,0,0,0,0,0,0,0,0,0,0,0,0,0,0,0,0,0,0,0,0,0,0,0,0,0,0,0,0,0,0,0,0,0,0,0,0,0,0,0,0,0,0,0,0,0,0,0,0,0,0,0,0,0,0,0,0,0,0,0,0,0,0,0,0,0,0,0,0,0,0,0,0,0,0,0,0,0,0,0,0,0,0,0,0,0,0,0,0,0,0,0,0,0,0,0,0,0,0,0,0,0,0,0,0,0,0,0,0,0,0,0,0,0,0,0,Eukaryota;Arthropoda;Malacostraca;Euphausiacea;Euphausiidae;Euphausia;Euphausia mutica
0,0,0,0,0,0,0,0,0,0,0,0,0,0,0,0,0,0,0,0,0,0,0,0,0,0,0,0,0,0,0,0,0,0,0,0,0,0,0,0,0,0,0,0,0,0,0,0,0,0,0,0,0,1,0,0,0,0,0,0,0,0,0,0,0,0,0,0,0,0,0,0,0,0,0,0,0,0,0,0,0,0,0,0,0,0,0,0,0,0,0,0,0,0,0,0,0,0,0,0,0,0,0,0,0,0,0,0,0,0,0,0,0,0,0,0,0,0,0,0,0,0,0,0,0,0,0,0,0,0,0,0,0,0,0,0,0,0,0,0,0,0,0,0,0,0,0,0,0,0,0,0,0,0,0,0,0,0,0,0,0,0,0,0,0,0,0,0,0,0,0,0,0,0,0,0,0,0,0,0,0,0,0,0,0,0,0,0,0,0,0,0,0,0,0,0,0,0,0,0,0,0,0,0,0,0,0,0,0,0,0,Eukaryota;Echinodermata;Ophiuroidea;Ophiurida;Ophiactidae;Ophiopholis;Ophiopholis aculeata
0,0,0,0,0,0,0,0,0,0,0,0,0,0,0,0,0,0,0,0,0,0,0,0,0,0,0,0,0,0,0,0,0,0,0,0,0,0,0,0,0,0,0,0,0,0,0,0,0,0,0,0,0,0,0,0,0,0,0,1,0,0,0,0,0,0,0,0,0,0,0,0,0,0,0,0,0,0,0,0,0,0,0,0,0,0,0,0,0,0,0,0,0,0,0,0,0,0,0,0,0,0,0,0,0,0,0,0,0,0,0,0,0,0,0,0,0,0,0,0,0,0,0,0,0,0,0,0,0,0,0,0,0,0,0,0,0,0,0,0,0,0,0,0,0,0,0,0,0,0,0,0,0,0,0,0,0,0,0,0,0,0,0,0,0,0,0,0,0,0,0,0,0,0,0,0,0,0,0,0,0,0,0,0,0,0,0,0,0,0,0,0,0,0,0,0,0,0,0,0,0,0,0,0,0,0,0,0,0,0,0,Eukaryota;Arthropoda;Insecta;Diptera;Culicidae;Anopheles;Anopheles hinesorum
0,0,0,0,0,0,0,0,0,0,0,0,0,0,0,0,0,0,0,0,0,0,0,0,0,0,0,0,0,0,0,0,0,0,0,0,0,0,0,0,0,0,0,0,0,0,0,0,0,0,0,0,0,0,0,0,0,0,0,0,0,0,0,0,0,0,0,0,0,0,0,0,0,1,0,0,0,0,0,0,0,0,0,0,0,0,0,0,0,0,0,0,0,0,0,0,0,0,0,0,0,0,0,0,0,0,0,0,0,0,0,0,0,0,0,0,0,0,0,0,0,0,0,0,0,0,0,0,0,0,0,0,0,0,0,0,0,0,0,0,0,0,0,0,0,0,0,0,0,0,0,0,0,0,0,0,0,0,0,0,0,0,0,0,0,0,0,0,0,0,0,0,0,0,0,0,0,0,0,0,0,0,0,0,0,0,0,0,0,0,0,0,0,0,0,0,0,0,0,0,0,0,0,0,0,0,0,0,0,0,0,Eukaryota;Cnidaria;Hydrozoa;Leptothecata;Campanulariidae;Campanularia;Campanularia sp. BMBM-0903
0,0,0,0,0,0,0,0,0,0,0,0,0,0,0,0,0,0,0,0,0,0,0,0,0,0,0,0,0,0,0,0,0,0,0,0,0,0,0,0,0,0,0,0,0,0,0,0,0,0,0,0,0,0,0,0,0,0,0,0,0,0,0,0,0,0,0,0,0,0,0,0,0,0,0,0,0,0,0,0,1,0,0,0,0,0,0,0,0,0,0,0,0,0,0,0,0,0,0,0,0,0,0,0,0,0,0,0,0,0,0,0,0,0,0,0,0,0,0,0,0,0,0,0,0,0,0,0,0,0,0,0,0,0,0,0,0,0,0,0,0,0,0,0,0,0,0,0,0,0,0,0,0,0,0,0,0,0,0,0,0,0,0,0,0,0,0,0,0,0,0,0,0,0,0,0,0,0,0,0,0,0,0,0,0,0,0,0,0,0,0,0,0,0,0,0,0,0,0,0,0,0,0,0,0,0,0,0,0,0,0,Eukaryota;Mollusca;Gastropoda;NA;Epitoniidae;Janthina;Janthina umbilicata
0,0,0,0,0,0,0,0,0,0,0,0,0,0,0,0,0,0,0,0,0,0,0,0,0,0,0,0,0,0,0,0,0,0,0,0,0,0,0,0,0,0,0,0,0,0,0,0,0,0,0,0,0,0,0,0,0,0,0,0,0,0,0,0,0,0,0,0,0,0,0,0,0,0,0,0,0,0,0,0,0,0,0,0,0,0,0,0,0,0,0,0,0,0,1,0,0,0,0,0,0,0,0,0,0,0,0,0,0,0,0,0,0,0,0,0,0,0,0,0,0,0,0,0,0,0,0,0,0,0,0,0,0,0,0,0,0,0,0,0,0,0,0,0,0,0,0,0,0,0,0,0,0,0,0,0,0,0,0,0,0,0,0,0,0,0,0,0,0,0,0,0,0,0,0,0,0,0,0,0,0,0,0,0,0,0,0,0,0,0,0,0,0,0,0,0,0,0,0,0,0,0,0,0,0,0,0,0,0,0,0,Eukaryota;Annelida;Polychaeta;Spionida;Spionidae;Polydora;Polydora websteri
0,0,0,0,0,0,0,0,0,0,0,0,0,0,0,0,0,0,0,0,0,0,0,0,0,0,0,0,0,0,0,0,0,0,0,0,0,0,0,0,0,0,0,0,0,0,0,0,0,0,0,0,0,0,0,0,0,0,0,0,0,0,0,0,0,0,0,0,0,0,0,0,0,0,0,0,0,0,0,0,0,0,0,0,0,0,0,0,0,0,0,0,0,0,1,0,0,0,0,0,0,0,0,0,0,0,0,0,0,0,0,0,0,0,0,0,0,0,0,0,0,0,0,0,0,0,0,0,0,0,0,0,0,0,0,0,0,0,0,0,0,0,0,0,0,0,0,0,0,0,0,0,0,0,0,0,0,0,0,0,0,0,0,0,0,0,0,0,0,0,0,0,0,0,0,0,0,0,0,0,0,0,0,0,0,0,0,0,0,0,0,0,0,0,0,0,0,0,0,0,0,0,0,0,0,0,0,0,0,0,0,Eukaryota;Arthropoda;Arachnida;Trombidiformes;Tydeidae;Tydeus;Tydeus sp. DPMIT-46-E02
0,0.1243328356182978,0.1182699913828489,0.32015261446084564,0.26225734409895207,0.166637827872829,0.9333267180948113,1,0.6425703938195497,0,0.08990047700371002,0.07925642701391986,0.07417400881057269,0,0,0,0,0,0,0,0,0,0,0,0,0,0.059088475308841086,0,0,0,0,0,0.11333105939004816,0.07078406825242269,0.31201507413878066,0.3662303618969603,0.2890797017225393,0,0,0,0,0,0.0800647538862821,0.18833948946479043,0,0,0.25403560082698806,0.2633178734332477,0.18456573697768933,0,0,0,0.05119917123777725,0,0.0297344558183825,0.04587590562883151,0,0,0.02619837036731948,0,0,0,0.14444970121334313,0.1566007714121584,0.0423326493261605,0,0,0,0,0,0,0,0,0,0,0,0,0,0,0.02242296054757498,0,0,0,0,0,0,0,0,0,0,0,0,0.058605802168725935,0.005287458850335112,0.003521755479529479,0,0,0.10716337638774893,0.0606099761784451,0,0.09378148369605283,0.2013152764718024,0.030091683442034434,0.03394972832620089,0.05602715845490412,0.2277621549284313,0.2004572664426679,0.047085059875823045,0.02657544739224288,0,0,0,0,0,0,0.003480033008566726,0.002034482881166796,0,0,0,0,0,0,0,0,0,0,0.005085516254545902,0,0,0,0,0,0,0,0,0,0,0,0,0,0,0,0.07636722902414927,0.044773580478648524,0,0,0.01523236931793726,0.009313253340644544,0,0,0,0,0,0,0,0,0.00117831517242231,0,0,0,0,0,0,0,0,0,0,0,0,0,0,0,0,0,0,0,0,0,0,0,0,0.01262439692603752,0.008924927944624055,0,0,0,0,0.03798244686475626,0,0.26968803355539106,0,0,0,0,0,0,0,0,0.12455714104400488,0.07374404225170682,0.025219996255382886,0.10038290145219296,0.03537891077636153,0.21881509794553272,0.24176642572890444,0,0,0,0,0,Eukaryota;Chlorophyta;NA;NA;Pycnococcaceae;Pycnococcus;Pycnococcus provasolii
0,0,0,0,0,0,0,0,0,0,0,0,0,0,0,0,0,0,0,0,0,0,0,0,0,0,0,0,0,0,0,0,0,0,0,0,0,0,0,0,0,0,0,0,0,0,0,0,0,0,0,0,0,0,0,0,0,0,0,0,0,0,0,0,0,0,0,0,0,0,0,0,0,0,0,0,0,0,0,0,0,0,0,0,0,0,0,0,0,0,0,0,0,0,0,1,0,0,0,0,0,0,0,0,0,0,0,0,0,0,0,0,0,0,0,0,0,0,0,0,0,0,0,0,0,0,0,0,0,0,0,0,0,0,0,0,0,0,0,0,0,0,0,0,0,0,0,0,0,0,0,0,0,0,0,0,0,0,0,0,0,0,0,0,0,0,0,0,0,0,0,0,0,0,0,0,0,0,0,0,0,0,0,0,0,0,0,0,0,0,0,0,0,0,0,0,0,0,0,0,0,0,0,0,0,0,0,0,0,0,0,Eukaryota;;Dinophyceae;Gymnodiniales;Gymnodiniaceae;Margalefidinium;Margalefidinium polykrikoides
0,0,0,0,0,0,0,0,0,0,0,0,0,0,0,0,0,0,0,0,0,0,0,0,0,0,0,0,0,0,0,0,0,0,0,0,0,0,0,0,0,0,0,0,0,0,0,0,0,0,0,0,0,0,0,0,0,0,0,0,0,0,0,0,0,0,0,0,0,0,0,0,0,0,0,0,0,0,0,0,0,0,0,0,0,0,0,0,0,0,0,0,0,0,0,0,0,0,0,0,0,0,0,0,0,0,0,0,0,0,0,0,0,0,0,0,0,0,0,0,0,0,0,0,0,0,0,0,0,0,0,0,0,0,0,0,0,0,0,0,0,0,0,0,0,0,0,0,0,0,0,0,0,0,0,0,0,0,0,0,0,0,0,0,0,0,0,0,0,0,0,0,0,0,0,0,0,0,0,0,0,0,0,0,0,0,0,0,0,0,0,0,0,0,0,0,0,0,0,0,0,1,0,0,0,0,0,0,0,0,0,Eukaryota;Cnidaria;Hydrozoa;Siphonophorae;Diphyidae;Lensia;Lensia conoidea
0,0,0,0,0,0,0,0,0,0,0,0,0,0,0,0,0,0,0,0,0,0,0,0,0,0,0,0,0,0,0,0,0,0,0,0,0,0,0,0,0,0,0,0,0,0,0,0,0,0,0,0,0,0,0,0,0,0,0,0,0,0,0,0,0,0,0,0,0,0,0,0,0,0,0,0,0,0,0,0,0,0,0,0,0,0,0,0,0,0,0,0,0,0,0,0,0,0,0,0,0,0,0,0,0,0,0,0,0,0,0,0,0,0,0,0,0,0,0,0,0,0,0,0,0,0,0,0,0,0,0,0,0,0,0,0,0,0,0,0,0,0,0,0,0,0,0,0,0,0,0,0,0,0,0,0,0,0,0,0,0,0,0,0,0,0,0,0,0,0,0,0,0,0,0,0,0,0,0,0,0,0,0,0,0,0,0,0,0,0,0,0,0,0,0,0,0,0,0,0,0,0,0,0,1,0,0,0,0,0,0,Eukaryota;Rhodophyta;Florideophyceae;Ceramiales;Rhodomelaceae;Chondrophycus;Chondrophycus sp.
0,0,0,0,0,0,0,0,0,0,0,0,0,0,0,0,0,0,0,0,0,0,0,0,0,0,0,0,0,0,0,0,0,0,0,0,0,0,0,0,0,0,0,0,0,0,0,0,0,0,0,0,0,0,0,0,0,0,0,0,0,0,0,0,0,0,0,0,0,0,0,0,0,0,0,0,0,0,0,0,0,0,0,0,0,0,0,0,0,0,0,0,0,0,0,0,0,0,0,0,0,0,0,0,0,0,0,0,0,0,0,0,0,0,0,0,0,0,0,0,0,0,0,0,0,0,0,0,0,0,0,0,0,0,0,0,0,0,0,0,0,0,0,0,0,0,0,0,0,0,0,0,0,0,0,0,0,0,0,0,0,0,0,0,0,0,0,0,0,0,0,0,0,0,0,0,0,0,0,0,0,0,0,0,0,0,0,0,0,0,0,0,0,0,0,0,0,0,0,0,0,0,0,0,1,0,0,0,0,0,0,Eukaryota;Arthropoda;Insecta;Diptera;Mycetophilidae;Exechia;Exechia sp. BOLD-2016
0,0,0,0,0,0,0,0,0,0,0,0,0,0,0,0,0,0,0,0,0,0,0,0,0,0,0,0,0,0,0,0,0,0,0,0,0,0,0,0,0,0,0,0,0,0,0,0,0,0,0,0,0,0,0,0,0,0,0,0,0,0,0,0,0,0,0,0,0,0,0,0,0,0,0,0,0,0,0,0,0,0,0,0,0,0,0,0,0,0,0,0,0,0,0,0,0,0,0,0,0,0,0,0,0,0,0,0,0,0,0,0,0,0,0,0,0,0,0,0,0,0,0,0,0,0,0,0,0,0,0,0,0,0,0,0,0,0,0,0,0,0,0,0,0,0,0,0,0,0,0,0,0,0,0,0,0,0,0,0,0,0,0,0,0,0,0,0,0,0,0,0,0,0,0,0,0,0,0,0,0,0,0,0,0,0,0,0,0,0,0,0,0,0,0,0,0,0,0,0,0,0,0,0,0,0,1,0,0,0,0,Eukaryota;Arthropoda;Insecta;Diptera;Mycetophilidae;Leia;
0,0,0,0,0,0,0,0,0,0,0,0,0,0,0,0,0,0,0,0,0,0,0,0,0,0,0,0,0,0,0,0,0,0,0,0,0,0,0,0,0,0,0,0,0,0,0,0,0,0,0,0,0,0,0,0,0,0,0,0,0,0,0,0,0,0,0,0,0,0,0,0,0,0,0,0,0,0,0,0,0,0,0,0,0,0,0,0,0,0,0,0,0,0,0,0,0,0,0,0,0,0,0,0,0,0,0,0,0,0,0,0,0,0,0,0,0,0,0,0,0,0,0,0,0,0,0,0,0,0,0,0,0,0,0,0,0,0,0,0,0,0,0,0,0,0,0,0,0,0,0,0,0,0,0,0,0,0,0,0,0,0,0,0,0,0,0,0,0,0,0,0,0,0,0,0,0,0,0,0,0,0,0,0,0,0,0,0,0,0,0,0,0,0,0,0,0,0,1,0,0,0,0,0,0,0,0,0,0,0,0,Eukaryota;Cnidaria;Scyphozoa;Rhizostomeae;Rhizostomatidae;Nemopilema;Nemopilema aff. nomurai AA-2013
0,0,0,0,0,0,0,0,0,0,0,0,0,0,0,0,0,0,0,0,0,0,0,0,0,0,0,0,0,0,0,0,0,0,0,0,0,0,0,0,0,0,0,0,0,0,0,0,0,0,0,0,0,0,0,0,0,0,0,0,0,0,0,0,0,0,0,0,0,0,0,0,0,0,0,0,0,0,0,0,0,0,0,0,0,0,0,0,0,0,0,1,0,0,0,0,0,0,0,0,0,0,0,0,0,0,0,0,0,0,0,0.9698118225945873,0,0,0,0,0.11338406139608935,0,0,0,0,0,0,0,0,0,0,0,0,0,0,0,0,0,0,0,0,0,0,0,0,0,0,0,0,0,0,0,0,0,0,0,0,0,0,0,0,0,0,0,0,0,0,0,0,0,0,0,0,0,0,0,0,0,0,0,0,0,0,0,0,0,0,0,0,0,0,0,0,0,0,0,0,0,0,0,0,0,0,0,0,0,0,0,0,0,0,0,0,0,0,Eukaryota;Arthropoda;Insecta;Diptera;Ceratopogonidae;Culicoides;Culicoides peliliouensis
0,0,0,0,0,0,0,0,0,0,0,0,0,0,0,0,0,0,0,0,0,0,0,0,0,0,0,0,0,0,0,0,0,0,0,0,0,0,0,0,0,0,0,0,0,0,0,0,0,0,0,0,0,0,0,0,0,0,0,0,0,0,0,0,0,0,0,0,0,0,0,0,0,0,0,0,0,0,0,0,0,0,0,0,0,0,0,0,0,0,0,0,0,0,0,0,0,0,0,0,0,0,0,0,0,0,0,0,0,0,0,0,0,0,0,0,1,0,0,0,0,0,0,0,0,0,0,0,0,0,0,0,0,0,0,0,0,0,0,0,0,0,0,0,0,0,0,0,0,0,0,0,0,0,0,0,0,0,0,0,0,0,0,0,0,0,0,0,0,0,0,0,0,0,0,0,0,0,0,0,0,0,0,0,0,0,0,0,0,0,0,0,0,0,0,0,0,0,0,0,0,0,0,0,0,0,0,0,0,0,0,Eukaryota;Chordata;Mammalia;Rodentia;Cricetidae;Nectomys;
0,0,0,0,0,0,0,0,0,0,0,0,0,0,0,0,0,0,0,0,0,0,0,0,0,0,0,0,0,0,0,0,0,0,0,0,0,0,0,0,0,0,0,0,0,0,0,0,0,0,0,0,0,0,0,0,0,0,0,0,0,0,0,0,0,0,0,0,0,0,0,0,0,0,0,0,0,0,0,0,0,0,0,0,0,0,0,0,0,0,0,0,0,0,0,0,0,0,0,0,0,0,0,0,0,0,0,0,0,0,0,0,0,0,1,0,0,0,0,0,0,0,0,0,0,0,0,0,0,0,0,0,0,0,0,0,0,0,0,0,0,0,0,0,0,0,0,0,0,0,0,0,0,0,0,0,0,0,0,0,0,0,0,0,0,0,0,0,0,0,0,0,0,0,0,0,0,0,0,0,0,0,0,0,0,0,0,0,0,0,0,0,0,0,0,0,0,0,0,0,0,0,0,0,0,0,0,0,0,0,0,Eukaryota;Arthropoda;Insecta;Coleoptera;Scarabaeidae;Anoplognathus;Anoplognathus sp. ww00663
0,0,0,0,0,0,0,0,0,0,0,0,0,0,0,0,0,0,0,0,0,0,0,0,0,0,0,0,0,0,0,0,0,0,0,0,0,0,0,0,0,0,0,0,0,0,0,0,0,0,0,0,0,0,0,0,0,0,0,0,0,0,0,0,0,0,0,0,0,0,0,0,0,0,0,0,0,0,0,0,0,0,0,0,0,0,0,0,0,0,0,0,0,0,0,0,0,0,0,0,0,0,0,0,0,0,0,0,0,0,0,0,0,0,0,0,0,0,0,0,0,0,1,0,0,0,0,0,0,0,0,0,0,0,0,0,0,0,0,0,0,0,0,0,0,0,0,0,0,0,0,0,0,0,0,0,0,0,0,0,0,0,0,0,0,0,0,0,0,0,0,0,0,0,0,0,0,0,0,0,0,0,0,0,0,0,0,0,0,0,0,0,0,0,0,0,0,0,0,0,0,0,0,0,0,0,0,0,0,0,0,Eukaryota;Arthropoda;Insecta;Diptera;Tachinidae;Belvosia;Belvosia sp. Woodley03C
0,0,0,0,0,0,0,0,0,0,0,0,0,0,0,0,0,0,0,0,0,0,0,0,0,0,0,0,0,0,0,0,0,0,0,0,0,0.12453622963955532,0.07834135000047066,0,0,0,0,0,0,0,0,0,0,0.05920123940091355,0,0,0,0,0,0,0.26100427213362926,0.1076696036396343,0,0,0,0,0,0,0,0.05682739956344759,0.05093875047892311,0,0,0,0,0,0,0.07949666375425725,0,0,0,0,0,0,0,0,0,0,0,0,0,0,0,0,0,0,0,0,0,0,0,0.4787214373989298,0.31490706768899535,0.3835877155202847,0.09221150562268318,0.09682097063524749,0.11372858388756948,0.18607865160317857,0.3529153053531038,0.7252901256821428,1,0,0,0,0,0,0,0,0,0.9412934850501046,0.895189734726149,0,0,0,0,0,0,0,0.06688824112315828,0,0,0,0,0,0.6636108395152538,0,0,0,0,0.009374516891786295,0,0,0,0,0,0,0,0,0,0,0.028688616133751774,0.028082563322682795,0.00909000853217346,0,0,0,0,0,0,0,0,0,0,0,0,0,0,0,0,0,0,0,0,0,0,0,0,0,0,0,0,0,0,0,0,0,0,0,0,0,0,0,0,0,0,0,0,0,0,0,0,0,0,0,0,0,0,0.02484759937528339,0,0,0,0,0,0,0,Eukaryota;Cnidaria;Hydrozoa;Anthoathecata;Hydrichthyidae;Hydrichthys;Hydrichthys boycei
0,0,0,0,0,0,0,0,0,0,0,0,0,0,0,0,0,0,0,0,0,0,0,0,0,0,0,0,0,0,0,0,0,0,0,0,0,0,0,0,0,0,0,0,0,0,0,0,0,0,0,0,0,0,0,0,0,0,0,0,0,0,0,0,0,0,0,0,0,0,0,0,0,0,0,0,0,0,0,0,0,0,0,0,0,0,0,0,0,0,0,0,0,0,0,0,0,0,0,0,0,0,0,0,0,0,0,0,0,0,0,0,0,0,0,0,0,0,0,0,0,0,0,0,0,0,0,0,0,0,0,0,0,0,0,0,0,0,0,0,0,0,0,0,0,0,0,0,1,0,0,0,0,0,0,0,0,0,0,0,0,0,0,0,0,0,0,0,0,0,0,0,0,0,0,0,0,0,0,0,0,0,0,0,0,0,0,0,0,0,0,0,0,0,0,0,0,0,0,0,0,0,0,0,0,0,0,0,0,0,0,Eukaryota;Arthropoda;Insecta;Diptera;Mycetophilidae;NA;Mycetophilidae sp. SK-2018A
0,0,0,0,0,0,0,0,0,0,0,0,0,0,0,0,0,0,0,0,0,0,0,0,0,0,0,0,0,0,0,0,0,0,0,0,0,0,0,0,0,0,0,0,0,0,0,0,0,0,0,0,0,0,0,0,0,0,0,0,0,0,0,0,0,0,0,0,0,0,0,0,0,0,0,0,0,0,0,0,0,0,0,0,0,0,0,0,0,0,0,0,0,0,0,0,0,0,0,0,0,0,0,0,0,0,0,0,0,0,0,0,0,0,0,0,0,0,0,0,0,0,0,0,0,0,0,0,0,0,0,0,0,0,0,0,0,0,0,0,0,0,0,0,0,0,0,0,0,0,0,1,0,0,0,0,0,0,0,0,0,0,0,0,0,0,0,0,0,0,0,0,0,0,0,0,0,0,0,0,0,0,0,0,0,0,0,0,0,0,0,0,0,0,0,0,0,0,0,0,0,0,0,0,0,0,0,0,0,0,0,Eukaryota;Echinodermata;Echinoidea;Temnopleuroida;Temnopleuridae;NA;Temnopleurus michaelseni
0,0,0,0,0,0,0,0,0,0,0,0,0,0,0,0,0,0,0,0,0,0,0,0,0,0,0,0,0,0,0,0,0,0,0,0,0,0,0,0,0,0,0,0,0,0,0,0,0,0,0,0,0,0,0,0,0,0,0,0,0,0,0,0,0,0,0,0,0,0,0,0,0,0,0,0,0,0,0,0,0,0,0,0,0,0,0,0,0,0,0,0,0,0,0,0,0,0,0,0,0,0,0,0,0,0,0,0,0,0,0,0,0,0,0,0,0,0,0,0,0,0,0,0,0,0,0,0,0,0,0,0,0,0,0,0,0,0,0,0,0,0,0,0,0,0,0,0,0,0,0,0,0,0,0,0,0,0,0,0,0,1,0,0,0,0,0,0,0,0,0,0,0,0,0,0,0,0,0,0,0,0,0,0,0,0,0,0,0,0,0,0,0,0,0,0,0,0,0,0,0,0,0,0,0,0,0,0,0,0,0,Eukaryota;Rhodophyta;Florideophyceae;Ceramiales;Delesseriaceae;Membranoptera;Membranoptera tenuis
0,0,0,0,0,0,0,0,0,0,0,0,0,0,0,0,0,0,0,0,0,0,0,0,0,0,0,0,0,0,0,0,0,0,0,0,0,0,0,0,0,0,0,0,0,0,0,0,0,0,0,0,0,0,0,0,0,0,0,0,0,0,0,0,0,0,0,0,0,0,0,0,0,0,0,0,0,0,0,0,0,0,0,0,0,0,0,0,0,0,0,0,0,0,0,0,0,0,0,0,0,0,0,0,0,0,0,0,0,0,0,0,0,0,0,0,0,0,0,0,0,0,0,0,0,0,0,0,0,0,0,0,0,0,0,0,0,0,0,0,0,0,0,0,0,0,0,0,0,0,0,0,0,0,0,0,0,0,0,0,0,1,0,0,0,0,0,0,0,0,0,0,0,0,0,0,0,0,0,0,0,0,0,0,0,0,0,0,0,0,0,0,0,0,0,0,0,0,0,0,0,0,0,0,0,0,0,0,0,0,0,Eukaryota;Cnidaria;Hydrozoa;Leptothecata;Mitrocomidae;Mitrocomella;Mitrocomella niwai
0,0,0,0,0,0,0,0,0,0,0,0,0,0,0,0,0,0,0,0,0,0,0,0,0,0,0,0,0,0,0,0,0,0,0,0,0,0,0,0,0,0,0,0,0,0,0,0,0,0,0,0,0,0,0,0,0,0,0,0,0,0,0,0,0,0,0,0,0,0,0,0,0,0,0,0,0,0,0,0,0,0,0,0,0,0,0,0,0,0,0,0,0,0,0,0,0,0,0,0,0,0,0,0,0,0,0,0,0,0,0,0,0,0,0,0,0,0,0,0,0,0,0,0,0,0,0,0,0,0,0,0,0,0,0,0,0,0,0,0,0,0,0,0,0,0,0,0,0,0,0,0,0,0,0,0,0,0,0,0,0,1,0,0,0,0,0,0,0,0,0,0,0,0,0,0,0,0,0,0,0,0,0,0,0,0,0,0,0,0,0,0,0,0,0,0,0,0,0,0,0,0,0,0,0,0,0,0,0,0,0,Eukaryota;Arthropoda;Malacostraca;Euphausiacea;Euphausiidae;Thysanopoda;Thysanopoda pectinata
0,0,0,0,0,0,0,0,0,0,0,0,0,0,0,0,0,0,0,0,0,0,0,0,0,0,0,0,0,0,0,0,0,0,0,0,0,0,0,0,0,0,0,0,0,0,0,0,0,0,0,0,0,0,0,0,0,0,0,0,0,0,0,0,0,0,0,0,0,0,0,0,0,0,0,0,0,0,0,0,0,0,0,0,0,0,0,0,0,0,0,0,0,0,0,0,0,0,0,0,0,0,0,0,0,0,0,0,0,0,0,0,0,0,0,0,0,0,0,0,0,0,0,0,0,0,0,0,0,0,0,0,0,0,0,0,0,0,0,0,0,0,0,0,0,0,0,0,0,0,0,0,0,0,0,0,0,0,0,0,0,0,0,0,0,0,0,0,0,1,0,0,0,0,0,0,0,0,0,0,0,0,0,0,0,0,0,0,0,0,0,0,0,0,0,0,0,0,0,0,0,0,0,0,0,0,0,0,0,0,0,Eukaryota;NA;Oomycetes;Pythiales;Pythiaceae;Phytopythium;Phytopythium vexans
0,0,0,0,0,0,0,0,0,0,0,0,0,0,0,0,0,0,0,0,0,0,0,0,0,0,0,0,0,0,0,0,0,0,0,0,0,0,0,0,0,0,0,0,0,0,0,0,0,0,0,0,0,0,0,0,0,0,0,0,0,0,0,0,0,0,0,0,0,0,0,0,0,0,0,0,0,0,0,0,0,0,0,0,0,0,0,0,0,0,0,0,0,0,0,0,0,0,0,0,0,0,0,0,0,0,0,0,0,0,0,0,0,0,0,0,0,0,0,0,0,0,0,0,0,0,0,0,0,0,0,0,0,0,0,0,0,0,0,0,0,0,0,0,0,0,0,0,0,0,0,0,0,0,0,0,0,0,0,0,0,0,0,0,0,0,0,0,0,0,0,0,0,0,0,0,0,0,0,0,0,0,0,0,0,0,1,0,0,0,0,0,0,0,0,0,0,0,0,0,0,0,0,0,0,0,0,0,0,0,0,Eukaryota;NA;Phaeophyceae;Ectocarpales;Acinetosporaceae;Acinetospora;Acinetospora crinita
1,0,0,0,0,0,0,0,0,0,0,0,0,0,0,0,0,0,0,0,0,0,0,0,0,0,0,0,0,0,0,0,0,0,0,0,0,0,0,0,0,0,0,0,0,0,0,0,0,0,0,0,0,0,0,0,0,0,0,0,0,0,0,0,0,0,0,0,0,0,0,0,0,0,0,0,0,0,0,0,0,0,0,0,0,0,0,0,0,0,0,0,0,0,0,0,0,0,0,0,0,0,0,0,0,0,0,0,0,0,0,0,0,0,0,0,0,0,0,0,0,0,0,0,0,0,0,0,0,0,0,0,0,0,0,0,0,0,0,0,0,0,0,0,0,0,0,0,0,0,0,0,0,0,0,0,0,0,0,0,0,0,0,0,0,0,0,0,0,0,0,0,0,0,0,0,0,0,0,0,0,0,0,0,0,0,0,0,0,0,0,0,0,0,0,0,0,0,0,0,0,0,0,0,0,0,0,0,0,0,0,Eukaryota;Arthropoda;Malacostraca;NA;Squillidae;Oratosquilla;Oratosquilla oratoria
0,0,0,0,0,0,0,0,0,0,0,0,0,0,0,0,0,0,0,0,0,0,1,0,0,0,0,0,0,0,0,0,0,0,0,0,0,0,0,0,0,0,0,0,0,0,0,0,0,0,0,0,0,0,0,0,0,0,0,0,0,0,0,0,0,0,0,0,0,0,0,0,0,0,0,0,0,0,0,0,0,0,0,0,0,0,0,0,0,0,0,0,0,0,0,0,0,0,0,0,0,0,0,0,0,0,0,0,0,0,0,0,0,0,0,0,0,0,0,0,0,0,0,0,0,0,0,0,0,0,0,0,0,0,0,0,0,0,0,0,0,0,0,0,0,0,0,0,0,0,0,0,0,0,0,0,0,0,0,0,0,0,0,0,0,0,0,0,0,0,0,0,0,0,0,0,0,0,0,0,0,0,0,0,0,0,0,0,0,0,0,0,0,0,0,0,0,0,0,0,0,0,0,0,0,0,0,0,0,0,0,Eukaryota;Arthropoda;Malacostraca;Mysida;Mysidae;Neomysis;Neomysis intermedia
0,0,0,0,0,0,0,0,0,0,0,0,0,0,0,0,0,0,0,0,0,0,0,0,0,0,0,0,0,0,0,0,0,0,1,0,0,0,0,0,0,0,0,0,0,0,0,0,0,0,0,0,0,0,0,0,0,0,0,0,0,0,0,0,0,0,0,0,0,0,0,0,0,0,0,0,0,0,0,0,0,0,0,0,0,0,0,0,0,0,0,0,0,0,0,0,0,0,0,0,0,0,0,0,0,0,0,0,0,0,0,0,0,0,0,0,0,0,0,0,0,0,0,0,0,0,0,0,0,0,0,0,0,0,0,0,0,0,0,0,0,0,0,0,0,0,0,0,0,0,0,0,0,0,0,0,0,0,0,0,0,0,0,0,0,0,0,0,0,0,0,0,0,0,0,0,0,0,0,0,0,0,0,0,0,0,0,0,0,0,0,0,0,0,0,0,0,0,0,0,0,0,0,0,0,0,0,0,0,0,0,Eukaryota;NA;Oomycetes;NA;NA;Haptoglossa;Haptoglossa zoospora
0,0.04526619153764779,0.022975153143312388,0,0,0,0,0,0,0.012462076678403666,0.047402517446577384,0.024582439509425392,0,0,0,0,0,0,0.13627842561885528,0,0,0.011359078255237744,0,0,0,0,0.012981681591464223,0,0,0,0.056855298076928316,0,0,0,0,0,0,0,0,0.008046256626663485,0,0,0,0,0.05380408011745865,0.05427862559685424,0,0,0,0,0.011017700061051077,0.021026867966864777,0,0,0,0,0,0,0,0,0.10708928486122392,0.05541284842112809,0,0,0,0.022753905154916626,0,0,0,0,0,0.0093509488943828,0,0,0,0,0,0,0,0.007093876344058611,0,0,0,0.008518116659956302,0,0,0,0.030808234571249857,0.024763133056605432,0.007072932435551119,0,0,0,0,0,0.01770426579774624,0,0,0.04939008347984415,0,0,0,0,0,0.08370196977658881,0,0,0,0,0,0.02745015171170524,0,0,0.035238162773264185,0,0.020708651772017528,0.017700168258031834,0,0,0,0,0.014785496597444292,0,0,0.06312971673144689,0.0234593228004672,0.013090672002412282,0.024339581826673274,1,0.9447833437528591,0.014827694390498,0,0.04854020073330101,0.03318505186009045,0,6.702842726632022e-4,0,0,0,0,0.0344713224560904,0.02960652305282958,0.03011544904788084,0,0,0,0,0.007244268310157419,0.002455335436908079,0,0,0,0.14345523232291632,0.1451640920749733,0.1770079097778738,0.066613604945512,0,0.004970394585649227,0,0,0,0,0.12470829311813754,0.08874708139712882,0.07329649870336283,0,0,0,0,0,0,0.014723653717950074,0.16303451288882082,0.20665747792920713,0.12012163599190313,0.04278211212819733,0.08012439799441612,0,0,0,0,0,0,0,0,0.039100810924861784,0.022150535366293148,0,0,0,0,0,0,0,0,0,0.0749657771417417,0.08675925368951853,0.07919917186573203,0,0,0.014184471271259283,0,0.015101270792832997,0,0,0,0,0,0.05667850407820411,0.11457387786497664,Eukaryota;Arthropoda;Malacostraca;;;;
0,0,0,0,0,0,0,0,0,0,0,0,0,0,0,0,0,0,0,0,0,0,0,0,0,0,0,0,0,0,0,0,0,0,0,0,0,0,0,1,0,0,0,0,0,0,0,0,0,0,0,0,0,0,0,0,0,0,0,0,0,0,0,0,0,0,0,0,0,0,0,0,0,0,0,0,0,0,0,0,0,0,0,0,0,0,0,0,0,0,0,0,0,0,0,0,0,0,0,0,0,0,0,0,0,0,0,0,0,0,0,0,0,0,0,0,0,0,0,0,0,0,0,0,0,0,0,0,0,0,0,0,0,0,0,0,0,0,0,0,0,0,0,0,0,0,0,0,0,0,0,0,0,0,0,0,0,0,0,0,0,0,0,0,0,0,0,0,0,0,0,0,0,0,0,0,0,0,0,0,0,0,0,0,0,0,0,0,0,0,0,0,0,0,0,0,0,0,0,0,0,0,0,0,0,0,0,0,0,0,0,Eukaryota;Arthropoda;Insecta;Orthoptera;Gryllidae;Anaxipha;Anaxipha exigua
0,0,0,0,0,0,0,0,0,0,0,0,0,0,0,0,0,0,0,0,0,0,0,0,0,0,0,0,0,0,0,0,0,0,0,0,0,0,0,0,0,0,0,0,1,0,0,0,0,0,0,0,0,0,0,0,0,0,0,0,0,0,0,0,0,0,0,0,0,0,0,0,0,0,0,0,0,0,0,0,0,0,0,0,0,0,0,0,0,0,0,0,0,0,0,0,0,0,0,0,0,0,0,0,0,0,0,0,0,0,0,0,0,0,0,0,0,0,0,0,0,0,0,0,0,0,0,0,0,0,0,0,0,0,0,0,0,0,0,0,0,0,0,0,0,0,0,0,0,0,0,0,0,0,0,0,0,0,0,0,0,0,0,0,0,0,0,0,0,0,0,0,0,0,0,0,0,0,0,0,0,0,0,0,0,0,0,0,0,0,0,0,0,0,0,0,0,0,0,0,0,0,0,0,0,0,0,0,0,0,0,Eukaryota;Mollusca;Gastropoda;Neogastropoda;Nassariidae;;
0,0,0,0,0,0,0,0,0,0,0,0,0,0,0,0,0,0,0,0,0,0,0,0,0,0,0,0,0,0,0,0,0,0,0,0,0,0,0,0,0,0,0,0,0,0,0,0,0,0,0,0,0,0,0,0,0,0,1,0,0,0,0,0,0,0,0,0,0,0,0,0,0,0,0,0,0,0,0,0,0,0,0,0,0,0,0,0,0,0,0,0,0,0,0,0,0,0,0,0,0,0,0,0,0,0,0,0,0,0,0,0,0,0,0,0,0,0,0,0,0,0,0,0,0,0,0,0,0,0,0,0,0,0,0,0,0,0,0,0,0,0,0,0,0,0,0,0,0,0,0,0,0,0,0,0,0,0,0,0,0,0,0,0,0,0,0,0,0,0,0,0,0,0,0,0,0,0,0,0,0,0,0,0,0,0,0,0,0,0,0,0,0,0,0,0,0,0,0,0,0,0,0,0,0,0,0,0,0,0,0,Eukaryota;Cnidaria;Hydrozoa;Siphonophorae;Diphyidae;Diphyes;Diphyes chamissonis
0,0,0,0,0,0,0,0,0,0,0,0,0,0,0,0,0,0,0,0,0,0,0,0,0,0,0,0,0,0,0,0,0,0,0,0,0,0,0,0,0,0,0,0,0,0,0,0,0,0,0,0,0,0,0,0,0,0,0,0,0,0,1,0,0,0,0,0,0,0,0,0,0,0,0,0,0,0,0,0,0,0,0,0,0,0,0,0,0,0,0,0,0,0,0,0,0,0,0,0,0,0,0,0,0,0,0,0,0,0,0,0,0,0,0,0,0,0,0,0,0,0,0,0,0,0,0,0,0,0,0,0,0,0,0,0,0,0,0,0,0,0,0,0,0,0,0,0,0,0,0,0,0,0,0,0,0,0,0,0,0,0,0,0,0,0,0,0,0,0,0,0,0,0,0,0,0,0,0,0,0,0,0,0,0,0,0,0,0,0,0,0,0,0,0,0,0,0,0,0,0,0,0,0,0,0,0,0,0,0,0,Eukaryota;Arthropoda;Insecta;Lepidoptera;Geometridae;Cimicodes;Cimicodes sp. BOLD:AAE9171
0,0,0,0,0,0,0,0,0,0,0,0,0,0,0,0,0,0,0,0,0,0,0,0,0,0,0,0,0,0,0,0,0,0,0,0,0,0,0,0,0,0,0,0,0,0,0,0,0,0,0,0,0,0,0,0,0,0,0,0,0,0,1,0,0,0,0,0,0,0,0,0,0,0,0,0,0,0,0,0,0,0,0,0,0,0,0,0,0,0,0,0,0,0,0,0,0,0,0,0,0,0,0,0,0,0,0,0,0,0,0,0,0,0,0,0,0,0,0,0,0,0,0,0,0,0,0,0,0,0,0,0,0,0,0,0,0,0,0,0,0,0,0,0,0,0,0,0,0,0,0,0,0,0,0,0,0,0,0,0,0,0,0,0,0,0,0,0,0,0,0,0,0,0,0,0,0,0,0,0,0,0,0,0,0,0,0,0,0,0,0,0,0,0,0,0,0,0,0,0,0,0,0,0,0,0,0,0,0,0,0,Eukaryota;Arthropoda;Arachnida;Mesostigmata;Laelapidae;Laelaps;Laelaps muricola
0,0,0,0,0,0,0,0,0,0,0,0,0,0,0,0,0,0,0,0,0,0,0,0,0,0,0,0,0,0,0,0,0,0,0,0,0,0,0,0,0,0,0,0,0,0,0,0,0,0,0,0,0,0,0,0,0,0,0,0,0,0,0,0,1,0,0,0,0,0,0,0,0,0,0,0,0,0,0,0,0,0,0,0,0,0,0,0,0,0,0,0,0,0,0,0,0,0,0,0,0,0,0,0,0,0,0,0,0,0,0,0,0,0,0,0,0,0,0,0,0,0,0,0,0,0,0,0,0,0,0,0,0,0,0,0,0,0,0,0,0,0,0,0,0,0,0,0,0,0,0,0,0,0,0,0,0,0,0,0,0,0,0,0,0,0,0,0,0,0,0,0,0,0,0,0,0,0,0,0,0,0,0,0,0,0,0,0,0,0,0,0,0,0,0,0,0,0,0,0,0,0,0,0,0,0,0,0,0,0,0,Eukaryota;NA;Eustigmatophyceae;Goniochloridales;NA;Trachydiscus;Trachydiscus minutus
0,0,0,0,0,0,0,0,0,0,0,0,0,0,0,0,0,0,0,0,0,0,0,0,0,0,0,0,0,0,0,0,0,0,0,0,0,0,0,0,0,0,0,0,0,0,0,0,0,0,0,0,0,0,0,0,0,0,0,0,0,0,0,0,0,1,0,0,0,0,0,0,0,0,0,0,0,0,0,0,0,0,0,0,0,0,0,0,0,0,0,0,0,0,0,0,0,0,0,0,0,0,0,0,0,0,0,0,0,0,0,0,0,0,0,0,0,0,0,0,0,0,0,0,0,0,0,0,0,0,0,0,0,0,0,0,0,0,0,0,0,0,0,0,0,0,0,0,0,0,0,0,0,0,0,0,0,0,0,0,0,0,0,0,0,0,0,0,0,0,0,0,0,0,0,0,0,0,0,0,0,0,0,0,0,0,0,0,0,0,0,0,0,0,0,0,0,0,0,0,0,0,0,0,0,0,0,0,0,0,0,Eukaryota;Arthropoda;Insecta;Diptera;Streblidae;Trichobius;Trichobius lonchophyllae
0,0,0,0,0,0,0,0,0,0,0,0,0,0,0,0,0,0,0,0,0,0,0,0,0,0,0,0,0,0,0,0,0,0,0,0,0,0,0,0,0,0,0,0,0,0,0,0,0,0,0,0,0,0,0,0,0,0,0,0,0,0,0,0,0,0,0,0,0,0,0,0,0,0,0,0,0,0,0,0,0,0,0,0,0,0,0,1,0,0,0,0,0,0,0,0,0,0,0,0,0,0,0,0,0,0,0,0,0,0,0,0,0,0,0,0,0,0,0,0,0,0,0,0,0,0,0,0,0,0,0,0,0,0,0,0,0,0,0,0,0,0,0,0,0,0,0,0,0,0,0,0,0,0,0,0,0,0,0,0,0,0,0,0,0,0,0,0,0,0,0,0,0,0,0,0,0,0,0,0,0,0,0,0,0,0,0,0,0,0,0,0,0,0,0,0,0,0,0,0,0,0,0,0,0,0,0,0,0,0,0,Eukaryota;Annelida;Polychaeta;Phyllodocida;Phyllodocidae;Hypereteone;Hypereteone heteropoda
0,0,0,0,0,0,0,0,0,0,0,0,0,0,0,0,0,0,0,0,0,0,0,0,0,0,0,0,0,0,0,0,0,0,0,0,0,0,0,0,0,0,0,0,0,0,0,0,0,0,0,0,0,0,0,0,0,0,0,0,0,0,0,0,0,0,0,0,0,0,0,0,0,0,0,0,0,0,0,0,0,0,0,0,0,0,0,0,0,0,0,0,0,0,0,0,0,1,0,0,0,0,0,0,0,0,0,0,0,0,0,0,0,0,0,0,0,0,0,0,0,0,0,0,0,0,0,0,0,0,0,0,0,0,0,0,0,0,0,0,0,0,0,0,0,0,0,0,0,0,0,0,0,0,0,0,0,0,0,0,0,0,0,0,0,0,0,0,0,0,0,0,0,0,0,0,0,0,0,0,0,0,0,0,0,0,0,0,0,0,0,0,0,0,0,0,0,0,0,0,0,0,0,0,0,0,0,0,0,0,0,Eukaryota;Chlorophyta;Trebouxiophyceae;Trebouxiales;Trebouxiaceae;Trebouxia;Trebouxia aggregata
0,0,0,0,0,0,0,0,0,0,0,0,0,0,0,0,0,0,0,0,0,0,0,0,0,0,0,0,0,0,0,0,0,0,0,0,0,0,0,0,0,0,0,0,0,0,0,0,0,0,0,0,0,0,0,0,0,0,0,0,0,0,0,0,0,0,0,0,0,0,0,0,0,0,0,0,0,0,0,0,0,0,0,0,0,0,0,0,0,0,0,0,0,0,0,0,0,1,0,0,0,0,0,0,0,0,0,0,0,0,0,0,0,0,0,0,0,0,0,0,0,0,0,0,0,0,0,0,0,0,0,0,0,0,0,0,0,0,0,0,0,0,0,0,0,0,0,0,0,0,0,0,0,0,0,0,0,0,0,0,0,0,0,0,0,0,0,0,0,0,0,0,0,0,0,0,0,0,0,0,0,0,0,0,0,0,0,0,0,0,0,0,0,0,0,0,0,0,0,0,0,0,0,0,0,0,0,0,0,0,0,Eukaryota;Annelida;Polychaeta;Flabelligerida;Flabelligeridae;Flabelligera;Flabelligera affinis CMC01
0,0,0,0,0,0,0,0,0,0,0,0,0,0,0,0,0,0,0,0,0,0,0,0,0,0,0,0,0.011682018351843078,0,0,0,0,0,0,0,0,0,0,0,0,0,0,0,0,0,0,0,0,0,0,0,0,0,0,0,0,0,0,0,0,0,0,0,0,0,0,0,0,0,0,0,0,0,0,0,0,0,0,0,0,0,0,0,0,0,0,0,0,0,0,0,0,0,0,0,0,0,0,0,0,0,0,0,0,0,0,0,0,0,0,0,0,0,0,0,0,0,0,0,0,0,0,0,0,0,0,0,0,0,0,1,0,0,0,0,0,0,0,0,0,0,0,0,0,0,0,0,0,0,0,0,0,0,0,0,0,0,0,0,0,0,0,0,0,0,0,0,0,0,0,0,0,0,0,0,0,0,0,0,0,0,0,0,0,0,0,0,0,0,0,0,0,0,0,0,0,0,0,0,0,0,0,0,0,0,0,0,0,0,0,Eukaryota;Annelida;Polychaeta;Phyllodocida;Alciopidae;Vanadis;Vanadis formosa
0,0,0,0,0,0,0,0,0,0,0,0,0,0,0,0,0,0,0,0,0,0,0,0,0,0,0,0,0,0,0,0,0,0,0,0,0,0,0,0,0,0,0,0,0,0,0,0,0,0,0,0,0,0,0,0,0,0,0,0,0,0,0,0,0,0,0,0,0,0,0,0,0,0,0,0,0,0,0,0,0,0,0,0,0,0,0,0,0,0,0,0,0,0,0,0,0,0,0,1,0,0,0,0,0,0,0,0,0,0,0,0,0,0,0,0,0,0,0,0,0,0,0,0,0,0,0,0,0,0,0,0,0,0,0,0,0,0,0,0,0,0,0,0,0,0,0,0,0,0,0,0,0,0,0,0,0,0,0,0,0,0,0,0,0,0,0,0,0,0,0,0,0,0,0,0,0,0,0,0,0,0,0,0,0,0,0,0,0,0,0,0,0,0,0,0,0,0,0,0,0,0,0,0,0,0,0,0,0,0,0,Eukaryota;Ascomycota;Leotiomycetes;Helotiales;NA;Rhynchosporium;Rhynchosporium orthosporum
0,0,0,0,0,0,0,0,0,0,0,0,0,0,0,0,0,0,0,0,0,0,0,0,0,0,0,0,0,0,0,0,0,0,0,0,0,0,0,0,0,0,0,0,0,0,0,0,0,0,0,0,0,0,0,0,0,0,0,0,0,0,0,0,0,0,0,0,0,0,0,0,0,0,0,0,0,0,0,0,0,0,0,0,0,0,0,0,0,0,0,0,0,0,0,0,0,0,0,0,0,0,0,0,1,0,0,0,0,0,0,0,0,0,0,0,0,0,0,0,0,0,0,0,0,0,0,0,0,0,0,0,0,0,0,0,0,0,0,0,0,0,0,0,0,0,0,0,0,0,0,0,0,0,0,0,0,0,0,0,0,0,0,0,0,0,0,0,0,0,0,0,0,0,0,0,0,0,0,0,0,0,0,0,0,0,0,0,0,0,0,0,0,0,0,0,0,0,0,0,0,0,0,0,0,0,0,0,0,0,0,Eukaryota;;Oomycetes;Pythiales;Pythiaceae;Pythium;Pythium irregulare
0,0,0,0,0,0,0,0,0,0,0,0,0,0,0,0,0,0,0,0,0,0,0,0,0,0,0,0,0,0,0,0,0,0,0,0,0,0,0,0,0,0,0,0,0,0,0,0,0,0,0,0,0,0,0,0,0,0,0,0,0,0,0,0,0,0,0,0,0,0,0,0,0,0,0,0,0,0,0,0,0,0,0,0,0,0,0,0,0,0,0,0,0,0,0,0,0,0,0,0,0,0,0,0,0,0,0,0,0,0,0,0,0,0,0,0,0,0,0,0,0,1,0,0,0,0,0,0,0,0,0,0,0,0,0,0,0,0,0,0,0,0,0,0,0,0,0,0,0,0,0,0,0,0,0,0,0,0,0,0,0,0,0,0,0,0,0,0,0,0,0,0,0,0,0,0,0,0,0,0,0,0,0,0,0,0,0,0,0,0,0,0,0,0,0,0,0,0,0,0,0,0,0,0,0,0,0,0,0,0,0,Eukaryota;Arthropoda;Insecta;Ephemeroptera;Leptophlebiidae;Zephlebia;Zephlebia pirongia
0,0,0,0,0,0,0,0,0,0,0,0,0,0,0,0,0,0,0,0,0,0,0,0,0,0,0,0,0,0,0,0,0,0,0,0,0,0,0,0,0,0,0,0,0,0,0,0,0,0,0,0,0,0,0,0,0,0,0,0,0,0,0,0,0,0,0,0,0,0,0,0,0,0,0,0,0,0,0,0,0,0,0,0,0,0,0,0,0,0,0,0,0,0,0,0,0,0,0,0,0,0,0,0,0,0,0,0,0,0,0,0,0,0,0,0,0,0,0,0,0,1,0,0,0,0,0,0,0,0,0,0,0,0,0,0,0,0,0,0,0,0,0,0,0,0,0,0,0,0,0,0,0,0,0,0,0,0,0,0,0,0,0,0,0,0,0,0,0,0,0,0,0,0,0,0,0,0,0,0,0,0,0,0,0,0,0,0,0,0,0,0,0,0,0,0,0,0,0,0,0,0,0,0,0,0,0,0,0,0,0,Eukaryota;Rotifera;Monogononta;Ploima;Brachionidae;Brachionus;Brachionus macracanthus
0,0,0,0,0,0,0,0,0,0,0,0,0,0,0,0,0,0,0,0,0,0,0,0,0,0,0,0,0,0,0,0,0,0,0,0,0,0,0,0,0,0,0,0,0,0,0,0,0,0,0,0,0,0,0,0,0,0,0,0,0,0,0,0,0,0,0,0,0,0,0,0,0,0,0,0,0,0,0,0,0,0,0,0,0,0,0,0,0,0,0,0,0,0,0,0,0,0,0,0,0,0,0,0,0,0,0,0,0,0,0,0,0,0,0,0,0,0,0,0,0,0,0,0,0,0,0,0,0,0,0,0,0,0,0,0,0,1,0,0,0,0,0,0,0,0,0,0,0,0,0,0,0,0,0,0,0,0,0,0,0,0,0,0,0,0,0,0,0,0,0,0,0,0,0,0,0,0,0,0,0,0,0,0,0,0,0,0,0,0,0,0,0,0,0,0,0,0,0,0,0,0,0,0,0,0,0,0,0,0,0,Eukaryota;Arthropoda;Malacostraca;Euphausiacea;Euphausiidae;Euphausia;Euphausia longirostris
0,0,0,0,0,0,0,0,0,0,0,0,0,0,0,0,0,0,0,0,0,0,0,0,0,0,0,0,0,0,0,0,0,0,0,0,0,0,0,0,0,0,0,0,0,0,0,0,0,0,0,0,0,0,0,0,0,0,0,0,0,0,0,0,0,0,0,0,0,0,0,0,0,0,0,0,0,0,0,0,0,0,0,0,0,0,0,0,0,0,0,0,0,0,0,0,0,0,0,0,0,0,0,0,0,0,0,0,0,0,0,0,0,0,0,0,0,0,0,0,0,0,0,0,0,0,0,0,0,0,0,0,0,0,0,0,0,0,0,0,1,0,0,0,0,0,0,0,0,0,0,0,0,0,0,0,0,0,0,0,0,0,0,0,0,0,0,0,0,0,0,0,0,0,0,0,0,0,0,0,0,0,0,0,0,0,0,0,0,0,0,0,0,0,0,0,0,0,0,0,0,0,0,0,0,0,0,0,0,0,0,Eukaryota;Arthropoda;Hexanauplia;Calanoida;Calocalanidae;Calocalanus;Calocalanus pavo
0,0,0,0,0,0,0,0,0,0,0,0,0,0,0,0,0,0,0,0,0,0,0,0,0,0,0,0,0,0,0,0,0,0,0,0,0,0,0,0,0,0,0,0,0,0,0,0,0,0,0,0,0,0,0,0,0,0,0,0,0,0,0,0,0,0,0,0,0,0,0,0,0,0,0,0,0,0,0,0,0,0,0,0,0,0,0,0,0,0,0,0,0,0,0,0,0,0,0,0,0,0,0,0,0,0,0,0,0,0,0,0,0,0,0,0,0,0,0,0,0,0,0,0,0,0,0,0,0,0,0,0,0,0,0,0,0,0,0,0,0,0,0,0,0,0,0,0,0,0,0,0,0,0,0,0,0,0,0,0,0,0,0,0,0,0,0,0,1,0,0,0,0,0,0,0,0,0,0,0,0,0,0,0,0,0,0,0,0,0,0,0,0,0,0,0,0,0,0,0,0,0,0,0,0,0,0,0,0,0,0,Eukaryota;Bacillariophyta;Coscinodiscophyceae;Thalassiosirales;Stephanodiscaceae;Stephanodiscus;Stephanodiscus cf. jamsranii
0,0,0,0,0,0,0,0,0,0,0,0,0,0,0,0,0,0,0,0,0,0,0,0,0,0,0,0,0,0,0,0,0,0,0,0,0,0,0,0,0,0,0,0,0,0,0,0,0,0,0,0,0,0,0,0,0,0,0,0,0,0,0,0,0,0,0,0,0,0,0,0,0,0,0,0,0,0,0,0,0,0,0,0,0,0,0,0,0,0,0,0,0,0,0,0,0,0,0,0,0,0,0,0,0,0,0,0,0,0,0,0,0,0,0,0,0,0,0,0,0,0,0,0,0,0,0,0,0,0,0,0,0,0,0,0,0,0,0,0,0,0,0,0,0,0,0,0,0,0,0,0,0,0,0,0,1,0,0,0,0,0,0,0,0,0,0,0,0,0,0,0,0,0,0,0,0,0,0,0,0,0,0,0,0,0,0,0,0,0,0,0,0,0,0,0,0,0,0,0,0,0,0,0,0,0,0,0,0,0,0,Eukaryota;Arthropoda;Insecta;Diptera;Mycetophilidae;Boletina;Boletina sp. JKJ-JspA
0.0518475836559702,0,0.04022984964238441,0,0,0,0,0,0,0,0,0,0,0,0,0,0,0,0,0,0,0,0,0,0,0,0,0,0,0,0,0,0,0,0,0,0,0,0,0,0,0,0,0,0,0,0,0,0,0,0,0,0,0,1,0.6468903199743679,0,0,0,0,0.030174827492417438,0.05917284067830644,0,0,0,0,0.03472178040343102,0.020754791492478598,0,0,0,0,0,0,0,0,0,0,0,0,0,0,0,0,0,0,0,0,0,0.07465290926397838,0.07413115247494763,0.10469123813404549,0,0,0,0,0,0,0.3472030160097393,0,0,0,0,0.006918450118643926,0.37718534365521794,0,0,0.005512790576092879,0.0061340879472652435,0,0,0,0,0,0,0.07015082999158723,0.055881803666158567,0,0,0.006307977742004335,0,0,0,0,0,0,0,0,0.22229375126070997,0.20654942564772624,0.0908723303184198,0,0,0,0,0,0,0,0,0,0,0,0,0,0,0,0,0,0,0,0,0,0,0,0,0,0,0,0,0,0,0,0,0,0,0,0,0,0,0,0,0,0.36873978393248075,0.30319519556674146,0.29230357616913555,0,0,0,0,0,0,0,0,0,0,0,0,0,0,0,0,0,0,0,0,0,0,0,0.008368559066230576,0,0,0.0036220959375294084,0,0,0,0,0,0,0,0,0,Eukaryota;Arthropoda;Hexanauplia;Calanoida;Euchaetidae;Paraeuchaeta;
0,0,0,0,0,0,0,0,0,0,0,0,0,0,0,0,0,0,0,0,0,0,0,0,0,0,0,0,0,0,0,0,0,0,0,0,0,0,0,0,0,0,0,0,0,0,0,0,0,0,0,0,0,0,0,0,0,0,0,0,0,0,0,0,0,0,0,0,0,0,0,0,0,0,0,0,0,0,0,0,0,0,0,0,0,0,0,0,0,0,0,0,0,0,0,0,0,0,0,0,0,0,0,0,0,0,0,0,0,0,0,0,0,0,0,0,0,0,0,0,0,0,0,0,0,0,0,0,0,0,0,0,0,0,0,0,0,0,0,0,0,0,0,0,0,0,0,0,0,0,0,0,0,0,0,0,0,0,0,1,0,0,0,0,0,0,0,0,0,0,0,0,0,0,0,0,0,0,0,0,0,0,0,0,0,0,0,0,0,0,0,0,0,0,0,0,0,0,0,0,0,0,0,0,0,0,0,0,0,0,0,Eukaryota;NA;NA;NA;Vannellidae;Clydonella;Clydonella sawyeri
0,0,0,0,0,0,0,0,0,0,0,0,0,0,0,0,0,0,0,0,0,0,0,0,0,0,0,0,0,0,0,0,0,0,0,0,0,0,0,0,0,0,0,0,0,0,0,0,0,0,0,0,0,0,0,0,0,0,0,0,0,0,0,0,0,0,0,0,0,0,0,0,0,0,0,0,0,0,0,0,0,0,0,0,0,0,0,0,0,0,0,0,0,0,0,0,0,0,0,0,0,0,0,0,0,0,0,0,0,0,0,0,0,0,0,0,0,0,0,0,0,0,0,0,0,0,0,0,0,0,0,0,0,0,0,0,0,0,0,0,0,0,0,0,0,0,0,0,0,0,0,0,0,0,0,0,0,0,0,1,0,0,0,0,0,0,0,0,0,0,0,0,0,0,0,0,0,0,0,0,0,0,0,0,0,0,0,0,0,0,0,0,0,0,0,0,0,0,0,0,0,0,0,0,0,0,0,0,0,0,0,Eukaryota;Cnidaria;Hydrozoa;Leptothecata;Campanulariidae;Orthopyxis;Orthopyxis integra
0,0,0,0,0,0,0,0,0,0,0,0,0,0,0,0,0,0,0,0,0,0,0,0,0,0,0,0,0,0,0,0,0,0,0,0,0,0,0,0,0,0,0,0,0,0,0,0,0,0,0,0,0,0,0,0,0,0,0,0,0,0,0,0,0,0,0,0,0,0,0,0,0,0,0,0,0,0,0,0,0,0,0,0,0,0,0,0,0,0,0,0,0,0,0,0,0,0,0,0,0,0,0,0,0,0,0,0,0,0,0,0,0,0,0,0,0,0,0,0,0,0,0,0,0,0,0,0,0,0,0,0,0,0,0,0,0,0,0,0,0,0,0,0,0,0,0,0,0,0,0,0,0,0,0,0,0,0,0,1,0,0,0,0,0,0,0,0,0,0,0,0,0,0,0,0,0,0,0,0,0,0,0,0,0,0,0,0,0,0,0,0,0,0,0,0,0,0,0,0,0,0,0,0,0,0,0,0,0,0,0,Eukaryota;Porifera;Demospongiae;Bubarida;Dictyonellidae;Scopalina;Scopalina ruetzleri
0,0,0,0,0,0,0,0,0,0,0,0,0,0,0,0,0,0,0,0,0,0,0,0,0,0,0,0,0,0,0,0,0,0,0,0,0,0,0,0,0,0,0,0,0,0,0,0,0,0,0,0,0,0,0,0,0,0,0,0,0,0,0,0,0,0,0,0,0,0,0,0,0,0,0,0,0,0,0,0,0,0,0,0,0,0,0,0,0,0,0,0,0,0,0,0,0,0,0,0,0,0,0,0,0,0,0,0,0,0,0,0,0,0,0,0,0,0,0,0,0,0,0,0,0,0,0,0,0,0,0,0,0,0,0,0,0,0,0,0,0,0,0,0,0,0,0,0,0,0,0,0,0,0,0,0,0,0,0,0,0,0,0,0,0,0,0,0,0,0,0,0,1,0,0,0,0,0,0,0,0,0,0,0,0,0,0,0,0,0,0,0,0,0,0,0,0,0,0,0,0,0,0,0,0,0,0,0,0,0,0,Eukaryota;Chordata;Actinopteri;Argentiniformes;Bathylagidae;Bathylagus;
0,0,0,0,0,0,0,0,0,0,1,0,0,0,0,0,0,0,0,0,0,0,0,0,0,0,0,0,0,0,0,0,0,0,0,0,0,0,0,0,0,0,0,0,0,0,0,0,0,0,0,0,0,0,0,0,0,0,0,0,0,0,0,0,0,0,0,0,0,0,0,0,0,0,0,0,0,0,0,0,0,0,0,0,0,0,0,0,0,0,0,0,0,0,0,0,0,0,0,0,0,0,0,0,0,0,0,0,0,0,0,0,0,0,0,0,0,0,0,0,0,0,0,0,0,0,0,0,0,0,0,0,0,0,0,0,0,0,0,0,0,0,0,0,0,0,0,0,0,0,0,0,0,0,0,0,0,0,0,0,0,0,0,0,0,0,0,0,0,0,0,0,0,0,0,0,0,0,0,0,0,0,0,0,0,0,0,0,0,0,0,0,0,0,0,0,0,0,0,0,0,0,0,0,0,0,0,0,0,0,0,Eukaryota;Arthropoda;Hexanauplia;Calanoida;Mesaiokeratidae;Mesaiokeras;Mesaiokeras hurei
0,0,0,0,0,0,0,0,0,0,0,0,0,0,0,0,0,0,0,0,0,0,0,0,0,0,0,0,0,0,0,0,1,0,0,0,0,0,0,0,0,0,0,0,0,0,0,0,0,0,0,0,0,0,0,0,0,0,0,0,0,0,0,0,0,0,0,0,0,0,0,0,0,0,0,0,0,0,0,0,0,0,0,0,0,0,0,0,0,0,0,0,0,0,0,0,0,0,0,0,0,0,0,0,0,0,0,0,0,0,0,0,0,0,0,0,0,0,0,0,0,0,0,0,0,0,0,0,0,0,0,0,0,0,0,0,0,0,0,0,0,0,0,0,0,0,0,0,0,0,0,0,0,0,0,0,0,0,0,0,0,0,0,0,0,0,0,0,0,0,0,0,0,0,0,0,0,0,0,0,0,0,0,0,0,0,0,0,0,0,0,0,0,0,0,0,0,0,0,0,0,0,0,0,0,0,0,0,0,0,0,Eukaryota;Ascomycota;Sordariomycetes;Hypocreales;Cordycipitaceae;;
0,0,0,0,0,0,0,0,0,0,0,0,0,0,0,0,0,0,0,0,0,0,0,0,0,0,0,0,0,0,0,0,0,0,0,0,0,0,0,0,0,0,0,0,0,0,0,1,0,0,0,0,0,0,0,0,0,0,0,0,0,0,0,0,0,0,0,0,0,0,0,0,0,0,0,0,0,0,0,0,0,0,0,0,0,0,0,0,0,0,0,0,0,0,0,0,0,0,0,0,0,0,0,0,0,0,0,0,0,0,0,0,0,0,0,0,0,0,0,0,0,0,0,0,0,0,0,0,0,0,0,0,0,0,0,0,0,0,0,0,0,0,0,0,0,0,0,0,0,0,0,0,0,0,0,0,0,0,0,0,0,0,0,0,0,0,0,0,0,0,0,0,0,0,0,0,0,0,0,0,0,0,0,0,0,0,0,0,0,0,0,0,0,0,0,0,0,0,0,0,0,0,0,0,0,0,0,0,0,0,0,Eukaryota;NA;Dinophyceae;Gonyaulacales;Gonyaulacaceae;Alexandrium;Alexandrium fundyense
0,0,0,0,0,0,0,0,0,0,0,0,0,0,0,0,0,0,0,0,0,0,0,0,0,0,0,0,0,0,0,0,0,0,0,0,0,0,0,0,0,0,0,0,0,0,0,1,0,0,0,0,0,0,0,0,0,0,0,0,0,0,0,0,0,0,0,0,0,0,0,0,0,0,0,0,0,0,0,0,0,0,0,0,0,0,0,0,0,0,0,0,0,0,0,0,0,0,0,0,0,0,0,0,0,0,0,0,0,0,0,0,0,0,0,0,0,0,0,0,0,0,0,0,0,0,0,0,0,0,0,0,0,0,0,0,0,0,0,0,0,0,0,0,0,0,0,0,0,0,0,0,0,0,0,0,0,0,0,0,0,0,0,0,0,0,0,0,0,0,0,0,0,0,0,0,0,0,0,0,0,0,0,0,0,0,0,0,0,0,0,0,0,0,0,0,0,0,0,0,0,0,0,0,0,0,0,0,0,0,0,Eukaryota;Rhodophyta;Florideophyceae;Ceramiales;Rhodomelaceae;Polysiphonia;Polysiphonia sp. 1paniculata
0,0,0,0,0,0,0,0,0,0,0,0,0,0,0,0,0,0,0,0,0,0,0,0,0,0,0,0,0,0,0,0,0,0,0,0.569977472865042,0,0,0,0,0,0,0,0,0,0,0,0,0,0,1,0,0,0,0,0,0,0,0,0,0,0,0,0,0,0,0,0,0,0,0,0,0,0,0,0,0,0,0,0,0,0,0,0,0,0,0,0,0,0,0,0,0,0,0,0,0,0,0,0,0,0,0,0,0,0,0,0,0,0,0,0,0,0,0,0,0,0,0,0,0,0,0,0,0,0,0,0,0,0,0,0,0,0,0,0,0,0,0,0,0,0,0,0,0,0,0,0,0,0,0,0,0,0,0,0,0,0,0,0,0,0,0,0,0,0,0,0,0,0,0,0,0,0,0,0,0,0,0,0,0,0,0,0,0,0,0,0,0,0,0,0,0,0,0,0,0,0,0,0,0,0,0,0,0,0,0,0,0,0,0,Eukaryota;Arthropoda;Insecta;Diptera;Mycetophilidae;NA;Mycetophilinae sp. BOLD-2016
0,0,0,0,0,0,0,0,0,0,0,0,0,0,0,0,0,0,0,0,0,0,0,0,0,0,0,0,0,0,0,0,0,0,0,0,0,0,0,0,0,0,0,0,0,0,0,0,0,0,1,0,0,0,0,0,0,0,0,0,0,0,0,0,0,0,0,0,0,0,0,0,0,0,0,0,0,0,0,0,0,0,0,0,0,0,0,0,0,0,0,0,0,0,0,0,0,0,0,0,0,0,0,0,0,0,0,0,0,0,0,0,0,0,0,0,0,0,0,0,0,0,0,0,0,0,0,0,0,0,0,0,0,0,0,0,0,0,0,0,0,0,0,0,0,0,0,0,0,0,0,0,0,0,0,0,0,0,0,0,0,0,0,0,0,0,0,0,0,0,0,0,0,0,0,0,0,0,0,0,0,0,0,0,0,0,0,0,0,0,0,0,0,0,0,0,0,0,0,0,0,0,0,0,0,0,0,0,0,0,0,Eukaryota;Cnidaria;Hydrozoa;Siphonophorae;Agalmatidae;Nanomia;Nanomia cara
0.040721285424207644,0.04591421202660513,0.058512358951915214,0,0,0,0,0,0,0,0,0,0.039841927960611555,0,0,0,0,0,0,0,0.3642051598949483,0.3375041159038525,0,0,0.013260025873221216,0.08953769654616314,0.04165725897493791,0,0,0,0.07432922407541698,0.09886481673838848,0.017275280898876404,0,0.028124020068987145,0.041982387876305545,0,0.04762273501626142,0.039943710759904744,0,0,0,0,0,0,0,0,0.011786576718157079,0,0,0,0,0.037432178631051756,0,1,0.9683125525893062,0,0,0,0,0,0.044902965786130455,0,0,0,0,0,0,0.13479586347061986,0.14391856315450768,0,0,0,0,0,0,0,0.04382370755691738,0,0.008431009664815957,0,0,0,0.010123706758191561,0,0,0,0,0,0.10507647517119777,0.04620863763411775,0.08433321906067878,0,0.03211512208222366,0.024591846856926666,0.022544318831654423,0,0,0.4868620515411824,0,0,0,0.024043188050845994,0.03450016829350387,0.5661528580603725,0.008650336519188978,0.03879426872127602,0.07504928189242467,0.09278601768679061,0,0.19574558378865842,0,0,0,0.035247592847317745,0.009346348313326069,0.006693430021394099,0,0,0.02117226165197346,0.01788518583144303,0,0.07151994417955576,0,0,0,0.0024309607156748347,0.0025740464368739775,0.09331129318192707,0.11819649446494465,0,0.07053291536050157,0,0,0,0.01433928536732275,0.008448916340616345,0,0.007479431563201197,0,0,0.015834191555097837,0,0,0,0,0,0.0028075269111725878,0.003604766833130696,0.009438305709023941,0,0,0.36156758151940116,0.29760777630499274,0.32026834535679827,0.007422157856625633,0.01215913640475096,0.007384087831023254,0,0,0,0,0,0,0,0,0,0,0,0,0,0,0.15570408628284976,0.07368317866945497,0.05038712056040309,0,0,0,0,0,0,0,0,0,0,0,0,0,0,0,0,0,0,0,0,0,0.03598114437590893,0,0,0.013009265135169437,0,0.007902243466193818,0,0,0,0,0,0,0,0,0,Eukaryota;Arthropoda;Hexanauplia;Calanoida;Metridinidae;Metridia;Metridia lucens
0,0,0,0,0,0,0,0,0,0,0,0,0,0,0,0,0,0,0,0,0,0,0,0,0,0,0,0,0,0,0,0,0,0,0,0,0,0,0,0,0,0,0,0,0,0,0,0,0,0,0,0,0,0,0,0,0,1,0,0,0,0,0,0,0,0,0,0,0,0,0,0,0,0,0,0,0,0,0,0,0,0,0,0,0,0,0,0,0,0,0,0,0,0,0,0,0,0,0,0,0,0,0,0,0,0,0,0,0,0,0,0,0,0,0,0,0,0,0,0,0,0,0,0,0,0,0,0,0,0,0,0,0,0,0,0,0,0,0,0,0,0,0,0,0,0,0,0,0,0,0,0,0,0,0,0,0,0,0,0,0,0,0,0,0,0,0,0,0,0,0,0,0,0,0,0,0,0,0,0,0,0,0,0,0,0,0,0,0,0,0,0,0,0,0,0,0,0,0,0,0,0,0,0,0,0,0,0,0,0,0,Eukaryota;Chordata;Actinopteri;Perciformes;Cottidae;Artedius;Artedius corallinus
0,0,0,0,0,0,0,0,0,0,0,0,0,0,0,0,0,0,0,0,0,0,0,0,0,0,0,0,0,0,0,0,0,0,0,0,0,0,0,0,0,0,0,0,0,0,0,0,0,0,0,0,0,0,0,0,0,0,0,0,1,0,0,0,0,0,0,0,0,0,0,0,0,0,0,0,0,0,0,0,0,0,0,0,0,0,0,0,0,0,0,0,0,0,0,0,0,0,0,0,0,0,0,0,0,0,0,0,0,0,0,0,0,0,0,0,0,0,0,0,0,0,0,0,0,0,0,0,0,0,0,0,0,0,0,0.012100957895350421,0,0,0,0,0,0,0,0,0,0,0,0,0,0,0,0,0,0,0,0,0,0,0,0,0,0,0,0,0,0,0,0,0,0,0,0.47846350832266327,0,0,0,0,0,0,0,0,0,0,0,0,0,0,0,0,0,0,0,0,0,0,0,0,0,0,0,0,0,0,0,0,0,0,0,0,0,0,0,Eukaryota;Arthropoda;Hexanauplia;Calanoida;Acartiidae;Pteriacartia;Pteriacartia josephinae
0,0,0,0,0,0,0,0,0,0,0,0,0,0,0,0,0,0,0,0,0,0,0,0,0,0,0,0,0,0,0,0,0,0,0,0,0,0,0,0,0,0,0,0,0,0,0,0,0,0,0,0,0,0,0,0,0,0,0,0,0,0,0,1,0,0,0,0,0,0,0,0,0,0,0,0,0,0,0,0,0,0,0,0,0,0,0,0,0,0,0,0,0,0,0,0,0,0,0,0,0,0,0,0,0,0,0,0,0,0,0,0,0,0,0,0,0,0,0,0,0,0,0,0,0,0,0,0,0,0,0,0,0,0,0,0,0,0,0,0,0,0,0,0,0,0,0,0,0,0,0,0,0,0,0,0,0,0,0,0,0,0,0,0,0,0,0,0,0,0,0,0,0,0,0,0,0,0,0,0,0,0,0,0,0,0,0,0,0,0,0,0,0,0,0,0,0,0,0,0,0,0,0,0,0,0,0,0,0,0,0,Eukaryota;NA;Oomycetes;Lagenidiales;Lagenidiaceae;Lagenidium;Lagenidium aff. deciduum strain LEV5864
0,0,0,0,0,0,0,0,0,0,0,0,0,0,0,0,0,0,0,0,0,0,0,0,0,0,0,0,0,0,0,0,0,0,0,0,0,0,0,0,0,0,0,0,0,0,0,0,0,0,0,0,0,0,0,0,0,0,0,0,0,0,0,0,0,0,0,0,0,0,0,0,0,0,0,0,0,0,0,1,0,0,0,0,0,0,0,0,0,0,0,0,0,0,0,0,0,0,0,0,0,0,0,0,0,0,0,0,0,0,0,0,0,0,0,0,0,0,0,0,0,0,0,0,0,0,0,0,0,0,0,0,0,0,0,0,0,0,0,0,0,0,0,0,0,0,0,0,0,0,0,0,0,0,0,0,0,0,0,0,0,0,0,0,0,0,0,0,0,0,0,0,0,0,0,0,0,0,0,0,0,0,0,0,0,0,0,0,0,0,0,0,0,0,0,0,0,0,0,0,0,0,0,0,0,0,0,0,0,0,0,Eukaryota;Brachiopoda;;;;Phoronis;Phoronis ijimai
0,0,0,0,0,0,0,0,0,0,0,0,0,0,0,0,0,0,0,0,0,0,0,0,0,0,0,0,0,0,0,0,0,0,0,0,0,0,0,0,0,0,0,0,0,0,0,0,0,0,0,0,0,0,0,0,0,0,0,0,0,0,0,0,0,0,0,0,0,0,0,0,0,0,0,0,0,0,0,1,0,0,0,0,0,0,0,0,0,0,0,0,0,0,0,0,0,0,0,0,0,0,0,0,0,0,0,0,0,0,0,0,0,0,0,0,0,0,0,0,0,0,0,0,0,0,0,0,0,0,0,0,0,0,0,0,0,0,0,0,0,0,0,0,0,0,0,0,0,0,0,0,0,0,0,0,0,0,0,0,0,0,0,0,0,0,0,0,0,0,0,0,0,0,0,0,0,0,0,0,0,0,0,0,0,0,0,0,0,0,0,0,0,0,0,0,0,0,0,0,0,0,0,0,0,0,0,0,0,0,0,Eukaryota;Arthropoda;Hexanauplia;Sessilia;Balanidae;Balanus;Balanus glandula
0,0,0,0,0,0,0,0,0,0,0,0,0,0,0,0,0,0,0,0,0,0,0,0,0,0,0,0,0,0,0,0,0,0,0,0,0,0,0,0,0,0,0,0,0,0,0,0,0,0,0,0,0,0,0,0,0,0,0,0,0,0,0,0,0,0,0,0,0,0,0,0,0,0,0,0,0,0,0,0,0,0,0,1,0,0,0,0,0,0,0,0,0,0,0,0,0,0,0,0,0,0,0,0,0,0,0,0,0,0,0,0,0,0,0,0,0,0,0,0,0,0,0,0,0,0,0,0,0,0,0,0,0,0,0,0,0,0,0,0,0,0,0,0,0,0,0,0,0,0,0,0,0,0,0,0,0,0,0,0,0,0,0,0,0,0,0,0,0,0,0,0,0,0,0,0,0,0,0,0,0,0,0,0,0,0,0,0,0,0,0,0,0,0,0,0,0,0,0,0,0,0,0,0,0,0,0,0,0,0,0,Eukaryota;;Phaeophyceae;Ectocarpales;Scytosiphonaceae;Scytosiphon;Scytosiphon lomentaria
0,0,0,0,0,0,0,0,0,0,0,0,0,0,0,0,0,0,0,0,0,0,0,0,0,0,0,0,0,0,0,0,0,0,0,0,0,0,0,0,0,0,0,0,0,1,0,0,0,0,0,0,0,0,0,0,0,0,0,0,0,0,0,0,0,0,0,0,0,0,0,0,0,0,0,0,0,0,0,0,0,0,0,0.8631324230227906,0,0,0,0,0,0,0,0,0,0,0,0,0,0,0,0,0,0.4676513083962112,0,0,0,0,0,0,0,0,0,0,0,0,0,0,0,0,0,0,0,0,0,0,0,0,0,0,0,0,0,0,0,0,0,0,0,0,0,0,0,0,0,0,0,0,0,0,0,0,0,0,0,0,0,0,0,0,0,0,0,0,0,0,0,0,0,0,0,0,0,0,0,0,0,0,0,0,0,0,0,0,0,0,0,0,0,0,0,0,0,0,0,0,0,0,0,0,0,0,0,0,0,0,0,0,0,0,0,0,0,Eukaryota;Arthropoda;Hexanauplia;Calanoida;NA;NA;Calanoida sp. HE-081
0,0,0,0,0,0,0,0,0,0,0,0,0,0,0,0,0,0,0,0,0,0,0,0,0,0,0,0,0,0,0,0,0,0,0,0,0,0,0,0,0,0,0,0,0,0,0,0,0,0,0,0,0,0,0,0,0,0,0,0,0,0,0,0,0,0,0,0,0,0,0,0,0,0,0,0,0,0,0,0,0,0,0,0,0,0,0,0,0,0,0,0,0,0,0,0,1,0,0,0,0,0,0,0,0,0,0,0,0,0,0,0,0,0,0,0,0,0,0,0,0,0,0,0,0,0,0,0,0,0,0,0,0,0,0,0,0,0,0,0,0,0,0,0,0,0,0,0,0,0,0,0,0,0,0,0,0,0,0,0,0,0,0,0,0,0,0,0,0,0,0,0,0,0,0,0,0,0,0,0,0,0,0,0,0,0,0,0,0,0,0,0,0,0,0,0,0,0,0,0,0,0,0,0,0,0,0,0,0,0,0,Eukaryota;Chordata;Actinopteri;Perciformes;Zaniolepididae;Zaniolepis;Zaniolepis frenata
0,0,0,0,0,0,0,0,0,0,0,0,0,0,0,0,0,0,0,0,0,0,0,0,0,0,0,0,0,0,0,0,0,0,0,0,0,0,0,0,0,0,0,0,0,0,0,0,0,0,0,0,0,0,0,0,0,0,0,0,0,0,0,0,0,0,0,0,0,0,0,0,0,0,0,0,0,0,0,0,0,0,0,0,0,0,0,0,0,0,0,0,0,1,0,0,0,0,0,0,0,0,0,0,0,0,0,0,0,0,0,0,0,0,0,0,0,0,0,0,0,0,0,0,0,0,0,0,0,0,0,0,0,0,0,0,0,0,0,0,0,0,0,0,0,0,0,0,0,0,0,0,0,0,0,0,0,0,0,0,0,0,0,0,0,0,0,0,0,0,0,0,0,0,0,0,0,0,0,0,0,0,0,0,0,0,0,0,0,0,0,0,0,0,0,0,0,0,0,0,0,0,0,0,0,0,0,0,0,0,0,Eukaryota;NA;NA;Trichiida;Trichiidae;Trichia;Trichia scabra
0,0,0,0,0,0,0,0,0,0,0,0,0,0,0,0,0,0,0,0,0,0,0,0,0,0,0,0,0,0,0,0,0,0,0,0,0,0,0,0,0,0,0,0,0,0,0,0,0,0,0,0,0,0,0,0,0,0,0,0,0,0,0,0,0,0,0,0,0,0,0,0,0,0,0,0,0,0,0,0,0,0,0,0,0,0,0,0,0,0,0,0,0,1,0,0,0,0,0,0,0,0,0,0,0,0,0,0,0,0,0,0,0,0,0,0,0,0,0,0,0,0,0,0,0,0,0,0,0,0,0,0,0,0,0,0,0,0,0,0,0,0,0,0,0,0,0,0,0,0,0,0,0,0,0,0,0,0,0,0,0,0,0,0,0,0,0,0,0,0,0,0,0,0,0,0,0,0,0,0,0,0,0,0,0,0,0,0,0,0,0,0,0,0,0,0,0,0,0,0,0,0,0,0,0,0,0,0,0,0,0,Eukaryota;Arthropoda;Insecta;Hymenoptera;Braconidae;NA;Alysiinae sp. BOLD-2016
0,0,0,0,0,0,0,0,0,0,0.006329205627483403,0,0,0,0,0,0,0,0,0,0,0,0,0,0,0,0,0,0,0,0,0,0,0,0,0,0,0,0,0,0,0,0,0,0.03868278173059878,0.03320584163551874,0,0,0,0,0,0,0,0,0,0,0,0,0,0,0.027611108737391307,0.032016403257984424,0,0,0,0,0,0,0,0,0,0,0,0,0,0.173936678091274,0,0,0,0,0,0,0.06414030310943089,0.06475271672266511,0.11138412444857623,0,0,0.004799117694141356,0,0,0,0,0,0,0,0,0,0,0,0,0,0,0,0,0,0,0,0,0,0,0,0,0,0.94374055849245575,1,0,0,0,0,0,0,0.8798200747992659,0,0,0,0,0,0,0.0669441392306954,0.06444608532674556,0,0,0,0,0,0,9.44970684136771e-4,0,0,0,0.050690261040468795,0.0581102228621578,0.10849465759336545,0,0,0,0,0,0,0,0,0,0,0,0,0,0,0,0,0.04436869901734453,0.029780910624070844,0.029283601599757635,0.1438655718664138,0.12699449355325546,0.21726211481320012,0,0,0,0,0,0,0,0,0,0,0,0.004362391555802073,0,0,0,0,0,0,0,0,0,0,0,0,0,0,0,0,0,0,0,0.014013250387481507,0.013355826119688793,0.013273083454936052,0,0,0,0,0,0,0,0,0,0,0,0,Eukaryota;Chordata;Actinopteri;Myctophiformes;Myctophidae;Symbolophorus;Symbolophorus californiensis
0,0,0,0,0,0,0,0,0,0,0,0,0,0,0,0,0,0,0,0,0,0,0,0,0,0,0,0,0,0,0,0,0,0,0,0,0,0,0,0,0,0,0,0,0,0,0,0,0,0,0,0,0,0,0,0,0,0,0,0,0,0,0,0,0,0,0,0,0,0,0,0,0,0,0,0,0,0,0,0,0,0,0,0,0,0,0,0,0,0,0,0,0,0,0,0,0,0,0,0,0,0,0,0,0,1,0,0,0,0,0,0,0,0,0,0,0,0,0,0,0,0,0,0,0,0,0,0,0,0,0,0,0,0,0,0,0,0,0,0,0,0,0,0,0,0,0,0,0,0,0,0,0,0,0,0,0,0,0,0,0,0,0,0,0,0,0,0,0,0,0,0,0,0,0,0,0,0,0,0,0,0,0,0,0,0,0,0,0,0,0,0,0,0,0,0,0,0,0,0,0,0,0,0,0,0,0,0,0,0,0,Eukaryota;Streptophyta;Marchantiopsida;Blasiales;Blasiaceae;Blasia;Blasia pusilla
0,0,0,0,0,0,0,0,0,0,0,0,0,0,0,0,0,0,0,0,0,0,0,0,0,0,0,0,0,0,0,0,0,0,0,0,0,0,0,0,0,0,0,0,0,0,0,0,0,0,0,0,0,0,0,0,0,0,0,0,0,0,0,0,0,0,0,0,0,0,0,0,0,0,0,0,0,0,0,0,0,0,0,0,0,0,0,0,0,0,0,0,0,0,0,0,0,0,0,0,0,0,0,0,0,0,0,0,0,0,0,0,0,0,0,1,0,0,0,0,0,0,0,0,0,0,0,0,0,0,0,0,0,0,0,0,0,0,0,0,0,0,0,0,0,0,0,0,0,0,0,0,0,0,0,0,0,0,0,0,0,0,0,0,0,0,0,0,0,0,0,0,0,0,0,0,0,0,0,0,0,0,0,0,0,0,0,0,0,0,0,0,0,0,0,0,0,0,0,0,0,0,0,0,0,0,0,0,0,0,0,Eukaryota;Arthropoda;Insecta;Coleoptera;Carabidae;Cymindis;Cymindis sp. NEONT149-10
0,0,0,0,0,0,0,0,0,0,0,0,0,0,0,0,0,0,0,0,0,0,0,0,0,0,0,0,0,0,0,0,0,0,0,0,0,0,0,0,0,0,0,0,0,0,0,0,0,0,0,0,0,0,0,0,0,0,0,0,0,0,0,0,0,0,0,0,0,0,0,0,0,0,0,0,0,0,0,0,0,0,0,0,0,0,0,0,0,0,0,0,0,0,0,0,0,0,0,0,0,0,0,0,0,0,0,0,0,0,0,1,0,0,0,0,0,0,0,0,0,0,0,0,0,0,0,0,0,0,0,0,0,0,0,0,0,0,0,0,0,0,0,0,0,0,0,0,0,0,0,0,0,0,0,0,0,0,0,0,0,0,0,0,0,0,0,0,0,0,0,0,0,0,0,0,0,0,0,0,0,0,0,0,0,0,0,0,0,0,0,0,0,0,0,0,0,0,0,0,0,0,0,0,0,0,0,0,0,0,0,Eukaryota;NA;Oomycetes;Pythiales;Pythiaceae;Phytopythium;Phytopythium sp. SL-2017a
0,0,0,0,0,0,0,0,0,0,0,0,0,0,0,0,0,0,0,0,0,0,0,0,0,0,0,0,0,0,0,0,0,0,0,0,0,0,0,0,0,0,0,0,0,0,0,0,0,0,0,0,0,0,0,0,0,0,0,0,0,0,0,0,0,0,0,0,0,0,0,0,0,0,0,0,0,0,0,0,0,0,0,0,0,0,0,0,0,0,0,0,0,0,0,0,0,0,0,0,0,0,0,0,0,0,0,0,0,0,0,0,0,1,0,0,0,0,0,0,0,0,0,0,0,0,0,0,0,0,0,0,0,0,0,0,0,0,0,0,0,0,0,0,0,0,0,0,0,0,0,0,0,0,0,0,0,0,0,0,0,0,0,0,0,0,0,0,0,0,0,0,0,0,0,0,0,0,0,0,0,0,0,0,0,0,0,0,0,0,0,0,0,0,0,0,0,0,0,0,0,0,0,0,0,0,0,0,0,0,0,Eukaryota;Mollusca;Gastropoda;NA;Acmaeidae;Pectinodonta;Pectinodonta rhyssa
0,0,0,0,0,0,0,0,0,0,0,0,0,0,0,0,0,0,0,0,0,0,0,0,0,0,0,0,0,0,0,0,0,0,0,0,0,0,0,0,0,0,0,0,0,0,0,0,0,0,0,0,0,0,0,0,0,0,0,0,0,0,0,0,0,0,0,0,0,0,0,0,0,0,0,0,0,0,0,0,0,0,0,0,0,0,0,0,0,0,0,0,0,0,0,0,0,0,0,0,0,0,0,0,0,0,0,0,0,0,0,0,0,0,0,0,0,0,0,1,0,0,0,0,0,0,0,0,0,0,0,0,0,0,0,0,0,0,0,0,0,0,0,0,0,0,0,0,0,0,0,0,0,0,0,0,0,0,0,0,0,0,0,0,0,0,0,0,0,0,0,0,0,0,0,0,0,0,0,0,0,0,0,0,0,0,0,0,0,0,0,0,0,0,0,0,0,0,0,0,0,0,0,0,0,0,0,0,0,0,0,Eukaryota;NA;Phaeophyceae;Fucales;Seirococcaceae;Cystosphaera;Cystosphaera jacquinotii
0,0,0,0,0,0,0,0,0,0,0,0,0,0,0,0,0,0,0,0,0,0,0,0,0,0,0,0,0,0,0,0,0,0,0,0,0,0,0,0,0,0,0,0,0,0,0,0,0,0,0,0,0,0,0,0,0,0,0,0,0,0,0,0,0,0,0,0,0,0,0,0,0,0,0,0,0,0,0,0,0,0,0,0,0,0,0,0,0,0,0,0,0,0,0,0,0,0,0,0,0,0,0,0,0,0,0,0,0,0,0,0,0,0,0,0,0,0,0,1,0,0,0,0,0,0,0,0,0,0,0,0,0,0,0,0,0,0,0,0,0,0,0,0,0,0,0,0,0,0,0,0,0,0,0,0,0,0,0,0,0,0,0,0,0,0,0,0,0,0,0,0,0,0,0,0,0,0,0,0,0,0,0,0,0,0,0,0,0,0,0,0,0,0,0,0,0,0,0,0,0,0,0,0,0,0,0,0,0,0,0,Eukaryota;Arthropoda;Hexanauplia;Calanoida;Eucalanidae;;
0,0,0,0,0,0,0,0,0,0,0,0,0,0,0,0,0,0,0,0,0,0,0,0,0,0,0,0,0,0,0,0,0,0,0,0,0,0,0,0,0,0,0,0,0,0,0,0,0,0,0,0,0,0,0,0,0,0,0,0,0,0,0,0,0,0,0,0,0,0,0,0,0,0,0,0,0,0,0,0,0,0,0,0,0,0,0,0,0,0,0,0,0,0,0,0,0,0,0,0,0,0,0,0,0,0,0,0,0,0,0,0,0,0,0,0,0,0,0,1,0,0,0,0,0,0,0,0,0,0,0,0,0,0,0,0,0,0,0,0,0,0,0,0,0,0,0,0,0,0,0,0,0,0,0,0,0,0,0,0,0,0,0,0,0,0,0,0,0,0,0,0,0,0,0,0,0,0,0,0,0,0,0,0,0,0,0,0,0,0,0,0,0,0,0,0,0,0,0,0,0,0,0,0,0,0,0,0,0,0,0,Eukaryota;NA;Oomycetes;Saprolegniales;Saprolegniaceae;Thraustotheca;Thraustotheca clavata
0,0,0,0,0,0,0,0,0,0,0,0,0,0,0,0,0,0,0,0,0,0,0,0,0,0,0,0,0,0,0,0,0,0,0,0,0,0,0,0,0,0,0,0,0,0,0,0,0,0,0,0,0,0,0,0,0,0,0,0,0,0,0,0,0,0,0,0,0,0,0,0,0,0,0,0,0,0,0,0,0,0,0,0,0,0,0,0,0,0,0,0,0,0,0,0,0,0,0,0,0,0,0,0,0,0,0,0,0,0,0,0,0,0,0,0,0,0,0,0,0,0,0,0,0,0,0,0,0,0,0,0,0,0,0,1,0,0,0,0,0,0,0,0,0,0,0,0,0,0,0,0,0,0,0,0,0,0,0,0,0,0,0,0,0,0,0,0,0,0,0,0,0,0,0,0,0,0,0,0,0,0,0,0,0,0,0,0,0,0,0,0,0,0,0,0,0,0,0,0,0,0,0,0,0,0,0,0,0,0,0,Eukaryota;Cnidaria;Hydrozoa;Leptothecata;Eirenidae;Eirene;Eirene viridula
0,0,0,0,0,0,0,0,0,0,0,0,0,0,0,0,0,0,0,0,0,0,0,0,0,0,0,0,0,0,0,0,0,0,0,0,0,0,0,0,0,0,0,0,0,0,0,0,0,0,0,0,0,0,0,0,0,0,0,0,0,0,0,0,0,0,0,0,0,0,0,0,0,0,0,0,0,0,0,0,0,0,0,0,0,0,0,0,0,0,0,0,0,0,0,0,0,0,0,0,0,0,0,0,0,0,0,0,0,0,0,0,0,0,0,0,0,0,0,0,0,0,0,0,0,0,0,0,0,0,0,0,0,0,0,1,0,0,0,0,0,0,0,0,0,0,0,0,0,0,0,0,0,0,0,0,0,0,0,0,0,0,0,0,0,0,0,0,0,0,0,0,0,0,0,0,0,0,0,0,0,0,0,0,0,0,0,0,0,0,0,0,0,0,0,0,0,0,0,0,0,0,0,0,0,0,0,0,0,0,0,Eukaryota;Cnidaria;Hydrozoa;Leptothecata;Campanulariidae;Eucheilota;Eucheilota menoni
0,0,0,0,0,0,0,0,0,0,0,0,0,0,0,0,0,0,0,0,0,0,0,0,0,0,0,0,0,0,0,0,0,0,0,0,0,0,0,0,0,0,0,0,0,0,0,0,0,0,0,0,0,0,0,0,0,0,0,0,0,0,0,0,0,0,0,0,0,0,0,0,0,0,0,0,0,0,0,0,0,0,0,0,0,0,0,0,0,0,0,0,0,0,0,0,0,0,0,0,0,0,0,0,0,0,0,0,0,0,0,0,0,0,0,0,0,0,0,0,0,0,0,0,0,0,0,0,0,0,0,0,0,0,0,0,0,0,0,0,0,0,0,0,1,0,0,0,0,0,0,0,0,0,0,0,0,0,0,0,0,0,0,0,0,0,0,0,0,0,0,0,0,0,0,0,0,0,0,0,0,0,0,0,0,0,0,0,0,0,0,0,0,0,0,0,0,0,0,0,0,0,0,0,0,0,0,0,0,0,0,Eukaryota;Cnidaria;Hydrozoa;Leptothecata;Halopterididae;Antennella;Antennella similis
0,0,0,0.10720748361782848,0.08782046015301917,0.13020223248122373,0,0,0,0,0,0,0,0,0,0,0,0,0,0,0,0,0,0,0,0,0,0,0,0,0,0,0,0,0,0,0,0,0,0,0,0,0,0,0,0,0,0,0,0,0,0.1362082453507009,0.2457413170501561,0.2648033662526416,0.5177634482258947,0.058655576212505695,0,0,0,0,0,0,0,0,0,0.024772383143570685,0.04626121720524349,0,0.19316950258208215,0.185851569037923,0,0,0,0,0.18170379213030005,0,0,0,0,0,0,0,0,0,0,0,0,0,0,0,0,0,0,0,0,0,0,0,0,0,0,0,0,0,0,0,0,0,0,0,0,0,0,0,0,0,0,1,0,0.8978454316231596,0.8580151848114795,0,0,0,0,0,0,0,0,0,0,0,0,0.02107517257676294,0,0,0,0,0,0,0,0,0,0,0,0,0,0,0,0,0,0,0,0,0,0.3847109844787961,0,0,0,0,0,0,0,0,0,0,0,0,0,0,0,0,0,0,0,0,0,0,0,0,0,0,0.01342837710315283,0,0,0,0,0,0,0,0,0,0,0.02457454196448079,0,0.03450912892813281,0,0,0,0,0,0,0,0,0.10775474942048946,0.12455199347455323,0.849896260287329,0.5926902028502962,0.584432979276647,0,0,Eukaryota;Annelida;Polychaeta;Spionida;Chaetopteridae;Mesochaetopterus;Mesochaetopterus taylori
0,0,0,0,0,0,0,0,0,0,0,0,0,0,0,0,0,0,0,0,0,0,0,0,0,0,0,0,0,0,0,0,0,0,0,0,0,0,0,0,0,0,0,0,0,0,0,0,0,0,0,0,0,0,0,0,0,0,0,0,0,0,0,0,0,0,0,0,0,0,0,0,0,0,0,0,0,0,0,0,0,0,0,0,0,0,0,0,0,0,0,0,0,0,0,0,0,0,0,0,0,0,0,0,0,0,0,0,0,0,0,0,0,0,0,0,0,0,0,0,0,0,0,0,0,0,0,0,0,0,0,0,0,0,0,0,0,0,0,0,0,0,0,0,1,0,0,0,0,0,0,0,0,0,0,0,0,0,0,0,0,0,0,0,0,0,0,0,0,0,0,0,0,0,0,0,0,0,0,0,0,0,0,0,0,0,0,0,0,0,0,0,0,0,0,0,0,0,0,0,0,0,0,0,0,0,0,0,0,0,0,Eukaryota;Cnidaria;Hydrozoa;Anthoathecata;Clavidae;Rhizogeton;Rhizogeton cf. nudus BMBM-0908
0,0,0,0,0,0,0,0,0,0,0,0,0,0,0,0,0,0,0,0,0,0,0,0,0,0,0,0,0,0,0,0,0,0,0,0,0,0,0,0,0,0,0,0,0,0,0,0,0,0,0,0,0,0,0,0,0,0,0,0,0,0,0,0,0,0,0,0,0,0,0,0,0,0,0,0,0,0,0,0,0,0,0,0,0,0,0,0,0,0,0,0,0,0,0,0,0,0,0,0,0,0,0,0,0,0,0,0,0,0,0,0,0,0,0,0,0,0,0,0,0,0,0,0,0,0,0,0,0,0,0,0,0,0,0,0,0,0,0,0,0,0,0,0,0,0,0,0,0,0,1,0,0,0,0,0,0,0,0,0,0,0,0,0,0,0,0,0,0,0,0,0,0,0,0,0,0,0,0,0,0,0,0,0,0,0,0,0,0,0,0,0,0,0,0,0,0,0,0,0,0,0,0,0,0,0,0,0,0,0,0,Eukaryota;Arthropoda;Insecta;Diptera;Sarcophagidae;Sarcophaga;Sarcophaga rondaniana
0,0,0,0,0,0,0,0,0,0,0,0,0,0,0,0,0,0,0,0,0,0,0,0,0,0,0,0,0,0,0,0,0,0,0,0,0,0,0,0,0,0,0,0,0,0,0,0,0,0,0,0,0,0,0,0,0,0,0,0,0,0,0,0,0,0,0,0,0,0,0,0,0,0,0,0,0,0,0,0,0,0,0,0,0,0,0,0,0,0,0,0,0,0,0,0,0,0,0,0,0,0,0,0,0,0,0,0,0,0,0,0,0,0,0,0,0,0,0,0,0,0,0,0,0,0,0,0,0,0,0,0,0,0,0,0,0,0,0,0,0,0,0,0,0,0,0,0,0,0,0,0,0,0,0,0,0,1,0,0,0,0,0,0,0,0,0,0,0,0,0,0,0,0,0,0,0,0,0,0,0,0,0,0,0,0,0,0,0,0,0,0,0,0,0,0,0,0,0,0,0,0,0,0,0,0,0,0,0,0,0,Eukaryota;Mollusca;Gastropoda;NA;Cerithiidae;Cerithium;Cerithium koperbergi
0,0,0,0,0,0,0,0,0,0,0,0,0,0,0,0,0,0,0,0,0,0,0,0,0,0,0,0,0,0,0,0,0,0,0,0,0,0,0,0,0,0,0,0,0,0,0,0,0,0,0,0,0,0,0,0,0,0,0,0,0,0,0,0,0,0,0,0,0,0,0,0,0,0,0,0,0,0,0,0,0,0,0,0,0,0,0,0,0,0,0,0,0,0,0,0,0,0,0,0,0,0,0,0,0,0,0,0,0,0,0,0,0,0,0,0,0,0,0,0,0,0,0,0,0,0,0,0,0,0,0,0,0,0,0,0,0,0,0,0,0,0,0,0,0,0,0,0,0,0,0,0,0,0,0,0,0,1,0,0,0,0,0,0,0,0,0,0,0,0,0,0,0,0,0,0,0,0,0,0,0,0,0,0,0,0,0,0,0,0,0,0,0,0,0,0,0,0,0,0,0,0,0,0,0,0,0,0,0,0,0,Eukaryota;Echinodermata;Asteroidea;Forcipulatida;Asteriidae;Leptasterias;Leptasterias camtschatica
0,0,0,0,0,0,0,0,0,0,0,0,0,0,0,0,0,0,0,0,0,0,0,0,0,0,0,0,0,0,0,0,0,0,0,0,0,0,0,0,0,0,0,0,0,0,0,0,0,0,0,0,0,0,0,0,0,0,0,0,0,0,0,0,0,0,0,0,0,0,0,0,0,0,0,0,0,0,0,0,0,0,0,0,0,0,0,0,0,0,0,0,0,0,0,0,0,0,0,0,0,0,0,0,0,0,0,0,0,0,0,0,0,0,0,0,0,0,0,0,0,0,0,0,0,0,0,0,0,0,0,0,0,0,0,0,0,0,0,0,0,0,0,0,0,0,0,0,0,0,0,0,0,0,0,0,0,0,0,0,1,0,0,0,0,0,0,0,0,0,0,0,0,0,0,0,0,0,0,0,0,0,0,0,0,0,0,0,0,0,0,0,0,0,0,0,0,0,0,0,0,0,0,0,0,0,0,0,0,0,0,Eukaryota;Cnidaria;Hydrozoa;Anthoathecata;Corynidae;Sarsia;Sarsia lovenii
0,0,0,0,0,0,0,0,0,0,0,0,0,0,0,0,0,0,0,0,0,0,0,0,0,0,0,0,0,0,0,0,0,0,0,0,0,0,0,0,0,0,0,0,0,1,0,0,0,0,0,0,0,0,0,0,0,0,0,0,0,0,0,0,0,0,0,0,0,0,0,0,0,0,0,0,0,0,0,0,0,0,0,0,0,0,0,0,0,0,0,0,0,0,0,0,0,0,0,0,0,0,0,0,0,0,0,0,0,0,0,0,0,0,0,0,0,0,0,0,0,0,0,0,0,0,0,0,0,0,0,0,0,0,0,0,0,0,0,0,0,0,0,0,0,0,0,0,0,0,0,0,0,0,0,0,0,0,0,0,0.4748069517735988,0,0,0,0,0,0,0,0,0,0,0,0,0,0,0,0,0,0,0,0,0,0,0,0,0,0,0,0,0,0,0,0,0,0,0,0,0,0,0,0,0,0,0,0,0,0,0,0,0,0,Eukaryota;NA;Oomycetes;Pythiales;Pythiaceae;Pythium;Pythium sp. CAL-2011c
0,0,0,0,0,0,0,0,0,0,0,0,0,0,0,0,0,0,0,0,0,0,0,0,0,0,0,0,0,0,0,0,0,0,0,0,0,0,0,0,0,0,0,0,0,0,0,0,0,0,0,0,0,0,0,0,0,0,0,0,0,0,0,0,0,0,0,0,0,0,0,0,0,0,0,0,0,0,0,0,0,0,0,0,0,0,0,0,0,0,0,0,0,0,0,0,0,0,0,0,0,0,0,0,0,0,0,0,0,0,0,0,0,0,0,0,0,0,0,0,0,0,0,0,0,0,0,0,0,0,0,0,0,0,0,0,0,0,0,0,0,0,0,0,0,0,0,0,0,0,0,0,0,0,0,0,0,0,0,0,1,0,0,0,0,0,0,0,0,0,0,0,0,0,0,0,0,0,0,0,0,0,0,0,0,0,0,0,0,0,0,0,0,0,0,0,0,0,0,0,0,0,0,0,0,0,0,0,0,0,0,Eukaryota;NA;NA;Himatismenida;NA;Parvamoeba;Parvamoeba rugata
0,0,0,0,0,0,0,0,0,0,0,0,0,0,0,0,0,0,0,0,0,0,0,0,0,0,0,0,0,0,0,0,0,0,0,0,0,0,0,0,0,0,0,0,0,0,0,0,0,0,0,0,0,0,0,0,0,0,0,0,0,0,0,0,0,0,0,0,0,0,0,0,0,0,0,0,0,0,0,0,0,0,0,0,0,0,0,0,0,0,0,0,0,0,0,0,0,0,0,0,0,0,0,0,0,0,0,0,0,0,0,0,0,0,0,0,0,0,0,0,0,0,0,0,0,0,0,0,0,0,0,0,0,0,0,0,0,0,0,0,0,0,0,0,0,0,0,0,0,0,0,0,0,0,0,0,0,0,0,0,0,0,0,1,0,0,0,0,0,0,0,0,0,0,0,0,0,0,0,0,0,0,0,0,0,0,0,0,0,0,0,0,0,0,0,0,0,0,0,0,0,0,0,0,0,0,0,0,0,0,0,Eukaryota;Chaetognatha;Sagittoidea;Aphragmophora;Sagittidae;Aidanosagitta;Aidanosagitta regularis
0,0,0,0,0,0,0,0,0,0,0,0,0,0,0,0,0,0,0,0,0,0,0,0,0,0,0,0,0,0,0,0,0,0,0,0,0,0,0,0,0,0,0,0,0,0,0,0,0,0,0,0,0,0,0,0,0,0,0,0,0,0,0,0,0,0,0,0,0,0,0,0,0,0,0,0,0,0,0,0,0,0,0,0,0,0,0,0,0,0,0,0,0,0,0,0,0,0,0,0,0,0,0,0,0,0,0,0,0,0,0,0,0,0,0,0,0,0,0,0,0,0,0,0,0,0,0,0,0,0,0,0,0,0,0,0,0,0,0,0,0,0,0,0,0,0,0,0,0,0,0,0,0,0,0,0,0,0,0,0,0,0,0,1,0,0,0,0,0,0,0,0,0,0,0,0,0,0,0,0,0,0,0,0,0,0,0,0,0,0,0,0,0,0,0,0,0,0,0,0,0,0,0,0,0,0,0,0,0,0,0,Eukaryota;Arthropoda;Insecta;Hemiptera;Pemphigidae;Colopha;Colopha ulmicola
0,0,0,0,0,0,0,0,0,0,0,0,0,0,0,0,0,0,0,0,0,0,0,0,0,0,0,0,0,0,0,0,0,0,0,0,0,0,0,0,0,0,0,0,0,0,0,0,0,0,0,0,0,0,0,0,0,0,0,0,0,0,0,0,0,0,0,0,0,0,0,0,0,0,0,0,0,0,0,0,0,0,0,0,0,0,0,0,0,0,0,0,0,0,0,0,0,0,0,0,0,0,0,0,0,0,0,0,0,0,0,0,0,0,0,0,0,0,0,0,0,0,0,0,0,0,0,0,0,0,0,0,0,0,0,0,0,0,0,0,0,0,0,0,0,0,0,0,0,0,0,0,0,0,0,0,0,0,0,0,0,0,0,0,0,0,0,0,1,0,0,0,0,0,0,0,0,0,0,0,0,0,0,0,0,0,0,0,0,0,0,0,0,0,0,0,0,0,0,0,0,0,0,0,0,0,0,0,0,0,0,Eukaryota;NA;Oomycetes;Pythiales;Pythiaceae;Pythium;Pythium irregulare
0,0,0,0,0,0,0,0,0,0,0,0,0,0,0,0,0,0,0,0,0,0,0,0,0,0,0,0,0,0,0,0,0,0,0,0,0,0,0,0,0,0,0,0,0,0,0,0,0,0,0,0,0,0,0,0,0,0,0.07509417679850659,0.10929616752336122,0,0,0,0,0.43336057715981385,0,0,0,0,0,0,0,0,0,0,0,0,0,0,0,0,0.22303195566629383,0,0,0,0,0,0,0,0,0,0,0,0,0,0,0,0.06444119553648132,0,0.04037428914891215,0.04072913128817991,0,0.06174991229820478,0,0,0.03896718410179081,0.04608965312552446,0,0,0,0,0,0,0,0,0,0,0.7048588795367591,0,0.6820026083914728,0.506817298895577,0,0,0,0,0.9057438399514788,0.8814513349334193,1,0.02722847122982687,0,0,0,0,0,0,0,0,0,0,0,0,0,0,0,0,0,0,0.0015565625545419393,0.00892219705887634,0,0,0,0,0,0,0,0,0,0,0,0,0,0,0,0,0,0,0,0,0,0,0,0,0,0,0,0,0,0,0,0,0,0,0,0,0,0,0,0,0,0,0,0,0,0,0,0,0,0,0,0,0,0,0,0,0,0,0,0,0.22850534546758866,0.3747046658758828,Eukaryota;Mollusca;Cephalopoda;Teuthida;Loliginidae;Doryteuthis;Doryteuthis opalescens
0,0,0,0,0,0,0,0,0,0,0,0,0,0,0,0,0,0,0,0,0,0,0,0,0,0,0,0,0,0,0,0,0,0,0,0,0,0,0,0,0,0,0,0,0,0,0,0,0,0,0,0,0,0,0,0,0,0,0,0,0,0,0,0,0,0,0,0,0,0,0,0,0,0,0,0,0,0,0,0,0,0,0,0,0,0,0,0,0,0,0,0,0,0,0,0,0,0,0,0,0,0,0,0,0,0,0,0,0,0,0,0,0,0,0,0,0,0,0,0,0,0,0,0,0,0,0,0,0,0,0,0,0,0,0,0,0,0,0,0,0,0,0,0,0,0,0,0,0,0,0,0,0,0,0,0,0,0,0,0,0,0,0,0,0,0,0,0,1,0,0,0,0,0,0,0,0,0,0,0,0,0,0,0,0,0,0,0,0,0,0,0,0,0,0,0,0,0,0,0,0,0,0,0,0,0,0,0,0,0,0,Eukaryota;Cnidaria;Hydrozoa;Anthoathecata;Zancleidae;Zanclea;
0,0,0,0,0,0,0,0,0,0,0,0,0,0,0,0,0,0,0,0,0,0,0,0,0,0,0,0,0,0,0,0,0,0,0,0,0,0,0,0,0,0,0,0,0,0,0,0,0,0,0,0,0,0,0,0,0,0,0,0,0,0,0,0,0,0,0,0,0,0,0,0,0,0,0,0,0,0,0,0,0,0,0,0,0,0,0,0,0,0,0,0,0,0,0,0,0,0,0,0,0,0,0,0,0,0,0,0,0,0,0,0,0,0,0,0,0,0,0,0,0,0,0,0,0,0,0,0,0,0,0,0,0,0,0,0,0,0,0,0,0,0,0,0,0,0,0,0,0,0,0,0,0,0,0,0,0,0,0,0,0,0,0,0,0,0,0,0,0,0,0,0,0,1,0,0,0,0,0,0,0,0,0,0,0,0,0,0,0,0,0,0,0,0,0,0,0,0,0,0,0,0,0,0,0,0,0,0,0,0,0,Eukaryota;Arthropoda;Hexanauplia;Calanoida;Clausocalanidae;Pseudocalanus;Pseudocalanus minutus
0,0,0,0,0,0,0,0,0,0,0,0,0,0,0,0,0,0,0,0,0,0,0,0,0,0,0,0,0,0,0,0,0,0,0,0,0,0,0,0,0,0,0,0,0,0,0,0,0,0,0,0,0,0,0,0,0,0,0,0,0,0,0,0,0,0,0,0,0,0,0,0,0,0,0,0,0,0,0,0,0,0,0,0,0,0,0,0,1,0,0,0,0,0,0,0,0,0,0,0,0,0,0,0,0,0,0,0,0,0,0,0,0,0,0,0,0,0,0,0,0,0,0,0,0,0,0,0,0,0,0,0,0,0,0,0,0,0,0,0,0,0,0,0,0,0,0,0,0,0,0,0,0,0,0,0,0,0,0,0,0,0,0,0,0,0,0,0,0,0,0,0,0,0,0,0,0,0,0,0,0,0,0.071155430851897,0,0,0,0,0,0,0,0,0,0,0,0,0,0,0,0,0,0,0,0,0,0,0,0,0,0,0,0,Eukaryota;Bryozoa;Gymnolaemata;Cheilostomatida;Membraniporidae;Membranipora;Membranipora membranacea
0,0,0,0,0,0,0,0,0,0,0,0,0,0,0,0,0,0,0,0,0,0,0,0,0,0,0,0,0,0,0,0,0,0,0,0,0,0,0,0,0,0,0,0,0,0,0,0,0,0,0,0,0,0,0,0,0,0,0,0,0,0,0,0,0,0,0,0,0,0,0,0,0,0,0,0,0,0,0,0,0,0,0,0,0,0,0,0,0,0,0,0,0,0,0,0,0,0,0,0,0,0,0,0,0,0,0,0,0,0,0,0,0,0,0,0,0,0,0,0,0,0,0,0,0,0,0,0,0,0,0,0,0,0,0,0,0,0,0,0,0,0,0,0,0,0,0,0,0,0,0,0,0,0,0,0,0,0,0,0,0,0,0,0,0,0,0,0,0,0,0,0,0,0,0,0,0,0,0,0,0,0,1,0,0,0,0,0,0,0,0,0,0,0,0,0,0,0,0,0,0,0,0,0,0,0,0,0,0,0,0,Eukaryota;;Phaeophyceae;Ectocarpales;Scytosiphonaceae;Petalonia;Petalonia filiformis
0,0,0,0,0,0,0,0,0,0,0,0,0,0,0,0,0,0,0,0,0,0,0,0,0,0,0,0,0,0,0,0,0,0,0,0,0,0,0,0,0,0,0,0,0,0,0,0,0,0,0,0,0,0,0,0,0,0,0,0,0,0,0,0,0,0,0,0,0,0,0,0,0,0,0,0,0,0,0,0,0,0,0,0,0,0,0,0,0,0,0,0,0,0,0,0,0,0,0,0,0,0,0,0,0,0,0,0,0,0,0,0,0,0,0,0,0,0,0,0,0,0,0,0,0,0,0,0,0,0,0,0,0,0,0,0,0,0,0,0,0,0,0,0,0,0,0,0,0,0,0,0,0,0,0,0,0,0,0,0,0,0,0,0,0,0,0,0,0,0,0,0,0,0,0,0,1,0,0,0,0,0,0,0,0,0,0,0,0,0,0,0,0,0,0,0,0,0,0,0,0,0,0,0,0,0,0,0,0,0,0,Eukaryota;Echinodermata;Echinoidea;Echinoida;Strongylocentrotidae;Strongylocentrotus;
0,0,0,0,0,0,0,0,0,0,0,0,0,0,0,0,0,0,0,0,0,0,0,0,0,0,0,0,0,0,0,0,0,0,0,0,0,0,0,0,0,0,0,0,0,0,0,0,0,0,0,0,0,0,0,0,0,0,0,0,0,0,0,0,0,0,0,0,0,0,0,0,0,0,0,0,0,0,0,0,0,0,0,0,0,0,0,0,0,0,0,0,0,0,0,0,0,0,0,0,0,0,0,0,0,0,0,0,0,0,0,0,0,0,0,0,0,0,0,0,0,0,0,0,0,0,0,0,0,0,0,0,0,0,0,0,0,0,0,0,0,0,0,0,0,0,0,0,0,0,0,0,0,0,0,0,0,0,0,0,0,0,0,0,0,0,0,0,0,0,0,0,0,0,0,0,1,0,0,0,0,0,0,0,0,0,0,0,0,0,0,0,0,0,0,0,0,0,0,0,0,0,0,0,0,0,0,0,0,0,0,Eukaryota;Chordata;Actinopteri;Ophidiiformes;Ophidiidae;Chilara;Chilara taylori
0,0,0,0,0,0,0,0,0,0,0,0,0,0,0,0,0,0,0,0,0,0,0,0,0,0,0,0,0,0,0,0,0,0,0,0,0,0,0,0,0,0,0,0,0,0,0,0,0,0,0,0,0,0,0,0,0,0,0,0,0,0,0,0,0,0,0,0,0,0,0,0,0,0,0,0,0,0,0,0,0,0,0,0,0,0,0,0,0,0,0,0,0,0,0,0,0,0,0,0,0,0,0,0,0,0,0,0,0,0,0,0,0,0,0,0,0,0,0,0,0,0,0,0,0,0,0,0,0,0,0,0,0,0,0,0,0,0,0,0,0,0,0,0,0,0,0,0,0,0,0,0,0,0,0,0,0,0,0,0,0,0,0,0,0,0,0,0,0,0,0,0,0,0,0,0,1,0,0,0,0,0,0,0,0,0,0,0,0,0,0,0,0,0,0,0,0,0,0,0,0,0,0,0,0,0,0,0,0,0,0,Eukaryota;Arthropoda;Insecta;Lepidoptera;Geometridae;;Geometridae gen. geoBioLep01 sp. BioLep90
0,0,0,0,0,1,0,0,0,0,0,0,0,0,0,0,0,0,0,0,0,0,0,0,0,0,0,0,0,0,0,0,0,0,0,0,0,0,0,0,0,0,0,0,0,0,0,0,0,0,0,0,0,0,0,0,0,0,0,0,0,0,0,0,0,0,0,0,0,0,0,0,0,0,0,0,0,0,0,0,0,0,0,0,0,0,0,0,0,0,0,0,0,0,0,0,0,0,0,0,0,0,0,0,0,0,0,0,0,0,0,0,0,0,0,0,0,0,0,0,0,0,0,0,0,0,0,0,0,0,0,0,0,0,0,0,0,0,0,0,0,0,0,0,0,0,0,0,0,0,0,0,0,0,0,0,0,0,0,0,0,0,0,0,0,0,0,0,0,0,0,0,0,0,0,0,0,0,0,0,0,0,0,0,0,0.24689080797071072,0,0,0,0,0,0,0,0,0,0,0,0,0,0,0,0,0,0,0,0,0,0,0,0,0,Eukaryota;Cnidaria;Anthozoa;Actiniaria;Actinostolidae;Antholoba;Antholoba achates
0,0,0.2646566323521017,0,0,0,0,0,0,0,0,0,0,0,0,0,0,0,0,0,0,0,0,0,0,0,0,0,0,0,0,0,0,0,0,0,0,0,0,0,0,0,0,0,0,0,0,0,0,0,0,0,0,0,0,0,0,0,0,0,0,0,0,0,0,0,0,0,0,0,0,0,0,1,0,0,0,0,0,0,0,0,0,0,0,0,0,0,0,0,0,0,0,0,0,0,0,0,0,0,0,0,0,0,0,0,0,0,0,0,0,0,0,0,0,0,0,0,0,0,0,0,0,0,0,0,0,0,0,0,0,0,0,0,0,0,0,0,0,0,0,0,0,0,0,0,0,0,0,0,0,0,0,0,0,0,0,0,0,0,0,0,0,0,0,0,0,0,0,0,0,0,0,0,0,0,0,0,0,0,0,0,0,0,0,0,0,0,0,0,0,0,0,0,0,0,0,0,0,0,0,0,0,0,0,0,0,0,0,0,0,Eukaryota;NA;Eustigmatophyceae;Eustigmatales;Monodopsidaceae;Nannochloropsis;Nannochloropsis limnetica
0,0,0,0,0,1,0,0,0,0,0,0,0,0,0,0,0,0,0,0,0,0,0,0,0,0,0,0,0,0,0,0,0,0,0,0,0,0,0,0,0,0,0,0,0,0,0,0,0,0,0,0,0,0,0,0,0,0,0,0,0,0,0,0,0,0,0,0,0,0,0,0,0,0,0,0,0,0,0,0,0,0,0,0,0,0,0,0,0,0,0,0,0,0,0,0,0,0,0,0,0,0,0,0,0,0,0,0,0,0,0,0,0,0,0,0,0,0,0,0,0,0,0,0,0,0,0,0,0,0,0,0,0,0,0,0,0,0,0,0,0,0,0,0,0,0,0,0,0,0,0,0,0,0,0,0,0,0,0,0,0,0,0,0,0,0,0,0,0,0,0,0,0,0,0,0,0,0,0,0,0,0,0,0,0,0,0,0,0,0,0,0,0,0,0,0,0,0,0,0,0,0,0,0,0,0,0,0,0,0,0,Eukaryota;Arthropoda;Malacostraca;Decapoda;Hippolytidae;Lebbeus;Lebbeus antarcticus
0,0.007233100667420612,0.005233303901930047,0.0035415913768173713,0,0,0,0,0,0.008693287784963642,0,0,0,0,0,0,0,0,0,0,0,0,0.09186387880506489,0.15755283829099642,0.10154845120273766,0.006930162779485195,0.008538281834328934,0,0,0.018070459332079535,0.03116228018017243,0.01147811423997982,0.7146036052282867,0.6862255731671933,0,0,0,0.03549453047830904,0.03274825741003927,0.17720735822044445,0.1466539120816869,0.1568567399969322,0,0,0,0,0.041258726961597304,0.04546164469966019,0.019023171258740503,0,0,0,0.03676719864580069,0.010387964795966655,0,0,0,0,0,0,0,0,0.7277807878980672,0.7630706970897398,0.003813235815513973,0.003887180856486457,0,0,0.08733783660275955,0.0804498391031796,0,0,0.006319817545800124,0.00494348455904896,0,0,0,0,0,0.07175385751015365,0.034087992586458664,0,0,0,0,0.01588642675358883,0.014700624671112083,0.041447293697641795,0.017274251127942255,0,0,0,0.677956611336344,0.6964816695306297,0.6454487884389596,0.009073565520107216,0.15625406974759765,0.7595280454600415,0.009554333058171513,1,0.691861581942718,0.7264463307109655,0.941711669866464,0.9061746686919824,0.01251187898546405,0.7430954294235499,0.708197062747009,0.013231083519059562,0.014961626755956333,0.8770476311331639,0,0,0,0,0,7.053165846457644e-4,4.8106256445111696e-4,0,0,0.006106963431992413,0.00233280591387351,0,0,0,0.002287687738796621,0,6.522702088921692e-4,8.633283315994733e-4,0,0,0,0,0.034828090328171774,0.022322450636301477,0.0452913532603633,0.05463965276918952,0.027959608240786703,0,0,0,0,0,0,0,0.007057942059577767,0,0.003434192317598019,0.0018832741239018446,0.0020294418919801003,0,0,0,0,0,0,0,0,0,0,0,0,0,0,0,0,0,0,0.00150711191378739,0.0018924489427923716,0.002443283998064477,0,0,0,0,0,0.007870923815412106,0.00907003607241062,0.004786387399201702,0,0,0,0.6662273687679305,0.6357081812156609,0.5672792422287044,0.2809475267316144,0.21858099983397097,0.17010728733173916,0.01986910543996144,0.023949651235087716,0.013609749602045218,0.016862550273771343,0.030534190954907354,0.006293395367537752,0,0,0,0,0,0,0,0,0,0,0,0,0,0,0,0,0,0,Eukaryota;Bacillariophyta;Bacillariophyceae;Naviculales;Pinnulariaceae;Pinnularia;Pinnularia grunowii
0.37483841936253226,0.5061071053042105,0.35566489948597735,0,0,0,0,0,0,0,0,0,0.20234149284672776,0.28251258919887723,0,0,0,0,0,0,0.13068213697463557,0.08355997424795679,0,0,0,0,0,0,0,0,0,0,0,0,0,0,0,0.08061905125140906,0.03803595144002869,0,0,0,0,0,0,0,0,0,0,0.01437156410394468,0,0.2284481629302289,0,0,0,0,0,0,0,0,0,0,0,0,0,0.06621742036088216,0.09892624212477409,0,0,0,0,0,0,0,0,0,0,0,0,0,0,0,0,0,0,0,0,0,0,0,0,0,0,0,0,0.11163139127745779,0,0,0.049320099854441794,0,0,0,0,0,0.10030004121972029,0,0,0,0,0,0,0,0,0,0,0,0,0,0,0,0,0,0,0,0,0,0,0,0,0,0,1,0.4614479313017017,0.3192296896547516,0,0.005310053768695142,0.011799899478297614,0,0,0.006391492214782287,0,0,0,0,0,0,0.05014357955917816,0.05908293722709142,0.05443121057327284,0,0,0,0,0,0,0,0,0,0,0,0,0,0,0,0,0,0,0,0,0,0,0,0,0,0,0,0,0,0,0,0,0,0,0,0,0.05182876595474877,0.03290223415201089,0,0,0,0,0,0,0,0,0,0,0,0,0,0,0,0,0,0,0,0.07261466078048487,0.08124518024657613,0,0,0,Eukaryota;Mollusca;Cephalopoda;Teuthida;Gonatidae;Gonatus;Gonatus onyx
0,0,0,0,0,0,0,0,0,0,0,0,0,0,0,0,0,0,0,0,0,0,0,0,0,0,0,0,0,1,0,0,0,0,0,0,0,0,0,0,0,0,0,0,0,0,0,0,0,0,0,0,0,0,0,0,0,0,0,0,0,0,0,0,0,0,0,0,0,0,0,0,0,0,0,0,0,0,0,0,0,0,0,0,0,0,0,0,0,0,0,0,0,0,0,0,0,0,0,0,0,0,0,0,0,0,0,0,0,0,0,0,0,0,0,0,0,0,0,0,0,0,0,0,0,0,0,0,0,0,0,0,0,0,0,0,0,0,0,0,0,0,0,0,0,0,0,0,0,0,0,0,0,0,0,0,0,0,0,0,0,0,0,0,0,0,0,0,0,0,0,0,0,0,0,0,0,0,0,0,0,0,0,0,0,0,0,0,0,0,0,0,0,0,0,0,0,0,0,0,0,0,0,0,0,0,0,0,0,0,0,Eukaryota;Arthropoda;Arachnida;Scorpiones;Buthidae;Buthus;Buthus sp. Sc045
0,0,0,0,0,0,0,0,0,0,0,0,0,0,0,0,0,0,0,0,0,0,0,0,0,0,0,0,0,0,0,0,0,0,0,0,0,0,1,0,0,0,0,0,0,0,0,0,0,0,0,0,0,0,0,0,0,0,0,0,0,0,0,0,0,0,0,0,0,0,0,0,0,0,0,0,0,0,0,0,0,0,0,0,0,0,0,0,0,0,0,0,0,0,0,0,0,0,0,0,0,0,0,0,0,0,0,0,0,0,0,0,0,0,0,0,0,0,0,0,0,0,0,0,0,0,0,0,0,0,0,0,0,0,0,0,0,0,0,0,0,0,0,0,0,0,0,0,0,0,0,0,0,0,0,0,0,0,0,0,0,0,0,0,0,0,0,0,0,0,0,0,0,0,0,0,0,0,0,0,0,0,0,0,0,0,0,0,0,0,0,0,0,0,0,0,0,0,0,0,0,0,0,0,0,0,0,0,0,0,0,Eukaryota;Chlorophyta;;;Pycnococcaceae;;
0,0,0,0,0,0,0,0,0,0,0,0,0,0,0,0,0,0,0,0,0,0,0,0,0,0,0,0,0,0,0,0,0,0,0,0,0,0,0,0,0,0,0,0,0,1,0,0,0,0,0,0,0,0,0,0,0,0,0,0,0,0,0,0,0,0,0,0,0,0,0,0,0,0,0,0,0,0,0,0,0,0,0,0,0,0,0,0,0,0,0,0,0,0,0,0,0,0,0,0,0,0,0,0,0,0,0,0,0,0,0,0,0,0,0,0,0,0,0,0,0,0,0,0,0,0,0,0,0,0,0,0,0,0,0,0,0,0,0,0,0,0,0,0,0,0,0,0,0,0,0,0,0,0,0,0,0,0,0,0,0,0,0,0,0,0,0,0,0,0,0,0,0,0,0,0,0,0,0,0,0,0,0,0,0,0,0,0,0,0,0,0,0,0,0,0,0,0,0,0,0,0,0,0,0,0,0,0,0,0,0,Eukaryota;Arthropoda;Malacostraca;Euphausiacea;Euphausiidae;Nematoscelis;Nematoscelis atlantica
0,0,0,0,0,0,0,0,0,0,0,0,0,0,0,0,0,0,0,0,0,0,0,0,0,0,0,0,0,0,0,0,0,0,0,0,0,0,0,0,0,0,0,0,0,0,0,0,0,0,0,0,0,0,0,1,0,0,0,0,0,0,0,0,0,0,0,0,0,0,0,0,0,0,0,0,0,0,0,0,0,0,0,0,0,0,0,0,0,0,0,0,0,0,0,0,0,0,0,0,0,0,0,0,0,0,0,0,0,0,0,0,0,0,0,0,0,0,0,0,0,0,0,0,0,0,0,0,0,0,0,0,0,0,0,0,0,0,0,0,0,0,0,0,0,0,0,0,0,0,0,0,0,0,0,0,0,0,0,0,0,0,0,0,0,0,0,0,0,0,0,0,0,0,0,0,0,0,0,0,0,0,0,0,0,0,0,0,0,0,0,0,0,0,0,0,0,0,0,0,0,0,0,0,0,0,0,0,0,0,0,Eukaryota;NA;Oomycetes;Pythiales;Pythiaceae;Pythium;Pythium sterilum
0,0,0,0,0,0,0,0,0,0,0,0,0,0,0,0,0,0,0,0,0,0,0,0,0,0,0,0,0,0,0,0,0,0,0,0,0,0,0,0,0,0,0,0,0,0,0,0,0,0,0,0,0,0,0,0,0,0,0,0,0,0,0,0,0,0,0,0,0,0,0,0,0,1,0,0,0,0,0,0,0,0,0,0,0,0,0,0,0,0,0,0,0,0,0,0,0,0,0,0,0,0,0,0,0,0,0,0,0,0,0,0,0,0,0,0,0,0,0,0,0,0,0,0,0,0,0,0,0,0,0,0,0,0,0,0,0,0,0,0,0,0,0,0,0,0,0,0,0,0,0,0,0,0,0,0,0,0,0,0,0,0,0,0,0,0,0,0,0,0,0,0,0,0,0,0,0,0,0,0,0,0,0,0,0,0,0,0,0,0,0,0,0,0,0,0,0,0,0,0,0,0,0,0,0,0,0,0,0,0,0,Eukaryota;Rhodophyta;;;;;
0,0,0,0,0,0,0,0,0,0,0,0,0,0,0,0,0,0,0,0,0,0,0,0,0,0,0,0,0,0,0,0,0,0,0,0,0,0,0,0,0,0,0,0,0,0,0,0,0,0,0,0,0,0,0,0,0,0,0,0,0,0,0,0,0,0,0,0,0,0,0,0,0,0,0,0,0,0,0,0,0,0,0,0,0,0,0,0,1,0,0,0,0,0,0,0,0,0,0,0,0,0,0,0,0,0,0,0,0,0,0,0,0,0,0,0,0,0,0,0,0,0,0,0,0,0,0,0,0,0,0,0,0,0,0,0,0,0,0,0,0,0,0,0,0,0,0,0,0,0,0,0,0,0,0,0,0,0,0,0,0,0,0,0,0,0,0,0,0,0,0,0,0,0,0,0,0,0,0,0,0,0,0,0,0,0,0,0,0,0,0,0,0,0,0,0,0,0,0,0,0,0,0,0,0,0,0,0,0,0,0,Eukaryota;Ascomycota;Sordariomycetes;Hypocreales;;;
0,0,0,0,0,0,0,0,0,0,0,0,0,0,0,0,0,0,0,0,0,0,0,0,0,0,0,0,0,0,0,0,0,0,0,0,0,0,0,0,0,0,0,0,0,0,0,0,0,0,0,0,0,0,0,0,0,0,0,0,0,0,0,0,0,0,0,0,0,0,0,0,0,0,0,0,0,0,0,0,0,0,0,0,0,0,0,0,0,0,0,0,0,0,0,0,0,0,0,0,0,0,0,0,0,0,1,0,0,0,0,0,0,0,0,0,0,0,0,0,0,0,0,0,0,0,0,0,0,0,0,0,0,0,0,0,0,0,0,0,0,0,0,0,0,0,0,0,0,0,0,0,0,0,0,0,0,0,0,0,0,0,0,0,0,0,0,0,0,0,0,0,0,0,0,0,0,0,0,0,0,0,0,0,0,0,0,0,0,0,0,0,0,0,0,0,0,0,0,0,0,0,0,0,0,0,0,0,0,0,0,Eukaryota;Cnidaria;Hydrozoa;Anthoathecata;Hydridae;Hydra;Hydra oligactis
0,0,0,0,0,0,0,0,0,0,0,0,0,0,0,0,0,0,0,0,0,0,0,0,0,0,0,0,0,0,0,0,0,0,0,0,0,0,0,0,0,0,0,0,0,0,0,0,0,0,0,0,0,0,0,0,0,0,0,0,0,0,0,0,0,0,0,0,0,0,0,0,0,0,0,0,0,0,0,0,0,0,0,0,0,0,0,0,0,0,0,0,0,0,0,0,0,0,0,0,0,0,0,0,0,0,0,0,0,0,0,0,0,0,0,0,0,0,0,0,0,0,0,0,0,0,0,0,0,0,0,0,0,0,0,0,0,0,0,0,0,0,0,0,0,0,0,0,0,0,0,0,0,0,0,0,0,0,0,0,0,0,0,0,0,0,0,0,0,0,0,0,0,0,0,0,0,0,0,0,0,0,0,0,0,0,0,0,0,0,0,0,0,1,0,0,0,0,0,0,0,0,0,0,0,0,0,0,0,0,0,Eukaryota;Arthropoda;Arachnida;Araneae;Philodromidae;Philodromus;Philodromus vulgaris
0,0,0,0,0,0,0,0,0,0,0,0,0,0,0,0,0,0,0,0,0,0,0,0,0,0,0,0,0,0,0,0,0,0,0,0,0,0,0,0,0,0,0,0,0,0,0,0,0,0,0,0,0,0,0,0,0,0,0,0,0,0,0,0,0,0,0,0,0,0,0,0,0,0,0,0,0,0,0,0,0,0,0,0,0,0,0,0,0,0,0,0,0,0,0,0,0,0,0,0,0,0,0,0,0,0,0,0,0,0,0,0,0,0,0,0,0,0,0,0,0,0,0,0,0,0,0,0,0,0,0,0,0,0,0,0,0,0,0,0,0,0,0,0,0,0,0,0,0,0,0,0,0,0,0,0,0,0,0,0,0,0,0,0,0,0,0,0,0,0,0,0,0,0,0,0,0,0,0,0,0,0,0,0,0,0,0,0,0,0,0,0,0,1,0,0,0,0,0,0,0,0,0,0,0,0,0,0,0,0,0,Eukaryota;Echinodermata;Ophiuroidea;Ophiurida;Ophiocomidae;Ophiocoma;Ophiocoma sp. TBH-2013
0,0,0,0,0,0,0,0,0,0,0,0,0,0,0,0,0,0,0,0,0,0,0,0,0,0,0,0,0,0,0,0,0,0,0,0,0,0,0,0,0,0,0,0,0,0,0,0,0,0,0,0,0,0,0,0,0,0,0,0,0,0,0,0,0,0,0,0,0,0,0,0,0,0,0,0,0,0,0,0,0,0,0,0,0,0,0,0,0,0,0,0,0,0,0,0,0,0,0,0,0,0,0,0,0,0,0,0,0,0,0,0,0,0,0,0,0,0,0,0,0,0,0,0,0,0,0,0,0,0,0,0,0,0,0,0,0,0,0,0,0,0,0,0,0,0,0,0,0,0,0,0,0,0,0,0,0,0,0,0,0,0,0,0,0,0,0,0,0,0,0,0,0,0,0,0,0,0,0,0,0,0,0,0,0,0,0,0,0,0,0,0,0,1,0,0,0,0,0,0,0,0,0,0,0,0,0,0,0,0,0,Eukaryota;NA;Oomycetes;Saprolegniales;Saprolegniaceae;Achlya;Achlya sparrowii
0,0.015832341431231467,0.024660154579161826,0.13350830365701982,0.07421205426322461,0,0,0,0,0,0,0,0,0,0,0,0,0,0,0,0,0,0,0,0,0,0,0,0,0,0,0,0.04004386556063372,0,0,0,0,0,0,0,0,0,0,0,0,0,0,0,0,0,0,0,0,0,0.3062726195446082,0.20817920275049737,0,0,0,0,0,0,0,0,0,0,0,0,0.1433161241949656,0,0,0,0.023823982785949566,0.2329448005893323,0,0,0,0,0,0,0,0,0,0,0,0,0,0.023147400823374704,0,0,0,0,0,0.021752653754202236,0.028402126258573277,0,0,0.31840690857996273,0,0.24728142200851938,0.2526392610650508,0.4707209900292245,0.29013310068664544,1,0,0.4812326903250621,0.48349063070186377,0.02919662300419468,0,0,0,0,0,0,0,0.0047268453698142724,0.006850902644776405,0,0,0,0,0,0,0,0,0,0,0.002324651120021761,0,0,0,0,0,0,0,0,0.004985138548594782,0,0,0,0,0,0,0,0,0,0,0,0,0,0,0,0,0,0,0,0,0,0,0,0,0,0,0,0,0,0,0,0,0,0,0,0,0,0,0,0,0,0,0,0,0,0.003530350262123828,0,0,0,0,0,0,0,0,0,0,0,0,0,0,0,0,0,0,0,0,0,0,0,0,0,0,0,0,Eukaryota;NA;Haptophyceae;Phaeocystales;Phaeocystaceae;Phaeocystis;Phaeocystis antarctica
0,0,0,0,0,0,0,0,0,0,0,0,0,0,0,0,0,0,0,0,0,0,0,0,0,0,0,0,0,0,0,0,0,0,0,0,0,0,0,0,0,0,0,0,0,0,0,0,0,0,0,0,0,0,0,0,0,0,0,0,0,0,0,0,0,0,0,0,0,0,0,0,0,0,0,0,0,0,0,0,0,0,0,0,0,0,0,0,0,0,0,0,0,0,0,0,0,0,0,0,0,0,0,0,0,0,0,0,0,0,0,0,0,0,0,0,0,0,0,0,0,0,0,0,0,0,0,0,0,0,0,0,0,0,0,0,0,0,0,0,0,0,0,0,0,0,0,0,0,0,0,0,0,0,0,0,0,0,0,0,0,0,0,0,0,0,0,0,0,0,0,0,0,0,0,0,0,0,0,0,0,0,0,0,0,0,0,0,0,0,0,0,0,0,0,0,0,0,0,0,0,1,0,0,0,0,0,0,0,0,0,Eukaryota;Porifera;Homoscleromorpha;Homosclerophorida;Plakinidae;Oscarella;Oscarella malakhovi
0,0,0,0,0,0,0,0,0,0,0,0,0,0,0,0,0,0,0,0,0,0,0,0,0,0,0,0,0,0,0,0,0,0,0,0,0,0,0,0,0,0,0,0,0,0,0,0,0,0,0,0,0,0,0,0,0,0,0,0,0,0,0,0,0,0,0,0,0,0,0,0,0,0,0,0,0,0,0,0,0,0,0,0,0,0,0,0,0,0,0,0,0,0,0,0,0,0,0,0,0,0,0,0,0,0,0,0,0,0,0,0,0,0,0,0,0,0,0,0,0,0,0,0,0,0,0,0,0,0,0,0,0,0,0,0,0,0,0,0,0,0,0,0,0,0,0,0,0,0,0,0,0,0,0,0,0,0,0,0,0,0,0,0,0,0,0,0,0,0,0,0,0,0,0,0,0,0,0,0,0,0,0,0,0,0,0,0,0,0,0,0,0,0,0,0,0,0,0,0,0,0,0,0,1,0,0,0,0,0,0,Eukaryota;Rhodophyta;Florideophyceae;Ceramiales;Rhodomelaceae;Neosiphonia;Neosiphonia sphaerocarpa
0,0,0,0,0,0,0,0,0,0,0,0,0,0,0,0,0,0,0,0,0,0,0,0,0,0,0,0,0,0,0,0,0,0,0,0,0,0,0,0,0,0,0,0,0,0,0,0,0,0,0,0,0,0,0,0,0,0,0,0,0,0,0,0,0,0,0,0,0,0,0,0,0,0,0,0,0,0,0,0,0,0,0,0,0,0,0,0,0,0,0,0,0,0,0,0,0,0,0,0,0,0,0,0,0,0,0,0,0,0,0,0,0,0,0,0,0,0,0,0,0,0,0,0,0,0,0,0,0,0,0,0,0,0,0,0,0,0,0,0,0,0,0,0,0,0,0,0,0,0,0,0,0,0,0,0,0,0,0,0,0,0,0,0,0,0,0,0,0,0,0,0,0,0,0,0,0,0,0,0,0,0,0,0,0,0,0,0,0,0,0,0,0,0,0,0,0,0,0,0,0,0,0,0,0,0,1,0,0,0,0,Eukaryota;Mollusca;Cephalopoda;Teuthida;Cranchiidae;Helicocranchia;
0,0,0,0,0,0,0,0,0,0,0,0,0,0,0,0,0,0,0,0,0,0,0,0,0,0,0,0,0,0,0,0,0,0,0,0,0,0,0,0,0,0,0,0,0,0,0,0,0,0,0,0,0,0,0,0,0,0,0,0,0,0,0,0,0,0,0,0,0,0,0,0,0,0,0,0,0,0,0,0,0,0,0,0,0,0,0,0,0,0,0,0,0,0,0,0,0,0,0,0,0,0,0,0,0,0,0,0,0,0,0,0,0,0,0,0,0,0,0,0,0,0,0,0,0,0,0,0,0,0,0,0,0,0,0,0,0,0,0,0,0,0,0,0,0,0,0,0,0,0,0,0,0,0,0,0,0,0,0,0,0,0,0,0,0,0,0,0,0,0,0,0,0,0,0,0,0,0,0,0,0,0,0,0,0,0,0,0,0,0,0,0,0,0,0,0,0,0,0,0,0,0,0,0,0,0,1,0,0,0,0,Eukaryota;Cnidaria;Hydrozoa;Siphonophorae;Diphyidae;Lensia;Lensia fowleri
0,0,0,0,0,0,0,0,0,0,0,0,0,0,0,0,0,0,0,0,0,0,0,0,0,0,0,0,0,0,0,0,0,0,0,0,0,0,0,0,0,0,0,0,0,0,0,0,0,0,0,0,0,0,0,0,0,0,0,0,0,0,0,0,0,0,0,0,0,0,0,0,0,0,0,0,0,0,0,0,0,0,0,0,0,0,0,0,0,0,0,0,0,0,0,0,0,0,0,0,0,0,0,0,0,0,0,0,0,0,0,0,0,0,0,0,0,0,0,0,0,0,0,0,0,0,0,0,0,0,0,0,0,0,0,0,0,0,0,0,0,0,0,0,0,0,0,0,0,0,0,0,0,0,0,0,0,0,0,0,0,0,0,0,0,0,0,0,0,0,0,0,0,0,0,0,0,0,0,0,0,0,0,0,0,0,0,0,0,0,0,0,0,0,0,0,0,0,0,0,0,0,0,0,0,0,1,0,0,0,0,Eukaryota;Arthropoda;Arachnida;Araneae;Telemidae;Usofila;Usofila sp. MR71
0,0,0,0,0,0,0,0,0,0,0,0,0,0,0,0,0,0,0,0,0,0,0,0,0,0,0,0,0,0,0,0,0,0,0,0,0,0,0,0,0,0,0,0,0,0,0,0,0,0,0,0,0,0,0,0,0,0,0,0,0,0,0,0,0,0,0,0,0,0,0,0,0,0,0,0,0,0,0,0,0,0,0,0,0,0,0,0,0,0,0,0,0,0,0,0,0,0,0,0,0,0,0,0,0,0,0,0,0,0,0,0,0,0,0,0,0,0,0,0,0,0,0,0,0,0,0,0,0,0,0,0,0,0,0,0,0,0,0,0,0,0,0,0,0,0,0,0,0,0,0,0,0,0,0,0,0,0,0,0,0,0,0,0,0,0,0,0,0,0,0,0,0,0,0,0,0,0,0,0,0,0,0,0,0,0,0,0,0,0,0,0,0,0,0,0,0,0,0,0,0,0,0,0,0,0,1,0,0,0,0,Eukaryota;Arthropoda;Insecta;Hemiptera;Aphrophoridae;Lallemandana;Lallemandana interrupta
0,0,0,0,0,0,0,0,0,0,0,0,0,0,0,0,0,0,0,0,0,0,0,0,0,0,0,0,0,0,0,0,0,0,0,0,0,0,0,0,0,0,0,0,0,0,0,0,0,0,0,0,0,0,0,0,0,0,0,0,0,0,0,0,0,0,0,0,0,0,0,0,0,0,0,0,0,0,0,0,0,0,0,0,0,0,0,0,0,0,0,0,0,0,0,0,0,0,0,0,0,0,0,0,0,0,0,0,0,0,0,0,0,0,0,0,0,0,0,0,0,0,0,0,0,0,0,0,0,0,0,0,0,0,0,0,0,0,0,0,0,0,0,0,0,0,0,0,0,0,0,0,0,0,0,0,0,0,0,0,0,0,0,0,0,0,0,0,0,0,0,0,0,0,0,0,0,0,0,0,0,0,0,0,0,0,0,0,0,0,0,0,0,0,1,0,0,0,0,0,0,0,0,0,0,0,0,0,0,0,0,Eukaryota;Cnidaria;Hydrozoa;Anthoathecata;Balellidae;Balella;Balella mirabilis
0,0,0,0,0,0,0,0,0,0,0,0,0,0,0,0,0,0,0,0,0,0,0,0,0,0,0,0,0,0,0,0,0,0,0,0,0,0,0,0,0,0,0,0,0,0,0,0,0,0,0,0,0,0,0,0,0,0,0,0,0,0,0,0,0,0,0,0,0,0,0,0,0,0,0,0,0,0,0,0,0,0,0,0,0,0,0,0,0,0,0,0,0,0,0,0,0,0,0,0,0,0,0,0,0,0,0,0,0,0,0,0,0,0,0,0,0,0,0,0,0,0,0,0,0,0,0,0,0,0,0,0,0,0,0,0,0,0,0,0,0,0,0,0,0,0,0,0,0,0,0,0,0,0,0,0,0,0,0,0,0,0,0,0,0,0,0,0,0,0,0,0,0,0,0,0,0,0,0,0,0,0,0,0,0,0,0,0,0,0,0,0,0,0,0,1,0,0,0,0,0,0,0,0,0,0,0,0,0,0,0,Eukaryota;NA;Phaeophyceae;Sphacelariales;Discosporangiaceae;Discosporangium;Discosporangium mesarthrocarpum
0,0,0,0,0,0,0,0,0,0,0,0,0,0,0,0,0,0,0,0,0,0,0,0,0,0,0,0,0,0,0,0,0,0,0,0,0,0,0,0,0,0,0,0,0,0,0,0,0,0,0,0,0,0,0,0,0,0,0,0,0,0,0,0,0,0,0,0,0,0,0,0,0,0,0,0,0,0,0,0,0,0,0,0,0,0,0,0,0,0,0,0,0,0,0,0,0,0,0,0,0,0,0,0,0,0,0,0,1,0,0,0,0,0,0,0,0,0,0,0,0,0,0,0,0,0,0,0,0,0,0,0,0,0,0,0,0,0,0,0,0,0,0,0,0,0,0,0,0,0,0,0,0,0,0,0,0,0,0,0,0,0,0,0,0,0,0,0,0,0,0,0,0,0,0,0,0,0,0,0,0,0,0,0,0,0,0,0,0,0,0,0,0,0,0,0,0,0,0,0,0,0,0,0,0,0,0,0,0,0,0,Eukaryota;Bacillariophyta;Bacillariophyceae;Naviculales;Naviculaceae;Navicula;Navicula ramosissima
0,0,0,0,0,0,0,0,0,0,0,0,0,0,0,0,0,0,0,0,0,0,0,0,0,0,0,0,0,0,0,0,0,0,0,0,0,0,0,0,0,0,0,0,0,0,0,0,0,0,0,0,0,0,0,0,0,0,0,0,0,0,0,0,0,0,0,0,0,0,0,0,0,0,0,0,0,0,0,0,0,0,0,0,0,0,0,0,0,0,0,0,0,0,0,0,0,0,0,0,0,0,0,0,0,0,0,0,0,0,0,0,0,0,0,0,1,0,0,0,0,0,0,0,0,0,0,0,0,0,0,0,0,0,0,0,0,0,0,0,0,0,0,0,0,0,0,0,0,0,0,0,0,0,0,0,0,0,0,0,0,0,0,0,0,0,0,0,0,0,0,0,0,0,0,0,0,0,0,0,0,0,0,0,0,0,0,0,0,0,0,0,0,0,0,0,0,0,0,0,0,0,0,0,0,0,0,0,0,0,0,Eukaryota;Mollusca;Cephalopoda;Teuthida;Enoploteuthidae;Abraliopsis;Abraliopsis pfefferi
0,0,0,0,0,0,0,0,0,0,0,0,0,0,0,0,0,0,0.5984436228631934,0.6630569388172578,0,0,0,0,0,0,0,0,0,0,0,0,0,0,0,0,0,0,0,0,0,0,0,0,0,0,0,0,0,0,0,0,0,0,0,0,0,0,0,0,0,0,0,0,0,0,0,0,0,0,0,0,0,0,0,0.02931221915212231,0,0,0,0,0,0,0,0,0,0,0,0,0,0,0,0,0,0,0,0,0,0,0,0,0,0,0,0,0,0,0,0,0,0,0,0,0,0,0,0,0,0,0,0,0,0,0,0,0,0,0,0,0,0,0,0,0,0,0,0,0,0,0,0,0,0,0,0,0,0,0,0,0,0,0,0,0,0,0,0,0,0,0,0,0,0,0.9050930279093864,0.9789378386283549,1,0,0,0,0,0,0,0,0,0,0,0,0,0,0,0,0,0,0,0,0,0,0,0,0,0,0,0,0,0,0,0,0,0,0,0,0,0,0,0.01046573028232313,0,0,0,0,0,0,0,Eukaryota;Chordata;Actinopteri;Myctophiformes;Myctophidae;;
0,0,0,0,0,0,0,0,0,0,0,0,0,0,0,0,0,0,0,0,0,0,0,0,0,0,0,0,0,0,0,0,0,0,0,0,0,0,0,0,0,0,0,0,0,0,0,0,0,0,0,0,0,0,0,0,0,0,0,0,0,0,0,0,0,0,0,0,0,0,0,0,0,0,0,0,0,0,0,0,0,0,0,0,0,0,0,0,0,0,0,0,0,0,0,0,0,0,0,0,0,0,0,0,0,0,0,0,0,0,0,0,0,0,0,0,1,0,0,0,0,0,0,0,0,0,0,0,0,0,0,0,0,0,0,0,0,0,0,0,0,0,0,0,0,0,0,0,0,0,0,0,0,0,0,0,0,0,0,0,0,0,0,0,0,0,0,0,0,0,0,0,0,0,0,0,0,0,0,0,0,0,0,0,0,0,0,0,0,0,0,0,0,0,0,0,0,0,0,0,0,0,0,0,0,0,0,0,0,0,0,Eukaryota;Mollusca;Gastropoda;Neogastropoda;Muricidae;Drupella;Drupella fragum
0,0,0,0,0,0,0,0,0,0,0,0,0,0,0,0,0,0,0,0,0,0,0,0,0,0,0,0,0,0,0,0,0,0,0,0,0,0,0,0,0,0,0,0,0,0,0,0,0,0,0,0,0,0,0,0,0,0,0,0,0,0,0,0,0,0,0,0,0,0,0,0,0,0,0,0,0,0,0,0,0,0,0,0,0,0,0,0,0,0,0,0,0,0,0,0,0,0,0,0,0,0,0,0,0,0,0,0,0,0,0,0,0,0,0,0,0,0,0,0,0,0,0,0,0,0,0,0,0,0,0,0,0,0,0,0,0,0,0,0,0,0,0,0,0,0,0,0,0,0,0,0,0,0,0,0,0,0,0,0,0,0,0,0,0,0,0,0,0,0,0,0,0,0,0,0,0,0,0,0,0,0,0,1,0,0,0,0,0,0,0,0,0,0,0,0,0,0,0,0,0,0,0,0,0,0,0,0,0,0,0,Eukaryota;Arthropoda;Hexanauplia;Calanoida;Clausocalanidae;Pseudocalanus;Pseudocalanus acuspes
0,0,0,0,0,0,0,0,0,0,0,0,0,0,0,0,0,0,0,0,0,0,0,0,0,0,0,0,0,0,0,0,0,0,0,0,0,0,0,0,0,0,0,0,0,0,0,0,0,0,0,0,0,0,0,0,0,0,0,0,0,0,0,0,0,0,0,0,0,0,0,0,0,0,0,0,0,0,0,0,0,0,0,0,0,0,0,0,0,0,0,0,0,0,0,0,0,0,0,0,0,0,0,0,0,0,0,0,0,0,0,0,0,0,0,0,0,0,0,0,0,0,0,0,0,0,0,1,0,0,0,0,0,0,0,0,0,0,0,0,0,0,0,0,0,0,0,0,0,0,0,0,0,0,0,0,0,0,0,0,0,0,0,0,0,0,0,0,0,0,0,0,0,0,0,0,0,0,0,0,0,0,0,0,0,0,0,0,0,0,0,0,0,0,0,0,0,0,0,0,0,0,0,0,0,0,0,0,0,0,0,Eukaryota;Rhodophyta;Florideophyceae;Hapalidiales;Hapalidiaceae;Neopolyporolithon;Neopolyporolithon reclinatum
0,0,0,0,0,0,0,0,0,0,0,0,0,0,0,0,0,0,0,0,0,0,0,0,0,0,0,0,0,0,0,0,0,0,0,0,0,0,0,0,0,0,0,0,0,0,0,0,0,0,0,0,0,0,0,0,0,0,0,0,0,0,0,0,0,0,0,0,0,0,0,0,0,0,0,0,0,0,0,0,0,0,0,0,0,0,0,0,0,0,0,0,0,0,0,0,0,0,0,0,0,0,0,0,0,0,0,0,0,0,0,0,0,0,0,0,0,0,0,0,0,0,0,0,0,0,0,1,0,0,0,0,0,0,0,0,0,0,0,0,0,0,0,0,0,0,0,0,0,0,0,0,0,0,0,0,0,0,0,0,0,0,0,0,0,0,0,0,0,0,0,0,0,0,0,0,0,0,0,0,0,0,0,0,0,0,0,0,0,0,0,0,0,0,0,0,0,0,0,0,0,0,0,0,0,0,0,0,0,0,0,Eukaryota;Arthropoda;Malacostraca;Decapoda;Penaeidae;Metapenaeopsis;NA
0,0,0,0,0,0,0,0,0,0,0,0,0,0,0,0,0,0,0,0,0,0,0,0,0,0,0,0,0,0,0,0,0,0,0,0,0,0,0,0,0,0,0,0,0,0,0,0,0,0,0,0,0,0,0,0,0,0,0,0,0,0,0,0,0,0,0,0,0,0,0,0,0,0,0,0,0,0,0,0,0,0,0,0,0,0,0,0,0,0,0,0,0,0,0,0,0,0,0,0,0,0,0,0,0,0,0,0,0,0,0,0,0,0,0,0,0,0,0,0,0,0,0,0,0,0,0,0,0,0,0,0,0,0,0,0,0,0,0,0,0,0,0,0,0,0,0,0,1,0,0,0,0,0,0,0,0,0,0,0,0,0,0,0,0,0,0,0,0,0,0,0,0,0,0,0,0,0,0,0,0,0,0,0,0,0,0,0,0,0,0,0,0,0,0,0,0,0,0,0,0,0,0,0,0,0,0,0,0,0,0,Eukaryota;NA;Labyrinthulomycetes;NA;Thraustochytriaceae;Schizochytrium;Schizochytrium sp. SEK 210
0,0,0,0,0,0,0,0,0,0,0,0,0,0,0,0,0,0,0,0,0,0,0,0,0,0,0,0,0,0,0,0,0,0,0,0,0,0,0,0,0,0,0,0,0,0,0,0,0,0,0,0,0,0,0,0,0,0,0,0,0,0,0,0,0,0,0,0,0,0,0,0,0,0,0,0,0,0,0,0,0,0,0,0,0,0,0,0,0,0,0,0,0,0,0,0,0,0,0,0,0,0,0,0,0,0,0,0,0,0,0,0,0,0,0,0,0,0,0,0,0,0,0,0,0,0,0,0,0,0,0,0,0,0,0,0,0,0,0,0,0,0,0,0,0,0,0,0,1,0,0,0,0,0,0,0,0,0,0,0,0,0,0,0,0,0,0,0,0,0,0,0,0,0,0,0,0,0,0,0,0,0,0,0,0,0,0,0,0,0,0,0,0,0,0,0,0,0,0,0,0,0,0,0,0,0,0,0,0,0,0,Eukaryota;Arthropoda;Arachnida;Araneae;Selenopidae;Selenops;Selenops bursarius
0,0,0,0,0,0,0,0,0,0,0,0,0,0,0,0,0,0,0,0,0,0,0,0,0,0,0,0,0,0,0,0,0,0,0,0,0,0,0,0,0,0,0,0,0,0,0,0,0,0,0,0,0,0,0,0,0,0,0,0,0,0,0,0,0,0,0,0,0,0,0,0,0,0,0,0,0,0,0,0,0,0,0,0,0,0,0,0,0,0,0,0,0,0,0,0,0,0,0,0,0,0,0,0,0,0,0,0,0,0,0,0,0,0,0,0,0,0,0,0,0,0,0,0,0,0,0,0,0,0,0,0,0,0,0,0,0,0,0,0,0,0,0,0,0,0,0,0,0,0,0,0,0,0,0,1,0,0,0,0,0,0,0,0,0,0,0,0,0,0,0,0,0,0,0,0,0,0,0,0,0,0,0,0,0,0,0,0,0,0,0,0,0,0,0,0,0,0,0,0,0,0,0,0,0,0,0,0,0,0,0,Eukaryota;Arthropoda;Insecta;Diptera;Mycetophilidae;Brevicornu;Brevicornu sp. CJB06
0,0,0,0,0,0,0,0,0,0,0,0,0,0,0,0,0,0,0,0,0,0,0,0,0,0,0,0,0,0,0,0,0,0,0,0,0,0,0,0,0,0,0,0,0,0,0,0,0,0,0,0,0,0,0,0,0,0,0,0,0,0,0,0,0,0,0,0,0,0,0,0,0,0,0,0,0,0,0,0,0,0,0,0,0,0,0,0,0,0,0,0,0,0,0,0,0,0,0,0,0,0,0,0,0,0,0,0,0,0,0,0,0,0,0,0,0,0,0,0,0,0,0,0,0,0,0,0,0,0,0,0,0,0,0,0,0,0,0,0,0,0,0,0,0,0,0,0,0,0,0,0,0,0,0,0,0,0,1,0,0,0,0,0,0,0,0,0,0,0,0,0,0,0,0,0,0,0,0,0,0,0,0,0,0,0,0,0,0,0,0,0,0,0,0,0,0,0,0,0,0,0,0,0,0,0,0,0,0,0,0,Eukaryota;Arthropoda;Hexanauplia;Cyclopoida;Cyclopidae;;
0,0,0,0,0,0,0,0,0,0,0,0,0,0,0,0,0,0,0,0,0,0,0,0,0,0,0,0,0,0,0,0,0,0,0,0,0,0,0,0,0,0,0,0,0,0,0,0,0,0,0,0,0,0,0,0,0,0,0,0,0,0,0,0,0,0,0,0,0,0,0,0,0,0,0,0,0,0,0,0,0,0,0,0,0,0,0,0,0,0,0,0,0,0,0,0,0,0,0,0,0,0,0,0,0,0,0,0,0,0,0,0,0,0,0,0,0,0,0,0,0,0,0,0,0,0,0,0,0,0,0,0,0,0,0,0,0,0,0,0,0,0,0,0,0,0,0,0,0,0,0,0,0,0,0,0,0,0,1,0,0,0,0,0,0,0,0,0,0,0,0,0,0,0,0,0,0,0,0,0,0,0,0,0,0,0,0,0,0,0,0,0,0,0,0,0,0,0,0,0,0,0,0,0,0,0,0,0,0,0,0,Eukaryota;Bacillariophyta;Coscinodiscophyceae;Thalassiosirales;Skeletonemataceae;Skeletonema;Skeletonema grethae
0,0,0,0,0,0,0,0,0,0,0,0,0,0,0,0,0,0,0,0,0,0,0,0,0,0,0,0,0,0,0,0,0,0,0,0,0,0,0,0,0,0,0,0,0,0,0,0,0,0,0,0,0,0,0,0,0,0,0,0,0,0,0,0,0,0,0,0,0,0,0,0,0,0,0,0,0,0,0,0,0,0,0,0,0,0,0,0,0,0,0,0,0,0,0,0,0,0,0,0,0,0,0,0,0,0,0,0,0,0,0,0,0,0,0,0,0,0,0,0,0,0,0,0,0,0,0,0,0,0,0,0,0,0,0,0,0,0,0,0,0,0,0,0,0,0,0,0,0,0,0,0,0,0,0,0,0,0,0,0,0,0,0,0,0,0,1,0,0,0,0,0,0,0,0,0,0,0,0,0,0,0,0,0,0,0,0,0,0,0,0,0,0,0,0,0,0,0,0,0,0,0,0,0,0,0,0,0,0,0,0,Eukaryota;Ascomycota;Saccharomycetes;Saccharomycetales;NA;Candida;Candida sake
0,0,0,0,0,0,0,0,0,0,0,0,0,0,0,0,0,0,0,0,0,0,0,0,0,0,0,0,0,0,0,0,0,0,0,0,0,0,0,0,0,0,0,0,0,0,0,0,0,0,0,0,0,0,0,0,0,0,0,0,0,0,0,0,0,0.9070461329715062,0.9464131310003099,1,0,0,0,0,0,0,0,0,0,0,0,0,0,0,0,0,0,0,0,0,0,0,0,0,0,0,0,0,0,0,0,0,0,0,0,0,0,0,0,0,0,0,0,0,0,0,0,0,0,0,0,0,0,0,0,0,0,0,0,0,0,0,0,0,0,0,0,0,0,0,0,0,0,0,0,0,0,0,0,0,0,0,0,0,0,0,0,0,0,0,0,0,0,0,0,0,0,0,0,0,0,0,0,0,0,0,0,0,0,0,0,0,0,0,0,0,0,0,0,0,0,0,0,0,0,0,0,0,0,0,0,0,0,0,0,0,0,0,0,0,0,0,0,Eukaryota;Chordata;Actinopteri;Stomiiformes;Stomiidae;Idiacanthus;Idiacanthus sp. 'atroventer'
0,0,0,0,0,0,0,0,0,0,0,0,0,0,0,0,0,0,0,0,0,0,0,0,0,0,0,0,0,0,0,0,0,0,0,0,0,0,0,0,0,0,0,0,0,0,0,0,0,0,0,0,0,0,0,0,0,0,0,0,0,0,0,0,0,0,0,0,0,0,0,0,0,0,0,0,0,0,0,0,0,0,0,0,0,0,0,0,0,0,0,0,0,0,0,0,0,0,0,0,0,0,0,0,0,0,0,0,0,0,0,0,0,0,0,0,0,0,0,0,0,0,0,0,0,0,0,0,0,0,0,0,0,0,0,0,0,0,0,0,0,0,0,0,0,0,0,0,0,0,0,0,0,0,0,0,0,0,0,0,0,0,0,0,0,0,0,0,0,0,0,0,0,0,0,0,0,1,0,0,0,0,0,0,0,0,0,0,0,0,0,0,0,0,0,0,0,0,0,0,0,0,0,0,0,0,0,0,0,0,0,Eukaryota;Arthropoda;Arachnida;Araneae;Salticidae;Myrmarachne;Myrmarachne sp. 3 MS-2015
0,0,0,0,0,0,0,0,0,0,0,0,0,0,0,0,0,0,0,0,0,0,0,0,0,0,0,0,0,0,0,0,0,0,0,0,0,0,0,0,0,0,0,0,0,0,0,0,0,0,0,0,0,0,0,0,0,0,0,0,0,0,0,0,0,0,0,0,0,0,0,0,0,0,0,0,0,0,0,0,0,0,0,0,0,0,0,0,0,0,0,0,0,0,0,0,0,0,0,0,0,0,0,0,0,0,0,0,0,0,0,0,0,0,0,0,0,0,0,0,0,0,0,0,0,0,0,0,0,0,0,0,0,0,0,0,0,0,0,0,0,0,0,0,0,0,0,0,0,0,0,0,0,0,0,0,0,0,0,0,0,0,0,0,0,0,0,0,0,0,0,0,0,0,0,0,0,0,0,0,0,0,0,0,0,0,0,0,0,1,0,0,0,0,0,0,0,0,0,0,0,0,0,0,0,0,0,0,0,0,0,Eukaryota;Rhodophyta;Florideophyceae;Gigartinales;Peyssonneliaceae;Incendia;Incendia crenata
0,0,0,0,0,0,1,0,0,0,0,0,0,0,0,0,0,0,0,0,0,0,0,0,0,0,0,0,0,0,0,0,0,0,0,0,0,0,0,0,0,0,0,0,0,0,0,0,0,0,0,0,0,0,0,0,0,0,0,0,0,0,0,0,0,0,0,0,0,0,0,0,0,0,0,0,0,0,0,0,0,0,0,0,0,0,0,0,0,0,0,0,0,0,0,0,0,0,0,0,0,0,0,0,0,0,0,0,0,0,0,0,0,0,0,0,0,0,0,0,0,0,0,0,0,0,0,0,0,0,0,0,0,0,0,0,0,0,0,0,0,0,0,0,0,0,0,0,0,0,0,0,0,0,0,0,0,0,0,0,0,0,0,0,0,0,0,0,0,0,0,0,0,0,0,0,0,0,0,0,0,0,0,0,0,0,0,0,0,0,0,0,0,0,0,0,0,0,0,0,0,0,0,0,0,0,0,0,0,0,0,Eukaryota;NA;Oomycetes;Peronosporales;Peronosporaceae;Phytophthora;Phytophthora multivesiculata
0,0,0,0,0,0,0,0,0,1,0,0,0,0,0,0,0,0,0,0,0,0,0,0,0,0,0,0,0,0,0,0,0,0,0,0,0,0,0,0,0,0,0,0,0,0,0,0,0,0,0,0,0,0,0,0,0,0,0,0,0,0,0,0,0,0,0,0,0,0,0,0,0,0,0,0,0,0,0,0,0,0,0,0,0,0,0,0,0,0,0,0,0,0,0,0,0,0,0,0,0,0,0,0,0,0,0,0,0,0,0,0,0,0,0,0,0,0,0,0,0,0,0,0,0,0,0,0,0,0,0,0,0,0,0,0,0,0,0,0,0,0,0,0,0,0,0,0,0,0,0,0,0,0,0,0,0,0,0,0,0,0,0,0,0,0,0,0,0,0,0,0,0,0,0,0,0,0,0,0,0,0,0,0,0,0,0,0,0,0,0,0,0,0,0,0,0,0,0,0,0,0,0,0,0,0,0,0,0,0,0,Eukaryota;Arthropoda;Malacostraca;;Gonodactylidae;Gonodactylellus;Gonodactylellus affinis
0,0,0,0,0,0,0,0,0,0,0,0,0,0,0,0,0,0,0,0,1,0,0,0,0,0,0,0,0,0,0,0,0,0,0,0,0,0,0,0,0,0,0,0,0,0,0,0,0,0,0,0,0,0,0,0,0,0,0,0,0,0,0,0,0,0,0,0,0,0,0,0,0,0,0,0,0,0,0,0,0,0,0,0,0,0,0,0,0,0,0,0,0,0,0,0,0,0,0,0,0,0,0,0,0,0,0,0,0,0,0,0,0,0,0,0,0,0,0,0,0,0,0,0,0,0,0,0,0,0,0,0,0,0,0,0,0,0,0,0,0,0,0,0,0,0,0,0,0,0,0,0,0,0,0,0,0,0,0,0,0,0,0,0,0,0,0,0,0,0,0,0,0,0,0,0,0,0,0,0,0,0,0,0,0,0,0,0,0,0,0,0,0,0,0,0,0,0,0,0,0,0,0,0,0,0,0,0,0,0,0,Eukaryota;Annelida;Polychaeta;Terebellida;Terebellidae;Artacama;Artacama valparaisiensis
0,0,0,0,0,0,0,0,0,0,0,0,0,0,0,0,0,0,0,0,1,0.639413895291406,0,0,0,0,0,0,0,0,0,0,0,0,0,0,0,0,0,0,0,0,0,0,0,0,0,0,0,0,0,0,0,0,0,0,0,0,0,0,0,0,0,0,0,0,0,0,0,0,0,0,0,0,0,0,0,0,0,0,0,0,0,0,0,0,0,0,0,0,0,0,0,0,0,0,0,0,0,0,0,0,0,0,0,0,0,0,0,0,0,0,0,0,0,0,0,0,0,0,0,0,0,0,0,0,0,0,0,0,0,0,0,0,0,0,0,0,0,0,0,0,0,0,0,0,0,0,0,0,0,0,0,0,0,0,0,0,0,0,0,0,0,0,0,0,0,0,0,0,0,0,0,0,0,0,0,0,0,0,0,0,0,0,0,0,0,0,0,0,0,0,0,0,0,0,0,0,0,0,0,0,0,0,0,0,0,0,0,0,0,Eukaryota;Mollusca;Cephalopoda;Sepiida;Sepiidae;Sepia;Sepia sp. 2 LD-2011
0,0,0,0,0,0,0,0,0,0,0,0,0,0,0,0,0,0,0,0,0,0,1,0,0,0,0,0,0,0,0,0,0,0,0,0,0,0,0,0,0,0,0,0,0,0,0,0,0,0,0,0,0,0,0,0,0,0,0,0,0,0,0,0,0,0,0,0,0,0,0,0,0,0,0,0,0,0,0,0,0,0,0,0,0,0,0,0,0,0,0,0,0,0,0,0,0,0,0,0,0,0,0,0,0,0,0,0,0,0,0,0,0,0,0,0,0,0,0,0,0,0,0,0,0,0,0,0,0,0,0,0,0,0,0,0,0,0,0,0,0,0,0,0,0,0,0,0,0,0,0,0,0,0,0,0,0,0,0,0,0,0,0,0,0,0,0,0,0,0,0,0,0,0,0,0,0,0,0,0,0,0,0,0,0,0,0,0,0,0,0,0,0,0,0,0,0,0,0,0,0,0,0,0,0,0,0,0,0,0,0,Eukaryota;Arthropoda;Insecta;Coleoptera;Anthicidae;Anthicus;Anthicus sp. COL324
0,0,0,0,0,0,0,0,0,0,0,0,0,0,0,0,0,0,0,0,0,0,0,0,0,0,0,0,0,0,0,0,0,0,0,0,0,1,0,0,0,0,0,0,0,0,0,0,0,0,0,0,0,0,0,0,0,0,0,0,0,0,0,0,0,0,0,0,0,0,0,0,0,0,0,0,0,0,0,0,0,0,0,0,0,0,0,0,0,0,0,0,0,0,0,0,0,0,0,0,0,0,0,0,0,0,0,0,0,0,0,0,0,0,0,0,0,0,0,0,0,0,0,0,0,0,0,0,0,0,0,0,0,0,0,0,0,0,0,0,0,0,0,0,0,0,0,0,0,0,0,0,0,0,0,0,0,0,0,0,0,0,0,0,0,0,0,0,0,0,0,0,0,0,0,0,0,0,0,0,0,0,0,0,0,0,0,0,0,0,0,0,0,0,0,0,0,0,0,0,0,0,0,0,0,0,0,0,0,0,0,Eukaryota;Mollusca;Gastropoda;Neogastropoda;Muricidae;Xanthochorus;Xanthochorus cassidiformis
0,0,0,0,0,0,0,0,0,0,0,0,0,0,0,0,0,0,0,0,0,0,0,0,0,0,0,0,0,0,0,0,0,0,0,0,0,0,0,1,0,0,0,0,0,0,0,0,0,0,0,0,0,0,0,0,0,0,0,0,0,0,0,0,0,0,0,0,0,0,0,0,0,0,0,0,0,0,0,0,0,0,0,0,0,0,0,0,0,0,0,0,0,0,0,0,0,0,0,0,0,0,0,0,0,0,0,0,0,0,0,0,0,0,0,0,0,0,0,0,0,0,0,0,0,0,0,0,0,0,0,0,0,0,0,0,0,0,0,0,0,0,0,0,0,0,0,0,0,0,0,0,0,0,0,0,0,0,0,0,0,0,0,0,0,0,0,0,0,0,0,0,0,0,0,0,0,0,0,0,0,0,0,0,0,0,0,0,0,0,0,0,0,0,0,0,0,0,0,0,0,0,0,0,0,0,0,0,0,0,0,Eukaryota;Mollusca;Gastropoda;;Planorbidae;Biomphalaria;
0,0,0,0.7158078253679365,0.6776958812691505,0.7231147873835219,0,0,0,0,0,0,0,0,0,0,0,0,0,0,0,0,0.0911656176743199,0.06977328315311829,0.01933076426392511,0,0,0,0,0,0,0,0,0,0,0,0,0,0,0,0,0,0,0,0,0,0,0,0,0,0,0,0,0,0,0,1,0.9633662440450953,0,0,0,0,0,0.008583910575357566,0,0,0,0,0,0,0,0,0,0,0,0,0,0,0,0,0,0,0,0,0,0,0,0,0,0,0,0,0,0,0,0,0.0760261215793405,0.011861063512862726,0,0.01637919701820319,0.010281071573428663,0,0.0029380734549847506,0.0120708293040841,0,0.008512192352941768,0,0,0,0,0,0,0,0,0,0,0,0.46260333420484245,0,0.28741860223050997,0.27898566446231193,0,0,0,0,0.14289552942840034,0.12183960048746456,0.10533811570784564,0,0,0,0,0,0,0,0,0,0,0,0,0,0,0,0,0,0,0,0,0,0,0,0,0,0,0,0,0,0.005812932325049433,0.007139557889836604,0,0,0,0,0,0,0,0,0,0,0,0,0,0,0,0,0,0,0,0,0,0,0,0,0,0,0,0,0.0670576549409758,0.05269983641124844,0.03194397315537458,0.20873299156546132,0.13366648624380584,0.06565099238255682,0,0,0,0,0,0,0,0,0,0,0,0,0,0,0,0,0,0,Eukaryota;Arthropoda;Malacostraca;Decapoda;Hippolytidae;Spirontocaris;Spirontocaris spinus
0,0,0,0,0,0,0,0.9361544172234596,0,0,0,0,0,0,0,0,0,0,0,0,0,0,0,0,0,0,0,0,0,0,0,0,0,0,0,0,0,0,0,1,0,0,0,0,0,0,0,0,0,0,0,0,0,0,0,0,0,0,0,0,0,0,0,0,0,0,0,0,0,0,0,0,0,0,0,0,0,0,0,0,0,0,0,0,0,0,0,0,0,0,0,0,0,0,0,0,0,0,0,0,0,0,0,0,0,0,0,0,0,0,0,0,0,0,0,0,0,0,0,0,0,0,0,0,0,0,0,0,0,0,0,0,0,0,0,0,0,0,0,0,0,0,0,0,0,0,0,0,0,0,0,0,0,0,0,0,0,0,0,0,0,0,0,0,0,0,0,0,0,0,0,0,0,0,0,0,0,0,0,0,0,0,0,0,0,0,0,0,0,0,0,0,0,0,0,0,0,0,0,0,0,0,0,0,0,0,0,0,0,0,0,Eukaryota;Arthropoda;Hexanauplia;Calanoida;Paracalanidae;Paracalanus;Paracalanus quasimodo
0,0,0,0,0,0,0,0,0,0,0,0,0,0,0,0,0,0,0,0,0,0,0,0,0,0,0,0,0,0,0,0,0,0,0,0,0,0,0,0,0,0,0,0,0,0,0,0,0,0,0,0,0,0,0,0,1,0,0,0,0,0,0,0,0,0,0,0,0,0,0,0,0,0,0,0,0,0,0,0,0,0,0,0,0,0,0,0,0,0,0,0,0,0,0,0,0,0,0,0,0,0,0,0,0,0,0,0,0,0,0,0,0,0,0,0,0,0,0,0,0,0,0,0,0,0,0,0,0,0,0,0,0,0,0,0,0,0,0,0,0,0,0,0,0,0,0,0,0,0,0,0,0,0,0,0,0,0,0,0,0,0,0,0,0,0,0,0,0,0,0,0,0,0,0,0,0,0,0,0,0,0,0,0,0,0,0,0,0,0,0,0,0,0,0,0,0,0,0,0,0,0,0,0,0,0,0,0,0,0,0,Eukaryota;Arthropoda;Insecta;Diptera;Chironomidae;NA;Chironomidae sp. BOLD:ACB0886
0,0,0,0,0,0,0,0,0,0,0,0,0,0,0,0,0,0,0,0,0,0,0,0,0,0,0,0,0,0,0,0,0,0,0,0,0,0,0,0,0,0,0,0,0,0,0,0,0,0,0,0,0,0,0,0,0,0,0,0,0,0,1,0,0,0,0,0,0,0,0,0,0,0,0,0,0,0,0,0,0,0,0,0,0,0,0,0,0,0,0,0,0,0,0,0,0,0,0,0,0,0,0,0,0,0,0,0,0,0,0,0,0,0,0,0,0,0,0,0,0,0,0,0,0,0,0,0,0,0,0,0,0,0,0,0,0,0,0,0,0,0,0,0,0,0,0,0,0,0,0,0,0,0,0,0,0,0,0,0,0,0,0,0,0,0,0,0,0,0,0,0,0,0,0,0,0,0,0,0,0,0,0,0,0,0,0,0,0,0,0,0,0,0,0,0,0,0,0,0,0,0,0,0,0,0,0,0,0,0,0,Eukaryota;NA;NA;NA;Malawimonadidae;Malawimonas;Malawimonas jakobiformis
0,0.24009773313424732,0,0,0,0,0,0,0,0,0,0,0,0,0,0,0,0,0,0,0,0,0,0,0,0,0.798735606231655,0,0,0,0,0,0,0,0,0,0,0,0,0,0,0,0,0,0,0,0,0,0,0,0,0,0,0,0,0,0,0,0,0,0,0,0,0,0,1,0,0,0,0,0,0,0,0,0,0,0,0,0,0,0,0,0,0,0,0,0,0,0,0,0,0,0,0,0,0,0,0,0,0,0,0,0,0,0,0,0,0,0,0,0,0,0,0,0,0,0,0,0,0,0,0,0,0,0,0,0,0,0,0,0,0,0,0,0,0,0,0,0,0,0,0,0,0,0,0,0,0,0,0,0,0,0,0,0,0,0,0,0,0,0,0,0,0,0,0,0,0,0,0,0,0,0,0,0,0,0,0,0,0,0,0,0,0,0,0,0,0,0,0,0,0,0,0,0,0,0,0,0,0,0,0,0,0,0,0,0,0,0,0,0,Eukaryota;Arthropoda;Hexanauplia;Calanoida;Lucicutiidae;Lucicutia;Lucicutia polaris
0,0,0,0,0,0,0,0,0,0,0,0,0,0,0,0,0,0,0,0,0,0,0,0,0,0,0,0,0,0,0,0,0,0,0,0,0,0,0,0,0,0,0,0,0,0,0,0,0,0,0,0,0,0,0,0,0,0,0,0,0,0,0,0,0,1,0,0,0,0,0,0,0,0,0,0,0,0,0,0,0,0,0,0,0,0,0,0,0,0,0,0,0,0,0,0,0,0,0,0,0,0,0,0,0,0,0,0,0,0,0,0,0,0,0,0,0,0,0,0,0,0,0,0,0,0,0,0,0,0,0,0,0,0,0,0,0,0,0,0,0,0,0,0,0,0,0,0,0,0,0,0,0,0,0,0,0,0,0,0,0,0,0,0,0,0,0,0,0,0,0,0,0,0,0,0,0,0,0,0,0,0,0,0,0,0,0,0,0,0,0,0,0,0,0,0,0,0,0,0,0,0,0,0,0,0,0,0,0,0,0,Eukaryota;Echinodermata;Crinoidea;Hyocrinida;Hyocrinidae;Gephyrocrinus;Gephyrocrinus messingi
0,0,0,0,0,0,0,0,0,0,0,0,0,0,0,0,0,0,0,0,0,0,0,0,0,0,0,0,0,0,0,0,0,0,0,0,0,0,0,0,0,0,0,0,0,0,0,0,0,0,0,0,0,0,0,0,0,0,0,0,0,0,0,0,0,0,0,0,0,0,0,0,0,0,0,0,0,0,0,0,0,0,1,0,0,0,0,0,0,0,0,0,0,0,0,0,0,0,0,0,0,0,0,0,0,0,0,0,0,0,0,0,0,0,0,0,0,0,0,0,0,0,0,0,0,0,0,0,0,0,0,0,0,0,0,0,0,0,0,0,0,0,0,0,0,0,0,0,0,0,0,0,0,0,0,0,0,0,0,0,0,0,0,0,0,0,0,0,0,0,0,0,0,0,0,0,0,0,0,0,0,0,0,0,0,0,0,0,0,0,0,0,0,0,0,0,0,0,0,0,0,0,0,0,0,0,0,0,0,0,0,Eukaryota;Arthropoda;Insecta;Diptera;Chironomidae;Echinocladius;Echinocladius martini
0,0,0,0,0,0,0,0,0,0,0,0,0,0,0,0,0,0,0,0,0,0,0,0,0,0,0,0,0,0,0,0,0,0,0,0,0,0,0,0,0,0,0,0,0,0,0,0,0,0,0,0,0,0,0,0,0,0,0,0,0,0,0,0,0,0,0,0,0,0,0,0,0,0,0,0,0,0,0,0,0,0,0,0,0,0,0,1,0,0,0,0,0,0,0,0,0,0,0,0,0,0,0,0,0,0,0,0,0,0,0,0,0,0,0,0,0,0,0,0,0,0,0,0,0,0,0,0,0,0,0,0,0,0,0,0,0,0,0,0,0,0,0,0,0,0,0,0,0,0,0,0,0,0,0,0,0,0,0,0,0,0,0,0,0,0,0,0,0,0,0,0,0,0,0,0,0.30299955351706787,0,0,0,0,0,0,0,0,0,0,0,0,0,0,0,0,0,0,0,0,0,0,0,0,0,0,0,0,0,0,0,0,0,0,Eukaryota;Mollusca;Gastropoda;Pteropoda;Clionidae;Thliptodon;Thliptodon diaphanus
0,0,0,0,0,0,0,0,0,0,0,0,0,0,0,0,0,0,0,0,0,0,0,0,0,0,0,0,0,0,0,0,0,0,0,0,0,0,0,0,0,0,0,0,0,0,0,0,0,0,0,0,0,0,0,0,0,0,0,0,0,0,0,0,0,0,0,0,0,0,0,0,0,0,0,0,0,0,0,0,0,0,0,0,0,0,0,0,0,0,0,0,0,0,0,0,0,1,0,0,0,0,0,0,0,0,0,0,0,0,0,0,0,0,0,0,0,0,0,0,0,0,0,0,0,0,0,0,0,0,0,0,0,0,0,0,0,0,0,0,0,0,0,0,0,0,0,0,0,0,0,0,0,0,0,0,0,0,0,0,0,0,0,0,0,0,0,0,0,0,0,0,0,0,0,0,0,0,0,0,0,0,0,0,0,0,0,0,0,0,0,0,0,0,0,0,0,0,0,0,0,0,0,0,0,0,0,0,0,0,0,Eukaryota;Arthropoda;Insecta;Neuroptera;Chrysopidae;Nineta;Nineta inpunctata
0.005747602435199537,0.018557960478534113,0.08423896465051188,0,0.07828923715590724,0,0,0.019901377766912795,0,0,0,0,0,0,0,0,0,0,0,0,0,0,0.033869372900991145,0,0.06456969098838372,0,0,0,0,0.13066038595628693,0.09012887787287285,0.10143678204879124,0,0,0,0,0,0,0,0.10021934327824183,0.01931985838222573,0.32657509587755407,0,0,0,0,0.17005396632472228,0.2420560389436161,0.16529006044897476,0.13420353367725427,0.09356581314099621,0,0,0,0,0.004979965790828819,0.08452452294111026,0.056660655164060186,0.3660113332213783,0.41632423022435744,0,0,0,0,0,0,0,0,0,0,0.23309868941019116,0.09529347854031438,0,0,0,0,0,0,0,0.21687643493579756,0.3504331018433333,0,0.06382928232322856,0.13020940061393907,0,0,0,0,0,0,0,0.0624918271490622,0.5517667446923498,0.019183822072141185,0.027784800958178757,0.022910515209960906,0,0.01230403174771416,0,0,0,0.013064515328203795,0.01100416201173443,0.00547821379867933,0,0.013735699049202514,0,0,0,0,0.08288548229824008,0.030302656392348963,0,0,0.01918935727554681,0.0267135884529991,0.028139863603000203,0,0,0.023129883994106648,0,0.005580583986242513,0,0,0,0.09463141451164873,0.13247776230243385,0.14503996720487866,0.03743170492080216,0,0,0,0,0,0,0.041996282674575384,0.026116222871125184,0,0,0,0,0,0.03409999622011127,0,0,0,0,0.04226199838311299,0.05527688970374279,0,0,0,0.09242029002218317,0.09451310572622726,0.14059850943457897,0,0,0.045962186934728304,0.027950335167729497,0,0,0,0.014120833188254458,0.03811656486153698,0.03556898167009934,0,0,0,0.03969734398506399,0.016656915818245164,0,0.10669905091278693,0,0,0,0,0.1470987606018774,0,0,0,0,0,0.007093916959186598,0,0,0,0,0.7923746248893332,0.7738557203769282,1,0.9678884674963945,0.3035735016391834,0.3505292297526768,0.11683972143486208,0.1596427514428057,0,0,0,0,0,0,0.007026777418619013,0,0.055824204704280206,0,0,0,0,0,0,0,Eukaryota;Arthropoda;Hexanauplia;Calanoida;Mecynoceridae;Mecynocera;Mecynocera clausi
0,0,0,0,0,0,0,0,0,0,0,0,0,0,0,0,0,0,0,0,0,0,0,0,0,0,0,0,0,0,0,0,0,0,0,0,0,0,0,0,0,0,0,0,0,0,0,0,0,0,0,0,0,0,0,0,0,0,0,0,0,0,0,0,0,0,0,0,0,0,0,0,0,0,0,0,0,0,0,0,0,0,0,0,0,0,0,0,0,0,0,0,0,0,0,0,0,1,0,0,0,0,0,0,0,0,0,0,0,0,0,0,0,0,0,0,0,0,0,0,0,0,0,0,0,0,0,0,0,0,0,0,0,0,0,0,0,0,0,0,0,0,0,0,0,0,0,0,0,0,0,0,0,0,0,0,0,0,0,0,0,0,0,0,0,0,0,0,0,0,0,0,0,0,0,0,0,0,0,0,0,0,0,0,0,0,0,0,0,0,0,0,0,0,0,0,0,0,0,0,0,0,0,0,0,0,0,0,0,0,0,Eukaryota;Cnidaria;Hydrozoa;Leptothecata;Campanulariidae;NA;Campanulariidae sp. BMBM-0904
0,0,0,0,0,0,0,0,0,0,0,0,0,0,0,0,0,0,0,0,0,0,0,0,0,0,0,0,0,0,0,0,0,0,0,0,0,0,0,0,0,0,0,0,0,0,0,0,0,0,0,0,0,0,0,0,0,0,0,0,0,0,0,0,0,0,0,0,0,0,0,0,0,0,0,0,0,0,0,0,0,0,0,0,0,0,0,0,0,0,0,0,0,0,0,0,0,0,0,0,0,1,0,0,0,0,0,0,0,0,0,0,0,0,0,0,0,0,0,0,0,0,0,0,0,0,0,0,0,0,0,0,0,0,0,0,0,0,0,0,0,0,0,0,0,0,0,0,0,0,0,0,0,0,0,0,0,0,0,0,0,0,0,0,0,0,0,0,0,0,0,0,0,0,0,0,0,0,0,0,0,0,0,0,0,0,0,0,0,0,0,0,0,0,0,0,0,0,0,0,0,0,0,0,0,0,0,0,0,0,0,Eukaryota;Rhodophyta;Florideophyceae;Ceramiales;Rhodomelaceae;Laurencia;Laurencia sp.
0,0,0,0,0,0,0,0,0,0,0,0,0,0,0,0,0,0,0,0,0,0,0,0,0,0,0,0,0,0,0,0,0,0,0,0,0,0,0,0,0,0,0,0,0,0,0,0,0,0,0,0,0,0,0,0,0,0,0,0,0,0,0,0,0,0,0,0,0,0,0,0,0,0,0,0,0,0,0,0,0,0,0,0,0,0,0,0,0,0,0,0,0,0,0,0,0,0,0,0,0,0,0,0,0,0,0,0,0,0,0,0,0,0,0,0,0,0,0,0,0,0,0,0,0,1,0,0,0,0,0,0,0,0,0,0,0,0,0,0,0,0,0,0,0,0,0,0,0,0,0,0,0,0,0,0,0,0,0,0,0,0,0,0,0,0,0,0,0,0,0,0,0,0,0,0,0,0,0,0,0,0,0,0,0,0,0,0,0,0,0,0,0,0,0,0,0,0,0,0,0,0,0,0,0,0,0,0,0,0,0,Eukaryota;Ascomycota;Eurotiomycetes;Chaetothyriales;Herpotrichiellaceae;Cladophialophora;Cladophialophora bantiana
0,0,0,0,0,0,0,0,0,0,0,0,0,0,0,0,0,0,0,0,0,0,0,0,0,0,0,0,0,0,0,0,0,0,0,0,0,0,0,0,0,0,0,0,0,0,0,0,0,0,0,0,0,0,0,0,0,0,0,0,0,0,0,0,0,0,0,0,0,0,0,0,0,0,0,0,0,0,0,0,0,0,0,0,0,0,0,0,0,0,0,0,0,0,0,0,0,0,0,0,0,0,0,0,0,0,0,0,0,0,0,0,0,0,0,0,0,0,0,0,0,0,0,0,0,0,0,0,0,0,0,0,0,0,0,0,0,0,0,0,0,0,0,0,0,0,1,0,0,0,0,0,0,0,0,0,0,0,0,0,0,0,0,0,0,0,0,0,0,0,0,0,0,0,0,0,0,0,0,0,0,0,0,0,0,0,0,0,0,0,0,0,0,0,0,0,0,0,0,0,0,0,0,0,0,0,0,0,0,0,0,Eukaryota;Arthropoda;Hexanauplia;Pedunculata;Lepadidae;Lepas;
0,0,0,0,0,0,0,0,0,0,0,0,0,0,0,0,0,0,0,0,0,0,0,0,0,0,0,0,0,0,0,0,0,0,0,0,0,0,0,0,0,0,0,0,0,0,0,0,0,0,0,0,0,0,0,0,0,0,0,0,0,0,0,0,0,0,0,0,0,0,0,0,0,0,0,0,0,0,0,0,0,0,0,0,0,0,0,0,0,0,0,0,0,0,0,0,0,0,0,0,0,0,0,0,0,0,0,0,0,0,0,0,0,0,0,0,0,0,0,0,0,0,0,0,0,0,0,0,0,0,0,0,0,0,0,0,0,0,0,0,0,0,0,0,0,0,1,0,0,0,0,0,0,0,0,0,0,0,0,0,0,0,0,0,0,0,0,0,0,0,0,0,0,0,0,0,0,0,0,0,0,0,0,0,0,0,0,0,0,0,0,0,0,0,0,0,0,0,0,0,0,0,0,0,0,0,0,0,0,0,0,Eukaryota;NA;Oomycetes;Pythiales;Pythiaceae;Pythium;Pythium sp. OPU812
0,0,0,0,0,0,0,0,0,0,0,0,0,0,0,0,0,0,0,0,0,0,0,0,0,0,0,0,0,0,0,0,0,0,0,0,0,0,0,0,0,0,0,0,0,0,0,0,0,0,0,0,0,0,0,0,0,0,0,0,0,0,0,0,0,0,0,0,0,0,0,0,0,0,0,0,0,0,0,0,0,0,0,0,0,0,0,0,0,0,0,0,0,0,0,0,0,0,0,0,0,0,0,0,0,0,0,0,0,0,0,0,0,0,0,0,0,0,0,0,0,0,0,0,0,0,0,0,0,0,0,0,0,0,0,0,0,0,0,0,0,0,0,0,0,0,0,0,0,1,0,0,0,0,0,0,0,0,0,0,0,0,0,0,0,0,0,0,0,0,0,0,0,0,0,0,0,0,0,0,0,0,0,0,0,0,0,0,0,0,0,0,0,0,0,0,0,0,0,0,0,0,0,0,0,0,0,0,0,0,0,Eukaryota;Annelida;Polychaeta;Terebellida;Pectinariidae;Pectinaria;Pectinaria aff. granulata CMC01
0,0,0,0,0,0,0,0,0,0,0,0,0,0,0,0,0,0,0,0,0,0,0,0,0,0,0,0,0,0,0,0,0,0,0,0,0,0,0,0,0,0,0,0,0,0,0,0,0,0,0,0,0,0,0,0,0,0,0,0,0,0,0,0,0,0,0,0,0,0,0,0,0,0,0,0,0,0,0,0,0,0,0,0,0,0,0,0,0,0,0,0,0,0,0,0,0,0,0,0,0,0,0,0,0,0,0,0,0,0,0,0,0,0,0,0,0,0,0,0,0,0,0,0,0,0,0,0,0,0,0,0,0,0,0,0,0,0,0,0,0,0,0,0,0,0,0,0,0,0,0,0,0,0,0,0,1,0,0,0,0,0,0,0,0,0,0,0,0,0,0,0,0,0,0,0,0,0,0,0,0,0,0,0,0,0,0,0,0,0,0,0,0,0,0,0,0,0,0,0,0,0,0,0,0,0,0,0,0,0,0,Eukaryota;Annelida;Polychaeta;NA;Sabellariidae;Neosabellaria;Neosabellaria cementarium
0,0,0,0,0,0.030844128180665165,0,0,0,0,0,0,0,0,0,0,0,0,0,0,0,0,0,0,0,0,0,0,0,0,0,0,0,0,0,0,0,0,0,0,0,0,0,0,0,0,0,0,0,0,0,0,0,0,0,0,0,0,0,0,0,0,0,0.16522191672342906,0,0,0,0,0,0,0,0,0,0,0,0,0,0,0,0.09525209709882651,0,0,0,0,0,0,0,0,0,0,0,0,0,0,0,0,0,0,0,0,0,0,0,0,0,0.04599059490651241,0.13259222790656744,0,0,0,0,0,0,0,0,0,0,0.29740497239809055,0,0.6798924454155946,0.5282712506019815,0,0,0,0,0.8546609498343326,0.7858099877412301,1,0,0,0,0,0,0,0.09940789067785337,0.038118301127043966,0,0,0,0,0,0,0,0,0,0,0,0,0,0,0,0,0,0,0,0,0,0,0,0,0,0,0,0,0,0,0,0,0,0,0,0,0,0,0,0,0,0,0,0,0,0,0,0,0,0,0,0,0,0,0.23341728162453548,0.7173859905752157,0,0,0,0,0,0,0,0,0,0,0,0,0,0,0,0,0,0,0,Eukaryota;Arthropoda;Malacostraca;Decapoda;Lithodidae;Acantholithodes;Acantholithodes hispidus
0,0,0,0,0,0,0,0,0,0,0,0,0,0,0,0,0,0,0,0,0,0,0,0,0,0,0,0,0,0,0,0,0,0,0,0,0,0,0,0,0,0,0,0,0,0,0,0,0,0,0,0,0,0,0,0,0,0,0,0,0,0,0,0,0,0,0,0,0,0,0,0,0,0,0,0,0,0,0,0,0,0,0,0,0,0,0,0,0,0,0,0,0,0,0,0,0,0,0,0,0,0,0,0,0,0,0,0,0,0,0,0,0,0,0,0,0,0,0,0,0,0,0,0,0,0,0,0,0,0,0,0,0,0,0,0,0,0,0,0,0,0,0,0,0,0,0,0,0,0,0,0,0,0,0,0,1,0,0,0,0,0,0,0,0,0,0,0,0,0,0,0,0,0,0,0,0,0,0,0,0,0,0,0,0,0,0,0,0,0,0,0,0,0,0,0,0,0,0,0,0,0,0,0,0,0,0,0,0,0,0,Eukaryota;Mollusca;Gastropoda;Littorinimorpha;Stenothyridae;Stenothyra;Stenothyra gelasinosa
0,0,0,0,0,0,0,0,0,0,0,0,0,0,0,0,0,0,0,0,0,0,0,0,0,0,0,0,0,0,0,0,0,0,0,0,0,0,0,0,0,0,0,0,0,0,0,0,0,0,0,0,0,0,0,0,0,0,0,0,0,0,0,0,0,0,0,0,0,0,0,0,0,0,0,0,0,0,0,0,0,0,0,0,0,0,0,0,0,0,0,0,0,0,0,0,0,0,0,0,0,0,0,0,0,0,0,0,0,0,0,0,0,0,0,0,0,0,0,0,0,0,0,0,0,0,0,0,0,0,0,0,0,0,0,0,0,0,0,0,0,0,0,0,0,0,0,0,0,0,0,0,0,0,0,0,0,0,0,0,0,0,0,0,0,0,0,1,0,0,0,0,0,0,0,0,0,0,0,0,0,0,0,0,0,0,0,0,0,0,0,0,0,0,0,0,0,0,0,0,0,0,0,0,0,0,0,0,0,0,0,Eukaryota;;Phaeophyceae;Ectocarpales;Chordariaceae;;Chordariaceae sp. 21 AP-2014
0,0,0,0,0,0,0,0,0,0,0,0,0,0,0,0,0,0,0,0,0,0,0,0,0,0,0,0,0,0,0,0,0,0,0,0,0,0,0,0,0,0,0,0,0,0,0,0,0,0,0,0,0,0,0,0,0,0,0,0,0,0,0,0,0,0,0,0,0,0,0,0,0,0,0,0,0,0,0,0,0,0,0,0,0,0,0,0,0,0,0,0,0,0,0,0,0,0,0,0,0,0,0,0,0,0,0,0,0,0,0,0,0,0,0,0,0,0,0,0,0,0,0,0,0,0,0,0,0,0,0,0,0,0,0,0,0,0,0,0,0,0,0,0,0,0,0,0,0,0,0,0,0,0,0,0,0,0,0,0,0,0,0,0,0,0,0,0,0,0,1,0,0,0,0,0,0,0,0,0,0,0,0,0,0,0,0,0,0,0,0,0,0,0,0,0,0,0,0,0,0,0,0,0,0,0,0,0,0,0,0,Eukaryota;Arthropoda;Malacostraca;Decapoda;Porcellanidae;Petrolisthes;Petrolisthes armatus
0,0,0.18789602877095501,0,0,0,0,0,0,0,0,0,0,0,0,0,0,0,0,0,0,0,0,0,0,0,0,0,0,0,0,0,0,0,0,0,0,0,0,0,0,0,0,0,0,0,0,0,0,0,0,0,0,0,0,0,0,0,0,0,0,0,0,0,0,0,0,0,0,0,0,0,0,0,0,0,0,0,0,0,0,0,0,0,0,0,0,0,0,0,0,0,0,0,0,0,0,0,0,0,0,0,0,0,0,0,0,0,0,0,0,0,0,0,0,0,0,0,0,0,0,0,0,0,0,0,0,0,0,0,0,0,0,0,0,0,0,0,0,0,0,0,0,0,0,0,0,0,0,0,0,0,0,0,0,0,0,0,0,0,0,0,0,0,0,0,0,0,0,0,0,0,1,0,0,0,0,0,0,0,0,0,0,0,0,0,0,0,0,0,0,0,0,0,0,0,0,0,0,0,0,0,0,0,0,0,0,0,0,0,0,Eukaryota;Arthropoda;Insecta;Hymenoptera;NA;NA;Hymenoptera sp. BIOUG25742-B05
0,0,0,0,0,0,0,0,0,0,0,0,0,0,0,0,0,0,0,0,0,0,0,0,0,0,0,0,0,0,0,0,0,0,0,0,0,0,0,0,0,0,0,0,0,0,0,0,0,0,0,0,0,0,0,0,0,0,0,0,0,0,0,0,0,0,0,0,0,0,0,0,0,0,0,0,0,0,0,0,0,0,0,0,0,0,0,0,0,0,0,0,0,0,0,0,0,0,0,0,0,0,0,0,0,0,0,0,0,0,0,0,0,0,0,0,0,0,0,0,0,0,0,0,0,0,0,0,0,0,0,0,0,0,0,0,0,0,0,0,0,0,0,0,0,0,0,0,0,0,0,0,0,0,0,0,0,0,0,0,0,0,0,0,0,0,0,0,0,0,0,0,1,0,0,0,0,0,0,0,0,0,0,0,0,0,0,0,0,0,0,0,0,0,0,0,0,0,0,0,0,0,0,0,0,0,0,0,0,0,0,Eukaryota;Cnidaria;Scyphozoa;Semaeostomeae;Pelagiidae;Pelagia;
0,0,0,0,0,0,0,0,0,0,0,0,0,0,0,0,0,0,0,0,0,0,0,0,0,0,0,0,0,0,0,0,0,0,0,0,0,0,0,0,0,0,0,0,0,0,0,0,0,0,0,0,0,0,0,0,0,0,0,0,0,0,0,0,0,0,0,0,0,0,0,0,0,0,0,0,0,0,0,0,0,0,0,0,0,0,0,0,0,0,0,0,0,0,0,0,0,0,0,0,0,0,0,0,0,0,0,0,0,0,0,0,0,0,0,0,0,0,0,0,0,0,0,0,0,0,0,0,0,0,0,0,0,0,0,0,0,0,0,0,0,0,0,0,0,0,0,0,0,0,0,0,0,0,0,0,0,0,0,0,0,0,0,0,0,0,0,0,0,0,0,0,1,0,0,0,0,0,0,0,0,0,0,0,0,0,0,0,0,0,0,0,0,0,0,0,0,0,0,0,0,0,0,0,0,0,0,0,0,0,0,Eukaryota;Mollusca;Polyplacophora;NA;NA;NA;Polyplacophora sp. KSA_1155
0,0,0,0,0,0,0,0,0,0,0,0,0,0,0,0,0,0,0,0,0,0,0,0,0,0,0,0,0,0,0,0,0,0,0,0,0,0,0,0,0,0,0,0,0,0,0,0,0,0,0,0,0,0,0,0,0,0,0,0,0,0,0,0,0,0,0,0,0,0,0,0,0,0,0,0,0,0,0,0,0,0,0,0,0,0,0,0,0,0,0,0,0,0,0,0,0,0,0,0,0,0,0,0,0,0,0,0,0,0,0,0,0,0,0,0,0,0,0,0,0,0,0,0,0,0,0,0,0,0,0,0,0,0,0,0,0,0,0,0,0,0,0,0,0,0,0,0,0,0,0,0,0,0,0,0,0,0,0,0,0,0,0,0,0,0,0,0,0,0,0,0,1,0,0,0,0,0,0,0,0,0,0,0,0,0,0,0,0,0,0,0,0,0,0,0,0,0,0,0,0,0,0,0,0,0,0,0,0,0,0,Eukaryota;Ascomycota;Leotiomycetes;Helotiales;Helotiaceae;Cairneyella;Cairneyella variabilis
0,0,0,0,0,0,0,0,0,0,0,0,0,0,0,0,0,0,0,0,0,0,0,0,0,0,0,0,0,0,0,0,0,0,0,0,0,0,0,0,0,0,0,0,0,0,0,0,0,0,0,0,0,0,0,0,0,0,0,0,0,0,0,0,0,0,0,0,0,0,0,0,0,0,0,0,0,0,0,0,0,0,0,0,0,0,0,0,0,0,0,0,0,0,0,0,0,0,0,0,0,0,0,0,0,0,0,0,0,0,0,0,0,0,0,0,0,0,0,0,0,0,0,0,0,0,0,0,0,0,0,0,0,0,0,0,0,0,0,0,0,0,0,0,0,0,0,0,0,0,0,0,0,0,0,0,0,0,0,0,0,0,0,0,0,0,0,0,0,0,0,0,0,0,0,0,0,0,1,0,0,0,0,0,0,0,0,0,0,0,0,0,0,0,0,0,0,0,0,0,0,0,0,0,0,0,0,0,0,0,0,Eukaryota;Cnidaria;Scyphozoa;Semaeostomeae;Pelagiidae;Chrysaora;Chrysaora sp. 6 LGD-2017
0,0,0,0,0,0,0,0,0,0,0,0,0,0,0,0,0,0,0,0,0,0,0,0,0,0,0,0,0,0,0,0,0,0,0,0,0,0,0,0,0,0,0,0,0,0,0,0,0,0,0,0,0,0,0,0,0,0,0,0,0,0,0,0,0,0,0,0,0,0,0,0,0,0,0,0,0,0,0,0,0,0,0,0,0,0,0,0,0,0,0,0,0,0,0,0,0,0,0,0,0,0,0,0,0,0,0,0,0,0,0,0,0,0,0,0,0,0,0,0,0,0,0,0,0,0,0,0,0,0,0,0,0,0,0,0,0,0,0,0,0,0,0,0,0,0,0,0,0,0,0,0,0,0,0,0,0,0,0,0,0,0,0,0,0,0,0,0,0,0,0,0,0,0,0,0,0,0,1,0,0,0,0,0,0,0,0,0,0,0,0,0,0,0,0,0,0,0,0,0,0,0,0,0,0,0,0,0,0,0,0,Eukaryota;Mollusca;Gastropoda;NA;Cerithiidae;Zeacumantus;Zeacumantus lutulentus
0,0,0,0,0,0,0,0,0,0,0,0,0,0,0,0,0,0,0,0,0,0,0,0,0,0,0,0,0,0,0,0,0,0,0,0,0,0,0,0,0,0,0,0,0,0,0,0,0,0,0,0,0,0,0,0,0,0,0,0,0,0,0,0,0,0,0,0,0,0,0,0,0,0,0,0,0,0,0,0,0,0,0,0,0,0,0,0,0,0,0,0,0,0,0,0,0,0,0,0,0,0,0,0,0,0,0,0,0,0,0,0,0,0,0,0,0,0,0,0,0,0,0,0,0,0,0,0,0,0,0,0,0,0,0,0,0,0,0,0,0,0,0,0,0,0,0,0,0,0,0,0,0,0,0,0,0,0,0,0,0,0,0,0,0,0,0,0,0,0,0,0,0,0,0,0,0,0,0,0,0,1,0,0,0,0,0,0,0,0,0,0,0,0,0,0,0,0,0,0,0,0,0,0,0,0,0,0,0,0,0,Eukaryota;Mollusca;Gastropoda;Neogastropoda;Nassariidae;Reticunassa;Reticunassa rotunda
0.03808446332209611,0,0,0,0,0,0,0,0,0.17921036177183372,0,0.02766574347231921,0,0.5602788727077481,0,0,0,0,0,0,0,0,0,0,0,0,0,0.19913553592984684,0,0,0,0,0,0,0,0,0,0,0,0,0,0,0,0,0,0.4072442393188474,0.026647361563234016,0,0,0,0,0,0,0,0,0,0,0,0,0,0,0,0,0,0,0,0,0,0,0,0,0,0,0,0,0,0,0,0,0,0,0,0,0,0,0,0,0,0,0,0,0,0,0,0,0,0,0,0,0,0,0,0,0,0,0,0.04081750489788698,0,0,0,0,0,0,0,0,0,0,0,0,0,0.0073180921798253135,0,0,0,0.2996211677767714,0,0,0,0,0,0,0,0,0,0,0,0,0,0,0,0,0,0,0,0,0,0,0,0,0,0,0,0,0,0,0,0,0,0,0,0,0,0,0,0,0,0,0,0,0,0,0,0,0,0,1,0.5114246931285892,0.7225998332710247,0,0.022750653050913228,0,0,0,0,0,0,0,0,0,0,0,0,0,0,0,0,0,0,0,0,0,0,0,0,0,0,0,0,0,0,0.1358974386804262,Eukaryota;Mollusca;Cephalopoda;Teuthida;Ommastrephidae;Todaropsis;Todaropsis eblanae
0,0.5007737206461246,0,0,0,0,0,0,0,0,0,0,0,0,0,0,0,0,0,0,0,0,0,0,0,0,0,0,0,0,0,0,0,0,0,0,0,0,0,0,0,0,0,0,0,0,0,0,0,0,0,0,0,0,0,0,0,0,0,0,0,0,0,0,0,0,0,0,0,0,0,1,0,0,0,0,0,0,0,0,0,0,0,0,0,0,0,0,0,0,0,0,0,0,0,0,0,0,0,0,0,0,0,0,0,0,0,0,0,0,0,0,0,0,0,0,0,0,0,0,0,0,0,0,0,0,0,0,0,0,0,0,0,0,0,0,0,0,0,0,0,0,0,0,0,0,0,0,0,0,0,0,0,0,0,0,0,0,0,0,0,0,0,0,0,0,0,0,0,0,0,0,0,0,0,0,0,0,0,0,0,0,0,0,0,0,0,0,0,0,0,0,0,0,0,0,0,0,0,0,0,0,0,0,0,0,0,0,0,0,0,Eukaryota;Arthropoda;Hexanauplia;Calanoida;Aetideidae;Euchirella;Euchirella bitumida
0,0,0,0,0,0,0,1,0,0,0,0,0,0,0,0,0,0,0,0,0,0,0,0,0,0,0,0,0,0,0,0,0,0,0,0,0,0,0,0,0,0,0,0,0,0,0,0,0,0,0,0,0,0,0,0,0,0,0,0,0,0,0,0,0,0,0,0,0,0,0,0,0,0,0,0,0,0,0,0,0,0,0,0,0,0,0,0,0,0,0,0,0,0,0,0,0,0,0,0,0,0,0,0,0,0,0,0,0,0,0,0,0,0,0,0,0,0,0,0,0,0,0,0,0,0,0,0,0,0,0,0,0,0,0,0,0,0,0,0,0,0,0,0,0,0,0,0,0,0,0,0,0,0,0,0,0,0,0,0,0,0,0,0,0,0,0,0,0,0,0,0,0,0,0,0,0,0,0,0,0,0,0,0,0,0,0,0,0,0,0,0,0,0,0,0,0,0,0,0,0,0,0,0,0,0,0,0,0,0,0,Bacteria;Proteobacteria;Alphaproteobacteria;Pelagibacterales;Pelagibacteraceae;Candidatus Pelagibacter;Candidatus Pelagibacter sp. RS39
0,0,0,0,0,0,0,0,0,0,1,0,0,0,0,0,0,0,0,0,0,0,0,0,0,0,0,0,0,0,0,0,0,0,0,0,0,0,0,0,0,0,0,0,0,0,0,0,0,0,0,0,0,0,0,0,0,0,0,0,0,0,0,0,0,0,0,0,0,0,0,0,0,0,0,0,0,0,0,0,0,0,0,0,0,0,0,0,0,0,0,0,0,0,0,0,0,0,0,0,0,0,0,0,0,0,0,0,0,0,0,0,0,0,0,0,0,0,0,0,0,0,0,0,0,0,0,0,0,0,0,0,0,0,0,0,0,0,0,0,0,0,0,0,0,0,0,0,0,0,0,0,0,0,0,0,0,0,0,0,0,0,0,0,0,0,0,0,0,0,0,0,0,0,0,0,0,0,0,0,0,0,0,0,0,0,0,0,0,0,0,0,0,0,0,0,0,0,0,0,0,0,0,0,0,0,0,0,0,0,0,Eukaryota;Arthropoda;Insecta;Psocoptera;NA;NA;Psocoptera sp. BOLD:AAN8449
0,0,0,0,0,0,0,0,0,0,0,0,0,0,0,0,0,0,0,0,0,0,0,0,0,0,0,0,0,0,0,0,0,0,0,1,0,0,0,0,0,0,0,0,0,0,0,0,0,0,0,0,0,0,0,0,0,0,0,0,0,0,0,0,0,0,0,0,0,0,0,0,0,0,0,0,0,0,0,0,0,0,0,0,0,0,0,0,0,0,0,0,0,0,0,0,0,0,0,0,0,0,0,0,0,0,0,0,0,0,0,0,0,0,0,0,0,0,0,0,0,0,0,0,0,0,0,0,0,0,0,0,0,0,0,0,0,0,0,0,0,0,0,0,0,0,0,0,0,0,0,0,0,0,0,0,0,0,0,0,0,0,0,0,0,0,0,0,0,0,0,0,0,0,0,0,0,0,0,0,0,0,0,0,0,0,0,0,0,0,0,0,0,0,0,0,0,0,0,0,0,0,0,0,0,0,0,0,0,0,0,Eukaryota;Mollusca;Gastropoda;;Potamididae;Cerithidea;Cerithidea cingulata
0,0,0,0,0,0,0,0,0,0,0,0,0,0,0,0,0,0,0,0,0,0,0,0,0,0,0,0,0,0,0,0,0,0,0,0,0,0,0,0,0,0,0,0,0,0,0,1,0,0,0,0,0,0,0,0,0,0,0,0,0,0,0,0,0,0,0,0,0,0,0,0,0,0,0,0,0,0,0,0,0,0,0,0,0,0,0,0,0,0,0,0,0,0,0,0,0,0,0,0,0,0,0,0,0,0,0,0,0,0,0,0,0,0,0,0,0,0,0,0,0,0,0,0,0,0,0,0,0,0,0,0,0,0,0,0,0,0,0,0,0,0,0,0,0,0,0,0,0,0,0,0,0,0,0,0,0,0,0,0,0,0,0,0,0,0,0,0,0,0,0,0,0,0,0,0,0,0,0,0,0,0,0,0,0,0,0,0,0,0,0,0,0,0,0,0,0,0,0,0,0,0,0,0,0,0,0,0,0,0,0,Eukaryota;Arthropoda;Malacostraca;Decapoda;Upogebiidae;Upogebia;Upogebia africana
0,0,0,0,0,0,0,0,0,0,0,0,0,0,0,0,0,0,0,0,0,0,0,0,0,0,0,0,0,0,0,0,0,0,0,0,0,0,0,0,0,0,0,0,0,0,0,1,0,0,0,0,0,0,0,0,0,0,0,0,0,0,0,0,0,0,0,0,0,0,0,0,0,0,0,0,0,0,0,0,0,0,0,0,0,0,0,0,0,0,0,0,0,0,0,0,0,0,0,0,0,0,0,0,0,0,0,0,0,0,0,0,0,0,0,0,0,0,0,0,0,0,0,0,0,0,0,0,0,0,0,0,0,0,0,0,0,0,0,0,0,0,0,0,0,0,0,0,0,0,0,0,0,0,0,0,0,0,0,0,0,0,0,0,0,0,0,0,0,0,0,0,0,0,0,0,0,0,0,0,0,0,0,0,0,0,0,0,0,0,0,0,0,0,0,0,0,0,0,0,0,0,0,0,0,0,0,0,0,0,0,Eukaryota;;Oomycetes;Peronosporales;Peronosporaceae;Phytophthora;Phytophthora frigida
0,0,0,0,0,0,0,0,0,0,0,0,0,0,0,0,0,0,0,0,0,0,0,0,0,0,0,0,0,0,0,0,0,0,0,0,0,0,0,0,0,0,0,0,0,0,0,1,0,0,0,0,0,0,0,0,0,0,0,0,0,0,0,0,0,0,0,0,0,0,0,0,0,0,0,0,0,0,0,0,0,0,0,0,0,0,0,0,0,0,0,0,0,0,0,0,0,0,0,0,0,0,0,0,0,0,0,0,0,0,0,0,0,0,0,0,0,0,0,0,0,0,0,0,0,0,0,0,0,0,0,0,0,0,0,0,0,0,0,0,0,0,0,0,0,0,0,0,0,0,0,0,0,0,0,0,0,0,0,0,0,0,0,0,0,0,0,0,0,0,0,0,0,0,0,0,0,0,0,0,0,0,0,0,0,0,0,0,0,0,0,0,0,0,0,0,0,0,0,0,0,0,0,0,0,0,0,0,0,0,0,Eukaryota;Arthropoda;Malacostraca;Amphipoda;Scinidae;Scina;Scina borealis
0,0,0,0,0,0,0,0,0,0,0,0,0,0,0,0,0,0,0,0,0,0,0,0,0,0,0,0,0,0,0,0,0,0,0,0,0,0,0,0,0,0,0,0,0,0,0,0,0,0,0,0,0,0,0,0,0,0,0,0,0,0,0,0,0,0,1,0,0,0,0,0,0,0,0,0,0,0,0,0,0,0,0,0,0,0,0,0,0,0,0,0,0,0,0,0,0,0,0,0,0,0,0,0,0,0,0,0,0,0,0,0,0,0,0,0,0,0,0,0,0,0,0,0,0,0,0,0,0,0,0,0,0,0,0,0,0,0,0,0,0,0,0,0,0,0,0,0,0,0,0,0,0,0,0,0,0,0,0,0,0,0,0,0,0,0,0,0,0,0,0,0,0,0,0,0,0,0,0,0,0,0,0,0,0,0,0,0,0,0,0,0,0,0,0,0,0,0,0,0,0,0,0,0,0,0,0,0,0,0,0,Eukaryota;Arthropoda;Insecta;Plecoptera;Perlidae;Paragnetina;Paragnetina media
0,0,0,0,0,0,0,0,0,0,0,0,0,0,0,0,0,0,0,0,0,0,0,0,0,0,0,0,0,0,0,0,0,0,0,0,0,0,0,0,0,0,0,0,0,0,0,0,0,0,0,0,0,0,0,0,0,0,0,0,0,0,0,0,0,0,0,0,0,0,0,0,0,0,0,0,0,1,0,0,0,0,0,0,0,0,0,0,0,0,0,0,0,0,0,0,0,0,0,0,0,0,0,0,0,0,0,0,0,0,0,0,0,0,0,0,0,0,0,0,0,0,0,0,0,0,0,0,0,0,0,0,0,0,0,0,0,0,0,0,0,0,0,0,0,0,0,0,0,0,0,0,0,0,0,0,0,0,0,0,0,0,0,0,0,0,0,0,0,0,0,0,0,0,0,0,0,0,0,0,0,0,0,0,0,0,0,0,0,0,0,0,0,0,0,0,0,0,0,0,0,0,0,0,0,0,0,0,0,0,0,Eukaryota;Mollusca;Gastropoda;NA;Potamididae;Lampanella;Lampanella minima
0,0,0,0,0,0,0,0,0,0,0,0,0,0,0,0,0,0,0,0,0,0,0,0,0,0,0,0,0,0,0,0,0,0,0,0,0,0,0,0,0,0,0,0,0,0,0,0,0,0,0,0,0,0,0,0,0,0,0,0,0,0,0,0,0,0,0,0,0,0,0,0,0,0,0,0,0,1,0,0,0,0,0,0,0,0,0,0,0,0,0,0,0,0,0,0,0,0,0,0,0,0,0,0,0,0,0,0,0,0,0,0,0,0,0,0,0,0,0,0,0,0,0,0,0,0,0,0,0,0,0,0,0,0,0,0,0,0,0,0,0,0,0,0,0,0,0,0,0,0,0,0,0,0,0,0,0,0,0,0,0,0,0,0,0,0,0,0,0,0,0,0,0,0,0,0,0,0,0,0,0,0,0,0,0,0,0,0,0,0,0,0,0,0,0,0,0,0,0,0,0,0,0,0,0,0,0,0,0,0,0,Eukaryota;NA;Chrysophyceae;Chromulinales;Chromulinaceae;Pedospumella;Pedospumella encystans
0,0,0,0.06027630516543089,0.04123722467217899,0.08661235090031731,0,0,0,0.23412798533532098,0.026504830930534927,0.11930766219140468,0,0,0,0,0,0,0,0,0,0,0.07237358190062458,0,0,0,0,0,0,0,0,0,0.02022824872051297,0.04382458948699256,0,0,0,0,0,0,0,0,0,0,0,0,0,0,0,0,0.021561681231743488,0,0,0,0.03818269641835958,0.02409966907534533,0.3240459200462228,0.07834265170259593,0.017301562982323333,0,0,0,0,0,0,0,0,0,0,0,0,0,0,0,0,0,0,0,0,0,0,0,0,0,0,0,0,0,0,0,0,0,0,0.028875078461384693,0.033848532239136295,0,0,0.28920982304709825,0.045485450634806836,0,0,0,0,0,0.02312542242935972,0.09685847304935795,0.20441523037923084,0,0,0.053405936995718016,0,0.14963712149458527,0.2544039819540161,0,0,0.018057560281559606,0.023792648510292898,0.6966883440057603,0,0.5258248276230212,1,0,0,0.2565829311089082,0.050915555338772456,0,0,0,0,0,0,0.1376492190630518,0,0,0,0.020987982234740563,0,0,0,0,0,0,0,0,0,0,0,0,0,0,0,0,0,0,0,0,0,0,0,0,0,0,0,0,0,0,0,0,0,0,0,0,0,0.0823565478557024,0,0,0,0,0,0,0,0,0,0,0,0,0,0,0,0,0,0,0,0,0,0,0,0,0,0,0,0,0,0,0,0,0,0,0,0,0,Eukaryota;Echinodermata;Asteroidea;Forcipulatida;Asteriidae;Pisaster;Pisaster giganteus
0,0,0,0,0,0,0,0,0,0,0,0,0,0,0,0,0,0,0,0,0,0,0,0,0,0,0,0,0,0,0,0,0,0,0,0,0,0,0,0,0,0,0,0,0,0,0,0,0,0,0,0,0,0,0,0,0,0,0,0,0,0,0,0,0,0,0,0,0,0,0,0,0,0,0,0,0,0,0,1,0,0,0,0,0,0,0,0,0,0,0,0,0,0,0,0,0,0,0,0,0,0,0,0,0,0,0,0,0,0,0,0,0,0,0,0,0,0,0,0,0,0,0,0,0,0,0,0,0,0,0,0,0,0,0,0,0,0,0,0,0,0,0,0,0,0,0,0,0,0,0,0,0,0,0,0,0,0,0,0,0,0,0,0,0,0,0,0,0,0,0,0,0,0,0,0,0,0,0,0,0,0,0,0,0,0,0,0,0,0,0,0,0,0,0,0,0,0,0,0,0,0,0,0,0,0,0,0,0,0,0,Eukaryota;Mollusca;Bivalvia;Mytiloida;Mytilidae;Mytilus;Mytilus galloprovincialis
0,0,0,0,0,0,0,0,0,0,0,0,0,0,0,0,0,0,0,0,0,0,0,0,0,0,0,0,0,0,0,0,0,0,0,0,0,0,0,0,0,0,0,0,0,0,0,0,0,0,0,0,0,0,0,0,0,0,0,0,0,0,0,0,0,0,0,0,0,0,0,0,0,0,0,0,0,0,0,0,0,0,0,0,0,0,0,0,0,0,0,0,0,1,0,0,0,0,0,0,0,0,0,0,0,0,0,0,0,0,0,0,0,0,0,0,0,0,0,0,0,0,0,0,0,0,0,0,0,0,0,0,0,0,0,0,0,0,0,0,0,0,0,0,0,0,0,0,0,0,0,0,0,0,0,0,0,0,0,0,0,0,0,0,0,0,0,0,0,0,0,0,0,0,0,0,0,0,0,0,0,0,0,0,0,0,0,0,0,0,0,0,0,0,0,0,0,0,0,0,0,0,0,0,0,0,0,0,0,0,0,Eukaryota;Echinodermata;Holothuroidea;Dendrochirotida;Psolidae;Psolus;Psolus dubiosus complex sp. FM-2010
0,0,0,0,0,0,0,0,0,0,0,0,0,0,0,0,0,0,0,0,0,0,0,0,0,0,0,0,0,0,0,0,0,0,0,0,0,0,0,0,0,0,0,0,0,0,0,0,0,0,0,0,0,0,0,0,0,0,0,0,0,0,0,0,0,0,0,0,0,0,0,0,0,0,0,0,0,0,0,0,0,0,0,0,0,0,0,0,0,0,0,0,0,1,0,0,0,0,0,0,0,0,0,0,0,0,0,0,0,0,0,0,0,0,0,0,0,0,0,0,0,0,0,0,0,0,0,0,0,0,0,0,0,0,0,0,0,0,0,0,0,0,0,0,0,0,0,0,0,0,0,0,0,0,0,0,0,0,0,0,0,0,0,0,0,0,0,0,0,0,0,0,0,0,0,0,0,0,0,0,0,0,0,0,0,0,0,0,0,0,0,0,0,0,0,0,0,0,0,0,0,0,0,0,0,0,0,0,0,0,0,Eukaryota;Arthropoda;Insecta;Psocoptera;Archipsocidae;Pararchipsocus;Pararchipsocus sp. 3.2.2004.5
0,0,0,0,0,0,0,0,0,0,0,0,0,0,0,0,0,0,0,0,0,0,0,0,0,0,0,0,0,0,0,0,0,0,0,0,0,0,0,0,0,0,0,0,0,0,0,0,0,0,0,0,0,0,0,0,0,0,0,0,0,0,0,0,0,0,0,0,0,0,0,0,0,0,0,0,0,0,0,0,0,0,0,0,0,0,0,0,0,0,0,0,0,1,0,0,0,0,0,0,0,0,0,0,0,0,0,0,0,0,0,0,0,0,0,0,0,0,0,0,0,0,0,0,0,0,0,0,0,0,0,0,0,0,0,0,0,0,0,0,0,0,0,0,0,0,0,0,0,0,0,0,0,0,0,0,0,0,0,0,0,0,0,0,0,0,0,0,0,0,0,0,0,0,0,0,0,0,0,0,0,0,0,0,0,0,0,0,0,0,0,0,0,0,0,0,0,0,0,0,0,0,0,0,0,0,0,0,0,0,0,Eukaryota;Echinodermata;Ophiuroidea;Ophiurida;Amphiuridae;Amphiura;Amphiura belgicae
0,0,0,0,0,0,0,0,0,0,0,0,0,0,0,0,0,0,0,0,0,0,0,0,0,0,0,0,0,0,0,0,0,0,0,0,0,0,0,0,0,0,0,0,0,0,0,0,0,0,0,0,0,0,0,0,0,0,0,0,0,0,0,0,0,0,0,0,0,0,0,0,0,0,0,0,0,0,0,0,0,0,0,0,0,0,0,0,0,0,0,0,0,1,0,0,0,0,0,0,0,0,0,0,0,0,0,0,0,0,0,0,0,0,0,0,0,0,0,0,0,0,0,0,0,0,0,0,0,0,0,0,0,0,0,0,0,0,0,0,0,0,0,0,0,0,0,0,0,0,0,0,0,0,0,0,0,0,0,0,0,0,0,0,0,0,0,0,0,0,0,0,0,0,0,0,0,0,0,0,0,0,0,0,0,0,0,0,0,0,0,0,0,0,0,0,0,0,0,0,0,0,0,0,0,0,0,0,0,0,0,Eukaryota;NA;Synurophyceae;Parmales;Triparmaceae;Triparma;Triparma laevis
0,0,0,0,0,0,0,0,0,0,0,0,0,0,0,0,0,0,0,0,0,0,0,0,0,0,0,0,0,0,0,0,0,0,0,0,0,0,0,0,0,0,0,0,0,0,0,0,0,0,0,0,0,0,0,0,0,0,0,0,0,0,0,0,0,0,0,0,0,0,0,0,0,0,0,0,0,0,0,0,0,0,0,0,0,0,0,0,0,0,0,0,0,1,0,0,0,0,0,0,0,0,0,0,0,0,0,0,0,0,0,0,0,0,0,0,0,0,0,0,0,0,0,0,0,0,0,0,0,0,0,0,0,0,0,0,0,0,0,0,0,0,0,0,0,0,0,0,0,0,0,0,0,0,0,0,0,0,0,0,0,0,0,0,0,0,0,0,0,0,0,0,0,0,0,0,0,0,0,0,0,0,0,0,0,0,0,0,0,0,0,0,0,0,0,0,0,0,0,0,0,0,0,0,0,0,0,0,0,0,0,Eukaryota;Echinodermata;Ophiuroidea;Euryalida;Gorgonocephalidae;Gorgonocephalus;Gorgonocephalus pustulatum
0,0,0,0,0,0,0,0,0,0,0,0,0,0,0,0,0,0,0,0,0,0,0,0,0,0,0,0,0,0,0,0,0,0,0,0,0,0,0,0,0,0,0,0,0,0,0,0,0,0,0,0,0,0,0,0,0,0,0,0,0,0,0,0,0,0,0,0,0,0,0,0,0,0,0,0,0,0,0,0,0,0,0,0,0,0,0,0,0,0,0,0,0,1,0,0,0,0,0,0,0,0,0,0,0,0,0,0,0,0,0,0,0,0,0,0,0,0,0,0,0,0,0,0,0,0,0,0,0,0,0,0,0,0,0,0,0,0,0,0,0,0,0,0,0,0,0,0,0,0,0,0,0,0,0,0,0,0,0,0,0,0,0,0,0,0,0,0,0,0,0,0,0,0,0,0,0,0,0,0,0,0,0,0,0,0,0,0,0,0,0,0,0,0,0,0,0,0,0,0,0,0,0,0,0,0,0,0,0,0,0,Eukaryota;Echinodermata;Ophiuroidea;Euryalida;Gorgonocephalidae;Astrodendrum;Astrodendrum sagaminum
0,0,0,0,0,0,0,0,0,0,0,0,0,0,0,0,0,0,0,0,0,0,0,0,0,0,0,0,0,0,0,0,0,0,0,0,0,0,0,0,0,0,0,0,0,0,0,0,0,0,0,0,0,0,0,0,0,0,0,0,0,0,0,0,0,0,0,0,0,0,0,0,0,0,0,0,0,0,0,0,0,0,0,0,0,0,0,0,0,0,0,0,0,1,0,0,0,0,0,0,0,0,0,0,0,0,0,0,0,0,0,0,0,0,0,0,0,0,0,0,0,0,0,0,0,0,0,0,0,0,0,0,0,0,0,0,0,0,0,0,0,0,0,0,0,0,0,0,0,0,0,0,0,0,0,0,0,0,0,0,0,0,0,0,0,0,0,0,0,0,0,0,0,0,0,0,0,0,0,0,0,0,0,0,0,0,0,0,0,0,0,0,0,0,0,0,0,0,0,0,0,0,0,0,0,0,0,0,0,0,0,Eukaryota;Cnidaria;Hydrozoa;Leptothecata;Sertulariidae;Symplectoscyphus;Symplectoscyphus tricuspidatus
0,0,0,0,0,0,0,0,0,0,0,0,0,0,0,0,0,0,0,0,0,0,0,0,0,0,0,0,0,0,0,0,0,0,0,0,0,0,0,0,0,0,0,0,0,0,0,0,0,0,0,0,0,0,0,0,0,0,0,0,0,0,0,0,0,0,0,0,0,0,0,0,0,0,0,0,0,0,0,0,0,0,0,0,0,0,0,0,0,0,0,0,0,0,0,0,0,0,0,0,0,0,0,0,0,1,0,0,0,0,0,0,0,0,0,0,0,0,0,0,0,0,0,0,0,0,0,0,0,0,0,0,0,0,0,0,0,0,0,0,0,0,0,0,0,0,0,0,0,0,0,0,0,0,0,0,0,0,0,0,0,0,0,0,0,0,0,0,0,0,0,0,0,0,0,0,0,0,0,0,0,0,0,0,0,0,0,0,0,0,0,0,0,0,0,0,0,0,0,0,0,0,0,0,0,0,0,0,0,0,0,Eukaryota;Bacillariophyta;Bacillariophyceae;Naviculales;Naviculaceae;Navicula;Navicula sp. BOLD:AAO6951
0,0,0,0,0,0,0,0,0,0,0,0,0,0,0,0,0,0,0,0,0,0,0,0,0,0,0,0,0,0,0,0,0,0,0,0,0,0,0,0,0,0,0,0,0,0,0,0,0,0,0,0,0,0,0,0,0,0,0,0,0,0,0,0,0,0,0,0,0,0,0,0,0,0,0,0,0,0,0,0,0,0,0,0,0,0,0,0,0,0,0,0,1,0,0,0,0,0,0,0,0,0,0,0,0,0,0,0,0,0,0,0,0,0,0,0,0,0,0,0,0,0,0,0,0,0,0,0,0,0,0,0,0,0,0,0,0,0,0,0,0,0,0,0,0,0,0,0,0,0,0,0,0,0,0,0,0,0,0,0,0,0,0,0,0,0,0,0,0,0,0,0,0,0,0,0,0,0,0,0,0,0,0,0,0,0,0,0,0,0,0,0,0,0,0,0,0,0,0,0,0,0,0,0,0,0,0,0,0,0,0,Eukaryota;Arthropoda;Insecta;Coleoptera;Chrysomelidae;Chrysolina;Chrysolina varians
0,0,0,0,0,0,0,0,0,0,0,0,0,0,0,0,0,0,0,0,0,0,0,0,0,0,0,0,0,0,0,0,0,0,0,0,0,0,0,0,0,0,0,0,0,0,0,0,0,0,0,0,0,0,0,0,0,0,0,0,0,0,0,0,0,0,0,0,0,0,0,0,0,0,0,0,0,0,0,0,0,0,0,0,0,0,0,0,0,0,0,0,0,0,0,0,0,0,0,0,0,0,0,0,0,0,0,0,0,0,0,0,0,0,0,1,0,0,0,0,0,0,0,0,0,0,0,0,0,0,0,0,0,0,0,0,0,0,0,0,0,0,0,0,0,0,0,0,0,0,0,0,0,0,0,0,0,0,0,0,0,0,0,0,0,0,0,0,0,0,0,0,0,0,0,0,0,0,0,0,0,0,0,0,0,0,0,0,0,0,0,0,0,0,0,0,0,0,0,0,0,0,0,0,0,0,0,0,0,0,0,Eukaryota;Arthropoda;Malacostraca;Decapoda;Munididae;;
0,0,0,0,0,0,0,0,0,0,0,0,0,0,0,0,0,0,0,0,0,0,0,0,0,0,0,0,0,0,0,0,0,0,0,0,0,0,0,0,0,0,0,0,0,0,0,0,0,0,0,0,0,0,0,0,0,0,0,0,0,0,0,0,0,0,0,0,0,0,0,0,0,0,0,0,0,0,0,0,0,0,0,0,0,0,0,0,0,0,0,0,0,0,0,0,0,0,0,0,0,0,0,0,0,0,0,0,0,0,0,0,0,0,0,0,0,0,0,1,0,0,0,0,0,0,0,0,0,0,0,0,0,0,0,0,0,0,0,0,0,0,0,0,0,0,0,0,0,0,0,0,0,0,0,0,0,0,0,0,0,0,0,0,0,0,0,0,0,0,0,0,0,0,0,0,0,0,0,0,0,0,0,0,0,0,0,0,0,0,0,0,0,0,0,0,0,0,0,0,0,0,0,0,0,0,0,0,0,0,0,Bacteria;Proteobacteria;Alphaproteobacteria;Pelagibacterales;Pelagibacteraceae;Candidatus Pelagibacter;Candidatus Pelagibacter sp. RS40
0,0,0,0,0,0,0,0,0,0,0,0,0,0,0,0,0,0,0,0,0,0,0,0,0,0,0,0,0,0,0,0,0,0,0,0,0,0,0,0,0,0,0,0,0,0,0,0,0,0,0,0,0,0,0,0,0,0,0,0,0,0,0,0,0,0,0,0,0,0,0,0,0,0,0,0,0,0,0,0,0,0,0,0,0,0,0,0,0,0,0,0,0,0,0,0,0,0,0,0,0,0,0,0,0,0,0,0,0,0,0,0,0,0,0,0,0,0,0,0,0,0,0,0,1,0,0,0,0,0,0,0,0,0,0,0,0,0,0,0,0,0,0,0,0,0,0,0,0,0,0,0,0,0,0,0,0,0,0,0,0,0,0,0,0,0,0,0,0,0,0,0,0,0,0,0,0,0,0,0,0,0,0,0,0,0,0,0,0,0,0,0,0,0,0,0,0,0,0,0,0,0,0,0,0,0,0,0,0,0,0,Eukaryota;Ascomycota;Dothideomycetes;Capnodiales;Mycosphaerellaceae;Cercospora;Cercospora sojina
0,0,0,0,0,0,0,0,0,0,0,0,0,0,0,0,0,0,0,0,0,0,0,0,0,0,0,0,0,0,0,0,0,0,0,0,0,0,0,0,0,0,0,0,0,0,0,0,0,0,0,0,0,0,0,0,0,0,0,0,0,0,0,0,0,0,0,0,0,0,0,0,0,0,0,0,0,0,0,0,0,0,0,0,0,0,0,0,0,0,0,0,0,0,0,0,0,0,0,0,0,0,0,0,0,0,0,0,0,0,0,0,0,0,0,0,0,0,0,0,0,0,0,0,1,0,0,0,0,0,0,0,0,0,0,0,0,0,0,0,0,0,0,0,0,0,0,0,0,0,0,0,0,0,0,0,0,0,0,0,0,0,0,0,0,0,0,0,0,0,0,0,0,0,0,0,0,0,0,0,0,0,0,0,0,0,0,0,0,0,0,0,0,0,0,0,0,0,0,0,0,0,0,0,0,0,0,0,0,0,0,Eukaryota;Arthropoda;Hexanauplia;Calanoida;Spinocalanidae;Teneriforma;Teneriforma naso
0,0,0,0,0,0,0,0,0,0,0,0,0,0,0,0,0,0,0,0,0,0,0,0,0,0,0,0,0,0,0,0,0,0,0,0,0,0,0,0,0,0,0,0,0,0,0,0,0,0,0,0,0,0,0,0,0,0,0,0,0,0,0,0,0,0,0,0,0,0,0,0,0,0,0,0,0,0,0,0,0,0,0,0,0,0,0,0,0,0,0,0,0,0,0,0,0,0,0,0,0,0,0,0,0,0,0,0,0,0,0,0,0,0,0,0,0,0,0,0,0,0,0,0,0,0,1,0,0,0,0,0,0,0,0,0,0,0,0,0,0,0,0,0,0,0,0,0,0,0,0,0,0,0,0,0,0,0,0,0,0,0,0,0,0,0,0,0,0,0,0,0,0,0,0,0,0,0,0,0,0,0,0,0,0,0,0,0,0,0,0,0,0,0,0,0,0,0,0,0,0,0,0,0,0,0,0,0,0,0,0,Eukaryota;Arthropoda;Hexanauplia;Calanoida;Clausocalanidae;Clausocalanus;Clausocalanus sp. ClunkJP1
0,0,0,0,0,0,0,0,0,0,0,0,0,0,0,0,0,0,0,0,0,0,0,0,0,0,0,0,0,0,0,0,0,0,0,0,0,0,0,0,0,0,0,0,0,0,0,0,0,0,0,0,0,0,0,0,0,0,0,0,0,0,0,0,0,0,0,0,0,0,0,0,0,0,0,0,0,0,0,0,0,0,0,0,0,0,0,0,0,0,0,0,0,0,0,0,0,0,0,0,0,0,0,0,0,0,0,0,0,0,0,0,0,0,0,0,0,0,0,0,0,0,0,0,0,0,1,0,0,0,0,0,0,0,0,0,0,0,0,0,0,0,0,0,0,0,0,0,0,0,0,0,0,0,0,0,0,0,0,0,0,0,0,0,0,0,0,0,0,0,0,0,0,0,0,0,0,0,0,0,0,0,0,0,0,0,0,0,0,0,0,0,0,0,0,0,0,0,0,0,0,0,0,0,0,0,0,0,0,0,0,Eukaryota;Arthropoda;Hexanauplia;Calanoida;Heterorhabdidae;Heterorhabdus;Heterorhabdus subspinifrons
0,0,0,0,0,0,0,0,0,0,0,0,0,0,0,0,0,0,0,0,0,0,0,0,0,0,0,0,0,0,0,0,0,0,0,0,0,0,0,0,0,0,0,0,0,0,0,0,0,0,0,0,0,0,0,0,0,0,0,0,0,0,0,0,0,0,0,0,0,0,0,0,0,0,0,0,0,0,0,0,0,0,0,0,0,0,0,0,0,0,0,0,0,0,0,0,0,0,0,0,0,0,0,0,0,0,0,0,0,0,0,0,0,0,0,0,0,0,0,0,0,0,0,0,0,0,1,0,0,0,0,0,0,0,0,0,0,0,0,0,0,0,0,0,0,0,0,0,0,0,0,0,0,0,0,0,0,0,0,0,0,0,0,0,0,0,0,0,0,0,0,0,0,0,0,0,0,0,0,0,0,0,0,0,0,0,0,0,0,0,0,0,0,0,0,0,0,0,0,0,0,0,0,0,0,0,0,0,0,0,0,Eukaryota;Cnidaria;Hydrozoa;Siphonophorae;Hippopodiidae;Hippopodius;Hippopodius hippopus
0,0,0,0,0,0,0,0,0,0,0,0,0,0,0,0,0,0,0,0,0,0,0,0,0,0,0,0,0,0,0,0,0,0,0,0,0,0,0,0,0,0,0,0,0,0,0,0,0,0,0,0,0,0,0,0,0,0,0,0,0,0,0,0,0,0,0,0,0,0,0,0,0,0,0,0,0,0,0,0,0,0,0,0,0,0,0,0,0,0,0,0,0,0,0,0,0,0,0,0,0,0,0,0,0,0,0,0,0,0,0,0,0,0,0,0,0,0,0,0,0,0,0,0,0,0,0,0,0,0,0,0,0,0,0,1,0,0,0,0,0,0,0,0,0,0,0,0,0,0,0,0,0,0,0,0,0,0,0,0,0,0,0,0,0,0,0,0,0,0,0,0,0,0,0,0,0,0,0,0,0,0,0,0,0,0,0,0,0,0,0,0,0,0,0,0,0,0,0,0,0,0,0,0,0,0,0,0,0,0,0,Eukaryota;Arthropoda;Insecta;Coleoptera;Endomychidae;Encymon;Encymon bipustulatus
0,0,0,0,0,0,0,0,0,0,0,0,0,0,0,0,0,0,0,0,0,0,0,0,0,0,0,0,0,0,0,0,0,0,0,0,0,0,0,0,0,0,0,0,0,0,0,0,0,0,0,0,0,0,0,0,0,0,0,0,0,0,0,0,0,0,0,0,0,0,0,0,0,0,0,0,0,0,0,0,0,0,0,0,0,0,0,0,0,0,0,0,0,0,0,0,0,0,0,0,0,0,0,0,0,0,0,0,0,0,0,0,0,0,0,0,0,0,0,0,0,0,0,0,0,0,0,0,0,0,0,0,0,0,0,0,0,0,0,0,0,1,0,0,0,0,0,0,0,0,0,0,0,0,0,0,0,0,0,0,0,0,0,0,0,0,0,0,0,0,0,0,0,0,0,0,0,0,0,0,0,0,0,0,0,0,0,0,0,0,0,0,0,0,0,0,0,0,0,0,0,0,0,0,0,0,0,0,0,0,0,Eukaryota;Arthropoda;Malacostraca;Decapoda;Cancridae;Cancer;Cancer pagurus
0,0,0,0,0,0,0,0,0,0,0,0,0,0,0,0,0,0,0,0,0,0,0,0,0,0,0,0,0,0,0,0,0,0,0,0,0,0,0,0,0,0,0,0,0,0,0,0,0,0,0,0,0,0,0,0,0,0,0,0,0,0,0,0,0,0,0,0,0,0,0,0,0,0,0,0,0,0,0,0,0,0,0,0,0,0,0,0,0,0,0,0,0,0,0,0,0,0,0,0,0,0,0,0,0,0,0,0,0,0,0,0,0,0,0,0,0,0,0,0,0,0,0,0,0,0,0,0,0,0,0,0,0,0,0,0,0,0,0,0,0,0,0,0,0,0,0,1,0,0,0,0,0,0,0,0,0,0,0,0,0,0,0,0,0,0,0,0,0,0,0,0,0,0,0,0,0,0,0,0,0,0,0,0,0,0,0,0,0,0,0,0,0,0,0,0,0,0,0,0,0,0,0,0,0,0,0,0,0,0,0,Eukaryota;Arthropoda;Arachnida;Araneae;NA;NA;Araneae sp. NZAC 03006356
0.09229678338886425,0.15457430171696493,0.15989401276635115,0,0,0,0.15918740722684258,0.18654585229544834,0.10764537435705565,0.1031465651074061,0.07083355413842429,0.13986203819031218,0.21410710449321488,0.2010661755355239,0,0,0,0,0,0,0.1794540854224669,0.191735921732629,0,0,0,0.2583350439821344,0.22233966329699,0.48858779044563944,0.3798593345411599,0.16813413000157398,0,0,0.005052292692742131,0,0.24058395177868366,0.20258834921951857,0.2712968943885847,0.2286455210929941,0.16792665850903565,0.16885362222862807,0.11258865031400085,0.12297758708986628,0.0660317269059743,0.06177859731717159,0.7137108979896195,0.7959247145652912,0.6694020312093026,0.7372437415750689,0.7991377876151002,0.22097038809105363,0.21056665398909338,0.289420394745146,0.35422454871536674,0.4745765999327252,0.13010744354480153,0.15735999978331502,0.010614436108682198,0.011288764050362766,0.6924901394172452,0.7204885664352921,0.47939995017708564,0.4422277747725682,0.1975985213362296,0.1015287675145976,0,0.1963804575744874,0.18103136096322842,0.22009148246072194,0.7257253476393891,0.8056312683938027,0.7505282947574438,0.7849322562539519,0,0.015760603171179437,0.935266291239926,0,0.07331543714661203,0.07609850485825831,0.06851829800746209,0.08368022104398826,0.07388502147412,0.016718526178990525,0,0,0,0.09161578477659808,0.07370677394908877,0,0,0.006453393913926165,0.003547446519225439,0.013102706280628804,0.6850401740429853,0.12922828415670584,0.12320759751419279,0.00494494841919291,0.4750940793271707,0.006373611604939092,0.15166451649523907,0.012778411609200825,0.018691542113364254,0.029551633741712408,0.009500443450666807,0.014472624873163411,0.1333270945773622,0.0028460918390660777,0.027959024444561074,0.013084835763893306,0.04422647065917033,0.07002918305202493,0,0,0,0,0,0.13673901399182586,0.1569183346261808,0.06692608399296233,0.026218895023559747,0.07133178899090112,0.09567756635361668,0,0,0,0.001496103974892862,0.08972670318108171,0.08179522442739755,0.08581922998018053,0,0,0.1165417577631318,0.5878954238920597,0.20973732582006113,0.21086657612077267,0.055138169370606845,0.04534370601947885,0.06300928840164784,0,0,0,0.11367608074111132,0.1160602947420661,0.16486530081120815,0,0,0,0,0,0,0.031053456467821105,0.011981341728080802,0.01466900988432089,0,0,0,1,0.08334458726665017,0.06579833071779013,0.11590626881494047,0,0,0,0,0,0,0.007327788675276685,0,0.006570815549071335,8.568175642761301e-4,0.0011983957117392319,0,0,0,0,0,0,9.125584479726623e-4,0,0.10681541368709338,0.10592370904585234,0.10535057261562013,0,1.9139166629240657e-4,0.0013801213457452313,0,5.236182723303448e-4,0,0.032102859327990216,0.025451746616896614,0.030261753143780067,0,0,0.050357534850987644,0,0,0,0,0,0,0,0,0.026519570425206074,0.005174293316487843,0.029959568777645256,0,0,0.6379935766693127,0.6008665655493647,0.6722949068702446,0,0,Eukaryota;Chordata;Actinopteri;Gadiformes;Merlucciidae;Merluccius;Merluccius productus
0,0,0,0,0,0,0,0,0,0,0,0,0,0,0,0,0,0,0,0,0,0,0,0,0,0,0,0,0,0,0,0,0,0,0,0,0,0,0,0,0,0,0,0,0,0.015547419892324566,0.046893608717237904,0.04629244421924077,0.03144908735722342,0,0,0,0,0,0,0,0,0,0,0,0,0,0,0,0,0,0,0,0,0,0,0,0,0,0,0,0,0,0,0,0,0,0,0,0,0,0,0,0,0,0,0,0,0,0,0,0,0,0,0.8433276034611596,0.04847236420302968,0.08240207422141649,0.809467879945879,1,0,0.061154431406330645,0.0718300045936388,0,0,0,0,0,0,0,0,0,0,0,0,0,0,0,0,0,0,0,0,0,0,0,0,0,0,0,0,0.00469319594006168,0.027874219811350093,0,0,0,0,0,0,0,0,0,0.017234974130715706,0.011247254547102431,0.0027304569375111664,0,0,0,0,0,0,0,0,0,0,0,0,0,0,0,0,0,0,0,0,0,0,0,0,0,0,0,0,0,0,0,0,0,0,0,0,0,0,0,0,0,0,0,0,0,0,0,0,0,0,0,0,0,0,0.09236356442359325,0,0,0,0,0,0,0,Eukaryota;Arthropoda;Hexanauplia;Calanoida;Calocalanidae;Calocalanus;Calocalanus contractus
0,0,0,0,0,0,0,0,0,0,0,0,0,0,0,0,0,0,0,0,0,0,0,0,0,0,0,0,0,0,0,0,0,0,0,0,0,0,0,0,0,0,0,0,0,0,0,0,0,0,0,0,0,0,0,0,0,0,0,0,0,0,0,0,0,0,0,0,0,0,0,0,0,0,0,0,0,0,0,0,0,0,0,0,0,0,0,0,0,0,0,0,0,0,0,0,0,0,0,0,0,0,0,0,0,0,0,0,0,0,0,0,0,0,0,0,0,0,0,0,0,0,0,0,0,0,0,0,0,0,0,0,0,0,0,0,0,0,0,0,0,0,0,0,0,0,0,1,0,0,0,0,0,0,0,0,0,0,0,0,0,0,0,0,0,0,0,0,0,0,0,0,0,0,0,0,0,0,0,0,0,0,0,0,0,0,0,0,0,0,0,0,0,0,0,0,0,0,0,0,0,0,0,0,0,0,0,0,0,0,0,Eukaryota;NA;Oomycetes;Pythiales;Pythiaceae;Pythium;Pythium burgundicum
0,0,0,0,0,0,0,0,0,0,0,0,0,0,0,0,0,0,0,0,0,0,0,0,0,0,0,0,0,0,0,0,0,0,0,0,0,0,0,0,0,0,0,0,0,0,0,0,0,0,0,0,0,0,0,0,0,0,0,0,0,0,0,0,0,0,0,0,0,0,0,0,0,0,0,0,0,0,0,0,0,0,0,0,0,0,0,0,0,0,0,0,0,0,0,0,0,0,0,0,0,0,0,0,0,0,0,0,0,0,0,0,0,0,0,0,0,0,0,0,0,0,0,0,0,0,0,0,0,0,0,0,0,0,0,0,0,0,0,0,0,0,0,0,0,0,0,0,0,0,0,0,0,0,0,0,0,1,0,0,0,0,0,0,0,0,0,0,0,0,0,0,0,0,0,0,0,0,0,0,0,0,0,0,0,0,0,0,0,0,0,0,0,0,0,0,0,0,0,0,0,0,0,0,0,0,0,0,0,0,0,Eukaryota;Arthropoda;Insecta;Odonata;Coenagrionidae;Nesobasis;Nesobasis brachycerca
0,0,0,0,0,0,0,0,0,0,0,0,0,0,0,0,0,0,0,0,0,0,0,0,0,0,0,0,0,0,0,0,0,0,0,0,0,0,0,0,0,0,0,0,0,0,0,0,0,0,0,0,0,0,0,0,0,0,0,0,0,0,0,0,0,0,0,0,0,0,0,0,0,0,0,0,0,0,0,0,0,0,0,0,0,0,0,0,0,0,0,0,0,0,0,0,0,0,0,0,0,0,0,0,0,0,0,0,0,0,0,0,0,0,0,0,0,0,0,0,0,0,0,0,0,0,0,0,0,0,0,0,0,0,0,0,0,0,0,0,0,0,0,0,0,0,0,0,0,0,0,0,0,0,0,0,0,0,0,0,0.32106110307450947,0,0,0,0,0,0,0,0,0,0,0,0,0,0,0,0,0,0,0,0,0,0,0,0,0,0,0,0,0,0,0,0,0,0,0,0,0,0,1,0,0,0,0,0,0,0,0,0,0,0,Eukaryota;Bacillariophyta;Bacillariophyceae;Naviculales;Pinnulariaceae;Pinnularia;Pinnularia sp. 10 CS-2011
0,0,0,0,0,0,0,0,0,0,0,0,0,0,0,0,0,0,0,0,0,0,0,0,0,0,0,0,0,0,0,0,0,0,0,0,0,0,0,0,0,0,0,0,0,0,0,0,0,0,0,0,0,0,0,0,0,0,0,0,0,0,0,0,0,0,0,0,0,0,0,0,0,0,0,0,0,0,0,0,0,0,0,0,0,0,0,0,0,0,0,0,0,0,0,0,0,0,0,0,0,0,0,0,0,0,0,0,0,0,0,0,0,0,0,0,0,0,0,0,0,0,0,0,0,0,0,0,0,0,0,0,0,0,0,0,0,0,0,0,0,0,0,0,0,0,0,0,0,0,0,0,0,0,0,0,0,0,0,0,0,0,0,0,0,0,0,0,0,0,0,1,0,0,0,0,0,0,0,0,0,0,0,0,0,0,0,0,0,0,0,0,0,0,0,0,0,0,0,0,0,0,0,0,0,0,0,0,0,0,0,Eukaryota;Bacillariophyta;Bacillariophyceae;Naviculales;Naviculaceae;Mayamaea;Mayamaea permitis
0,0,0,0,0,0,0,0,0,0,0,0,0,0,0,0,0,0,0,0,0,0,0,0,0,0,0,0,0,0,0,0,0,0,0,0,0,0,0,0,0,0,0,0,0,0,0,0,0,0,0,0,0,0,0,0,0,0,0,0,0,0,0,0,0,0,0,0,0,0,0,0,0,0,0,0,0,0,0,0,0,0,0,0,0,0,0,0,0,0,0,0,0,0,0,0,0,0,0,0,0,0,0,0,0,0,0,0,0,0,0,0,0,0,0,0,0,0,0,0,0,0,0,0,0,0,0,0,0,0,0,0,0,0,0,0,0,0,0,0,0,0,0,0,0,0,0,0,0,0,0,0,0,0,0,0,0,0,0,0,0,0,0,0,0,0,0,0,0,0,0,0,0,0,0,0,0,0,0,0,0,0,1,0,0,0,0,0,0,0,0,0,0,0,0,0,0,0,0,0,0,0,0,0,0,0,0,0,0,0,0,Eukaryota;Arthropoda;Arachnida;Trombidiformes;Rhagidiidae;;
0,0,0,0,0,0,0,0,0,0,0,0,0,0,0,0,0,0,0,0,0,0,0,0,0,0,0,0,0,0,0,0,0,0,0,0,0,0,0,0,0,0,0,0,0,0,0,0,0,0,0,0,0,0,0,0,0,0,0,0,0,0,0,0,0,0,0,0,0,0,0,0,0,0,0,0,0,0,0,0,0,0,0,0,0,0,0,0,0,0,0,0,0,0,0,0,0,0,0,0,0,0,0,0,0,0,0,0,0,0,0,0,0,0,0,0,0,0,0,0,0,0,0,0,0,0,0,0,0,0,0,0,0,0,0,0,0,0,0,0,0,0,0,0,0,0,0,0,0,0,0,0,0,0,0,0,0,0,0,0,0,0,0,0,0,0,0,0,0,0,0,0,0,0,0,0,0,0,0,0,0,0,1,0,0,0,0,0,0,0,0,0,0,0,0,0,0,0,0,0,0,0,0,0,0,0,0,0,0,0,0,Eukaryota;Cnidaria;Hydrozoa;Leptothecata;Aequoreidae;Aequorea;Aequorea sp. USCAPIL
0,0,0,0,0,0,0,0,0,0,0,0,0,0,0,0,0,0,0,0,0,0,0,0,0,0,0,0,0,0,0,0,0,0,0,0,0,0,0,0,0,0,0,0,0,0,0,0,0,0,0,0,0,0,0,0,0,0,0,0,0,0,0,0,0,0,0,0,0,0,0,0,0,0,0,0,0,0,0,0,0,0,0,0,0,0,0,0,0,0,0,0,0,0,0,0,0,0,0,0,0,0,0,0,0,0,0,0,0,0,0,0,0,0,0,0,0,0,0,0,0,0,0,0,0,0,0,0,0,0,0,0,0,0,0,0,0,0,0,0,0,0,0,0,0,0,0,0,0,0,0,0,0,0,0,0,0,0,0,0,0,0,0,0,0,0,0,0,0,0,0,0,0,0,0,0,0,0,0,0,0,0,1,0,0,0,0,0,0,0,0,0,0,0,0,0,0,0,0,0,0,0,0,0,0,0,0,0,0,0,0,Eukaryota;NA;Oomycetes;Peronosporales;Peronosporaceae;Phytophthora;Phytophthora pseudocryptogea
0,0,0,0,0,0,0,0,0,0,0,0,0,0,0,0,0,0,0,0,0,0,0,0,0,0,0,0,0,0,0,0,0,0,0,0,0,0,0,0,0,0,0,0,0,0,0,0,0,0,0,0,0,0,0,0,0,0,0,0,0,0,0,0,0,0,0,0,0,0,0,0,0,0,0,0,0,0,0,0,0,0,0,0,0,0,0,0,0,0,0,0,0,0,0,0,0,0,0,0,0,0,0,0,0,0,0,0,0,0,0,0,0,0,0,0,0,0,0,0,0,0,0,0,0,0,0,0,0,0,0,0,0,0,0,0,0,0,0,0,0,0,0,0,0,0,0,0,0,0,0,0,0,0,0,0,0,0,0,0,0,0,0,0,0,0,0,0,0,0,0,0,0,0,0,0,0,0,0,0,0,0,1,0,0,0,0,0,0,0,0,0,0,0,0,0,0,0,0,0,0,0,0,0,0,0,0,0,0,0,0,Eukaryota;Cnidaria;Hydrozoa;Leptothecata;Eirenidae;Eutima;Eutima gracilis
0,0,0,0,0,0,0,0,0,0,0,0,0,0,0,0,0,0,0,0,0,0,0,0,0,0,0,0,0,0,0,0,0,0,0,0,0,0,0,0,0,0,0,0,0,0,0,0,0,0,0,0,0,0,0,0,0,0,0,0,0,0,0,0,0,0,0,0,0,0,0,0,0,0,0,0,0,0,0,0,0,0,0,0,0,0,0,0,0,0,0,0,0,0,0,0,0,0,0,0,0,0,0,0,0,0,0,0,0,0,0,0,0,0,0,0,0,0,0,0,0,0,0,0,0,0,0,0,0,0,0,0,0,0,0,0,0,0,0,0,0,0,0,0,0,0,0,0,0,0,0,0,0,0,0,0,0,0,0,0,0,0,0,0,0,0,0,0,0,0,0,0,0,0,0,0,0,0,0,0,0,0,0,0,0,1,0,0,0,0,0,0,0,0,0,0,0,0,0,0,0,0,0,0,0,0,0,0,0,0,0,Eukaryota;Porifera;Demospongiae;;;;
0,0,0,0,0,0,0,0,0,0,0,0,0,0,0,0,0,0,0,0,0,0,0,0,0,0,0,0,0,0,0,0,0,0,0,0,0,0,0,0,0,0,0,0,0,0,0,0,0,0,0,0,0,0,0,0,0,0,0,0,0,0,0,0,0,0,0,0,0,0,0,0,0,0,0,0,0,0,0,0,0,0,0,0,0,0,0,0,0,0,0,0,0,0,0,0,0,0,0,0,0,0,0,0,0,0,0,0,0,0,0,0,0,0,0,0,0,0,0,0,0,0,0,0,0,0,0,0,0,0,0,0,0,0,0,0,0,0,0,0,0,0,0,0,0,0,0,0,0,0,0,0,0,0,0,0,0,0,0,0,0,0,0,0,0,0,0,0,0,0,0,0,0,0,0,0,0,0,0,0,0,0,0,0,0,1,0,0,0,0,0,0,0,0,0,0,0,0,0,0,0,0,0,0,0,0,0,0,0,0,0,Eukaryota;NA;Oomycetes;Peronosporales;Peronosporaceae;Pseudoperonospora;Pseudoperonospora cannabina
0,0,0,0.2094839656013729,0.2328879177795942,0.22039060504666136,0,0,0,0,0,0,0,0,0,0,0,0,0,0,0,0,0,0,0,0,0,0,0,0,0,0,0,0,0,0,0,0,0,0,0,0,0,0,0,0,0,0,0,0,0,0,0,0,0,0,0,0,0,0,0,0,0.18516688554712651,0.13807724693674647,0,0,0,0,0,0.06581017015352271,0,0,0,0,0.07176545170439938,0,0,0.09248966663019235,0,1,0.8089688426088077,0,0,0,0,0,0,0,0,0,0,0,0,0,0,0,0,0,0,0,0,0,0,0,0,0,0,0,0,0,0,0,0,0,0,0,0,0.48081900676502637,0,0.4797266580712785,0.5687150671474549,0,0,0,0,0,0,0,0,0,0,0,0,0,0,0.008070126405843304,0.004279532696580222,0,0.012628235636436913,0.011332623811187256,0,0,0,0,0,0,0,0,0,0,0,0.008685741202896271,0,0,0,0,0.007698534893191206,0.018700886618661275,0,0,0.017630090892671358,0,0,0,0,0,0,0,0,0,0,0,0,0,0,0,0,0,0.056059851278659534,0,0,0,0,0,0,0,0,0,0.02637313291993913,0,0.12673169472461418,0,0.12486058516521922,0,0,0,0,0,0,0,0,0,0,0,0,0,0,0.07717187327753161,0,0,0,Eukaryota;Arthropoda;Insecta;Diptera;Phoridae;NA;Phoridae sp. BOLD-2016
0,0,0,0,0,0,0,0,0,0,0,0,0,0,0,0,0,0,0,0,0,0,0,0,0,0,0,0,0,0,0,0,0,0,0,0,0,0,0,0,0,0,0,0,0,0,0,0,0,0,0,0,0,0,0,0,0,0,0,0,0,0,0,0,0,0,0,0,0,0,0,0,0,0,0,0,0,0,0,0,0,0,0,0,0,0,0,0,0,0,0,0,0,0,0,0,0,0,0,0,0,0,0,0,0,0,0,0,0,0,0,0,0,0,0,0,0,0,0,0,0,0,0,0,0,0,0,0,0,0,0,0,0,0,0,0,0,0,0,0,0,0,0,0,0,0,0,0,0,0,0,0,0,0,0,0,0,0,0,0,0,0,0,0,0,0,0,0,0,0,0,0,0,0,0,0,0,0,0,0,0,0,0,0,0,1,0,0,0,0,0,0,0,0,0,0,0,0,0,0,0,0,0,0,0,0,0,0,0,0,0,Eukaryota;Chordata;Actinopteri;Beryciformes;Cetomimidae;;
0,0,0,0,0,0,0,0,0,0,0,0,0,0,0,0,0,0,0,0,0,0,0,0,0,0,0,0,0,0,0,0,0,0,0,0,0,0,0,0,0,0,0,0,0,0,0,0,0,0,0,0,0,0,0,0,0,0,0,0,0,0,0,0,0,0,0,0,0,0,0,0,0,0,0,0,0,0,0,0,0,0,0,0,0,0,0,0,0,0,0,0,0,0,0,0,0,0,0,0,0,0,0,0,0,0,0,0,0,0,0,0,0,0,0,0,0,0,0,0,0,0,0,0,0,0,0,0,0,0,0,0,0,0,0,0,0,0,0,0,0,0,0,0,0,0,0,0,0,0,0,0,0,0,0,0,0,0,0,0,0,0,0,0,0,0,0,0,0,0,0,0,0,0,0,0,0,0,0,0,0,0,0,0,0,1,0,0,0,0,0,0,0,0,0,0,0,0,0,0,0,0,0,0,0,0,0,0,0,0,0,Eukaryota;NA;Oomycetes;Peronosporales;Peronosporaceae;Phytophthora;Phytophthora lactucae
0,0,0,0,0,0,0,0,0,0,0,0,0,0,0,0,0,0,0,0,0,0,0,0,0,0,0,0,0,0,0,0,0,0,0,0,0,0,0,0,0,0,0,0,0,0,0,0,0,0,0,0,0,0,0,0,0,0,0,0,0,0,0,0,0,0,0,0,0,0,0,0,0,0,0,0,0,0,0,0,0,0,0,0,0,0,0,0,0,0,0,0,0,0,0,0,0,0,0,0,0,0,0,0,0,0,0,0,0,0,0,0,0,0,0,0,0,0,0,0,0,0,0,0,0,0,0,0,0,0,0,0,0,0,0,0,0,0,0,0,0,0,0,0,0,0,0,0,0,0,0,0,0,0,0,0,0,0,0,0,0,0,0,0,0,0,0,0,0,0,0,0,0,0,0,0,0,0,0,0,0,0,0,0,0,0,0,0,1,0,0,0,0,0,0,0,0,0,0,0,0,0,0,0,0,0,0,0,0,0,0,Eukaryota;Arthropoda;Insecta;Coleoptera;Lampyridae;Pteroptyx;Pteroptyx tener
0,0,0,0,0,0,0,0,0,0,0,0,0,0,0,0,0,0,0,0,0,0,0,0,0,0,0,0,0,0,0,0,0,0,0,0,0,0,0,0,0,0,0,0,0,0,0,0,0,0,0,0,0,0,0,0,0,0,0,0,0,0,0,0,0,0,0,0,0,0,0,0,0,0,0,0,0,0,0,0,0,0,0,0,0,0,0,0,0,0,0,0,0,0,0,0,0,0,0,0,0,0,0,0,0,0,0,0,0,0,0,0,0,0,0,0,0,0,0,0,0,0,0,0,0,0,0,0,0,0,0,0,0,0,0,0,0,0,0,0,0,0,0,0,0,0,0,0,0,0,0,0,0,0,0,0,0,0,0,0,0,0,0,0,0,0,0,0,0,0,0,0,0,0,0,0,0,0,0,0,0,0,0,0,0,0,0,0,1,0,0,0,0,0,0,0,0,0,0,0,0,0,0,0,0,0,0,0,0,0,0,Eukaryota;Bacillariophyta;Coscinodiscophyceae;Coscinodiscales;Coscinodiscaceae;Coscinodiscus;Coscinodiscus sp. MBTD-CMFRI-S025
0,0,1,0,0,0,0,0,0,0,0,0,0,0,0,0,0,0,0,0,0,0,0,0,0,0,0,0,0,0,0,0,0,0,0,0,0,0,0,0,0,0,0,0,0,0,0,0,0,0,0,0,0,0,0,0,0,0,0,0,0,0,0,0,0,0,0,0,0,0,0,0,0,0,0,0,0,0,0,0,0,0,0,0,0,0,0,0,0,0,0,0,0,0,0,0,0,0,0,0,0,0,0,0,0,0,0,0,0,0,0,0,0,0,0,0,0,0,0,0,0,0,0,0,0,0,0,0,0,0,0,0,0,0,0,0,0,0,0,0,0,0,0,0,0,0,0,0,0,0,0,0,0,0,0,0,0,0,0,0,0,0,0,0,0,0,0,0,0,0,0,0,0,0,0,0,0,0,0,0,0,0,0,0,0,0,0,0,0,0,0,0,0,0,0,0,0,0,0,0,0,0,0,0,0,0,0,0,0,0,0,Eukaryota;Arthropoda;Hexanauplia;Calanoida;Scolecitrichidae;Racovitzanus;Racovitzanus antarcticus
0,0,1,0,0,0,0,0,0,0,0,0,0,0,0,0,0,0,0,0,0,0,0,0,0,0,0,0,0,0,0,0,0,0,0,0,0,0,0,0,0,0,0,0,0,0,0,0,0,0,0,0,0,0,0,0,0,0,0,0,0,0,0,0,0,0,0,0,0,0,0,0,0,0,0,0,0,0,0,0,0,0,0,0,0,0,0,0,0,0,0,0,0,0,0,0,0,0,0,0,0,0,0,0,0,0,0,0,0,0,0,0,0,0,0,0,0,0,0,0,0,0,0,0,0,0,0,0,0,0,0,0,0,0,0,0,0,0,0,0,0,0,0,0,0,0,0,0,0,0,0,0,0,0,0,0,0,0,0,0,0,0,0,0,0,0,0,0,0,0,0,0,0,0,0,0,0,0,0,0,0,0,0,0,0,0,0,0,0,0,0,0,0,0,0,0,0,0,0,0,0,0,0,0,0,0,0,0,0,0,0,Eukaryota;Arthropoda;Malacostraca;Isopoda;Oniscidae;Oniscus;Oniscus asellus
0,0,0,0,0,1,0,0,0,0,0,0,0,0,0,0,0,0,0,0,0,0,0,0,0,0,0,0,0,0,0,0,0,0,0,0,0,0,0,0,0,0,0,0,0,0,0,0,0,0,0,0,0,0,0,0,0,0,0,0,0,0,0,0,0,0,0,0,0,0,0,0,0,0,0,0,0,0,0,0,0,0,0,0,0,0,0,0,0,0,0,0,0,0,0,0,0,0,0,0,0,0,0,0,0,0,0,0,0,0,0,0,0,0,0,0,0,0,0,0,0,0,0,0,0,0,0,0,0,0,0,0,0,0,0,0,0,0,0,0,0,0,0,0,0,0,0,0,0,0,0,0,0,0,0,0,0,0,0,0,0,0,0,0,0,0,0,0,0,0,0,0,0,0,0,0,0,0,0,0,0,0,0,0,0,0,0,0,0,0,0,0,0,0,0,0,0,0,0,0,0,0,0,0,0,0,0,0,0,0,0,Eukaryota;Arthropoda;Insecta;Odonata;Calopterygidae;Mnais;Mnais costalis
0,0,0,0,0,1,0,0,0,0,0,0,0,0,0,0,0,0,0,0,0,0,0,0,0,0,0,0,0,0,0,0,0,0,0,0,0,0,0,0,0,0,0,0,0,0,0,0,0,0,0,0,0,0,0,0,0,0,0,0,0,0,0,0,0,0,0,0,0,0,0,0,0,0,0,0,0,0,0,0,0,0,0,0,0,0,0,0,0,0,0,0,0,0,0,0,0,0,0,0,0,0,0,0,0,0,0,0,0,0,0,0,0,0,0,0,0,0,0,0,0,0,0,0,0,0,0,0,0,0,0,0,0,0,0,0,0,0,0,0,0,0,0,0,0,0,0,0,0,0,0,0,0,0,0,0,0,0,0,0,0,0,0,0,0,0,0,0,0,0,0,0,0,0,0,0,0,0,0,0,0,0,0,0,0,0,0,0,0,0,0,0,0,0,0,0,0,0,0,0,0,0,0,0,0,0,0,0,0,0,0,Eukaryota;Arthropoda;Malacostraca;Decapoda;Alpheidae;Synalpheus;Synalpheus charon B KMH-2014
0,0,0,0,0,0,0,0,0,0,0,1,0,0,0,0,0,0,0,0,0,0,0,0,0,0,0,0,0,0,0,0,0,0,0,0,0,0,0,0,0,0,0,0,0,0,0,0,0,0,0,0,0,0,0,0,0,0,0,0,0,0,0,0,0,0,0,0,0,0,0,0,0,0,0,0,0,0,0,0,0,0,0,0,0,0,0,0,0,0,0,0,0,0,0,0,0,0,0,0,0,0,0,0,0,0,0,0,0,0,0,0,0,0,0,0,0,0,0,0,0,0,0,0,0,0,0,0,0,0,0,0,0,0,0,0,0,0,0,0,0,0,0,0,0,0,0,0,0,0,0,0,0,0,0,0,0,0,0,0,0,0,0,0,0,0,0,0,0,0,0,0,0,0,0,0,0,0,0,0,0,0,0,0,0,0,0,0,0,0,0,0,0,0,0,0,0,0,0,0,0,0,0,0,0,0,0,0,0,0,0,Eukaryota;Echinodermata;Ophiuroidea;Ophiurida;Ophiacanthidae;Ophiocamax;
0,0,0,0,0,0,0,0,0,0,0,0,0,0,0,0,0,0,0,0,0,0,0,0,0,0,0,0,0,0,0,0,0,0,0,0,0,0,0,0,0,0,0,0,0,1,0,0,0,0,0,0,0,0,0,0,0,0,0,0,0,0,0,0,0,0,0,0,0,0,0,0,0,0,0,0,0,0,0,0,0,0,0,0,0,0,0,0,0,0,0,0,0,0,0,0,0,0,0,0,0,0,0,0,0,0,0,0,0,0,0,0,0,0,0,0,0,0,0,0,0,0,0,0,0,0,0,0,0,0,0,0,0,0,0,0,0,0,0,0,0,0,0,0,0,0,0,0,0,0,0,0,0,0,0,0,0,0,0,0,0,0,0,0,0,0,0,0,0,0,0,0,0,0,0,0,0,0,0,0,0,0,0,0,0,0,0,0,0,0,0,0,0,0,0,0,0,0,0,0,0,0,0,0,0,0,0,0,0,0,0,Eukaryota;Cnidaria;Hydrozoa;Anthoathecata;Pennariidae;Pennaria;Pennaria disticha
0,0,0,0,0,0,0,0,0,0.6956531208748771,0.9130331287413705,1,0,0,0,0,0,0,0.242594376062906,0.08668844251171612,0,0,0,0,0,0,0,0,0,0.05796548765373248,0,0,0,0,0,0,0,0,0,0,0,0,0,0,0,0,0,0,0,0,0,0,0,0,0,0,0,0,0,0,0.03895452023537764,0.051480095615963894,0,0,0,0.081438798346561,0.10352315374568627,0.13396811388200403,0,0,0,0,0,0,0,0,0,0,0,0,0,0,0,0,0,0,0,0,0,0,0,0,0,0,0,0.03335029912818534,0,0,0,0,0,0,0,0,0,0,0,0,0,0,0,0,0,0,0,0,0,0,0,0,0,0,0,0,0,0,0,0,0,0,0,0,0,0,0,0,0,0,0,0,0,0.015615908343584702,0.0324906963988826,0,0,0,0,0,0,0,0.01346766089064422,0.013952012331266788,0,0,0,0.00960728901261271,0,0,0,0.04890358963304117,0.054064367581826575,0.04399188670433387,0,0,0,0,0,0,0,0,0,0,0,0,0,0.02603694179203379,0.018976631998618865,0,0,0,0,0,0,0,0,0,0,0,0,0,0,0,0,0,0,0,0,0,0,0,0,0,0,0,0,0,0,0,0,0.0334351716078075,0,Eukaryota;Mollusca;Gastropoda;Neogastropoda;Drilliidae;Ceritoturris;Ceritoturris sp. NP-2008
0,0,0,0,0,0,0,0,0,0,0,0,0,0,0,0,0,0,0,0,0,0,0,0,0,0,0,0,0,0,0,0,0,0,0,0,0,0,0,0,0,0,0,0,0,1,0,0,0,0,0,0,0,0,0,0,0,0,0,0,0,0,0,0,0,0,0,0,0,0,0,0,0,0,0,0,0,0,0,0,0,0,0,0,0,0,0,0,0,0,0,0,0,0,0,0,0,0,0,0,0,0,0,0,0,0,0,0,0,0,0,0,0,0,0,0,0,0,0,0,0,0,0,0,0,0,0,0,0,0,0,0,0,0,0,0,0,0,0,0,0,0,0,0,0,0,0,0,0,0,0,0,0,0,0,0,0,0,0,0,0,0,0,0,0,0,0,0,0,0,0,0,0,0,0,0,0,0,0,0,0,0,0,0,0,0,0,0,0,0,0,0,0,0,0,0,0,0,0,0,0,0,0,0,0,0,0,0,0,0,0,Eukaryota;Mollusca;Gastropoda;Littorinimorpha;Hydrobiidae;Corrosella;Corrosella iruritai
0,0,0,0,0,0,0,0,0,0,0,0,0,0,0,0,0,0,0,0,0,0,0,0,0,0,0,0,0,0,0,0,0,0,0,0,0,0,0,0,0,0,0,0,0,0,0,0,0,0,0,0,0,0,0,0,0,0,0,1,0,0,0,0,0,0,0,0,0,0,0,0,0,0,0,0,0,0,0,0,0,0,0,0,0,0,0,0,0,0,0,0,0,0,0,0,0,0,0,0,0,0,0,0,0,0,0,0,0,0,0,0,0,0,0,0,0,0,0,0,0,0,0,0,0,0,0,0,0,0,0,0,0,0,0,0,0,0,0,0,0,0,0,0,0,0,0,0,0,0,0,0,0,0,0,0,0,0,0,0,0,0,0,0,0,0,0,0,0,0,0,0,0,0,0,0,0,0,0,0,0,0,0,0,0,0,0,0,0,0,0,0,0,0,0,0,0,0,0,0,0,0,0,0,0,0,0,0,0,0,0,Eukaryota;Mollusca;Gastropoda;Ellobiida;Ellobiidae;Carychium;Carychium cf. pessimum BOLD:AAL6376
0,0,0,0,0,0,0,0,0,0,0,0,0,0,0,0,0,0,0,0,0,0,0,0,0,0,0,0,0,0,0,0,0,0,0,0,0,0,0,0,0,0,0,0,0,0,0,0,0,0,0,0,0,0,0,0,0,0,0,0,0,0,0,0,0,0,0,0,0,0,0,1,0,0,0,0,0,0,0,0,0,0,0,0,0,0,0,0,0,0,0,0,0,0,0,0,0,0,0,0,0,0,0,0,0,0,0,0,0,0,0,0,0,0,0,0,0,0,0,0,0,0,0,0,0,0,0,0,0,0,0,0,0,0,0,0,0,0,0,0,0,0,0,0,0,0,0,0,0,0,0,0,0,0,0,0,0,0,0,0,0,0,0,0,0,0,0,0,0,0,0,0,0,0,0,0,0,0,0,0,0,0,0,0,0,0,0,0,0,0,0,0,0,0,0,0,0,0,0,0,0,0,0,0,0,0,0,0,0,0,0,Eukaryota;Arthropoda;Hexanauplia;Sessilia;Platylepadidae;Stomatolepas;Stomatolepas elegans
0,0,0,0,0,0,0,0,0,0,0,0,0,0,0,0,0,0,0,0,0,0,0,0,0,0,0,0,0,0,0,0,0,0,0,0,0,0,0,0,0,0,0,0,0,0,0,0,0,0,0,0,0,0,0,0,0,0,0,0,0,0,0,0,0,0,0,0,0,0,0,0,0,1,0,0,0,0,0,0,0,0,0,0,0,0,0,0,0,0,0,0,0,0,0,0,0,0,0,0,0,0,0,0,0,0,0,0,0,0,0,0,0,0,0,0,0,0,0,0,0,0,0,0,0,0,0,0,0,0,0,0,0,0,0,0,0,0,0,0,0,0,0,0,0,0,0,0,0,0,0,0,0,0,0,0,0,0,0,0,0,0,0,0,0,0,0,0,0,0,0,0,0,0,0,0,0,0,0,0,0,0,0,0,0,0,0,0,0,0,0,0,0,0,0,0,0,0,0,0,0,0,0,0,0,0,0,0,0,0,0,Eukaryota;NA;Raphidophyceae;Chattonellales;Chattonellaceae;Chattonella;Chattonella subsalsa
0,0,0,0,0,0,0,0,0,0,0,0,0,0,0,0,0,0,0,0,0,0,0,0,0,0,0,0,0,0,0,0,0,0,0,0,0,0,0,0,0,0,0,0,0,0,0,0,0,0,0,0,0,0,0,0,0,0,0,0,0,0,0,0,0,0,0,0,0,0,0,0,0,0,1,0,0,0,0,0,0,0,0,0,0,0,0,0,0,0,0,0,0,0,0,0,0,0,0,0,0,0,0,0,0,0,0,0,0,0,0,0,0,0,0,0,0,0,0,0,0,0,0,0,0,0,0,0,0,0,0,0,0,0,0,0,0,0,0,0,0,0,0,0,0,0,0,0,0,0,0,0,0,0,0,0,0,0,0,0,0,0,0,0,0,0,0,0,0,0,0,0,0,0,0,0,0,0,0,0,0,0,0,0,0,0,0,0,0,0,0,0,0,0,0,0,0,0,0,0,0,0,0,0,0,0,0,0,0,0,0,Eukaryota;Bacillariophyta;Mediophyceae;Hemiaulales;Hemiaulaceae;Eucampia;Eucampia zodiacus
0,0,0,0,0,0,0,0,0,0,0,0,0,0,0,0,0,0,0,0,0,0,0,0,0,0,0,0,0,0,0,0,0,0,0,0,0,0,0,0,0,0,0,0,0,0,0,0,0,0,0,0,0,0,0,0,0,0,0,0,0,0,0,0,0,0,0,0,0,0,0,0,0,0,0,0,0,0,1,0,0,0,0,0,0,0,0,0,0,0,0,0,0,0,0,0,0,0,0,0,0,0,0,0,0,0,0,0,0,0,0,0,0,0,0,0,0,0,0,0,0,0,0,0,0,0,0,0,0,0,0,0,0,0,0,0,0,0,0,0,0,0,0,0,0,0,0,0,0,0,0,0,0,0,0,0,0,0,0,0,0,0,0,0,0,0,0,0,0,0,0,0,0,0,0,0,0,0,0,0,0,0,0,0,0,0,0,0,0,0,0,0,0,0,0,0,0,0,0,0,0,0,0,0,0,0,0,0,0,0,0,Eukaryota;Arthropoda;Insecta;Hemiptera;Colobathristidae;Phaenacantha;Phaenacantha marcida
0,0,0,0,0,0,0,0,0,0,0,0,0,0,0,0,0,0,0,0,0,0,0,0,0,0,0,0,0,0,0,0,0,0,0,0,0,0,0,0,0,0,0,0,0,0,0,0,0,0,0,0,0,0,0,0,0,0,0,0,0,0,0,0,0,0,0,0,0,0,0,0,0,0,0,0,0,0,0,0,1,0,0,0,0,0,0,0,0,0,0,0,0,0,0,0,0,0,0,0,0,0,0,0,0,0,0,0,0,0,0,0,0,0,0,0,0,0,0,0,0,0,0,0,0,0,0,0,0,0,0,0,0,0,0,0,0,0,0,0,0,0,0,0,0,0,0,0,0,0,0,0,0,0,0,0,0,0,0,0,0,0,0,0,0,0,0,0,0,0,0,0,0,0,0,0,0,0,0,0,0,0,0,0,0,0,0,0,0,0,0,0,0,0,0,0,0,0,0,0,0,0,0,0,0,0,0,0,0,0,0,Eukaryota;Echinodermata;Ophiuroidea;Euryalida;Asteronychidae;Astrobrachion;Astrobrachion constrictum
0,0,0,0,0,0,0,0,0,0,0,0,0,0,0,0,0,0,0,0,0,0,0,0,0,0,0,0,0,0,0,0,0,0,0,0,0,0,0,0,0,0,0,0,0,0,0,0,0,0,0,0,0,0,0,0,0,0,0,0,0,0,0,0,0,0,0,0,0,0,0,0,0,0,0,0,0,0,0,0,0,0,0,0,0,0,0,0,0,0,0,0,0,0,1,0,0,0,0,0,0,0,0,0,0,0,0,0,0,0,0,0,0,0,0,0,0,0,0,0,0,0,0,0,0,0,0,0,0,0,0,0,0,0,0,0,0,0,0,0,0,0,0,0,0,0,0,0,0,0,0,0,0,0,0,0,0,0,0,0,0,0,0,0,0,0,0,0,0,0,0,0,0,0,0,0,0,0,0,0,0,0,0,0,0,0,0,0,0,0,0,0,0,0,0,0,0,0,0,0,0,0,0,0,0,0,0,0,0,0,0,Eukaryota;Arthropoda;Arachnida;Ixodida;Ixodidae;Ixodes;Ixodes sp. KM-2014b
0,0,0,0,0,0,0,0,0,0,0,0,0,0,0,0,0,0,0,0,0,0,0,0,0,0,0,0,0,0,0,0,0,0,0,0,0,0,0,0,0,0,0,0,0,0,0,0,0,0,0,0,0,0,0,0,0,0,0,0,0,0,0,0,0,0,0,0,0,0,0,0,0,0,0,0,0,0,0,0,0,0,0,0,0,0,0,0,0,0,0,0,0,0,0,0,0,0,1,0,0,0,0,0,0,0,0,0,0,0,0,0,0,0,0,0,0,0,0,0,0,0,0,0,0,0,0,0,0,0,0,0,0,0,0,0,0,0,0,0,0,0,0,0,0,0,0,0,0,0,0,0,0,0,0,0,0,0,0,0,0,0,0,0,0,0,0,0,0,0,0,0,0,0,0,0,0,0,0,0,0,0,0,0,0,0,0,0,0,0,0,0,0,0,0,0,0,0,0,0,0,0,0,0,0,0,0,0,0,0,0,Eukaryota;Chordata;Mammalia;Carnivora;Otariidae;Zalophus;Zalophus californianus
0,0,0,0,0,0,0,0,0,0,0,0,0,0,0,0,0,0,0,0,0,0,0,0,0,0,0,0,0,0,0,0,0,0,0,0,0,0,0,0,0,0,0,0,0,0,0,0,0,0,0,0,0,0,0,0,0,0,0,0,0,0,0,0,0,0,0,0,0,0,0,0,0,0,0,0,0,0,0,0,0,0,0,0,0,0,0,0,0,0,0,0,0,0,0,0,0,0,0,0,0,0,0,1,0,0,0,0,0,0,0,0,0,0,0,0,0,0,0,0,0,0,0,0,0,0,0,0,0,0,0,0,0,0,0,0,0,0,0,0,0,0,0,0,0,0,0,0,0,0,0,0,0,0,0,0,0,0,0,0,0,0,0,0,0,0,0,0,0,0,0,0,0,0,0,0,0,0,0,0,0,0,0,0,0,0,0,0,0,0,0,0,0,0,0,0,0,0,0,0,0,0,0,0,0,0,0,0,0,0,0,Eukaryota;Chordata;Actinopteri;Kurtiformes;Apogonidae;Cheilodipterus;Cheilodipterus artus
0.25753645136535575,0.2964122751145963,0.3029154450671776,0.07727571696872201,0,0,0,0,0,0,0,0,0,0,0,0,0,0,0,0,0,0,0.18132439826537441,0.14413931027754742,0.15813845490430226,0,0,0,0,0,1,0.5070770600522789,0.22943604148660326,0.2164132524405163,0,0.013654909497629137,0,0,0,0,0,0,0,0,0,0,0.02353580059192484,0.038336227764722536,0,0,0,0,0,0,0.21212170650134596,0,0.28528043216741944,0.33479073647782226,0,0,0,0,0,0,0.13867143338609147,0,0,0,0,0,0,0,0,0,0,0,0,0,0,0.20223825115867064,0,0,0,0,0,0,0.0396000160812248,0,0,0,0,0,0,0.17968831144983147,0.13536056655299428,0,0,0,0.21057643720604813,0,0,0,0,0,0.23553184131218813,0.021101627659004706,0,0.1689924831575071,0,0.2637275707581255,0,0,0,0,0,0.042559026661116134,0.0243623391136949,0,0.14579502130522537,0.07437255426613525,0.035549649753104644,0,0.03877016110996806,0,0,0.03825752968916125,0.008697457497867322,0,0,0,0,0.12745034612149836,0,0,0.07432872773989155,0.05376439869610251,0.01282417630727298,0,0.012163548365821383,0,0,0,0,0,0,0,0.023788039457189214,0.016893410897629035,0.017168197203064214,0.023023799405014877,0.02538075029573786,0,0,0,0,0.018105609090402718,0.022245744587416322,0.019213590489849025,0,0,0.016981347944449755,0,0,0,0,0,0,0,0.01270531397819061,0,0,0.042686890574214514,0,0,0,0,0,0,0,0,0,0,0,0,0,0,0,0,0,0,0,0.14805343744281096,0,0,0,0,0,0,0,0,0,0,0,0,0,0,0,0,0,0,0,Eukaryota;Cnidaria;Hydrozoa;Anthoathecata;Corymorphidae;Euphysa;
0,0,0,0,0,0,0,0,0,0,0,0,0,0,0,0,0,0,0,0,0,0,0,0,0,0,0,0,0,0,0,0,0,0,0,0,0,0,0,0,0,0,0,0,0,0,0,0,0,0,0,0,0,0,0,0,0,0,0,0,0,0,0,0,0,0,0,0,0,0,0,0,0,0,0,0,0,0,0,0,0,0,0,0,0,0,0,0,0,0,0,0,0,0,0,0,0,0,0,0,0,0,0,0,0,0,0,0,0,0,0,0,0,0,0,0,0,0,0,0,0,0,0,0,0,0,0,0,0,0,0,0,0,0,0,0,0,0,0,0,0,0,0,0,0,0,0,0,0,0,0,0,0,0,0,0,0,0,0,0,0,0,0,0,0,0,0,0,0,0,0,0,0,0,0,0,0,0,0,0,0,0,0,0,0,0,0,0,0,0,0,0,0,0,0,0,0,0,0,0,0,0,0,0,1,0,0,0,0,0,0,Eukaryota;Arthropoda;Insecta;Diptera;Psychodidae;Psathyromyia;Psathyromyia barrettoi
0,0,0,0,0,0,0,0,0,0,0,0,0,0,0,0,0,0,0,0,0,0,0,0,0,0,0,0,0,0,0,0,0,0,0,0,0,0,0,0,0,0,0,0,0,0,0,0,0,0,0,0,0,0,0,0,0,0,0,0,0,0,0,0,0,0,0,0,0,0,0,0,0,0,0,0,0,0,0,0,0,0,0,0,0,0,0,0,0,0,0,0,0,0,0,0,0,0,0,0,0,0,0,0,0,0,0,0,0,0,0,0,0,0,0,0,0,0,0,0,0,0,0,0,0,0,0,0,0,0,0,0,0,0,0,0,0,0,0,0,0,0,0,0,0,0,0,0,0,0,0,0,0,0,0,0,0,0,0,0,0,0,0,0,0,0,0,0,0,0,0,0,0,0,0,0,0,0,0,0,0,0,0,0,0,0,0,0,0,0,0,0,0,0,0,0,0,0,0,0,0,0,0,0,1,0,0,0,0,0,0,Eukaryota;Arthropoda;Malacostraca;Decapoda;Paguridae;Pagurus;Pagurus lanuginosus
0,0,0,0,0,0,0,0,0,0,0,0,0,0,0,0,0,0,0,0,0,0,0,0,0,0,0,0,0,0,0,0,0,0,0,0,0,0,0,0,0,0,0,0,0,0,0,0,0,0,0,0,0,0,0,0,0,0,0,0,0,0,0,0,0,0,0,0,0,0,0,0,0,0,0,0,0,0,0,0,0,0,0,0,0,0,0,0,0,0,0,0,0,0,0,0,0,0,0,0,0,0,0,0,0,0,0,0,0,0,0,0,0,0,0,0,0,0,0,0,0,0,0,0,0,0,0,0,0,0,0,0,0,0,0,0,0,0,0,0,0,0,0,0,0,0,0,0,0,0,0,0,0,0,0,0,0,0,0,0,0,0,0,0,0,0,0,0,0,0,0,0,0,0,0,0,0,0,0,0,0,0,0,0,0,0,0,0,0,0,0,0,0,0,0,0,0,0,0,0,0,0,0,0,1,0,0,0,0,0,0,Eukaryota;NA;Labyrinthulomycetes;NA;Thraustochytriaceae;Thraustochytrium;Thraustochytrium aureum
0,0,0,0,0,0,0,0,0,0,0,0,0,0,0,0,0,0,0,0,0,0,0,0,0,0,0,0,0,0,0,0,0,0,0,0,0,0,0,0,0,0,0,0,0,0,0,0,0,0,0,0,0,0,0,0,0,0,0,0,0,0,0,0,0,0,0,0,0,0,0,0,0,0,0,0,0,0,0,0,0,0,0,0,0,0,0,0,0,0,0,0,0,0,0,0,0,0,0,0,0,0,0,0,0,0,0,0,0,0,0,0,0,0,0,0,0,0,0,0,0,0,0,0,0,0,0,0,0,0,0,0,0,0,0,0,0,0,0,0,0,0,0,0,0,0,0,0,0,0,0,0,0,0,0,0,0,0,0,0,0,0,0,0,0,0,0,0,0,0,0,0,0,0,0,0,0,0,0,0,0,0,0,0,0,0,0,0,0,0,0,0,0,0,0,0,0,0,0,0,0,0,0,0,0,0,1,0,0,0,0,Eukaryota;Mollusca;Gastropoda;Lepetellida;Lepetodrilidae;Clypeosectus;Clypeosectus delectus
0,0,0,0,0,0,0,0,0,0,0,0,0,0,0,0,0,0,0,0,0,0,0,0,0,0,0,0,0,0,0,0,0,0,0,0,0,0,0,0,0,0,0,0,0,0,0,0,0,0,0,0,0,0,0,0,0,0,0,0,0,0,0,0,0,0,0,0,0,0,0,0,0,0,0,0,0,0,0,0,0,0,0,0,0,0,0,0,0,0,0,0,0,0,0,0,0,0,0,0,0,0,0,0,0,0,0,0,0,0,0,0,0,0,0,0,0,0,0,0,0,0,0,0,0,0,0,0,0,0,0,0,0,0,0,0,0,0,0,0,0,0,0,0,0,0,0,0,0,0,0,0,0,0,0,0,0,0,0,0,0,0,0,0,0,0,0,0,0,0,0,0,0,0,0,0,0,0,0,0,0,0,0,0,0,0,0,0,0,0,0,0,0,0,0,0,0,0,0,0,0,0,0,0,0,0,1,0,0,0,0,Eukaryota;Arthropoda;Malacostraca;Euphausiacea;Euphausiidae;Nematoscelis;Nematoscelis microps
0,0,0,0,0,0,0,0,0,0,0,0,0,0,0,0,0,0,0,0,0,0,0,0,0,0,0,0,0,0,0,0,0,0,0,0,0,0,0,0,0,0,0,0,0,0,0,0,0,0,0,0,0,0,0,0,0,0,0,0,0,0,0,0,0,0,0,0,0,0,0,0,0,0,0,0,0,0,0,0,0,0,0,0,0,0,0,0,0,0,0,0,0,0,0,0,0,0,0,0,0,0,0,0,0,0,0,0,0,0,0,0,0,0,0,0,0,0,0,0,0,0,0,0,0,0,0,0,0,0,0,0,0,0,0,0,0,0,0,0,0,0,0,0,0,0,0,0,0,0,0,0,0,0,0,0,0,0,0,0,0,0,0,0,0,0,0,0,0,0,0,0,0,0,0,0,0,0,0,0,0,0,0,0,0,0,0,0,0,0,0,0,0,0,0,0,0,0,0,0,0,0,0,0,0,1,0,0,0,0,0,Eukaryota;Arthropoda;Insecta;Diptera;Chironomidae;NA;Chironomidae sp. BIOUG22199-C06
0,0,0,0,0,0,0,0,0,0,0,0,0,0,0,0,0,0,0,0,0,0,0,0,0,0,0,0,0,0,0,0,0,0,0,0,0,0,0,0,0,0,0,0,0,0,0,0,0,0,0,0,0,0,0,0,0,0,0,0,0,0,0,0,0,0,0,0,0,0,0,0,0,0,0,0,0,0,0,0,0,0,0,0,0,0,0,0,0,0,0,0,0,0,0,0,0,0,0,0,0,0,0,0,0,0,0,0,0,0,0,0,0,0,0,0,0,0,0,0,0,0,0,0,0,0,0,0,0,0,0,0,0,0,0,0,0,0,0,0,0,0,0,0,0,0,0,0,0,0,0,0,0,0,0,0,0,0,0,0,0,0,0,0,0,0,0,0,0,0,0,0,0,0,0,0,0,0,0,0,0,0,0,0,0,0,0,0,0,0,0,0,0,0,0,0,0,0,0,0,0,0,0,1,0,0,0,0,0,0,0,Eukaryota;Arthropoda;Hexanauplia;Calanoida;Tortanidae;Tortanus;Tortanus derjugini
0,0,0,0,0,0,0,0,0,0,0,0,0,0,0,0,0,0,0,0,0,0,0,0,0,0,0,0,0,0,0,0,0,0,0,0,0,0,0,0,0,0,0,0,0,0,0,0,0,0,0,0,0,0,0,0,0,0,0,0,0,0,0,0,0,0,0,0,0,0,0,0,0,0,0,0,0,0,0,0,0,0,0,0,0,0,0,0,0,0,0,0,0,0,0,0,0,0,0,0,0,0,0,0,0,0,0,0,0,0,0,0,0,0,0,0,0,0,0,0,0,0,0,0,0,0,0,0,0,0,0,0,0,0,0,0,0,0,0,0,0,0,0,0,0,0,0,0,0,0,0,0,0,0,0,0,0,0,0,0,0,0,0,0,0,0,0,0,0,0,0,0,0,0,0,0,0,0,0,0,0,0,0,0,0,0,0,0,0,0,0,0,0,0,0,0,0,0,0,0,0,0,0,0,0,0,0,0,1,0,0,Eukaryota;Echinodermata;Ophiuroidea;Ophiurida;Ophiuridae;Ophiura;
0,0,0,0,0,0,0,0,0,0,0,0,0,0,0,0,0,0,0,0,0,0,0,0,0,0,0,0,0,0,0,0,0,0,0,0,0,0,0,0,0,0,0,0,0,0,0,0,0,0,0,0,0,0,0,0,0,0,0,0,0,0,0,0,0,0,0,0,0,0,0,0,0,0,0,0,0,0,0,0,0,0,0,0,0,0,0,0,0,0,0,0,0,0,0,0,0,0,0,0,0,0,0,0,0,0,0,0,0,0,0,0,0,0,0,0,1,0,0,0,0,0,0,0,0,0,0,0,0,0,0,0,0,0,0,0,0,0,0,0,0,0,0,0,0,0,0,0,0,0,0,0,0,0,0,0,0,0,0,0,0,0,0,0,0,0,0,0,0,0,0,0,0,0,0,0,0,0,0,0,0,0,0,0,0,0,0,0,0,0,0,0,0,0,0,0,0,0,0,0,0,0,0,0,0,0,0,0,0,0,0,Eukaryota;Arthropoda;Hexanauplia;Calanoida;Calanidae;Neocalanus;Neocalanus robustior
0,0,0,0,0,0,0,0,0,0,0,0,0,0,0,0,0,0,0,0,0,0,0,0,0,0,0,0,0,0,0,0,0,0,0,0,0,0,0,0,0,0,0,0,0,0,0,0,0,0,0,0,0,0,0,0,0,0,0,0,0,0,0,0,0,0,0,0,0,0,0,0,0,0,0,0,0,0,0,0,0,0,0,0,0,0,0,0,0,0,0,0,0,0,0,0,0,0,0,0,0,0,0,0,0,0,0,0,0,0,0,0,0,0,0,0,0,0,0,0,0,0,0,0,0,0,0,0,0,0,0,0,0,0,0,0,0,0,0,0,0,0,0,0,0,0,0,0,1,0,0,0,0,0,0,0,0,0,0,0,0,0,0,0,0,0,0,0,0,0,0,0,0,0,0,0,0,0,0,0,0,0,0,0,0,0,0,0,0,0,0,0,0,0,0,0,0,0,0,0,0,0,0,0,0,0,0,0,0,0,0,Eukaryota;Arthropoda;Insecta;Diptera;Mycetophilidae;Mycetophila;Mycetophila sp. BOLD-2016
0,0,0,0.06912147927399967,0,0,0,0,0,0,0,0,0,0,0,0,0,0,0,0,0,0,0,0,0,0,0,0,0,0,0,0,0,0,0,0,0,0,0,0.01877955495580673,0,0,0,0,0,0,0.19894396308601497,0.20060198377243954,0.10483101870649798,0.03457804163431498,0,0,0.007000857672294604,0,0,0,0,0,0,0.009678270016050313,0.0474025959694275,0,0,0,0,0.04172650493238276,0,0,0,0,0,0,0,0,0.02343051898599554,0,0,0.011952866343262813,0,0,0,0,0,0,0,0,0,0.06591278582219122,0,0,0,0,0.09431418379623079,0,0,0,0,0,0,0,0,0,0,0,0,0,0,0,0,0,0.007118584683175585,0,0,0.2542089901563662,0.3131332724243855,0,0,0,0,0.059317823802546854,0.07674978142160603,0,0,0,0.04464895686659223,0,0,0,0.006429612374229455,0.019342775579817655,0,0,0,0,0,0,0.007742892571309959,0,0,0,0,0,0,0,0,0,0,0,0,0,0,0.013469980914365071,0,0,0.018498245627332117,0.03400966976965245,0.05671027945376524,0.04301907309082184,0.07805505701324403,0,0,0,0,0,0,0,0,0.0117657622044549,0.012501095355549866,0.008583433131465737,0.9698097326963306,1,0,0,0,0.372522084215748,0.16612693979817186,0.3059382113120976,0,0,0,0,0.005026379041004558,0,0,0,0,0,0,0,0,0,0,0.04214586679099967,0.04815518176885513,0.056365615819612705,0,0,0,0,0,0,0,0,0,0,0,0,0,0,0,Eukaryota;Mollusca;Gastropoda;Littorinimorpha;Atlantidae;Atlanta;Atlanta selvagensis
0,0,0,0,0,0,0,0,0,0,0,0,0,0,0,0,0,0,0,0,0,0,0,0,0,0,0,0,0,0,0,0,0,0,0,0,0,0,0,0,0,0,0,0,0,0,0,0,0,0,0,0,1,0,0,0,0,0,0,0,0,0,0,0,0,0,0,0,0,0,0,0,0,0,0,0,0,0,0,0,0,0,0,0,0,0,0,0,0,0,0,0,0,0,0,0,0,0,0,0,0,0,0,0,0,0,0,0,0,0,0,0,0,0,0,0,0,0,0,0,0,0,0,0,0,0,0,0,0,0,0,0,0,0,0,0,0,0,0,0,0,0,0,0,0,0,0,0,0,0,0,0,0,0,0,0,0,0,0,0,0,0,0,0,0,0,0,0,0,0,0,0,0,0,0,0,0,0,0,0,0,0,0,0,0,0,0,0,0,0,0,0,0,0,0,0,0,0,0,0,0,0,0,0,0,0,0,0,0,0,0,Eukaryota;Arthropoda;Hexanauplia;Calanoida;Centropagidae;Centropages;Centropages tenuiremis
0,0,0,0,0,0,0,0,0,0,0,0,0,0,0,0,0,0,0,0,0,0,0,0,0,0,0,0,0,0,0,0,0,0,0,0,0,0,0,0,0,0,0,0,0,0,0,0,0,0,0,0,0,0,0,0,0,0,0,0,0,0,0,0,0,0,0,0,0,0,0,0,0,0,0,0,0,0,0,0,0,0,0,0,0,0,0,0,0,0,0,0,0,0,1,0,0,0,0,0,0,0,0,0,0,0,0,0,0,0,0,0,0,0,0,0,0,0,0,0,0,0,0,0,0,0,0,0,0,0,0,0,0,0,0,0,0,0,0,0,0,0,0,0,0,0,0,0,0,0,0,0,0,0,0,0,0,0,0,0,0,0,0,0,0,0,0,0,0,0,0,0,0,0,0,0,0,0,0,0,0,0,0,0,0,0,0,0,0,0,0,0,0,0,0,0,0,0,0,0,0,0,0,0,0,0,0,0,0,0,0,Eukaryota;Arthropoda;Malacostraca;Decapoda;;Spirontocaris;Spirontocaris sica
0,0,0.10089531092016699,0,0,0,0,0,0,0,0,0,0,0,0,0,0,0,0,0,0,0,0,0,0,0,0,0,0.2392164072449318,0,0,0,0,0,0,0,0,0,0,0,0,0,0,0,0,0,0,0,0,0,0,0,0,0,0,0,0,0,0,0,0,0,0.28302054275409183,0,0,0,0,0,0,0,0,0,0,0,0,0,0,0,0,0.3392186709028514,0,0,0,0,0,0,0,0,0,0,0,0,0,0,0,0.18511482415213237,0,0,0,0.7448773423548171,0,0,0.6869133578549272,1,0,0,0,0,0,0,0.11608253963578702,0,0,0,0,0,0.010992153993539346,0,0,0.3073644209290327,0.23823627190436497,0,0,0,0,0,7.984394982403023e-4,0,0,0,0,0,0,0,0,0,0,0,0,0,0,0,0,0.3094546835208226,0.19253917949386035,0,0.15373792221755697,0.15399423806167706,0.14080803991629823,0,0,0,0,0,0,0,0,0.009701098573496067,0,0,0,0,0,0,0,0,0,0,0,0,0,0,0,0,0,0,0.1298146538158998,0,0,0,0,0,5.731818679829232e-4,0,0,0,0,0,0,0,0,0,0,0,0,0,0.3629772986116409,0,0.4637372103778552,0.8011578812254901,0.6893529717795256,0.5813832251199724,0.8165216099574524,0.5279367820053681,0,0,0,0,0,0,0,Eukaryota;Arthropoda;Hexanauplia;Calanoida;Scolecitrichidae;Scolecithricella;Scolecithricella longispinosa
0,0,0,0,0,0,0,0,0,0,0,0,0,0,0,0,0,0,0,0,0,0,0,0,0,0,0,0,0,0,0,0,0,0,0,0,0,0,0,0,0,0,0,0,0,0,0,0,0,0,0,0,0,0,0,0,0,0,0,0,0.0038233154501523636,0.022166587078915955,0,0,0,0,0,0,0,0,0,0,0,0,0,0,0,0,0,0,0,0,0,0,0,0,0,0,0,0,0,0,0,0,0,0,0,0,0,0,0,0,0,0,0,0,0,0,0,0,0,0,0,1,0.8466128778391399,0,0,0,0,0,0,0.9376356687333092,0,0,0,0,0,0,0,0,0,0,0,0,0,0,0,0,0,0,0,0,0,0,0,0,0,0,0,0,0,0,0,0,0,0,0,0,0,0,0,0,0,0,0,0,0,0,0,0,0.06777385881863494,0.05487950771112427,0,0,0,0,0,0,0,0,0,0,0,0,0,0,0,0,0,0,0,0,0,0,0,0,0,0,0,0,0,0,0,0,0,0,0,0,0,0,0,Eukaryota;Arthropoda;Insecta;Ephemeroptera;Leptophlebiidae;Thraulodes;Thraulodes sp. JMW1
0,0,0,0,0,0,0,0.3064216778025241,0,0,0,0,0,0,0,0,0,0,0,0,0,0,0,0.176243627963666,0,0,0,0.10251162677445275,0,0.14609347800858766,0,0,0,0,0,0,0,0,0,0,0,0,0.017173503353076505,0,0,0,0.02830618728253744,0,0,0,0,0,0.533410222394467,0,0.07744589564351721,0.15527006316180567,0.02662005226994899,0.03355402213104563,0.028899894973125475,0,0,0,0,0,0,0,0,0,0,0,0,0,0,0,0,0,0,1,0.8437323778195488,0.034010861901824264,0,0,0,0,0,0,0,0,0,0,0,0,0,0,0,0,0,0.024627886193788067,0,0,0,0,0,0.03078705762850411,0.012875951922194696,0,0,0,0,0,0,0,0,0,0,0,0,0,0,0.019462974066856542,0.023320952879494143,0,0,0,0,0,0,0,0,0,0,0,0,0,0,0,0,0,0,0,0,0,0,0,0,0,0,0,0,0,0,0,0,0,0,0,0,0,0,0,0,0,0,0,0,0,0.008136305658627087,0,0.041172480772557835,0,0,0,0,0,0,0,0,0,0,0,0,0.09571459573412697,0,0.04131488428963129,0,0,0,0.023855137009587267,0,0,0,0,0,0,0.00899275888585099,0,0,0,0,0.04134759215273874,0,0,0.05323759110980723,0,0,0,0.088779613237579,0,0,0,0,Eukaryota;Annelida;Polychaeta;NA;NA;NA;Polychaeta sp. NB-Po544
0,0,0,0,0,0,0,0,0,0,0,0,0,0,0,0,0,0,0,0,0,0,0,0.13606024599148125,0,0,0,0,0,0,0,0,0,0,0,0,0,0,0,0,0,0,0,0,0,0,0,0,0,0,0,0,0,0,0,0,0,0,0,0,0,0,0,0,0,0,0,0,0,0,0,0,0,0,0,0,0,0,0,0,0,0,0,0,0,0,0,0,0,0,0,0,0,0,0,0,0,0,0,0,0,0,0,0,0,0,0,0,0,0,0,0,0,0,0,0,0,0,0,0,0,0,0,0,0,0.9088483709117867,0.8687632124153261,1,0,0,0,0,0,0,0,0,0,0,0,0,0,0,0,0,0,0,0,0,0,0,0,0,0,0,0,0,0,0,0,0,0,0,0,0,0,0,0,0,0,0,0,0,0,0,0,0,0,0,0,0,0,0,0,0,0,0,0,0,0,0,0,0,0,0,0,0,0,0,0,0,0,0,0,0,0,0,0,0,0,0,0,Eukaryota;Arthropoda;Malacostraca;Decapoda;Crangonidae;Crangon;Crangon nigromaculata
0.008954251798939019,0.01154122472263412,6.5700521257985e-4,0.03623672333550237,0.009391632362673485,0.01148118747187936,0,0.01752842006809208,0,0,0,0,0.025024453767454675,0.0051250697545953475,0,0,8.987816257993768e-4,0,0,0,0,0,0,4.976018178461529e-4,0,0.050171968855417894,3.897899631599555e-4,0.09808418537784461,0.004316176534274622,0,0.009958351100804353,0.010247097473425986,0.001454814393400654,0,0.05430463102992486,0.08502853350684499,0.25527189327235844,0.7196591015278614,0.5901609916114233,0.10771250228074848,0.03426119016829742,0,0.1191539205559731,0.11136622202316987,0,0,0.18784206034663795,0.036064125187830746,0.01910582364182184,0.22718867683636562,0.18608577322888506,0.21560806156535392,0.010357557955241858,0.00670699202344772,0.009022890662903012,0,0.02063097661458703,0.014736119550212156,0.049150929796742106,0,0.08315894734274773,0.09340162909457099,0.0021989857681197367,0,0.020824557425362364,0.469708419925688,0.061363057247663125,0.38650748148863906,0,0,0.19316327727597496,0.14518305227574982,0,0,0,0.0387760072844874,0.5645758791942984,0,0,0.046327895735559385,0.031057032671553807,0.5998039193128182,0,0,0,0.005439358133618645,0.04716436330262649,0.010792282409330745,0,0.0024776844687432035,0.003113118288405812,0.004438754919871725,0.0039255368809306005,0.0034128612142678605,1.991316432977347e-5,0,0.00849077617838475,0.008809391662488085,0,0.006483035343548167,0.002969519660860231,0.001905419932492161,0.0022183082001973214,0.004321760137020736,0.0012935836253316314,0.009652312022098283,0.0032670068201806164,0.008832037567120215,0.02073675275601378,0,0,0.5616272964553763,0.5891283862472122,0,0,0.3523211925836567,0.33176485258728783,0.08822043754914201,0.05567952171827139,0.0922877358860566,0.08677251388493158,0,0,0,0.008185297418867098,0,0,4.645067912229796e-5,0,0.004976878882712877,0.33213309550733455,0.05708840435096942,0.07214503796399699,0,0.014171304014519322,0.026113560784801766,0.11588192183362056,0.023577980699746558,0.02291152864663854,0.024588278104689207,0.026393551027801148,0,0.03041571860050064,0.2612692801664862,1,0.23351523249855122,0.12084214770425332,0.11358197025113627,0.11151881308938168,0.14942881786605122,0.13405882417186354,0.1663590748782439,0,0,0,0.07125535522782059,0,4.6638072001216834e-5,1.4943077725303842e-4,0,0,0.0032665240681330598,0,0,0,0,0,0.0025227667565399857,0.002558595988246873,0.002453899643701991,0.029909559023483072,0.026525681129353797,0,5.64102648946361e-4,0,0.009140296868083021,0.006364931891229427,0.0019529182656509536,0.11240519450414332,0.3292880292026678,0.39479315092296796,0.54923452883263,0.6423941608205361,0.4728521718293618,0.14108409752853274,0.12267182321145617,0,0,0,0.009568217124186937,0.0018486277081830303,0,0,0.1684707443183367,5.162618860153836e-4,0,0,0.1229735262591375,0,0.012872802402155385,0.005999779327557803,0.007253696415274971,0.003820370859229373,0.0031673633825679234,8.490948981091102e-4,0,0.002752226187961701,0.2214557526486395,0,0.06068394098168582,0,Eukaryota;Cnidaria;Hydrozoa;Leptothecata;;;
0,0,0.012095658394253807,0.09052341661530296,0.07280113790221844,0.1396801360690399,0,0,0,0,0,0,0,0,0,0,0,0,0,0,0,0,0,0,0,0,0,0,0,0,0,0,0,0,0,0,0,0,0.016190495411362794,0.013954172375814665,0,0,0.0054910102040054394,0,0,0,0,0,0,0,0,0,0.017556737394244647,0,0,0,0,0,0,0.014382901876158236,0,0,0,0,0.03732766262247034,0,0,0,0.03240978317364244,0.008750236740780992,0,0,0,0,0,0,0,0,0,0.5743735557669989,1,0,0,0,0,0,0,0,0,0,0,0,0,0,0,0,0,0,0,0,0,0,0.01341438352460169,0,0,0,0,0.004211990892992664,0,0,0,0,0,0,0,0,0,0,0.18532452932746948,0.00648784966003247,0.010149232985044169,0,0,0,0,0.015256571286802622,0.017381539957637974,0.014219307357896463,0,0,0,0,0,0.010790808278353818,0,0.0013077410471676273,0,0.44735519608887075,0.32059791855984304,0.37340529407129275,0,0,0,0.011456869651921414,0.012063334135322798,0,0.02454590377339597,0.017820808985571705,0.011271575592852476,0.017215446202827982,0.028466692244233652,0.011259997402646011,0,0,0,0,0,0,0,0,0,0,0,0,0,0,0,0,0,0,0,0,0,0,0,0,0,0,0,0,0,0,0,0,0,0,0,0,0,0,0,0,0,0,0,0,0,0,0,0,0,0,0,0,0.01618380644021114,0.027634754916603232,0,0,0,0,0,Eukaryota;Arthropoda;Malacostraca;Decapoda;Cancridae;Metacarcinus;Metacarcinus gracilis
0.017278387084205284,0,0,0,0,0,0,0,0,0,0,0,0,0,0.4343200755234627,0,0,0,0,0,0,0,0,0,0,0,0,0,0,0.14963428336812215,0,0.0935789422199305,0,0,0,0,0,0.07409134601657895,0.058378013572794415,0,0,0,0,0.027315997139159536,0.4821270873313204,0,0,0.016670481855085226,0.014156506774211264,0.12807662552229063,0.15418127279238078,0,0.02495867180869419,0,0,0,0,0,0.014628866502432506,0.018820299115568158,1,0.9754987294522585,0,0,0,0.7720696921689166,0.773859171446677,0,0,0,0,0,0,0,0,0.062105008786908084,0,0,0,0,0,0,0.12050621540826845,0,0.08403439684332518,0,0,0,0,0,0,0.2653928138460154,0,0,0,0.08035226519565114,0,0.06575690975465957,0.10988281988815524,0,0,0,0,0,0.07076350093109869,0,0,0,0,0,0.06921376072102038,0,0,0.021808813294271596,0,0.07277123595656722,0.12969694912418167,0,0.06339886313663534,0.006108827836665328,0,0,0,0,0,0,0,0,0.1812932274313962,0,0.2445113777686595,0,0,0,0,0,0,0,0.0031735863043750546,0,0,0,0,0,0,0,0,0,0,0,0,0,0.04490230072621372,0.05215810024129931,0.06394944831022464,0,0,0,0,0,0,0,0,0,0,0,0,0,0,0.0043273706091769715,0,0,0.0506510336001738,0.03979105225227067,0,0,0,0.0030276101713701243,0,0,0,0,0.009626168156740363,0.006102338409938463,0,0,0,0,0,0,0,0,0,0,0,0,0,0,0,0,0,0,0,0,0,0,0,0,0,0.12636353254420374,0,Eukaryota;Mollusca;Cephalopoda;Teuthida;Enoploteuthidae;Watasenia;Watasenia scintillans
0,0,0,0,0,0,0,0,0,0,0,0,0,0,0,0,0,0,0,0,0,0,0,0,0,0,0,0,0,0,0.021514293524381143,0,0,0,0,0,0,0,0,0,0,0,0,0,0,0,0,0,0,0,0,0,0,0,0,0,0,0,0,0,0,0,0,0,0,0,0,0,0,0,0,0,0,0,0,0,0,0,0,0,0,0,0.9243431350481921,0.8729750817154721,1,0,0,0,0,0,0,0,0,0,0,0,0,0,0,0,0,0,0,0,0,0,0,0.008849993512786983,0,0,0,0,0,0,0,0,0,0,0,0,0,0,0,0,0.02654284554749414,0,0.0030959797219582167,0,0,0,0,0,0,0,0.08084490888665291,0.08045976897694261,0.06814806404092204,0,0,0,0,0,0,0,0,0,0,0,0,0,0,0,0,0,0,0,0,0,0,0,0,0,0,0,0,0,0,0,0,0,0,0,0,0,0,0,0,0,0,0,0,0,0,4.239854836545701e-4,0,0,0,0,0,0,0,0,0,0,0,0,0,0,0,0,0,0,0,0,0,0,0,0,0,0,0,Eukaryota;Cnidaria;Scyphozoa;Semaeostomeae;Ulmaridae;Phacellophora;Phacellophora camtschatica
0.018339402732104156,0.05357510357247634,0.050595576061419144,0.008560025332092049,0,0,0.49523899011947703,0.48805171899926003,0.4207908468869894,0,0,0.0142104691775822,0.006728764406146145,0,0,0,0,0,0,0,0,0,0,0,0,0.02233360190797407,0.005628279469312544,0.011802193895036861,0.015307257258022068,0.041691008837171306,0.40672379972129674,0.5980071295567516,0,0,0,0,0,0.0514741619319297,0.017989211062701346,0,0,0,0.11795353718047423,0.07393315295072217,0.01794388840309909,0.03209017735528483,0.02933009738744,0.02388712653760709,0,0,0,0.012155085707814149,0.01300482563104406,0,0.033987100125173045,0,0,0,0,0,0,0,0.1820432635471826,0.19358294857340522,1,0,0.007018116999235692,0,0,0.004861180945335372,0,0,0,0,0.045338167258837964,0,0.007741746566534754,0,0,0.017086606189310613,0,0,0.003542016535172749,0,0,0,0.005921900928774945,0.014841199535363699,0,0,0,0,0.2851269129148856,0.004958912988451538,0.0028753140039246895,0,0,0.0031407682906946445,0.012596083764317966,0,0,0,0.007882283455085399,0.01153669418821263,0,0,0.004492682665510544,0.0038999420772842168,0,0,0,0,0,0,0,0.008334333239579212,0.00478010432460702,0.10718378216729785,0,0.13318802773117466,0.07168811691751448,0,0.4420824037518027,0,0.544640049310519,0.00741629470712402,0.0037442751517245184,0.009688084377439763,0,0,0,0,0,0,0,0.010009742720023095,0.0015981370106231663,0,0.00833695591590923,0,0,0,0,0.010911165967602755,0.014622037640535698,0.007859644901496172,0.0035573322158839594,0.001365561903617478,0.007201193023337548,0,0,0.0027802109913546867,0,0,0,0,0,0,0,0,0.012697199409947462,0,0.012873325364641888,0,0.018915535853810218,0,0,0,0,0,0,0,0,0,0,0.016646018009567932,0.023608603372582807,0.011568696957691265,0,0,0.00822586119640485,0,0,0,0,0,0,0,0,0,0.009184626282403317,0,0.05547590331790884,0,0,0,0,0,0,0,0,0,0.002942044609234767,0,0.0032694143576084017,0,0.007359280644296021,0,0,0,0,Eukaryota;Cnidaria;Hydrozoa;Siphonophorae;Forskaliidae;Forskalia;Forskalia contorta
0,0,0,0,0,0,0,0,0,0,0,0,1,0.9519308703252627,0,0,0,0,0,0,0,0,0,0,0,0,0,0,0,0,0,0,0,0,0,0,0,0,0,0,0,0,0,0,0,0,0,0,0,0,0,0,0,0,0,0,0,0,0,0,0,0,0,0,0,0,0,0,0,0,0,0,0,0,0,0,0,0,0,0,0,0,0,0,0,0,0,0,0,0,0,0,0,0,0,0,0,0,0,0,0,0,0,0,0,0,0,0,0,0,0,0,0,0,0,0,0,0,0,0.3183851642979392,0.2885040074727864,0,0,0,0,0,0,0,0,0,0,0,0,0,0,0,0,0,0,0,0,0,0,0,0,0,0,0,0,0,0,0,0,0,0,0,0,0,0,0,0,0,0,0,0,0,0,0,0,0,0,0,0,0,0,0,0,0,0,0,0,0,0,0,0,0,0,0,0,0,0,0,0,0,0,0,0,0,0,0,0,0,0,0,0,0,0,0,0,0,0,Eukaryota;Annelida;Polychaeta;Phyllodocida;Phyllodocidae;Eumida;Eumida notata
0,0,0,0,0,0,0,0,0,0,0,0,0,0,0,0,0,0,0,0,0,0,0,0,0,0,0,0,0,0,0,0,0.0017276874902588664,0,0,0,0,0,0,0,0,0,0,0,0,0,0,0,0,0,0,0,0,0,0,0,0,0,0,0,0,0,0,0,0,0,0,0,0,0,0,0,0,0,0,0,0,0,0,0,0,0,0,0,0,0,0,0,0,1,0.906697124317082,0.8539526305982973,0,0,0,0,0,0,0,0,0,0,0,0,0,0,0,0,0,0,0,0,0,0,0,0,0,0,0,0,0,0,0,0,0,0.0015684621475293425,0,0,0.1856574914068605,0.1968153219126769,0,0,0,0,0,0,0,0,0,0,0,0,0,0,0,0,0,0,0,0.0028317529766673866,0.006243280175934187,0,0,0,0,0,0,0,0,0,0,0,0,0,0,0,0,0,0,0,0,0,0,0,0,0,0,0,0,0,0,0,0,0,0,0,0,0,0,0,0,0,0,0,0,0,0,0,0,0,0,0,0,0,0,0,0,0,0,0,0,Eukaryota;Chordata;Actinopteri;;;;
0.04978932908713236,0.03618854842804806,0,0,0,0,0,0,0,0,0,0,0,0,0,0,0,0,0,0,0,0,0,0,0,0,0,0,0,0,0.04731834799429024,0,0,0,0,0,0,0,0,0,0,0,0,0,0,0,0,0,0,0,0,0,0,0,0,0,0,0,0,0,0,0,0.3813795683275471,0.8933780815819926,0,0,0,0,0,0,0,0,0,0,0,0,0,0,0,0,0,0,0,0,0,0,0,0,0,0,0,0,0,0,0,0,0,0,1,0,0,0,0,0,0.8649178094803901,0,0,0,0,0,0,0,0,0,0,0,0,0,0.11210516775177873,0,0,0,0,0,0,0,0,0,0,0,0,0,0,0,0,0,0,0,0,0,0,0,0,0,0,0,0.011706351583026737,0.03735426441091891,0.02807632497486796,0,0,0,0,0,0,0,0.33450302084547406,0.13222528281812254,0.1192865496694157,0,0,0,0,0,0,0,0,0,0,0,0,0,0,0,0,0,0,0,0,0,0,0,0.008030652296026954,0.01079047221477638,0,0,0,0,0,0,0,0,0,0,0,0,0,0,0,0,0,0,0,0,0,0,0,0,0,0,0,Eukaryota;Echinodermata;Echinoidea;;;Dendraster;Dendraster excentricus
0,0,0,0,0,0,0,0,0,0,0,0,0,0,0,0,0,0,0,0,0,0,0,0,0,0,0,0,0.015744807264610715,0,0,0,0,0,0,0,0,0,0,0,0,0,0.014642693877347837,0,0,0,0.04223587620477783,0.009172772991539391,0,0,0,0,0,0,0,0,0,0,0,0,0,0,0.5395322769654048,0.21957358281955053,0.9389980908585871,0,0,0,0,0,0,0,0.10448230656163317,0.1720591541692283,0,0,0,0,0,0.9817405033511434,1,0,0,0,0,0,0,0,0,0,0,0,0,0.0020083852464270907,0,0.010526920097491364,0,0.05879592851322054,0,0.03643255844677724,0,0.021610373567049694,0.056134035672179373,0.0765207172155697,0,0.03408089548684158,0.05822590622293703,0,0,0,0,0,0,0,0,0.0024548711243274515,0,0.029682039414600018,0,0.03262461543330613,0.015078860434922766,0.010256663576901732,0,0,0,0,0,0,0,0,0,0,0,0,0,0,0.0019725827134589547,0.160149074764235,0.13424185185654702,0.08814813499387894,0,0,0,0,0,0,0,0,0,0,0,0,0,0,0,0,0.00798416447154629,0.003016956967037969,0,0.4206383236924073,0.31083138595866605,0.2988488191009996,0,0,0,0,0,0.015736616430810445,0.003040021611500832,0.005527540189565981,0,0,0,0,0,0.023970570116677612,0.0323779240676315,0.02498870253145888,0,0,0,0,0,0,0,0,0,0,0,0,0,0,0,0,0.028625415619171195,0.056541433140461006,0,0,0.00852521521551339,0,0,0,0,0,0.05885020523713142,0.037413206656324374,0,0,0,0,0,Eukaryota;Bacillariophyta;Bacillariophyceae;Bacillariales;Bacillariaceae;Cylindrotheca;Cylindrotheca closterium
0.03385132957996683,0.01000913664241483,0.016556623861760635,0.033423731578917086,0.013511961911638557,0.036726755992364524,0.018504545552774018,0,0,0.06179848218179124,0,0.05422556440584569,0,0.008756100299203805,0,0,0,0,0,0,0,0,0.05161332684171002,0,0.0139906926449568,0,0.015982799110156525,0.02346053826544811,0,0,0,0,0,0,0,0,0,0,0,0,0,0,0,0,0,0,0,0.003391650564360614,0,0,0,0,0.19696109420946925,0.1018559055784098,0,0,0,0,0,0,0,0,0.019536047799066807,0,0,0,0.029894345530089492,0,0,0.013804445730003168,0,0,0,0,0,0,0.013740298079692546,0.0021017510854646395,0,0.26444143125705233,0.35095098929980645,0,0,0,0,0,0,0.013170316525058281,0,0,0,0,0,0,0,0,0,0,0,0,0,0,0,0,0,0,0,0,0,0,0,0,0,0,0,0,0,0,0,0.049714242359437465,0.07662653011796107,0,0,0,0,0,0,0,0,0,0,0,0,0,0.028695049357040515,0.0186825444997085,0.0055107674153048345,0,0.012375417274403276,0.004828584221378432,0,0,0,0,0,0,0,0,4.4455326802184494e-4,0.02851719157528676,0,0,0,0,0,0,0.12552148085244624,0.08499243252130367,0.17013199347429983,0,0.08593496692559496,0.0773871557903596,0,0,0,0,0,0,0,0,0,0,0,0,0,0,0.003591540024094007,0,0.017834791776882145,0,0,0,0.03113461319673885,0,0,0,0,0,0.0025684611710600443,0,0,0,0.1632536920975207,0,0.05292151409904549,0.07897937187605109,0,0,0,0,0,0,0.0052216343621194665,0.0018227840159362235,0.02205011030098337,0,0.6875565911530505,0.6769154295223887,1,0,0,Eukaryota;Echinodermata;Ophiuroidea;Ophiurida;Ophiotrichidae;Ophiothrix;
0,0,0,0,0,0,0,0,0,0,0,0,0,0,0,0,0,0,0,0,0,0,0,0,0,0,0,0,0,0,0,0,0,0,0,0,0,0,0,0.02500803549273944,0.05409097628360289,0.03547471041697746,0.03673876154491153,0.0830549502930625,0,0,0.03406195066516554,0.033700007713859594,0.026523918703988677,0,0,0.0156845306277898,0,0,0,0,0,0,0,0,0,0,0,0,0,0,0,0,0,0,0,0,0,0,0,0,0,0,0,0,0,0,0,0,0,0,0,0,0,0,0,0,0,0,0,0,0,0,0,0,0,0,0,0,0,0,0,0,0,0,0,0.057035415318343545,0.0683419233035871,0,0,0,0,0,0,0,0,0,1,0.07793332886695824,0,0.013124225189563452,0.014341902309428355,0.014616777947219314,0,0,0,0.04262872904137699,0,0,0,0.002833241763952371,0.0018854257945499816,0.049202042694411204,0.05594024315863569,0.0645942605342449,0,0,0,0,0,0,0,0,0,0,0,0,0,0,0,0,0,0,0,0.051178735738220085,0.0397586441792668,0.04760740562439203,0,0,0,0,0,0,0,0,0.09765557396480092,0.06479843924120557,0,0,0,0,0,0,0,0,0,0,0,0,0,0,0,0,0,0,0,0,0,0,0,0,0,0,0,0,0,0,0,0,0,0,0,0,0,0,0,Eukaryota;Chordata;Actinopteri;Pleuronectiformes;Paralichthyidae;Citharichthys;Citharichthys stigmaeus
0,0,0,0.11381615126008963,0.10310007557225619,0.14822373225087448,0.6858037762763,0.9077627474968155,0.7183621648866867,0,0,0,0,0,0,0,0,0,0,0,0,0,0,0,0,0,0,0,0.012922474051636521,0,0,0,0,0,0,0,0,0,0,0,0,0,0,0,0,0,0,0,0,0.04820026690363783,0.01960286197399015,0,0.2006671183192645,0.14130713661230093,0,0,0,0,0,0,0,0,0,0,0,0,0,0,0,0,0,0,0,0,0,0,0,0,0,0,0,0,0,0,0,0,0,0,0,0,0,0,0,0,0,0,0,0,0,0,0,0,0.003387627720478687,0,0,0,0,0,0,0,0,0,0,0,0,0,0,0,0,0.009466437477722212,0,0,0,0,0,0,0,0,0,0,0,0,0,0,0,0,0,0,0,0,0,0,0,0,0,0,0,0,0,0,0.024921492616052605,0,0,0,0,0,0.2827482697457003,0.26883944360048423,0.3564507330940418,0.7654334054381113,0.670297820418159,0.7267517512360099,0.045644486321143166,0,0,0,0,0,0,0,0,0,0,0,0,0,0,0,0,0,0,0,0,0,0,0,0,0,0,0,0,0,0,0,0,0,0,0,0,0,0,0,0,0,0,0,0.8175974755964845,0.8077241617252118,1,0.1995635220475076,0.1870638318246131,Eukaryota;Chordata;Thaliacea;Doliolida;Doliolidae;Doliolum;Doliolum nationalis
0,0,1,0,0,0,0,0.16247724231107977,0,0,0,0,0,0,0,0,0,0,0,0,0,0,0,0,0.2807671906184768,0.07812639370719275,0,0,0,0,0,0,0,0,0,0.11429141014790341,0,0,0,0,0,0,0,0,0,0,0,0,0,0.5649464876384392,0,0,0,0,0,0,0,0,0,0,0,0,0,0,0,0,0,0,0,0,0,0,0,0,0,0,0,0,0,0,0,0,0,0,0,0,0,0,0,0,0,0,0,0.1465825269151018,0.0938774022387935,0,0,0,0,0,0,0,0.0016042732591461633,0,0,0,0,0,0,0,0,0,0,0,0,0.030745047797100203,0.04049325308748245,0,0,0,0,0,0,0,0,0,0.15662514608851338,0.1601713273117161,0,0,0,0,0,0,0,0.5665754549138885,0,0,0,0,0,0,0,0,0,0,0,0.07706807413470845,0.05549296839827375,0,0,0,0,0,0,0,0,0.01842700472964134,0.03864506351590317,0,0,0,0,0,0,0,0,0,0,0,0,0,0,0,0,0,0.3838308044008442,0,0,0,0,0,0,0,0,0,0,0,0,0,0,0,0.31050126400468403,0,0,0,0,0,0,0,0,0,0,0,0,0,0,0,0,0,0,Eukaryota;Arthropoda;Hexanauplia;Calanoida;Calanidae;Calanoides;Calanoides patagoniensis
0,0.012012834359255828,0.01157740825893639,0,0,0.05635095628549774,0.7783034093529081,1,0.8012728642737744,0,0.03908716391465653,0,0,0,0,0,0,0,0,0,0,0,0,0,0,0,0,0,0.023290318102173187,0,0,0,0,0,0,0,0,0,0,0,0,0,0,0.034739826778749226,0.03185234333596231,0,0,0,0,0,0,0,0,0,0,0,0,0,0.02657805689438208,0.026594669777333664,0,0,0.13527062320981967,0.11297446955337677,0.0981626651041403,0,0,0,0,0,0,0,0,0,0.028972854792211906,0,0,0,0,0.029572310287381498,0.050143662941037837,0,0,0,0,0,0,0,0,0,0,0,0,0,0,0,0,0,0,0,0,0,0,0,0,0,0,0.010384228706073135,0,0,0,0,0,0,0,0,0,0,0,0,0,0,0,0,0,0,0,0,0,0,0,0,0,0,0,0,0,0,0,0,0,0,0,0,0,0,0,0,0,0,0,0,0,0,0,0.10413478995476919,0.009842066614789403,0.003984640679688971,0,0,0,0,0,0,0,0,0,0,0,0,0,0,0,0,0,0,0,0,0.019111681148153085,0,0,0,0.012053985129720394,0.010347742544491658,0,0,0,0,0,0,0,0,0.03811963763121885,0,0,0,0,0,0,0.5756505552275265,0.4197829136228399,0.41107375538967084,0.3525152057685706,0.3460980402035367,0.03917405845572197,0,0,0,0,0,0,Eukaryota;Bacillariophyta;Coscinodiscophyceae;Thalassiosirales;Stephanodiscaceae;Cyclostephanos;
0.6173037016973792,0.8002420924590242,0.7382994218134666,0,0,0,0,0.16764288261199348,0.16831617672036442,0.1782988910813027,0.08073843810586705,0.18757801256669077,0.17763920931274013,0,0,0,0,0,0,0,0,0.25280568777952184,0,0,0,0,0.06191101456201076,0.34273538076775206,0.043297628848120266,0.4061891522124296,0,0,0,0,0,0,0,0,0,0,0,0,0,0,0.23685909890165188,0.12943025739987135,0,0,0,0,0,0,0,0,0.17446694602024113,0.35657202014973427,0,0,0,0,0.08805519701192858,0,0.04191224591050272,0,0.24331773811337865,0,0,0,0,0,0.07218931220912637,0.037163054794419614,0,0,0,0,0,0.07815694830089304,0,0.07894004460069996,0,0,0,0,0,0,0,0,0,0,0.07416929496758065,0,0,0,0.005693116247128016,0,0,0,0,0,0,0,0,0,0,0,0,0,0,0,0,0.12762997436438722,0,0.10694379231479939,0.26940841373073854,0,0.004263332185294443,0,0,0,0,0.19978853160541216,0,0,0,0,0,0,0.6437636093748328,0.584959852935908,0,0,0,0,0,0,0,0,0,0,0.16439738808214494,0.21179496665433495,0.07834023622545944,0,0,0,0,0,0.007576900147824585,0,0,0.0458734371959624,0.1887319167135133,0.4499969053129954,0.06299772170545091,0.23826550339911282,0.04472549590662083,0.05926084563909727,0.03987370633805862,0.08843574904700563,0.09497496015601711,0,0,0,0,0,0,0,0,0,0,0.04213119848837065,0,0,0.18534120182171576,0,0,0,0.4618818924679601,0,0.1266781404742621,0,0,0,0.306967553729919,0.11239643827530821,0,0,0,0,0,0,0,0,0,0,0.08250455348131357,0,0.07814673922818001,0.29581584080577966,0.19574217712683226,0.9386055375209672,1,0.7900969373788282,0.0863124559496819,0,0,0,0,0,0.06428411288129074,Eukaryota;Arthropoda;Ostracoda;Halocyprida;Halocyprididae;Mollicia;Mollicia tyloda
0,0,0,0,0,0,0,0,0,0,0,0,0,0,0,0,0,0,0.18234007708814867,0.1519963757073729,0,0,0,0,0,0,0,0,0,0,0,0,0,0,0,0,0,0,0,0,0,0,0,0,0,0,0,0,0,0,0,0,0,0,0,0,0,0,0,0,0,0,0,0,0,0,0,0,0,0,0,0,0,0,0,0.03508285737446406,0,0,0,0,0,0,0,0,0,0,0,0,0,0,0,0,0,0,0,0,0,0,0,0,0,0,0,0,0,0,0,0,0,0,0,0,0,0,0,0,0,0,0,0,0,0,0,0,0,0,0,0,0.02030578378720803,0.010623947472696203,0,0,0,0,0,0,0,0,0,0,0,0,0,0,0,0,0,0,0,0,0,0,0,0,0,0,0,0,0,0,0,0,0.7136838261334667,0.8846289863728526,1,0,0,0,0,0,0,0,0,0,0,0,0,0,0,0,0,0,0,0,0,0,0,0,0,0,0,0,0,0,0,0,0.0757708394125085,0.062151130025961586,0.08839802518221031,0,0,0,0,0,0,0,0,0,0,0,0,Eukaryota;Chordata;Actinopteri;Stomiiformes;Phosichthyidae;Vinciguerria;Vinciguerria nimbaria
0.08162359483672608,0.0991119584858338,0.1538235668421761,0,0,0,0,0,0,0,0,0,0,0,0,0,0,0,0,0,0,0,0,0,0,0,0,0,0,0,0,0,0,0,0,0,0,0,0,0,0,0,0,0,0,0,0,0,0,0,0,0,0,0,0,0,0,0,0,0,0,0,0,0,0,0.13670596143552463,0.16952704728907206,0.18096505357518033,0,0,0,0,0,0,0,0,0.6626224359922284,0.6621952778132797,1,0,0,0,0,0.007024298481942356,0,0.031868824760004875,0,0,0,0,0,0,0,0,0,0,0,0,0,0,0,0,0,0,0,0,0,0,0,0,0,0,0,0,0,0,0,0,0,0,0,0,0,0,0.08676447918876555,0,0,0,0,0,0,0,0,0,0,0,0,0,0.03719197135155119,0,0,0,0,0,0,0,0,0,0,0,0,0,0,0,0,0,0,0,0,0,0,0,0,0,0,0,0,0,0,0,0,0,0,0,0,0,0,0,0,0,0,0,0,0,0,0,0,0,0,0,0,0,0,0,0,0,0,0,0,0,0,0,0,0,0,0,0,0,0,0,0,Eukaryota;Chordata;Actinopteri;Stomiiformes;Sternoptychidae;Danaphos;Danaphos oculatus
0,0,0,0,0.6553310115412847,1,0,0,0,0,0,0,0,0,0,0,0,0,0.0951755047512336,0,0,0,0,0,0,0,0,0,0,0,0,0,0,0,0,0,0,0,0,0,0,0,0,0,0,0,0,0,0,0,0,0,0.078557776217939,0,0,0,0,0,0,0,0,0,0,0,0,0,0,0,0,0,0.021142873554415256,0.029931963569337524,0,0,0,0,0,0.3147468557380554,0,0,0,0.04976602345023398,0,0.012393684243606463,0,0,0,0,0,0,0,0,0,0,0,0,0,0,0,0,0,0,0.010388557612552507,0.0050683118631620816,0.02149140732955762,0,0,0,0,0,0,0,0,0,0,0,0,0,0,0,0,0,0,0,0,0,0,0,0,0,0,0,0,0,0,0,0,0,0,0,0,0,0,0,0,0,0,0,0,0,0,0,0,0,0,0,0.27091620845235226,0.2737244520384667,0.17378346069322645,0,0,0,0,0,0,0,0,0,0,0,0,0,0,0,0,0.034475312335766804,0.05297003398436202,0,0,0,0,0,0,0,0,0,0,0.08190904763965212,0,0,0,0,0.038916147171229876,0,0,0,0,0,0,0,0,0,0,0,0,0,0,0,0,0,0,Eukaryota;Mollusca;Gastropoda;Neogastropoda;Muricidae;;
0.021169574449030868,0,0.02020659650613762,0,0,0.015510706671248918,0.2333327422758186,0.27525188024609787,0.2901752258496438,0.1831442295047713,0.08472567096784854,0.05565458275134563,0,0,0,0,0,0,0,0,0,0,0.01944120072840706,0,0,0.009207202172679273,0,0,0,0.006547597970746544,0,0,0,0,0,0,0,0,0,0,0,0,0,0,0,0,0,0,0,0,0,0,0,0,0,0,0,0,0,0,0,0,0.013962560017711616,0,0,0,0,0,0.010238327360706928,0,0,0,0,0,0.09569799309184195,0,0,0,0,0,0,0,0,0,0,0,0,0.02141440230267226,0,0,0,0,0.02549186052183555,0.004855332885628475,0.005215631083328328,0,0,0,0,0,0,0,0,0,0,0,0,0,0,0.013549053963592697,0,0.05011095851027138,0,0.011451547476081982,0,0.008745912264111304,0.008308625004071571,0,0,0.0124533170020238,0,0.01761806738391217,0,0.043939080902312994,0,0,0.004549577743957892,0.003195190884000316,0,0,0,0,0,0,0,0.003461014971806339,0,0,0,0,0,0.005291770702902147,0,0.24590234142021933,0.2712622253206351,0.1231276046132447,0.04497383341721178,0.024958052129060125,0.035108674146283,0.006308544324761185,0,0,0,0.025946143293658956,0,0.09921910407951696,0,0.0022209791743586947,0,0.04861115300496492,0.08096057332329364,0.017284119119760452,0,0,0,0.5135837132780157,0.17238916658880687,0.32237074497521456,0.235565860948721,0.24053396066416827,0,0,0.02081445886887634,0,0,0.06274241095933282,0.009269363337920807,0.023846429295825436,0.18641989617393462,0.1300746337744515,0.22155680946267273,0.041629821143085534,0.07908482968659566,0.012817060162532415,0,0.0012764836340871128,0,0,0.026847090273094364,0,0.1940547458406332,0.10214138601886136,0.029510161684573773,0.8514666730363016,0.9506282055695157,1,0,0,0.009762616923988002,0,0,0.007394580827512842,0,0,0,0,0.37863334584750097,0.26884548607026737,0.08843144914410095,0.12085539620601951,0.10841585786581144,Eukaryota;Cnidaria;Hydrozoa;Narcomedusae;Aeginidae;Solmundella;Solmundella bitentaculata
0,0,0,0,0,0,0,0,0,0,0,0,0,0,0,0,0,0,0,0,0,0,0,0,0,0,0,0,0,0,0,0,0,0,0,0,0,0,0,0,0,0,0,0,0,0,0,0,0,0,0,0,0,0,0,0,0,0,0,0,0,0,0,0,0,0,0,0,0,0,0,0,0,0,0,0,0,0,0,0,0,0,0,0,0,0,0,0,0,0,0,0,0,0,0,0,0,0,0,0,0,0,0,0,0,0,0,0,0,0,0,0,0,0,0,0.00804395678520993,0,0,0,0,0,0,0,0,0,0.6973843248753674,0.41739631206043404,0.4549398264642533,0,0,0,0.7082170719731898,0,0,0,0,0,1,0.8167185406163026,0.6137805100304302,0,0,0,0,0,0,0,0,0,0.20307750338370056,0.23505991687401281,0.16234241345211542,0,0,0,0.15171257077549882,0,0,0,0,0,0,0,0,0,0,0,0,0,0,0,0,0,0,0,0,0,0,0,0,0,0,0,0,0.13167679299929774,0.053418447272222405,0.03186181435670205,0,0,0,0,0,0,0.5343358358055338,0.4748515593474376,0.37054233947234916,0,0,0,0,0,0,0,0,0,0,0,0,0,0,0,Eukaryota;Mollusca;Cephalopoda;Octopoda;Octopodidae;Octopus;Octopus rubescens
0,0,0,0,0,0,0,0,0,0,0,0,0,0,0,0,0,0,0,0,0,0,0,0,0,0,0,0,0,0,0,0,0,0,0,0,0,0,0,0,0,0,0,0,0,0,0,0,0,0,0,0,0,0,0,0,0,0,0,0,0,0,0,0,0,0,0,0,0,0,0,0,0,0,0,0,0,0,0,0,0,0,0,0,0,0,0,0,0,0,0,0,0,0,0,0,0,0,0,0,0,0,0,0,0,0,0,0,0,0,0,0,0,0,0,0,0,0,0,0,0,0,0,0,0,0.9067257057528971,1,0.9618661807981764,0,0,0,0,0,0,0,0,0,0,0,0,0,0,0,0,0,0,0,0,0,0,0,0,0,0,0,0,0,0,0,0,0,0,0,0,0,0,0,0,0,0,0,0,0,0,0,0,0,0,0,0,0,0,0,0,0,0,0,0,0,0,0,0,0,0,0,0,0,0,0,0,0,0,0,0,0,0,0,0,0,0,0,Eukaryota;Chordata;Actinopteri;Perciformes;Liparidae;Liparis;Liparis mucosus
0,0,0,0,0,0,0.2821221400652277,0.1718294345701656,0.169069152019861,0,0,0,0,0,0,0,0,0,0,0,0,0,0.07443666708706437,0.2495067991263299,0.37328110775717505,0,0,0,0,0,0,0,0,0,0,0,0,0,0,0,0,0.23097254092771463,0,0,0,0,1,0.8596694647808144,0,0,0,0,0,0,0,0,0.18576440116717485,0.289763302165391,0,0,0,0,0.2205224662171725,0,0,0,0,0,0.1646425701210805,0,0,0,0,0.45264087109002094,0.13740354348848827,0,0,0,0,0.040455708638928875,0,0,0,0,0,0,0,0,0,0,0,0,0,0.11007324436089291,0.07806322160370933,0,0.18684658812533447,0.11898162147632968,0,0.46324677023564653,0.3609629926928247,0.3947987460088119,0.4967689450778156,0.28805186244810954,0,0.27395369608484366,0.29784326094139557,0,0,0.27235296702813766,0,0,0,0,0,0,0,0,0,0,0,0,0,0,0,0,0.02239646083742051,0.02682020858645288,0,0,0,0,0,0,0,0.018348326759541712,0,0,0,0,0,0,0,0.06889122336027703,0,0,0,0,0,0,0,0,0,0,0,0,0.1925381950107999,0.11905190713579039,0.049043368671795484,0,0,0,0,0,0,0,0.1277507215007215,0.4829855428259684,0.5398292668467721,0.3523506627340891,0,0,0,0,0,0,0.05855954383575442,0,0,0,0,0,0.09914716469433604,0.06671009152023365,0,0.051317841974894605,0,0,0,0,0.027182882364229517,0,0.042370802703116626,0,0,0,0,0,0,0,0,0,0,0,0,0,0,0,0,0,0,Eukaryota;Bacillariophyta;Coscinodiscophyceae;Chaetocerotales;Chaetocerotaceae;Chaetoceros;Chaetoceros socialis
0,0,0,0,0,0,0,0.35240071320249494,0,0.2359855757009142,0,0,0,0,0,0,0,0,0,0,0,0,0,0,0,0.2711202772350468,0,0.25106981262881495,0,0,0,0,0,0,0,0,0,0,0,0,0,0,0,0,0,0,0,0,0,0,0,0,0,0,0,0,0,0,0,0,0,0,0,0,0,0,0,0,0,0,0,0,0,0,0,0,0,0,0,0,0,0,0,0,0,0,0,0,0,0,0,0,0,0,0,0,0,0,0,0,0,0,0,0,0,0,0,0,0,0,0,0,0,0,0,0,0,0,0,0,0,0,0,0,0,0,0,0,0,0,0,0,0,0,0,0.02239888508759824,0,0,0,0,0,0,0,0,0,0,0,0,0,0,0,0,0,0,0,0,1,0.9425927732054004,0.7929466617811849,0,0.19181681818954896,0,0.02976697287731279,0,0,0,0,0,0,0,0,0,0,0,0,0,0,0,0,0,0,0,0,0,0,0,0,0,0,0,0,0,0,0,0,0,0,0,0,0,0,0,0,0,0,0,0,0,0,0,0,Eukaryota;Echinodermata;Ophiuroidea;Ophiurida;Ophiuridae;Ophiocten;Ophiocten hastatum
0.0677447012244399,0,0.003073966354844706,0.04576614021602174,0,0,0.14116737620434683,0.14109450530254933,0.049581411161424664,0,0,0,0,0,0,0,0,0,0,0,0,0.13298168739393632,0,0,0,0.21167517806746405,0,0.05048030487778229,0,0,0,0,0,0,0.3007777637069735,0,0,0.012509381589449732,0,0,0,0,0.06721534620844426,0.11414597911248178,0,0.09011757638173704,0,0,0.07361650132954084,0,0,0.1181583922221722,0,0,0.12725950613543402,0,0,0,0,0,0,0.1733859363574175,0,0,0.2822197241502882,0,0,0.03996406124268719,0.14967812688238297,0.22209878987799772,0,0,0,0,0.03525822904669646,0.14898348215715979,0,0,0,0,0,0,0.2788959133283273,0.43678371925612597,0.4043619694901971,0,0,0,0,0.013248546672092004,0,0.05538092349885288,0,0.010846148681567072,0.006894492317132965,0,0,0,0.32652077583861316,0,0,0,0,0,0.00691698367998946,0,0,0.09401916397692235,0,0,0.3770638570490037,0.04296725948431514,0.053427771867338915,0.32402838970701686,0.15078487537222063,0,0,0,0,0,0,0.23887117725408485,0.05166320770751519,0.06331531719189383,0,0,0,0.0023182009850781196,0.37927083218156954,0.32599835012773204,0,0,0,0,0.08513113624386882,0.10766186249291927,0.1473637267467223,0.013237871115500179,0.28585980486120954,0.2829781687764138,0.7425479712341697,0.0145574546462806,1,0,0,0,0,0,0,0.02975067289984417,0,0.021620926000756695,0.4030662016293953,0,0,0.0584888319500919,0.029943014028632142,0.05295183413537734,0.10067759721184275,0,0.13165677459396005,0.15487042348639807,0,0,0,0,0,0,0,0,0,0,0.06134974701737575,0.1319649015211687,0.1886061769126781,0,0,0,0,0,0,0,5.500866738157067e-4,0,0,0,0,0,0,0,0,0,0,0.15221057209122535,0.08695666175929333,0.16539693373936784,0.43341453441498573,0.26527639323218943,0.425868595376504,0,0.06069512843633673,0,0,0,0,0,0.07440039678322173,0.05282738843889923,0,0,0.10888411494729629,Eukaryota;Arthropoda;Hexanauplia;Calanoida;Metridinidae;Pleuromamma;Pleuromamma abdominalis
0,0,0.027824355095490902,0,0,0,0,0,0,0,0,0,0,0,0,0,0,0,0,0,0,0,0,0,0,0,0,0,0.7916374546028738,0.13974801293384942,0,0,0.08214906367041198,0,0,0,0,0,0,0,0,0,0,0,0,0,0,0.12811120906640092,0,0,0,0,0,0,0,0,0,0,0,0,0,0.14641842262817426,0.8301666072247413,1,0,0,0,0,0,0,0,0,0.24960828469445592,0,0,0,0,0.05954133561359128,0,0,0,0,0,0,0,0,0.0794007063556168,0.11193212770707746,0,0,0,0,0,0.024933370135796114,0.026022695552474526,0,0,0.6790454591271041,0,0.5766785752950092,0.35931425950346885,0.27666880719216563,0.42658498191874067,0.6327970380343318,0,0.43191650667060505,0.7002642155537533,0.04706129728714916,0,0,0,0,0,0,0.0820960241042772,0,0,0,0,0.06213416397451892,0.14579887163380445,0,0,0,0,0,0,0.013489366587262866,0.060052704709884525,0,0,0,0,0,0,0.011364589607580262,0.029845840477132516,0,0,0,0,0,0,0.16458373457060316,0.07351947442515251,0,0,0.05263958658595597,0.10285038668555715,0,0.0636126478201289,0,0,0,0,0.3025247405261887,0.030975152854184274,0.03611676223957583,0.023143992115206617,0,0,0,0,0,0,0.07781099160342071,0,0.14652326397007248,0.06014933504969836,0.05344628833374791,0,0,0,0,0,0,0.10174615415837968,0.2326692191669567,0,0,0,0.2719965277777778,0.16644660405756043,0.13433733413622218,0,0.05448900564855961,0,0,0,0,0.03463516407599309,0,0,0.07497966020579086,0,0,0,0,0,0.2651267081270889,0.07848411982767257,0,0,0.10973153083558644,0.2137016197783461,0.35627060830017054,0,0.07452048278732386,0,0,0,Eukaryota;;Phaeophyceae;Ectocarpales;Ectocarpaceae;Ectocarpus;Ectocarpus sp. 5 AP-2014
0,0,0,0,0,0,0.39909080619342086,0.22515996962006626,0.18701680201641915,0,0,0,0,0,0,0,0,0,0,0,0,0,0,0,0,0,0,0,0,0,0,0,0,0,0,0,0,0,0.060886120305417124,0,0,0,0,0,0,0,0.20681329398364637,0.19762881460883502,0.13731185617345307,0,0,0,0,0,0,0,0,0,0,0,0.06020830436538679,0,0.6447997419922797,0.7629030485642223,0,0,0,0,0,0,0,0,0.3554348644926167,0.14322658879888403,0,0,0,0,0,0,0,0,0,0,0,0,0,0,0,0,0,0,0,0.18619630012198188,0.15246426587182155,1,0.3497685465253305,0,0,0,0,0,0,0,0,0,0,0,0,0.30126478014926183,0,0,0,0,0,0,0,0,0,0,0,0,0,0,0,0,0,0,0,0,0,0,0,0,0,0,0.005151466671259244,0,0,0,0,0,0,0,0,0,0,0,0,0,0,0,0,0,0,0,0,0,0,0,0,0,0,0,0,0,0,0,0,0,0,0,0,0,0,0,0.07610044234030704,0,0,0,0,0.10171910796105384,0.1651923245559685,0.1260527443965686,0,0.04366578626315047,0,0.047805974993323196,0.07142969361239501,0,0.4727693321225718,0.12638014339789239,0,0,0,0,0,0,0,0,0,0,0,0,0,0,0,0,0,0,0,Eukaryota;Bacillariophyta;Bacillariophyceae;Bacillariales;Bacillariaceae;Pseudo-nitzschia;Pseudo-nitzschia abrensis
0,0,0,0,0,0,0,0,0,0,0,0,0,0,0,0,0,0,0,0,0,0,0,0.16983375769241166,0,0,0,0,0,0,0,0,0.013792631997613602,0,0,0,0,0,0,0,0,0,0,0,0,0,0,0,0,0,0,0,0,0,0,0,0,0,0,0,0,0,0,0,0,0,0,0,0,0,0,0,0,0,0,0,0,0,0,0,0,0,0,0,0,0,0,0,0,0,0,0,0,0.014041391679716643,0.004908549618161652,0,0,0.6495925109248014,0,0,0.4692178383455118,0.10181910333765701,0.5036165825679636,0.2520370215922055,0,0.6181275055495279,1,0,0,0,0,0,0,0,0,0,0,0,0,0.006761596878968257,0,0,0,0,0,0,0,0,0,0,0,0,0,0,0,0,0.007195347358846503,0,0,0,0,0,0,0,0,0,0,0,0,0.04521341612477388,0,0,0,0,0,0,0,0,0,0,0,0,0,0,0,0,0,0,0,0,0,0,0,0,0,0,0,0,0,0,0,0,0,0,0,0,0,0,0,0,0,0,0,0,0,0,0,0,0,0,0,0,0,0,0,0,0,0,0,0,0,Eukaryota;Echinodermata;Echinoidea;;Strongylocentrotidae;Strongylocentrotus;Strongylocentrotus purpuratus
0.22275686661954322,0.19035559584910958,0.20266056788946418,0,0,0,0,0,0,0.0690808110268762,0,0.02271123427971823,0,0,0,0,0,0,0,1,0.030089724724505006,0,0,0,0,0,0.011993521304319929,0,0,0,0,0,0,0,0.058299645813394606,0.04133798121154317,0.06798338806066931,0,0,0,0.01970446837926885,0,0.01820133834244607,0.050044358077200535,0.0688272030969618,0,0,0,0,0.07821439425286457,0.020358074487624018,0,0,0,0.9318611753099922,0.5282268615764008,0,0,0,0,0,0,0.02165152325137126,0.02034313111259321,0.050081981008605204,0.018018760467039676,0.022432770850882473,0,0,0.049722628778407975,0,0,0,0,0,0.041087105143025444,0,0,0,0,0,0,0,0,0,0,0,0.004743854061784592,0,0,0.009578812705226395,0.018210252264941027,0,0,0,0,0,0,0,0,0,0,0,0,0,0,0,0,0,0,0.14934609359780102,0,0,0.014798112841774284,0,0,0,0.06852063664802824,0.10066340760041234,0.05222792009454705,0.030895891267860742,0.03187340485151986,0.02470952708772321,0,0.06185911512191495,0.056893222981256306,0.04006208854501163,0.05354922418337279,0.3868590144333578,0.25726601083798256,0,0.024368517099242894,0,0,0,0,0,0,0,0,0.036093696773098864,0.049235195953810165,0.045528665559877786,0,0,0,0.03032183455023716,0.01673209393173133,0.021349988789032652,0,0,0,0.08454849508314634,0.08382141301652618,0.13424444341891345,0.01923218894164843,0.005513651462771257,0.0015306833950042638,0,0,0.06060759006504852,0,0.22055547934234865,0.24880236935284764,0.09673885604959565,0,0,0,0,0,0,0,0.0322766555411411,0.013885585114843281,0.08812960907794581,0.030404273285348848,0.01581124228937946,0.04622285577517662,0.018354185066931445,0.01494108877205062,0.02804609601733525,0,0,0,0.019822115776114996,0.014350818123661123,0.015348334263128642,0,0,0,0,0,0,0,0,0,0,0,0.010092491494197116,0,0.013970361474219671,0,0,0.0020517306240568933,0,0,0,0,0,0.04409613436283737,0.018679863740534392,Eukaryota;Arthropoda;Ostracoda;Halocyprida;Halocyprididae;Conchoecia;Conchoecia hyalophyllum
0,0,0,0,0,0,0,0,0,0.45017887020983,0.4327953023793045,0.33471285689430885,0.08280244971892887,0.17786180057815787,0,0,0,0,0.5774950776660979,0.1239619081967001,0,0,0,0,0,0,0,0,0,0.06871056245969605,0,0,0,0,0,0,0,0,0,0,0,0,0,0,0.17251007061546925,0.2673758042642575,0,0,0,0,0,0,0,0,0,0,0,0,0,0,0.12313474121978671,0.1329819603066891,0,0,0,0,0,0,0,0,0,0,0,0,0,0.11407198909930856,0,0,0,0,0,0,0,0,0,0,0,0,0,0,0,0,0,0,0,0,0,0,0,0,0,0,0,0,0,0,0,0,0,0,0,0,0,0.2047386068002833,0.10988124259468587,0,0,0,0,0.014520582281063578,0,0.05478049947974396,0,0,0,0,0,0,0.06889492312750033,0,0,0,0,0,0,0,0,0,0,0,0,0,0,0,0,0,0,0,0,0,0,0,0,0,0,0.6536461955391774,0.24638268628238882,0.21810728478691743,0.13939661365885916,0.3503895445340186,0.3157521381607813,0.09673585553217008,1,0.7993468550602133,0.4364432527754687,0,0,0,0,0,0,0,0,0,0,0,0,0,0,0,0,0,0,0,0,0,0,0,0,0,0,0,0,0,0,0,0.09614402090126267,0,0.08347696737089279,0,0,0,0,0,0,0,0,0,0,0.0580248670296105,0,Eukaryota;Arthropoda;Malacostraca;Euphausiacea;Euphausiidae;Euphausia;Euphausia gibboides
0,0,0,0,0,0,0,0,0,0,0,0,0,0,0,0,0,0,0,0,0,0,0,0,0,0,0,0,0,0,0,0,0,0,0,0,0,0,0,0,0,0,0,0,0,0,0,0,0,0,0,0,0,0,0,0,0,0,0,0,0,0,0,0,0,0,0,0,0,0,0,0,0,0,0,0,0,0,0,0,0,0,0,0,0,0,0,0,0,0,0,0,0,0,0,0,0,0,0,0,0,0,0,0,0,0,0,0,0,0,0,0,0,0,0,0,0,0,0,0,0,0,0,0,0,0,0,0,0,0,0,0,0,0,0.864253317473647,0.5063069884614982,1,0,0,0,0,0,0,0,0,0,0,0,0,0,0,0,0,0,0,0,0,0,0,0,0,0,0,0,0,0,0,0,0,0,0,0,0,0,0,0,0,0,0,0,0,0,0,0,0,0,0,0,0,0,0,0,0,0,0,0,0,0,0,0,0,0,0,0,0,0,0,0,0,0,0,Eukaryota;Cnidaria;Hydrozoa;Anthoathecata;Hydridae;Hydra;Hydra viridissima
0,0.008602286788298783,0,0,0,0,0,0,0,0.045786465406688195,0.03462214396418662,0.020566263239139907,0,0,0,0,0,0,0,0,0,0,0,0,0,0,0,0,0,0,0,0,6.434247336814383e-4,0,0,0,0.13331598924765542,0,0.01917505073400352,0.047371171790749234,0.035686944944005,0.03911571890762018,0.08259840479566767,0.10670087544207418,0,0,0.029107417532161364,0.01463319184270459,0,0,0,0,0,0,0,0,9.011869978974803e-4,0,0,0,0,0,0.0027231440300506857,0,0.09951179121104234,0,0.006663884457058995,0.0653005461974876,0.028525714476681216,0,0,0,0,0,0.02766294764913228,0,0.8543746868968013,0.8079545841689034,0.5857970514581382,0.0059663100947580355,0,0,0,0,0,0,0,0,0,0,0,0,0,0.12058235853766991,0.12821302741801138,0.01780104968562791,0.04350897324019115,0,0,0,0,0,0.011246403078859908,0,0,0,0,0.015911368801374084,0,0.12381986766622861,0.016201383140812483,0,0,0,0,0,0.012464973664222601,0,0,0,0,0,0,0,0,0,0,0,0,0,0.014177380143836934,0,0,0,0,0,0.008643300264734902,0,0,0,0,0,0,0.1206489437593798,0.11890978214082237,0.1076107377140819,0.6088719727740334,0.5920818755330514,0.5794320284837526,0.0643306239255346,0.08137920298097469,0,0.10707691773800941,0.07951938575700665,0.08700804559308126,0,2.2643594477042664e-4,0,0,0,0.0012445234350867182,0,0,0,0,0,0,0,0,0,0,0,0,0,0,0,0.009917190358808493,0,0,0,0.0075587118925089765,0,7.799778161859479e-5,0,0,1.422599860202603e-4,0,0,0,0,0,0,0,0.002055448718508543,9.133142152734931e-4,0,0,0,0,0,0,0.9116924857995758,1,0.9247893081455627,0,0,0.03841051373633291,0.046304851516024315,0.04007862638506759,0,0,Eukaryota;Cnidaria;Hydrozoa;Leptothecata;Campanulariidae;;
0,0,0.015117322972186239,0,0,0,0,0.06938824177102086,0,0,0,0,0,0,0,0,0,0,0,0,0,0,0,0,0.029364652528453276,0,0.03587539734284504,0,0,0,0,0.06736571124645907,0.09564133316500442,0.12892902858768313,0,0,0,0,0,0,0,0,0,0,0,0,0,0,0,0,0,0,0,0,0,0,0,0,0.038175035998140566,0,0,0.024859679770112567,0.2370851206461175,0.054331260941376094,0,0,0,0,0,0,0,0,0,0,0,0.19583132496291342,0,0,0,0,0.019291922832308673,0,0,0,0,0,0,0,0,0,0,0,0,0,0,0.04992494700324283,0,0,0,0,0,0,0,0,0,0,0,0,0,0,0,0,0,0,0,0,0,0.2815399434969039,0,0.1856705111950611,0.1408255384834565,0.3453669262641654,0,0,0,0,0,0,0,0,0,0,0,0,0,0.008820749763729917,0,0,0,0,0,0,0.021616948149606574,0,0,0,0,0,0,0,0,0,0,0,0,0,0.3500471753832969,0.3687430934799213,0.3151464701308832,0,0.01618672549779555,0,0,0,0,0,0,0,0,0,1,0.7440348731818901,0,0,0,0,0.16583990554081215,0.30812954395241243,0,0,0,0,0,0.0066351970501126525,0,0,0,0,0,0,0,0,0,0,0,0,0,0,0,0,0,0,0,0,0,0,0,0,0,0.05299623524967559,0,Eukaryota;Mollusca;Gastropoda;Littorinimorpha;;;
0,0,0.008677266634495136,0,0,0,0.04087083965427945,0.01327616616279089,0,0,0,0,0,0,0,0,0,0,0,0,0,0,0.4888560151673975,0.4907076734264692,0.19664355042803922,0,0,0,0,0,0,0,0.09393596119604591,0,0,0,0,0,0,0,0.09021765085295604,0.024335150938823998,0,0,0,0,0.48826322865370847,0.08739629603331345,0,0,0,0,0,0,0,0,0.07176416145452903,0.1017643867449115,0.014608184564016559,0,0,0,0.12391539367677122,0,0,0,0,0,0.3043925554491774,0,0,0,0.6776290295806245,1,0,0,0,0,0,0.012503019903835023,0,0,0,0,0,0,0,0,0,0,0,0,0.08169633860804391,0.0391214296607223,0.03857321401803596,0,0,0.5745595119476652,0,0.6664741053886987,0.32247016718034227,0.3446905098398378,0.608242083505456,0.4425605074922796,0.06508476321167815,0.34636348637961106,0.20546832181788904,0.019976311862688823,0,0,0,0,0,0,0,0,0,0,0,0,0,0,0,0,0,0,0.012257225982937563,0.01145177924582542,0,0,0,0,0,0,0,0.007088291813280322,0,0,0,0,0,0,0,0,0,0,0,0,0,0,0,0,0,0,0.020953746884281713,0.01651036906019634,0,0.011497978395593899,0,0,0,0,0,0,0,0,0.08636674118231494,0.1377183013475305,0.11070952451625768,0.08534474037162197,0,0,0,0,0,0,0,0,0,0,0,0.07916951275045536,0.06262951845306629,0.030214650727860008,0,0,0,0.08268468864125889,0.1853160188733609,0,0,0.5159265566836971,0.5139743694757337,0,0,0,0,0,0,0,0,0,0,0,0,0,0,0,0,0,0,Eukaryota;Bacillariophyta;;;;;
0,0,0,0,0,0,0,0,0,0,0,0,0.014352989912773903,0,0,0,0,0,0,0,0,0,0,0,0,0,0,0,0,0,0,0,0,0,0,0,0,0,0,0,0,0,0,0,0,0,0,0,0,0,0,0,0,0,0,0,0,0,0,0,0,0,0,0,0,0,0,0,0,0,0,0,0,0,0.01719287440014961,0,1,0.9349660690686734,0.8383489078876358,0,0,0,0,0,0,0,0.1356758116282344,0,0,0,0,0,0.7307336794498143,0,0,0,0,0,0,0,0,0,0,0,0,0,0,0,0,0,0,0,0,0,0,0,0,0,0,0,0,0,0,0,0.07207764358614711,0,0,0,0,0,0,0,0,0,0,0,0,0,0,0,0,0,0,0,0,0,0,0,0,0,0,0,0,0.05904468561058135,0,0,0,0,0,0,0,0,0.1327224990242362,0.11530197881528909,0.11656188024106168,0,0,0,0,0,0,0,0.15456502036335829,0,0,0,0,0,0,0,0,0,0,0,0,0,0.04149161044507706,0,0,0,0,0,0,0,0,0,0,0,0,0,0,0,0,0,0,0,0.026163218702374556,0,0,0.04597961031308041,0,Eukaryota;Cnidaria;Hydrozoa;Narcomedusae;Cuninidae;Cunina;Cunina fowleri
0,0,0,0,0,0,0,0,0,0,0,0,0,0,0,0,0,0,0,0,0,0,0,0,0,0,0,0,0,0,0,0,0,0,0,0,0,0,0,0,0,0,0,0,0,0,0,0,0,0,0,0,0,0,0,0,0,0,0,0,0,0,0,0,0,0,0,0,0,0,0,0,0,0,0,0,0,0,0,0,0,0,0,0,0,0,0,0,0,0,0,0,0,0,0,0,0,0,0,0,0,0,0,0,0,0,0,0,0,0,0,0,0,0,0,0,0,0,0,0,0.07653950223764502,0,0,0,0,0,0,0,0,0,0,0,0,0.3085578063639399,0.10002003997718525,0,0,0,0,0,0,0,0,0,0,0,1,0.9177796020969554,0.8379932836031067,0,0,0,0,0,0,0,0,0,0,0,0,0,0.5504675560567569,0.5778441138635089,0.4044172153665024,0,0,0,0,0,0,0,0,0,0,0,0,0,0,0,0,0.1285101232394366,0,0,0,0,0,0,0,0,0,0,0,0,0,0,0,0,0,0,0,0,0,0,0,0,0,0,0,0,0,Eukaryota;Cnidaria;Hydrozoa;Anthoathecata;Pandeidae;Neoturris;Neoturris pileata
0.04985330379562313,0.016425227523115336,0.05142308163762916,0,0,0,0,0,0.024758998048572976,0,0,0,0.21949535064512435,0.2813922420786286,0,0,0,0,0.5449368030559429,0.5567294469811507,0,0,0,0,0,0,0,0,0,0.04240299335119535,0,0,0,0,0,0,0,0,0,0,0,0,0,0,0,0.3773173983506175,0,0,0,0,0,0,0,0,0,0,0,0,0,0,0,0.1342905840798483,0,0,0,0,0,0,0,0,0,0,0.03336678647808926,0,0,0.6431694435181354,0,0,0,0,0,0,0,0,0,0,0,0,0,0,0,0,0,0,0,0.02129145315845523,0,0,0,0,0,0,0,0,0,0,0,0,0,0,0,0,0,0,0,0,0.003010215711298838,0,0,0,0,0,0,0,0.07783807206168536,0.004114335055942289,0,0,0.9315037110578492,1,0,0,0,0,0,0,0,0,0,0,0,0.014538835532776089,0,0,0,0,0,0,0,0,0,0,0,0.050918239879985144,0,0,0.005980943329665362,0,0.0022344184371728437,0,0,0,0.3299479224839829,0.21468428635794248,0,0,0,0,0,0,0,0,0,0,0,0,0.22592904791526452,0,0.010452610993200941,0,0,0,0,0,0,0,0,0,0,0,0,0,0,0,0,0,0.1820440065635485,0,0,0,0,0,0,0.012463463490438078,0,0,0,0,0,0,0.07092055512999103,Eukaryota;Arthropoda;Malacostraca;Euphausiacea;Euphausiidae;Stylocheiron;Stylocheiron affine
0,0,0,0,0,0,0,0,0,0,0,0,0,0,0,0,0,0,0.15305101261489032,0.19337211272036492,0.12192430857140679,0,0,0,0,0,0.10691569871971769,0.17120449806092666,0.1472777319663998,0.25713281973137664,0,0,0,0,0,0,0,0,0,0,0,0,0.09482435100429129,0,0,0,0,0,0,0,0,0,0,0,0,0,0,0,0,0,0,0,0,0,0.11937260315054114,0.3163873393972897,0.3393530640356283,0.06085404035644352,0,0,0,0,0,0,0,0,0.10027053980282342,0,0,0,0,0,0,0,0,0,0,0,0,0,0,0,0,0,0,0,0,0,0.07613366271779613,0,0,0,0,0,0,0,0,0.1414329470745504,0.08243326189499856,0,0,0,0,0,0,0,0,0,0,0,0,0,0,0,0,0,0.06432045358960008,0.04092557780350164,0.02062581962922148,0,0,0,0,0,0,0,0,0,0,0,0,0,0,0.678339023607342,0.3408904270295636,0.4071902019310268,0.9829185865947004,0.7569889920597965,0.9121470082435608,0.10900774162744697,0.14201541032480483,0.09362363668583765,1,0.6521211611156698,0.6230835209606519,0,0,0,0,0.041651436639503464,0.0570104445636729,0,0,0,0,0,0,0,0,0,0,0,0,0,0,0.12319886711736064,0.1397837338901592,0,0,0,0,0,0,0,0,0.04010335853120199,0,0,0,0,0,0,0,0.0869152309164872,0,0,0,0,0,0,0.07278203586814949,0.3418363471790347,0.31246221613746317,0.11140308713502997,0,0,0,0,0,0,0,Eukaryota;Arthropoda;Malacostraca;Amphipoda;Vibiliidae;Vibilia;Vibilia armata
0,0,0,0,0,0,0,0,0,0,0,0,0,0,0,0,0,0,0,0,0,0,0,0,0,0,0,0,0,0,0,0,0,0,0,0,0,0,0,0,0,0,0,0,0,0,0,0,0,0,0,0,0,0,0,0,0,0,0,0,0,0,0,0,0,0,0,0,0,0,0,0,0,0,0,0,0,0,0,0,0,0,0,0,0,0,0,0,0,0,0,0,0,0,0,0,0,0,0,0,0,0,0,0,0,0,0,0,0,0,0,0,0,0,0,0,0,0,0,0,0,0,0,0,0,0,0,0,0,0,0,0,0,0,0,0,0,0,0,0,0,0,0,0,0,0,0,0,0,0,0,0,0,0,0,0,0,0,0,0,0,0,0.9140094152238649,0.8590468962673643,1,0,0,0,0,0,0,0,0,0,0,0,0,0,0,0,0,0,0,0,0,0,0,0,0,0,0,0,0,0,0,0,0,0,0,0,0,0,0,0,0,0,0,0,0,0,0,Eukaryota;Chordata;Actinopteri;Myctophiformes;Myctophidae;Myctophum;Myctophum affine
0,0.062016697637335805,0.006630744529168255,0,0.0310403407927829,0,0,0,0,0.08951582297139848,0,0,0.6295877229822509,1,0,0,0,0,0,0,0.03588913097908021,0.05609513320389526,0,0,0,0.0832541664928858,0.03846487232789115,0,0.26085341454752914,0,0.053601833139729174,0.8158497543037355,0,0,0.03338838968725107,0.01268675512745368,0.04247378093565888,0.06795856111487904,0.05364747805789679,0,0,0,0.022743192993057538,0.024318051379418636,0,0.02990606910756774,0,0,0,0,0,0,0.15755605607046227,0,0.20646680144248433,0.13623850508769939,0,0,0,0,0,0,0.09074468726812525,0.0395413450484179,0,0.02626756499633494,0.023981660455000123,0,0.041660053468991494,0.022651606391269934,0,0.010495064188603954,0,0,0,0,0,0.0193129821949039,0,0,0,0,0.039611295422240705,0.05162579578380394,0,0,0.0183961566040755,0.013831084011466023,0,0.025402642919324363,0.0244368168453867,0.026546719783748854,0,0.008953965452502658,0.017328180771048876,0.0783462797260148,0,0,0.04304217269839057,0,0,0,0,0,0.11936305450357673,0,0,0,0,0,0.09858801966053206,0,0,0.060403105779403596,0.01141237693198989,0.007767085331714663,0.0024079799246602878,0.06146995960245716,0,0.07165866216283337,0.045039714772986336,0.1028861747764897,0.1440851849921068,0,0,0.0493680711029195,0.02754816205467008,0.02611377274942014,0.12985900801695363,0.11608373626839717,0,0.07696904663349953,0,0,0,0.00601836373670083,0.009787257534023687,0,0,0,0.11451940203606178,0.18143015258591097,0.11061870616998534,0,0.009084559081322783,0,0.048623146827704966,0.023967669127719415,0.02840046350755752,0,0.019651012944525047,0,0.09660443373770398,0.12219399988827148,0.21349110400917723,0.04485838181560921,0,0.024824487663956972,0.007507045366613363,0.3096871869812369,0.3407906282998759,0.3203903371488987,0.5494693083539103,0.46162015862411565,0.4230747492762451,0,0,0,0,0,0.10732748663783147,0.11104890576478726,0.03921048235819302,0.04048452835404282,0.09992456764121319,0,0,0,0,0,0,0,0,0,0,0.014427914555992547,0.018645537456164166,0,0,0,0,0,0,0.041692452409832416,0.08799634273772204,0.04065776625495926,0.3184301736098502,0.405536136600615,0.40092192064799786,0,0.04364110775991625,0.03223796320173118,0.043868870366006674,0.03529370502079976,0.021328249902198223,0.04842550299608581,0.024690226892080582,0,0,0.056247532558303184,0,Eukaryota;Arthropoda;Hexanauplia;Calanoida;Scolecitrichidae;Scolecithricella;Scolecithricella dentata
0,0,0,0,0,0,0.2603991164114951,0.253758080384406,0.3917199970047381,0,0,0,0,0,0,0,0,0,0,0,0,0,0,0,0,0,0,0,0,0,0,0,0,0,0,0,0,0,0,0,0,0,0,0,0,0,0,0,0,0,0,0,0,0,0,0,0,0,0,0,0,0,0,0,0,0,0,0,0,0,0,0,0,0,0,0,0,0,0,0,0,0,0.6435790057243684,0.5944181415377201,0.8520965399779099,0,0,0,0,0,0,0,0,0,0,0,0,0,0,0,0,0,0,0,0,0,0,0,0,0,0,0.006899687339966698,0,0,0,0,0,0,0,0,0,0,0,0,0,0,0,0,0,0,0,0,0,0,0,0,0,0,0,0,0,0,0,0,0,0,0,0,0,0,0,0,0,0,0,0,0,0,0,0.8533806832860925,0.7769486406219615,1,0,0,0,0,0,0,0,0,0,0,0,0,0,0,0,0,0,0,0,0,0,0,0,0,0,0,0,0,0,0,0,0,0,0,0,0,0,0,0,0,0,0,0,0,0,0,0,0,0,Eukaryota;Chordata;Actinopteri;Stomiiformes;Sternoptychidae;Argyropelecus;Argyropelecus aculeatus
0.10858890784318752,0.2299263206598446,0.08358817079491078,0,0,0,0,0,0,0,0,0,0,0,0,0,0,0,0,0,0,0,0,0,0,0,0,0,0,0,0,0,0,0,0,0,0,0,0,0,0,0,0,0,0,0,0,0,0,0,0,0,0,0,0.5472877195211544,1,0,0,0,0,0,0,0,0,0,0,0,0,0,0,0,0,0,0,0,0,0,0,0,0,0,0,0,0,0,0,0,0,0,0,0,0,0,0.004456743750499837,0.00210784955389852,0,0,0,0,0,0,0.0042313139891972515,0,0,0,0,0,0,0,0,0,0,0,0,0,0,0,0,0,0.011033652357616013,0,0,0.1675591810500596,0,0.01169272105083333,0,0,0,0.030308299368934515,0,0,0,0,0,0,0,0,0,0,0,0,0,0,0,0,0,0,0,0,0,0,0,0,0,0,0,0,0.0010126638365063416,0,0,0,0,0,0,0,0,0,0,0,0,0,0,0.014235646612296145,0,0,0,0.011411283230354206,0.01712476935801998,0,0,0,0,0,0,0,0.03601233469355945,0.03046228196426921,0,0,0,0,0,0,0,0,0,0,0,0,0,0,0,0,0,0,0,0,0,0,0,0,Eukaryota;Arthropoda;Ostracoda;Halocyprida;Halocyprididae;Conchoecia;Conchoecia magna
0.05204044843603022,0.03953066056569667,0.05007378260950461,0,0,0,0.4110127942881859,0.39991771218048777,0.4066313846284971,0.1389183891932238,0.1500099297778707,0.15271537859289336,0.4477938300103889,0.4770628247368666,0,0,0,0.013465970455766172,0.01039554198260763,0.019486428163830567,0,0,0,0,0,0,0,0.34486999379851313,0.2810803972953274,0.40407010203216154,0.03400220116721933,0.08903224060317902,0.0017740634814453681,0,0,0.004886172976406748,0.004490524419012359,0.5202104157592823,0.5056057450590714,0,0.0026030887528523837,0,0.009274559685660839,0.005509321673772209,0.542520497608334,0.5561770554800968,0,0,0,0.12295831444199296,0.10925827174860224,0.14576824834865457,0.11568763066260788,0.11813815925823999,0.5175084929644792,0.57167735736522,0.11512771032535667,0.10335605979692576,0.1621917545255335,0.17106573596448235,0.8153171899698443,0.8613822868160668,0.002502768972312436,0,0,0,0,0,0,0,0.3986826972448753,0.42817365259470114,0.9501024872550041,1,0.17214992111772554,0.7920521469569315,0.40209681318017004,0.43279049874782477,0.4392668449091358,0.024387039389878018,0.012723497825262766,0.026091324439996323,0.793305872465128,0.6991588896727253,0.7525253409262318,0,0,0.7100443621979373,0.7364473861769782,0,0.0025308472310664343,0.007698217796299712,0.9257708223857617,0.004973208548323734,0.003998596107763608,0.668001056266616,0.003808374823927525,0.1092822627719631,0.015602116879097324,0.07407135967782796,0.05351270487769896,0.03576860835657051,0.04926067215018124,0.075464874717289,0.02463829356090924,0.09682857471148816,0.13279763887422597,0,0,0,0.013401232812997741,0,0,0,0,0.09454144389738663,0.09549035879861889,0,0.009717982983881171,0,0,0,0,0,0,0,0,0,0,0,0.09012452333014878,0,0.15936533486903448,0.15053452793675134,0,0,0,0,0,0,8.414492977264626e-4,0,0.001336585240691292,0,0,0,0,0,0,0,0,0,0,0,0,0,0,0,0,0,0,0,0,0,0,0,0,0,0,0,0,0,0,0,0,0,0,0,0,0,0,0.07705746028492544,0.07548501957527307,0.11762071040489229,0,0,0,0.43277268243456085,0.42592697713918237,0.5428350203294418,0.5894136799415813,0.6330691369030234,0.6695191140491856,0,0,0,0,0,0,0,0,0,0,0,0.4942419012902469,0.44960871550606973,0,0,0,0,0,Eukaryota;Chordata;Actinopteri;Clupeiformes;Clupeidae;Sardinops;Sardinops sagax
0.012177465025290317,0,0,0,0,0,0,0,0,0.07308121329172254,0,0,0,0,0,0,0,0,0,0,0,0,0,0,0,0,0,0,0,0,0,0,0,0,0,0,0,0,0,0,0,0,0,0,0,0,0,0,0,0,0,0,0,0,0,0,0,0,0,0,0,0,0,0,0,0,0,0,0,0,0,0,0,0,0,0,0,0,0,0,0,0,0,0,0,0,0,0,0,0,0,0,0,0,0,0,0,0,0,0,0,0,0,0,0,0,0,0,0,0,1,0,0,0,0,0,0,0,0,0,0,0,0,0,0,0,0,0,0,0,0,0,0,0,0,0.001786700168282115,0,0,0.0033550211635432663,0,0,0,0,0,0,0,0,0,0,0,0,0,0,0,0,0,0,0,0,0,0,0,0,0,0,0,0,0,0,0,0,0,0,0,0,0,0,0,0,0,0,0,0,0,0,0,0,0,0,0,0,0,0,0,0,0,0.018445634132887138,0,0,0,0,0,0,0,0,0,0,0,0,0,0,Eukaryota;Arthropoda;Hexanauplia;Calanoida;Euchaetidae;Paraeuchaeta;Paraeuchaeta rasa
0,0,0,0,0,0,0,0,0,0,0,0,0.009748962713958012,0,0,0,0,0,0,0,0,0,0,0,0,0,0,0,0,0,0,0,0,0,0.25560583906717443,0.11916348324464525,0,0,0,0,0,0,0,0,0,0,0,0,0,0,0,0,0,0,0,0,0,0,0,0,0,0,0,0,0,0,0,0,0,0,0,0,0,0,0,0,0,0.29846430649984595,0,0,0,0,0,0,0,0,0,0.6271607764641459,0.5221047382488719,0,0,0,0,0,0,0,0,0,0,0,0,0,0,0,0,0,0,0,0,0,0,0,0,0,0,0,0,0,0,0,0,0,0,0,0,0,0,0,0,0,0,0,0,0,0,0,0,0,0,0,0,0,0,0,0,0,0,0.03091395035182884,0.014364881686279588,1,0.9317955941340922,0.90296699554465,0,0,0,0,0,0,0,0.0097068301911021,0,0,0,0,0,0,0,0,0,0,0,0,0,0,0,0,0,0,0,0,0,0,0.011785703652386952,0,0,0,0,0,0,0,0,0,0,0.011253065061367543,0.030000994508105238,0,0,0,0,0,0,0,0,0,0,0,0,0,0,0,0,Eukaryota;Cnidaria;Hydrozoa;Leptothecata;Campanulariidae;Clytia;Clytia gracilis
0,0,0,0,0,0,0,0,0,0,0,0,0,0,0,0,0,0,0,0,0,0,0,0,0.11090876211937849,0,0,0,0,0,0,0,0,0,0,0,0,0,0,0,0,0,0,0,0,0,0,0,0,0,0,0,0,0,0,0,0,0,0,0,0,0,0.0655213275984202,0.12312380450381633,0,0,0,0,0,0,0,0,0,0,0,0,0,0,0,0,0,0,0,0,0,0,0,0,0,0,0,0,0,0.052763758269424345,0.03411680807263875,0,0,0.8141927680287172,0.0649816622927839,0.5612358432251778,0.7742024262444259,1,0.4192061975720909,0.5140052768156698,0,0.6036924890441548,0.3998067481184976,0.0845011703503178,0.10074058100905005,0,0,0,0,0,0,0,0,0,0,0,0,0,0,0,0,0,0,0,0,0,0,0,0,0,0,0,0,0,0,0,0,0,0,0,0,0,0,0,0,0,0,0,0,0,0,0,0,0,0,0,0.0131006611191112,0,0,0,0,0,0,0,0,0,0,0,0,0,0,0,0,0,0,0,0,0.11163082437275987,0.14450572469319173,0.07518238029887304,0,0,0,0,0,0,0,0,0,0,0,0,0,0,0,0,0,0,0,0,0,0,0,0,0,0,0,Eukaryota;Bacillariophyta;Bacillariophyceae;Bacillariales;Bacillariaceae;Nitzschia;Nitzschia palea
0,0,0,0,0,0,0,0,0,0,0,0,0,0,0,0,0,0,0,0,0,0,0,0,0,0,0,0,0,0,0,0,0,0,0,0,0,0,0,0,0,0,0,0,0,0,0,0,0,0,0,0,0,0,0,0,0,0,0,0,0,0,0,0,0,0,0,0,0,0,0,0,0,0,0,0,0,0,0,0,0,0,0,0,0,0,0,0,0,0,0,0,0,0,0,0,0,0,0,0,0,0,0,0,0,0,0,0,0,0,0,0,0,0,0,0,0,0,0,0,0,0,0,0,0,0,0,0,0,0,0,0,0,0,0,0,0,0,0,0,0,0,0,0,0,0,0,0,0,0,0,0,0,0,0,0.052890928951018046,0.010830880185257186,0.008185277132132213,0,0,0,0,0,0.034557458841982316,0,0,0,0,0,0,0,0,0,0,0,0.7200228821482055,0.9970320847787081,1,0.0701059837519073,0.06277618402322975,0.06427523132819071,0,0.0024871923589202967,0.0033213134518925475,0,0,0,0,0,0,0,0,0,0,0,0,0,0,0,0,0,0,0,0,0,0,0,0,0,0,0,Eukaryota;Arthropoda;Hexanauplia;Poecilostomatoida;Sapphirinidae;Sapphirina;Sapphirina metallina
0,0.01859136325497695,0,0,0,0,0,0,0,0,0,0,0,0,0,0,0,0,0,0,0,0,0,0,0,0,0,0,0,0,0,0,0,0,0.06902427753296694,0.051289340150156945,0.025041150580384898,0,0,0,0,0,0,0,0,0,0,0,0,0,0,0,0,0,0,0,0,0,0,0,0,0,0,0,0,0,0,0,1,0.86080229142055,0,0,0,0,0,0,0,0,0,0,0,0,0,0,0,0,0,0,0,0,0,0,0,0,0,0,0,0,0,0,0,0,0,0,0,0,0,0,0,0,0,0,0,0,0,0,0,0,0,0,0,0,0,0,0,0,0,0,0,0,0,0,0,0,0,0,0,0,0,0,0,0,0,0,0,0,0,0,0,0,0,0,0,0,0,0,0,0,0,0,0,0,0,0,0,0,0,0,0,0,0,0,0,0,0,0,0,0,0,0,0,0,0,0,0,0,0,0,0,0,0,0,0,0,0,0,0,0,0,0,0,0,0,0,0,0,0,0,0,0,0,Eukaryota;Chordata;Actinopteri;Argentiniformes;Argentinidae;Argentina;Argentina sialis
0,0,0,0,0,0,0,0,0,0.1335080419054516,0.1660947976914983,0.09979778031580418,0,0,0,0,0,0,0,0,1,0.8368956492628753,0,0,0,0,0,0,0,0,0,0,0,0,0,0,0,0,0,0,0,0,0,0,0,0,0,0,0,0,0,0,0,0,0,0,0,0,0,0,0,0,0,0,0,0,0,0,0,0,0,0,0,0,0,0,0,0,0,0,0,0,0,0,0,0,0,0,0,0,0,0,0,0,0,0,0,0,0,0,0,0,0,0,0,0,0,0,0,0,0,0,0,0,0,0,0,0,0,0,0,0,0,0,0.27829346809646976,0,0,0,0,0,0,0,0,0,0,0,0,0,0,0,0,0,0,0,0,0,0,0,0,0,0,0,0,0,0,0,0,0,0,0,0,0,0,0,0,0,0,0,0,0,0,0,0,0,0,0,0,0,0,0,0,0,0,0,0,0,0,0,0,0,0,0,0,0,0,0,0,0,0,0,0,0,0,0,0,0,0,0,0,0,0,Eukaryota;Mollusca;Cephalopoda;Teuthida;Gonatidae;Gonatus;Gonatus berryi
0,0,0,0.003953181656367411,0,0,0.08426184999236229,0.06870670806029507,0.08950919555936539,0.02495208504047584,0,0.019687990596447113,0,0,0,0,0,0,0,0,0.04149771981592912,0.022743616005612522,0,0,0,0,0,0.22455962938758714,0.09290923625267063,0.09535164073181247,0,0,0,0,0,0,0,0,0,0,0,0,0,0,0.06905689306499867,0.07245260517026142,0,0.010296091853597655,0,0,0,0,0,0,0,0,0,0,0,0,0,0,0,0,0,0,0,0,0.01032224905987286,0,0,0,0,0,1,0.03424781430804884,0.02502699528263386,0,0,0,0,0,0,0,0,0.02256887416976216,0.021878767143075094,0,0,0,0,0,0,0.024332523321773897,0.013190219126771227,0.01688010132334424,0,0,0.03878073202461694,0,0,0,0,0,0.07558050008839602,0,0,0.03962347486360115,0,0.022766855139933824,0,0,0,0,0,0.010322191540702887,0.004057105351958392,0,0,0,0,0,0,0,0,0.01663564246830453,0.011649193147085889,0.013353589066745008,0,0,0.013854690549231958,0,0.07127207728525843,0.05721608217445588,0,0.013868065725483656,0,0,0.010500447216654996,0,0,0.002963970211510694,0,0,0,0,0,0,0,0,0,0,0,0,0,0.0027786773597652755,0,0,0,0,0,0,0,0,0,0,0,0,0,0,0,0,0,0,0,0,0,0,0.013259114356967461,0,0.017728005568143426,0,0,0,0,0,0,0,0,0,0,0,0,0,0,0,0,0,0,0,0,0,0,0.001185740728879365,0,0,0,0,0,0,0,Eukaryota;Cnidaria;Hydrozoa;Trachymedusae;Halicreatidae;Botrynema;Botrynema brucei
0,0,0,0,0,0,0,0,0,0,0,0,0,0,0,0,0,0,0,0,0,0,0,0,0,0,0,0.05200544435469328,0,0,0,0,0,0,0,0,0,0,0,0,0,0,0,0,0,0,0,0,0,0,0,0,0,0,0,0,0,0,0,0,0,0,0,0,0,0,0,0,0,0,0,0,0,0,0,0,0,0,0,0,0,0,0,0,0,0,0,0,0,0,0,0,0,0,0,0,0,0,0,0.024297525800519432,0,0,0,0,0,0,0,0,0,0,0,0,0,0,0,0,0,0,0,0,0,0,0,0,0,0,0,0,0,0,0,0,0,0,0,0,0,0,0,0,0,0,0,0,0,0,0,0,0,0,0,0,0,0,0,0,0,0,0,0,0,0,0,0,0,0,0,0,0,0,0,0,0,0,0,0.12090556563011538,0.05715904634286496,0.07842547440301643,0,0,0,0,0,0,0,0,0,0,0,0,0,0,0,0,0,0,0.8386089297876897,0.918735271782918,1,0,0,0,0,0,0,0,0,0,0,0,0,Eukaryota;Cnidaria;Hydrozoa;Siphonophorae;Agalmatidae;Halistemma;Halistemma sp. 1 BO-2009
0,0,0,0,0,0,0,0,0,0,0,0,0,0,0,0,0,0,0,0,0,0,0,0,0,0,0,0,0,0,0,0,0,0,0,0,0,0.03537600116248611,0,0,0,0,0,0,0,0,0,0,0,0.07761608328493405,0.03282880705751262,0,0,0,0,0,0,0,0,0,0.1388074169223816,0.1270080590074457,0,0,0,0,0,0,0,0,0,0,0,0,0,0,0,0,0,0,0,0,0.790952852336543,0.7002536871052142,1,0,0,0,0,0,0,0,0,0,0,0,0,0,0,0,0,0,0,0,0.03836952988098353,0,0,0,0,0,0,0,0,0,0,0,0,0,0,0,0,0,0,0,0,0,0,0,0,0,0,0,0,0,0,0,0,0,0,0,0,0,0,0,0,0,0,0,0,0,0,0,0.1179159457142766,0.08983462728018682,0.10899615555453446,0,0,0,0,0,0,0,0,0,0,0,0,0,0,0,0,0,0.8701415730379222,0.7819789957255647,0.8130117797532077,0,0,0,0,0,0,0,0,0,0,0,0,0,0,0,0,0,0,0,0,0,0,0,0,0,0,0,0,0,0,0,0,0,0,0,0,Eukaryota;Chordata;Actinopteri;Argentiniformes;Bathylagidae;Bathylagus;Bathylagus pacificus
0,0,0,0,0,0,0,0,0,0,0.037533020098092826,0.01257688290588372,0,0,0,0,0,0,0,0,0,0,0,0,0,0,0,0.06685090944508024,0.07741478874827999,0.0913673552280376,0,0,0,0,0,0,0,0,0,0,0,0,0,0,0,0,0,0,0,0,0,0,0,0,0,0,0,0,0,0,0,0,0,0,0,0,0,0,0,0,0,0,0,0,0,0.4258886603371045,0,0,0,0,0,0,0,0,0,0,0,0,0,0,0,0,0,0,0,0,0,0,0,0,0,0,0,0,0,0,0,0,0,0,0,0,0,0,0,0,0,0,0,0,0,0,0,0,0,0,0,0,0,0,0,0,0,0,0,0,0,0,0,0,0,0,0,0,0,0,0,0,0,0,0,0,0,0,0,0,0.039256905182037526,0.03708478013428234,0.021727367243352648,0,0,0,0.6456289755700254,0.6497588696432374,1,0,0,0,0,0,0,0,0,0,0,0,0.02520623259248092,0.020477599323753173,0,0,0,0,0,0,0,0,0,0,0,0,0,0,0,0,0,0,0,0,0,0,0,0,0,0,0,0,0,0,0,0,0.008620346802418072,Eukaryota;Chordata;Actinopteri;Stomiiformes;Stomiidae;Stomias;Stomias atriventer
0.9962549049058922,0.9521646323659376,0.9755865687540424,0.46145095230518407,0.4540430916167285,0.4857656511439471,0.1398068926676845,0.14512666177191105,0.15933431210947957,0.31939391997761063,0.3378532282642752,0.2939261127799096,0.025263918841339883,0.024023579524358057,0,0,0.00331690665458414,0,0.07690552496372159,0.06584053242690602,0.511973897139827,0.5371802110557954,0.08237705459111591,0.05295864290097519,0.05982142127355395,0.11621080858101732,0.1144303153631183,0.31649421158091084,0.29953385496664037,0.31038628522601214,0.6355004930284031,0.5811980853517622,0.3684635468767143,0.38672545745066994,0.30124700245801145,0.28902407901471106,0.3063351863151719,0.26815927698074576,0.26029247126128763,0.3467194174924549,0.36296455409033107,0.33988254997402423,0.1413961043936117,0.13472917920416544,0.008210732651141745,0.013360904631794766,0.02753080488774603,0.021033305578886077,0.027695203406614563,0.27325980126101984,0.28060337077854014,0.25231495866563103,0.14474736637455304,0.1517046040308533,0.3660500649954609,0.4019450700399159,0.15700525350709776,0.13972375533818718,0.24649342233875288,0.24709217251758236,0.29422201047169094,0.29305953551633923,0.1295820922935317,0.10163175949389226,0.18772732365228037,0.2957658820279055,0.2904958577718935,0.2736777874726145,0.10678946752929225,0.11488573356157196,0.47154201720776534,0.4754720891375936,0.18843330728167068,0.1759888565203486,0.12124493936489572,0.004218738417812085,0.1961753952244745,0.19770673877987904,0.2198163281795986,0.23487073381001297,0.23161590708652144,0.2870620914500718,0.24390092002816996,0.2648226279234329,0.2821249540811781,0.05491119269940586,0.05551290706909705,0.07419637034862674,0.0763452048541035,0.5618991161263851,0.5389544544321374,0.5654084761692288,0.4179135174333697,0.05908068032714931,0.05621869719876475,0.06739762590740402,0.7702287664226122,0.016313562670658224,0.626061754394723,0.013141186688502778,0.016791797378680254,0.021219285887313134,0.012814193683131463,0.028327285335884255,0.602831728050342,0.011967734090877941,0.030502941090152905,0.23920399897060815,0.28346450521089867,0.06462503861448912,0.0017988843919474803,0.1498453876325918,0.14885665580877588,0.0060116950915831005,0.007875096120756452,0.1223915636291592,0.1260213585128685,0.0874856133645218,0.4062461672943568,0.08089633270528272,0.09825934328762695,0.00700275389495466,0.1706490856670282,0.16190562018558619,0.05497851679349873,0.038599822672903364,0.041338512137531674,0.03387555590505325,0.1401741451570437,0.13384146240496725,0.11655097890924672,0.232877412344082,0.35785953643522533,0.36742684661941855,0.06723194765554064,0.07361528380520581,0.08771884272687953,0.3211633074204858,0.3251679891058754,0.3233999858049918,0.11471618502735165,0.12588353314471185,0.1252143254248909,0.03413935491857852,0.03146449555817126,0.03586682376887525,0.08446743023789882,0.08730187267523863,0.08993982973387962,0.036193061554133175,0.021122551276461194,0.030841381726040767,0.1725337353994632,0.16345071540046732,0.16771731542844073,0.512646188882433,0.045209544526034075,0.04001959939933718,0.037763001411250975,0.008749472920751325,0.005652936001033867,0.004666427029058702,8.59702388580991e-4,0.0019689997293786334,0,0.21875415552809296,0.23746546944583274,0.1991168432005503,0.21348447273194307,0.19898343740874425,0.012207889290025994,0.010894392305480316,0.10755214443273421,0.11201380650162597,0.11290077158697512,0.0012351657432743803,0.0013347067659055087,0.001073023753207036,0.15791463439533035,0.17624035992754242,0.16012153050505026,0.07466149572802987,0.0711510031967717,0.07659728079437009,0.9246781192231933,1,0.8557098701424682,0.11423978360068529,0.09127452976946895,0.1027599080987938,0.0793966709621354,0.09681107916048139,0.07402909471710571,0.006915822960704895,0.005531334766083399,0.008254891283794735,0.017005551212377488,0.016144597668637052,0.016400194329166732,0.37776884605680444,0.36253213745404034,0.25074019669469,0.25508965608492135,0.26415130953228755,0.2496319782026177,0.28286723991720275,0.06290754284717316,0.055354347308108204,0.06578897825101333,0.06093938723509459,0.06088985294096855,Eukaryota;Arthropoda;Malacostraca;Euphausiacea;Euphausiidae;Euphausia;Euphausia pacifica
0.4735622356454006,0.4662905564004779,0.4844517696707728,0.07442699876688601,0.04703833215550333,0.06665799508017695,0.25279625775842934,0.22646831354351485,0.2484667277464206,0.3868320707618895,0.33162073730282143,0.3363939301984127,0.4036023076196964,0.37019169341176805,0,0,0,0,0.9682114910505949,0.8329469673483713,0.2843806308768567,0.23658352859206677,0.02574353697066102,0.01939756494867892,0.027739925101726987,0.4089841634313678,0.3459058860631181,0.27551891100893205,0.3297354519452666,0.3055049278028351,0.034578933497750555,0.061680304657344844,0.006949966109648323,0,0.06555938554733172,0.056344398602471854,0.029855819309314746,0.10575745238804486,0.09213256653517776,0.10110503480386655,0.07122078186760913,0.08397371933839237,0.04602239048965809,0.04195733753539601,0.43100596046531986,0.32700389803927193,0.03947521873052351,0.02617485798879243,0.02834822450140781,0.4211383719208175,0.3897254924975775,0.38799436313009195,0.04337057315169521,0.03503123727408337,0.10255079821625847,0.030281501537946034,0.023362057810892206,0.014576457004958335,0.39898970304054576,0.33119238441854465,0.6642328560337494,0.5991725108368331,0.06504717860487891,0.07801422352123526,0.37872323779579925,0.17065294441103912,0.13346502107397962,0.15179496236996104,0.08578091950028009,0.05789944269665484,0.029702761646374004,0.021997550761450057,0.26698806339729386,0.30348093735265297,0.03196820589158417,0.04828545503013122,0.1300141614981486,0.09732082090278343,0.06606771188753924,0.048639187042839226,0.03308450068945626,0.0425209526966239,0.05146867779091111,0.060848198308468444,0.044329381586782,0.03492384247066433,0.031034618465776025,0.19665347284491846,0.2067299372895349,0.2495797892395791,0.2235268515828034,0.18117468046740964,0.11620131859597883,0.01402757820369007,0.009406408452899128,0.09272898960320468,0.24102393831558083,0.15524463154512297,0.2535448778297413,0.051026610547161406,0.04936743313984929,0.035748420958923145,0.05646605625550719,0.044137314223104865,0.32671357703478193,0.13781159458387407,0.13270583571530276,0.026383905887539062,0.017917662087850394,0.018593719278418373,0.05932486057162649,0.0210583187502131,0.016663201967762952,0.3319503313775242,0.3033785166951694,0.018905788713798083,0.01664928196494637,0.11194976169635544,0,0.08177038725730773,0.07406398285530422,0.3257631294542651,0.027622053932241084,0.023273199417415662,0.1356666683392898,0.2538922897582508,0.24213528699869108,0.2570547979458137,0.8042207345731447,0.8148386465013142,0.02092876115874292,0.00983697321062847,0.08772975371166039,0.04855315653379826,0.011634269750052178,0.012383679096604915,0.004731488775399566,0.17787660871378316,0.15075227945739902,0.15488990019601018,0.09295881765589012,0.07924536022614044,0.028275087110535342,0.05544884105479379,0.04092685345376669,0.03744514468459785,0.02316218976200632,0.02464090315206262,0.02239972799174403,0.08885205291561446,0.07634909732026393,0.10298423365286898,0.20009779393725502,0.17116139473572836,0.1637104547374037,0.2615723667741356,0.12268397299420782,0.09842424125624717,0.07675459930169665,0.16980816376682129,0.16010311284754863,0.13732311057764182,0.1205163273905342,0.11694054110660554,0.0865132186353455,0.053453610925927666,0.028115771989031854,0.043964994870854576,0.033525865700553735,0.03052620912704181,0.6162812438914528,0.6290329787202439,0.08669492384647746,0.07243734119040594,0.07175965990760888,0.6667321159718306,0.6176849965128626,0.6355554110879514,0.10942722089904712,0.10369284925678522,0.09666837760959632,0.01718186065996391,0.01705209307092368,0.010356789934375056,0.06795291888146933,0.044162582408975734,0.03097873218121638,0.015477343443476023,0.01809829638550298,0.004701544769662333,0.026391337973704562,0.0737743587290314,0.0157727349407801,0.19937372269034934,0.2201908879983126,0.17978977749071548,0.17221668190302927,0.1396754417434879,0.16312035595061544,0.011932877463043853,0.007808528198937611,0.04867880356340157,0.03399018938475033,0.014373034585910946,0.1320086106593426,0.15078621184521368,0.29591732981462765,0.2547888402093037,0.223126147140218,0.9653363739473757,1,Eukaryota;Arthropoda;Malacostraca;Euphausiacea;Euphausiidae;Nematoscelis;Nematoscelis difficilis
0,0,0.003653695473671305,0,0,0,0.015488361407579053,0.011739277764050279,0.01885828084000718,0,0.004523000017145,0.014777151003041028,0,0,0,0,0,0,0.07736940483226873,0.10193419458355216,0,0,0.02542732893671844,0,0,0,0,0.09818271257602597,0.0384045529378295,0.04220663391064659,1,0.9288637272930477,0,0,0.0662320238477996,0.0613433845659314,0,0,0,0,0,0,0.009399023849813896,0,0.022114904489242512,0,0.005422171781937116,0,0,0,0,0,0,0,0,0,0.047592396846088056,0.02056773469669659,0.027679495203668462,0.02954324965521271,0,0,0,0,0.03407689569791548,0.008684425971408779,0.00324354838077392,0,0.025251231281084693,0,0,0,0,0,0.07040492073481706,0,0,0.0396791042049923,0,0,0,0,0,0.017068213279840323,0,0,0,0.04972866343922836,0.016539745163550192,0,0,0,0,0.021486097422716482,0.017009636211262346,0.0489892850799067,0,0,0,0,0,0.014642159681847464,0.004106585077399259,6.462896608140292e-4,0.006577183754325776,0,0,0.016582337892576765,0,0,0,0,0,0,0.041504013372103146,0.003151522860348474,0.0052543391226089085,0,0,0.004759425062038191,0,0.05431525562762719,0,0,0.00894419303007777,0.0303585066816101,0.021858742434225815,0.03182484577291918,0,0,0,0,0,0.011082448649579997,0.07783560672416721,0.08476358822034914,0.006964014728886213,0.020979257932570126,0.028022351931385973,0.005029471762893016,0,0.03559451954790181,0,0,0,0,0,0.014620920591454648,0.019679556213503188,0,0.021439773034627508,0.026983409661624186,0.041300150182364305,0.04605492023390916,0.040585315804259586,0.05839631893967864,0,0.0020748853653990446,0,0,0.00625945382458705,0,0,0,0,0,0,0,0.003252274464178188,0.001364647014874014,0,0,0.019445304392915905,0.0351349786327261,0.028316970612439197,0.22200536295590018,0.15483425241682222,0.018713381240444648,0.009951850294709874,0.013502050364098735,0,0,0.0011768926932929935,0,0,0,0,0,0,0,0,0,0.009097774123476609,0.008615069015965905,0.011484010659560293,0,0,0,0,0,0,0,0,0,0,0,0.029930764735980858,0.027399392338833196,0,0,0,Eukaryota;Ctenophora;Tentaculata;Lobata;Bolinopsidae;Mnemiopsis;Mnemiopsis leidyi
0,0.06691888156527764,0.10137361739553812,0,0,0,0.3705818135573905,0.7847649109276253,0,0,0,0,0.20605012183141233,0,0,0,0,0,0,0,0,0,0,0.28419403959843226,0.3085953765125822,0,0,0,0,0,0,0.3539757026921294,0,0,0,0,0,0,0,0.4080151897010599,0.011798314713961274,0.25459653774932073,0,0,0,0,0,0,0,0,0,0,0,0,0.8528471041726609,0.5048361957640624,0,0,0,0,0,0,0.1944620989813836,0.1268825269910353,0,0,0,0,0,0,0,0,0.29234704541474155,0.034301934219250964,0,0,0,0,0,0,0,0,0,0,0,0,0,0,0,0,0,0,0,5.931766892311171e-4,0,0,0,0,0,0.2582485937471322,0,0.10850462467897047,0,0.04683635090063902,0,0,0,0,0,0,0,0,0,0,0,0.09353097489162084,0.14143251042474883,0.18935838542903435,0,0.09986070334245595,0.08941342478247032,0,0,0,0,0.07705309829551171,0.288154286076704,0.2607283894952867,0,0,0,0,0,0,0,0.04325903542877526,0.011360746979729703,0,0.2901097908121277,0,0.28603568413313,0.27842443135954975,0.28018146322036613,0,0,0,0,0.4342830413799216,0.36553083742872833,0,0,0,0.4720396798603802,0.7428000895147269,0.5699719594862728,0.33970816646414037,0,0.3797818196969567,0.3567930368149185,0,0,0,0,0,0,0,0,0,0.025589310517197775,0,0,0,0.4509418758241483,0.4884580936730982,0.36156390003016525,0,0.2108602161368326,0.09410028640797871,0,0,0,0,0.03682316076331209,0.03904868388145109,0,0,0,0,0,0,0,0,0,0,0,0,0,0,0,0.3935873763897625,0.597495807144139,0.9023645073294291,0.9628595322395556,1,0.281578862141522,0,0,0,0,0,0,Eukaryota;Arthropoda;Hexanauplia;Calanoida;Calanidae;Neocalanus;Neocalanus flemingeri
0,0,0,0,0,0,0.15893470342714516,0.13767230619393353,0,0,0,0,0,0,0,0,0,0,0,0,0.14205100015927818,0.1557075143003729,0.4659356879514998,0,0,0.21183699365239106,0,0,0,0,0.9871877620667611,0.9063780079164323,0.0664162529396394,0,0,0,0,0,0,0.2941230712818849,0,0,0.15431779037323823,0,0,0,0.13909981201618796,0,0.10261565456464045,0,0,0,0,0,0.26267337929771034,0,1,0.7914636823495893,0.15148518281365064,0,0,0,0,0,0,0,0,0,0,0,0,0,0,0,0.120410684538523,0,0,0.07020161888371762,0,0,0,0,0,0,0,0,0,0,0,0,0,0.08105651712893942,0,0.5012263825081665,0.42090884251201655,0,0,0,0,0,0,0,0,0,0,0,0,0.05918629756002786,0,0.9351996854152727,0,0,0,0,0,0.01976304700921625,0,0,0,0,0,0,0,0,0.0786697256579991,0.0602952671150906,0.02990729752620584,0.0819965506401139,0,0,0,0.27116965417667593,0,0,0.223640064217684,0.12403929182890279,0.1472542763114175,0,0,0,0,0,0,0,0,0,0,0,0,0,0,0,0,0,0,0.09987285923580823,0.11686702573936757,0.19020455305452447,0.13643846725774703,0,0,0,0,0,0,0,0,0,0,0,0,0.20182830598814874,0,0,0,0,0,0,0.15318221858837924,0,0,0,0,0,0,0,0,0,0,0,0,0,0,0,0,0,0,0,0,0,0,0,0,0,0,0,0,0,0,0,0,Eukaryota;Arthropoda;Malacostraca;Decapoda;Thoridae;Spirontocaris;Spirontocaris sica
0,0,0,0,0,0,0,0,0,0,0,0,0,0,0,0,0,0,0,0,0,0,0,0,0,0,0,0,0,0,0,0,0,0,0,0,0,0,0,0,0,0,0,0,0,0,0,0,0,0,0,0,0,0,0,0,0.2763188092193698,0.20411654876406832,0,0,0,0,0,0,0,0,0,0,0,0,0,0,0,0,0,0,0,0,0,0,0,0,0,0,0,0,0,0,0,0,0,0,0,0,0,0,0,0,0,0,0,0,0,0,0,0,0,0,0,0,0,0,0,0,0,0,0,0,1,0.0053980660602104685,0,0,0,0,0,0,0,0,0,0,0,0,0,0,0,0,0,0,0.0297961094794194,0,0,0,0,0,0,0,0.12742085351041596,0.1273536814362364,0.1780696201471716,0,0,0,0,0,0,0,0,0,0,0,0,0,0,0,0,0,0,0,0,0,0,0,0,0,0,0,0,0,0.17401152718390225,0.15313816031065167,0.07905080370761469,0,0,0,0,0,0,0,0,0,0,0,0,0,0,0,0,0,0,0,0,0,0,0,0,0,0,0,0,0,0,Eukaryota;Cnidaria;Hydrozoa;Anthoathecata;Pandeidae;Halitholus;Halitholus sp. PS-2018
0,0,0,0,0,0,0,0,0,0,0,0,0,0,0,0,0,0,0,0.3468959268395129,0,0,0,0,0,0,0,0,0,0,0,0,0,0,0,0,0,0,0,0,0,0,0,0,0.04407118728749708,0.08702518208056878,0,0,0,0,0,0,0,0,0,0,0,0,0,0,0.07618555293728,0.04190739952947095,0,0,0,0,0,0,0,0,0,0,0,0,0,0.8742599161747977,0,0,0,0,0,0,0,0,0,0,0,0,0,0,0,0,0,0,0,0,0,0,0,0,0,0,0,0,0,0,0,0,0,0,0,0,0,0,0,0,0,0,0,0,0,0,0,0,0,0,0,0,0.10817036526183657,0.11031137097085256,0,0,0,0,0,0,0,0,0,0,0.07494206841824604,0.06600777961582764,0.17856060280520905,0,0,0,0,0,0,0,0,0,0.02469122108902779,0,0.03868151376060862,0,0,0,0,0.02961863512535845,0.02260914493406228,0.01930713374154566,0.7398519015312636,0.8024448847548179,1,0,0,0,0,0,0,0,0,0,0,0,0,0,0,0,0,0,0,0,0,0,0,0,0,0,0.005287020153695246,0,0,0,0,0,0.3166186941372519,0.271718859310274,0.2998951873742906,0,0,0,0,0,0,0,0,0,0,0,0.035883069616569535,Eukaryota;Chordata;Actinopteri;Stomiiformes;Gonostomatidae;Cyclothone;Cyclothone signata
0,0,0,0,0,0,0,0,0,0,0,0,0,0,0,0,0,0,0,0,0,0,0,0,0,0,0,0,0,0,0,0,0,0,0,0,0,0,0,0,0,0,0,0,0,0,0,0,0,0,0,0,0,0,0,0,0,0,0,0,0,0,0,0,0,0,0,0,0,0,0,0,0,0,0,0,0,0,0,0,0,0,0,0,0,0,0,0,0,0,0,0,0,0,0,0,0,0,0,0,0,0,0,0,0,0,0,0,0,0,0,0,0,0,0,0,0,0,0,0,0,0,0,0,0,0,0,0,0.025810334914474625,0.05694152156365313,0,0,0,0,0,0.0020933316494064157,0,0,0,0,0,0,0,0,0,0,0,0,0,0,0,0,0,0,0,0,0.014644252583816486,0.013582444241131891,0.013677352454418923,0,0.003658493103237505,0.03624047631061103,0,0,0,0,0,0,0,0,0,0,0,0,0,0.9147193921355389,0.8442311530083477,1,0,0.012626573377399619,0,0,0,0,0,0,0,0,0,0,0,0,0,0,0,0,0,0,0,0,0,0,0,0,0,0,0,0,0,0,0,Eukaryota;Arthropoda;Malacostraca;Decapoda;Hippolytidae;Lysmata;Lysmata californica
0,0,0,0,0,0,0,0,0,0,0,0,0,0,0,0,0,0,0.1038736452769862,0.5682838325801715,0,0,0,0,0,0,0,0,0,0,0,0,0,0,0,0,0,0,0,0,0,0,0,0,0.025458516871360796,0.0296928633952792,0,0,0,0,0,0,0,0,0,0,0,0,0,0,0,0,0,0,0,0,0,0,0,0,0,0,0,0,0,1,0,0,0,0,0,0,0,0,0,0,0,0,0,0,0,0,0,0,0,0,0,0,0,0,0,0,0,0,0,0,0,0,0,0,0,0,0,0,0,0,0,0,0,0,0,0,0,0,0.0015348804714991103,0,0,0,0.1259861749097613,0.09929761008497551,0,0,0,0,0,0,0,0.054602642576871065,0.040113523527613236,0.03373240982090985,0.09649387417072632,0.07601373029191474,0.05125403996576994,0,0,0,0,0,0,0,0,0,0,0,0,0.01781543135733749,0,0,0,0,0,0,0.020011516003863312,0.02864557412500358,0.01820253819649654,0,0,0,0,0,0,0,0,0,0,0.011441833579870928,0.00957015102966931,0.010704451228891,0,0,0,0,0,0,0,0,0,0,0,0,0,0,0,0,0,0,0.14342869562189245,0.18016657492631402,0.13074018002489166,0,0,0,0,0,0,0,0,0,0,0.044677227075693035,0.051370637606799295,Eukaryota;Cnidaria;Hydrozoa;Siphonophorae;Diphyidae;Diphyes;Diphyes bojani
0,0,0,0,0,0,0,0,0,0,0,0,0,0,0,0,0,0,0,0,0,0,0,0,0,0,0,0,0,0,0.23565429494363505,0,0,0,0,0,0,0,0,0,0,0,0,0,0,0,0,0,0,0,0,0,0,0,0.9025501186688886,0,0,0,0,0,0,0,0,0,0,0,0,0,0,0,0,0,0,0,0.3120729844166048,0,0,0,0,0.1592649256288985,0,0,0,0,0,0,0.056613610807557696,0,0,0,0,0,0,1,0.8328899572526339,0,0,0,0,0,0,0,0,0.02506619544485583,0,0,0,0,0,0.706939582715317,0,0,0.21495129284425737,0,0,0,0.014820969534139345,0,0,0.03445739796691206,0,0,0,0,0,0.09115723976130975,0,0.010686747218475255,0,0,0,0,0,0,0,0,0,0,0,0,0,0,0,0,0,0,0,0,0.011972816457498082,0,0,0,0,0,0,0,0,0,0,0,0,0,0,0,0,0,0,0,0,0,0,0,0,0,0,0,0.07254617039412266,0,0,0,0,0,0,0,0,0,0,0,0,0,0,0,0,0,0,0,0,0,0,0,0,0,0,0,0,0,0,0,0,0,0,Eukaryota;Cnidaria;Hydrozoa;Anthoathecata;Pandeidae;Leuckartiara;Leuckartiara nobilis
0,0,0,0,0,0,0,0,0,0,0,0,0.012928778663577377,0,0,0,0,0,0,0.17385919847629785,0,0,0,0,0,0,0,0,0,0,0,0,0,0,0,0,0,0,0,0,0,0,0,0,0,0,0,0,0,0,0,0,0,0,0,0,0,0,0,0,0,0,0,0,0,0,0,0,0,0,0,0,0,0,0,0,0,0,0,0,0,0,0,0,0,0,0,0,0,0,0,0,0,0,0,0,0,0,0,0,0,0,0,0,0,0,0,0,0,0,0,0,0,0.8747157729446433,1,0,0,0,0,0,0,0.935175007199291,0,0,0,0,0,0,0,0,0,0,0,0,0,0,0,0,0,0,0,0,0,0,0,0,0,0,0,0,0,0,0,0,0,0,0.29000616097801096,0.35558866565000974,0.2036043230949507,0,0.02981812245011015,0.020139121797364185,0,0,0,0,0,0,0,0,0,0,0,0,0,0,0,0,0,0,0,0,0,0,0,0,0,0,0,0,0,0,0,0,0,0,0,0,0,0,0,0,0,0,0,0,0,0,0,0.15876581340571233,0.11696672573612729,Eukaryota;Arthropoda;Malacostraca;Euphausiacea;Euphausiidae;Euphausia;Euphausia eximia
0,0,0,0,0,0.024721247453022413,0,0,0,0,0,0,0,0,0,0,0,0,0,0,0,0,0,0,0,0.019566142543564934,0,0,0,0,0,0,0,0,0,0,0,0,0,0,0,0,0,0,0,0,0,0,0,0,0,0,0,0,0,0,0,0,0,0,0,0,0,0,0,0,0,0,0,0,0,0,0,0,0,0,0,0,0,0,0,0,0,0,0,0,0,0,0,0,0,0,0,0,0.008396735390036072,0,0,0,0,0,0,0,0,0,0,0,0,0,0,0,0,0,0,0,0,0,0,0,0.1910094752186589,0,0,0,0,0,0,0,0,0,0,0,0,0,0,0,0,0,0,0,0,0,0,0,0,0,0,0,0.09557348897831816,0.0813517214933304,0.06510012124744191,0,0,0,0,0,0,0,0,0.024123334678077785,0,0,0,0,0,0,0,0,0,0,0,0,0,0,0,0,0,1,0.711106488434288,0.9375029005685114,0,0,0,0,0,0,0,0,0,0,0,0,0,0,0,0,0,0,0,0,0,0,0,0,0,0,0,0,0.2475785595351968,0,0.18792487737716204,0,0,Eukaryota;Annelida;;;;;
0.41441325735625617,0.38686907273035476,0.33875123742299756,0.3514938006698029,0.20220198773367776,0.22364822284878919,0.13374773808847257,0.15236547285223354,0.09375242026356466,0.3259808867826022,0.051160191486465105,0.36903944807602207,0.3331463260045857,0.46797182295442213,0,0,0,0.013569840048395733,0.04981790584252101,0.02059932160237793,0.3326425470915557,0.26390946766934253,0.8972950006020719,1,0.8779476070753578,0.09415479315038128,0.031004456966147995,0,0,0.15801880110512634,0.6678594565845167,0.2983734517640307,0.11611163801709899,0,0,0,0,0.49477505346040906,0.5193492776377406,0.3784585225234133,0.32434010614968467,0.4217318748377616,0.1124865179856536,0.06307139135512498,0.010086464379959503,0.09921040131503422,0.12117785024979655,0.13964315390878657,0.23078350550809545,0.13307538870989669,0.2859615574824437,0.3546073906931942,0,0,0.762058742262334,0.7631474655738925,0.7566294735748222,0.3977463559118464,0.07271676335577781,0.1758420212829586,0.3203797950368496,0.5782368936029543,0.10494630348734102,0.15517343339101267,0.0450725276670792,0.026934190115657574,0.14201869067232487,0,0.2278256702807107,0.1910035161631697,0.3165121050883766,0.6012463441732818,0.387669195395796,0.47450888198851915,0.13945447292303728,0.21342903415599296,0,0.04692838328870687,0,0.05013588811629272,0,0,0,3.459867235398341e-4,0,0.10124701757948394,0,0.04254627861270384,0.04224455425302341,0.1005503077628226,0.11875745503238083,0.536082338339731,0.01737900981888508,0.1554880903326516,0.13712237884636505,0.2163486045458386,0.15969306975072767,0.08421252246544145,0.14302412814356888,0.03185606177865482,0,0.027275150158814716,0.0759345098516395,0.13241001871075758,0.3437783193934734,0.07449951076636106,0.05833646695762423,0.06629218646002469,0.06049378258001977,0.059578859054237994,0.11744280823452756,0.7099695879566117,0.6403612988963442,0.16472902511761675,0.08673249439460638,0.23522074377723562,0.18387460463275446,0.1112293416681067,0.1480872351248369,0.20213957654528997,0.2311853852432273,0.06245757315834618,0,0.2875714030636532,0.33381052346411766,0.2319034908323352,0.25901100115711395,0.25848198382803417,0.18529749908449852,0.2108603758442673,0.08744925078983952,0,0.6991271205685172,0.7939143389448134,0.518588600960399,0.33503624340367355,0.32632516897788294,0,0.3284668892292914,0.28536233216390283,0.05600590078196467,0.07070995875544257,0.024686838898893886,0.16191887891065795,0.12452109467215632,0.14579387011259662,0.013597395746375295,0.10807778779933033,0.11608595073471395,0.20902051964048232,0,0.02250415174486257,0.12839115441126495,0.13620311258994636,0.15066099426061202,0.5565275741981824,0.39123971328508184,0.28370063760997605,0.2993316310639181,0.2124006537064013,0.2586536008409691,0.23543239989106582,0.13285742239307657,0.16482210485295842,0.22200949181345067,0.2603172887432722,0.13648165243480267,0.2473497268894787,0.3690553082660727,0.3520331983889804,0.0374544243688024,0.050953150242326335,0.15538272688967053,0.12636727563039368,0,0.42426933383907184,0.6057110799700177,0.52429603342804465,0.13919521240561225,0,0.11097241011066321,0.009122471560312331,0.08860334929207217,0.11091795621564704,0.10875886983584844,0.23104856283551178,0.32760504065534635,0.05430683552379583,0.07138144333377672,0,0.01432672341874046,0.006222668625946277,0.09596513156210024,0.13831055229992567,0.13157310177705978,0.11697608392028347,0.0737812653952747,0.09203768928025394,0.06056631286820009,0,0.003158727753976497,0.14259496984013922,0.11212471364800415,0.13573730290510802,0.22053301304961231,0.3226212113836893,0.021841964003689682,0,0.12298733880881625,0.1301322413966231,0.13961199002630148,Eukaryota;Arthropoda;Hexanauplia;Calanoida;Clausocalanidae;Pseudocalanus;Pseudocalanus newmani
0,0,0,0,0.11427019694418475,0,0,0,0,0,0,0,0.10503654541361054,0,0,0,0,0,0,0,0,0,0,0,0,0,0,0,0,0,0,0,0,0,0,0,0,0,0,0,0,0,0,0,0,0,0,0,0,0,0,0,0,0,0,0,0,0,0,0,0,0.1966914623376559,0,0,0,0,0,0,0,0.3356382022789655,0.24954262673421482,0.1690322808159881,0,0,0.23954019099043258,0,0,0,0,0,0,0,0,0,0,0,0,0,0,0,0,0,0,0,0,0,0,0,0,0,0,0,0,0,0,0,0,0,0,0,0,0,0,0,0,0.18423195401156683,0.07136006507232148,0,0,0,0,0,0,0,0,0,0,0,0,0,0,0,0,0,0,0,0,0,0,0,0,0,0,0,0.05121019747424217,0,0,0.03142821655785893,0.021930834862513453,0,0,0.02503806566278355,0,0,0,0,0.9024861534380269,1,0.9188977437918597,0,0,0,0,0,0,0,0,0,0,0.019500466349453894,0,0,0,0,0,0,0,0,0,0,0,0.10826282819207347,0.06794951031539388,0.09333000247818102,0,0,0,0,0,0,0,0,0,0,0,0,0,0,0,0,0,0,0,0,0,0,0,0,0,0,0,Eukaryota;Annelida;Polychaeta;Phyllodocida;Polynoidae;Lepidasthenia;Lepidasthenia longicirrata
0,0,0,0,0,0,0,0,0,0,0,0,0,0,0,0,0,0,0,0,0,0,0,0,0,0,0,0,0.04198615270562857,0,0,0,0,0,0,0.00408404113892196,0.00911526322394914,0,0,0,0,0,0,0,0,0,0,0.0038219887464747463,0.0129824704650452,0,0,0,0,0,0,0,0,0,0,0,0,0,0.030482049546068066,0,0.01382506023054457,0,0,0,0,0,0,0.0027028045214892026,0.013747671916004364,0.01254597999150623,0,0,0,0,0,0.9257640711425255,1,0,0,0,0,0.32254299946740184,0.36005614552740317,0,0,0,0,0,0.01648947650186533,0,0.013686668340427265,0,0.03043914183776599,0.007537939552976993,0,0,0,0,0,0,0,0,0,0,0,0.014789656542091316,0,0,0,0,0,0,0,0,0,0,0,0,0,0,0,0,0,0,0,0,0,0,0,0,0,0,0,0,0,0,0,0,0,0,0,0,0,0,0,0,0,0,0,0,0,0,0.008871293857273654,0.014366461747799852,0.0086307901995301365,0.025727114598923993,0.029457876447063117,0,0,0,0,0,0,0,0,0,0,0,0,0,0,0,0,0,0,0,0,0,0.00831854599987095,0.008452677501173962,0,0,0,0.04745924055534491,0,0,0.17221392816369543,0,0.006442444719597238,0,0,0,0,0,0,0,0,0,0,0,0.013731714555330662,0,0,0,0,0,0,Eukaryota;Echinodermata;Ophiuroidea;Ophiurida;Amphiuridae;Amphiodia;
0,0,0,0,0,0,0,0,0,0,0,0,0,0,1,0.7672752349310212,0.03736948003225943,0.08558739735210323,0.022416229929858752,0,0,0,0,0,0,0,0,0,0,0,0,0,0,0,0,0,0,0,0,0,0,0,0,0,0,0,0,0,0,0,0,0,0,0,0,0,0,0,0,0,0,0,0,0,0,0,0,0,0,0,0,0,0,0,0,0,0,0,0,0,0,0,0,0,0,0,0,0,0,0,0,0,0,0,0,0,0,0,0,0,0,0,0,0,0,0,0,0,0,0,0,0,0,0.004864004083972882,0,0,0,0,0,0,0,0,0,0,0,0,0,0,0.00418279647832616,0,0,0,0,0,0,0,0,0,0,0,0,0,0,0,0,0,0,0,0,0,0,0,0,0,0,0,0,0,0,0,0,0,0,0,0,0,0,0,0,0,0.011523498702985883,0,0,0,0,0,0,0,0,0,0,0,0,0,0,0,0,0,0,0,0,0,0,0,0,0,0,0,0,0,0,0,0,0,0,0,0,0,0,0,0,Eukaryota;Ascomycota;Eurotiomycetes;Eurotiales;Aspergillaceae;;
0,0.09121759196416453,0.43023233687896034,0,0,0,0,0,0,0,0,0,0,0,0,0,0,0,0,0,0,0,0,0,0,0,0,0,0,0,0,0,0,0,0,0,0,0,0.28491015371292494,0,0,0,0,0,0,0,0,0,0,0,0,0.4095962551199532,0.08764607679465776,0.19338686005352673,0,0,0,0,0,0,0,0,0.3780506445203037,0.9963617795366057,0,0,0,0,0.07531830952238629,0,0,0,0,0,0,0.6663890045814245,0,0,0,0,0,0,0,0,0,0,0,0,0,0,0,0,0,0,0,0,0,0,0,0,0,0,0,0,0,0,0,0,0,0,0,0,0,0,0,0,0,0,0,0,0,0,0,0,0,0,0,0,0,0,0,0,0,0,0,0.11370392678803894,0.09616652745416979,0,0,0,0,0,0,0,0,0,0,0,0,0,0,0,0,0,0,0.26864590876176686,0,0,0,0,0,0,0,0,0,0.8213437630954045,1,0.18821603927986907,0.46358793688970945,0.4845598948153939,0,0,0,0,0,0,0,0.09745910198398887,0,0,0,0,0,0,0,0,0,0,0,0,0,0,0,0,0,0,0,0,0,0,0,0,0,0,0,0,0,0,0,0,0,Eukaryota;Chordata;Actinopteri;Myctophiformes;Myctophidae;Nannobrachium;Nannobrachium ritteri
0,0,0,0,0.10677925021540559,0,0,0,0,0,0,0,0,0,0,0,0,0,0,0,0,0,0,0,0,0,0,0,0,0,0,0,0,0,0,0,0,0,0,0,0,0,0,0,0,0,0,0,0,0,0,0,0,0,0,0,0,0,0,0,0,0,0,0,0,0,0,0,0.07430952423980823,0,0,0,0,0.09576292228861219,1,0,0.2812834718975094,0.21512919114091059,0,0.09859977332396022,0,0,0,0,0,0,0,0,0,0,0,0,0,0,0.0026629543375181176,0,0,0,0.013460521522497854,0,0,0,0,0,0,0,0,0,0,0,0,0,0,0,0,0,0,0,0,0,0,0,0,0,0,0,0,0,0,0,0,0,0,0,0,0,0,0,0,0,0,0,0,0,0,0,0,0,0,0,0,0,0,0,0,0,0.08163323248997571,0.0774006815754597,0.02397975509194479,0,0,0,0,0,0,0,0,0,0,0.017038864918603413,0,0,0,0,0,0,0,0,0,0,0,0.034685380329457366,0.03356169655610849,0,0,0,0,0,0,0,0,0,0,0,0,0,0,0,0,0,0,0,0,0,0,0,0.1258292750110332,0,0,0,0,Eukaryota;Mollusca;Gastropoda;Neogastropoda;Conidae;Conus;Conus andremenezi
0,0,0,0,0,0,0,0,0,0,0,0,0,0,0,0,0,0,0,0,0,0,0,0,0,0.012820726085378703,0,0,0,0,0,0,0,0,0,0,0,0,0,0,0,0,0,0,0,0,0,0.004875568134784925,0,0,0,0,0,0,0,0,0,0,0,0,0,0,0,0,0,0,0,0,0,0,0,0,0,0,0,0,0,0,0,0,0,0,0,0,0,0,0,0,0,0,0,0,0,0,0,0,0,0,0,0,0,0,0,0,0,0,0,0,0,0,0,0,0,0.14882842870718085,0.07186014031669506,0,0,0,0,0,0,0.08722694810108274,0,0,0,0,0,0,0,0,0,0,0,0,0,0,0,0,0,0,0,0,0,0,0,0,0,0,0,0,0,0,0,0,0,0,0.11128164900185102,0.08269949579592148,0.042278309150030724,0.25845055522509985,0.1943705768042683,0.11231531352222959,0,0,0,0.10956725314361747,0.06194741740344346,0.01301132334987765,0.02693084652402288,0.015820171271078272,0.9318585865817136,1,0,0,0,0.04368337143898022,0.03097748031052577,0.011068456062339358,0.02197532882449858,0,0,0,0,0,0,0,0,0,0,0,0,0,0,0.24825660994596058,0.23203111606377505,0.18699797951881283,0,0,0,0,0,0,0,0,0.615598651954109,0.4917289028227098,0,0,0,0.013198993158493712,0.014910174313492428,Eukaryota;Arthropoda;Malacostraca;Decapoda;Munididae;Pleuroncodes;Pleuroncodes planipes
0,0,0,0,0,0,0,0,0,0,0,0,0,0,0,0,0,0,0,0,0,0,0.06664218468318088,0,0,0,0,0,0,0,0,0,0,0,0,0,0,0,0,0,0,0,0,0,0,0,0,0,0,0,0,0,0,0,0,0,0,0,0,0,0,0,0,0,0,0,0,0,0,0,0,0,0,0,0,0,0,0,0,0,0,0,0,0,0,0,0,0,0,0,0,0,0,0.008175763647445863,0,0,0.12745244356476734,0,0,0,0,0,0,0,0,0,0,0,0,0,0,0,0,0,0,0.01570379611926745,0.011197659819189132,0,0,0,0,0,0.06372560420842369,0,0,0.21160629907086007,0,0,0,0,0,0,0,0,0,0,0,0,0,0,0.03754699369655532,0,0.09691639333701196,0,0,0,0.04915408752763885,0.012007482441879762,0,0,0,0,0,0,0,0,0,0,0,0,0,0,0,0,0,0,0,0,0.006629659206224348,0,0,0,0,0,0,0,0,0,0.11495702500755842,0.1651410300425634,0,0,0,0,0,0,0,0,0,0,0,0,0,0,0,0,0,0,0,0.6060697460860216,1,0.6976671035386632,0.6541314766178398,0.696649444482312,0,0,0,0,0,0,0,Eukaryota;;Eustigmatophyceae;Eustigmatales;Monodopsidaceae;;
0,0,0,0,0,0.05561142712798017,0,0,0,0,0,0,0,0,0,0,0,0,0,0,0,0,0,0,0,0,0,0,0,0,0,0,0.048299149308146605,0,0,0,0,0,0,0,0,0,0,0,0,0,0,0,0,0,0,0,0,0,0,0.07515816526406745,0,0,0,0,0,0,0,0,0,0,0,0,0,0,0,0,0,0,0,0,0,0,0,0,0,0,0,0,0,0,0,0,0,0,0,0,0,0,0,0,0,0,0,0,0.2535085216006646,0,0,0,0,0,0.11953074142301141,0,0,0,0,0,0,0,0,0,0,0,0,0,0,0,0,0,0,0,0.20040287950677638,0.210612339624189,0,0,0,0,0,0,0,0,0,0,0,0,0,0,0,0,0,0,0,0,0.01357498623339382,0,0,0,0,0,0,0,0,0,0,0,0,0,0,0,0,0,0,0,0,0,0,0,0,0,0,0,0,0,0,0,0,0,0,0,0,0,0,0,0,0,0,0,0,0,0,0,0,0,0,0,0,0,0,1,0,0,0,0,0,0,0,Eukaryota;;Eustigmatophyceae;Eustigmatales;Monodopsidaceae;Nannochloropsis;
0.7745612924516052,0.6502384749207596,1,0,0,0,0,0,0,0,0,0,0,0,0,0,0,0,0,0,0,0,0,0,0,0,0,0,0,0,0,0,0,0,0,0,0,0,0,0,0,0,0,0,0,0,0,0,0,0,0,0,0,0,0,0,0,0,0,0,0,0,0,0,0,0,0,0,0,0,0,0,0,0,0,0,0,0,0,0,0,0,0,0,0,0,0,0,0,0,0,0,0,0,0,0,0,0,0,0,0,0,0,0,0,0,0,0,0,0,0,0,0,0,0,0,0,0,0,0,0,0,0,0,0,0,0,0,0,0,0,0,0,0,0,0,0,0,0,0,0,0,0,0,0,0,0,0,0,0,0,0,0,0,0,0,0,0,0,0,0,0,0,0,0,0,0,0,0,0,0,0,0,0,0,0,0,0,0,0,0,0,0,0,0,0,0,0,0,0,0,0,0,0,0,0,0,0,0,0,0,0,0,0,0,0,0,0,0,0,0,Eukaryota;Cnidaria;Hydrozoa;Siphonophorae;;;
0,0.030496378554262054,0.04580413123267026,0,0,0,0,0,0,0,0,0,0,0,0,0,0,0,0,0,0,0,0,0,0,0,0,0,0,0,0.9098135572358745,0.4762614648405837,0.07212418003507176,0.13021446006007356,0.02516091260238863,0,0,0,0,0,0,0,0,0,0,0,0.06797443017777678,0.12302219370465306,0,0,0.47664705546795777,0,0.05023256487208932,0,0,0.11047859750648759,0,0.04297417167517833,0,0,0.2473623130297259,0.11248174570677509,0,0.05121475093445927,0,0,0,0,0,0,0,0,0,0,0,0,0,0,0,0,0,0,0,0,0,0,0,0,0,0,0,0,0,0.008380025990840981,0,0,0,0,0,0,0,0,0,0,0,0,0,0.05423023393231248,0,0,0,0,0.1350973065599811,0,0,0.033655561198473564,0.03493128091093595,0,0,0.2784412515916359,0.3484624685383564,0,0,0,0,0.22098536826678922,0.28011914606974964,0.20380209225893392,0.092267529439720955,0.12953575923042468,0,0,0,0,0,0,0,0,0,0,0,0,0,0,0,0,0,0.08703143749336018,0.09433047883175438,0.04433046977293776,0.13031623657557503,0,0,0,0,0,0.6900773612839759,1,0.4422702085688809,0,0,0,0,0,0,0,0,0,0,0,0,0,0,0,0,0,0.0651362992970064,0.07819938072023966,0,0,0,0,0,0,0,0,0,0,0,0,0,0,0,0.08640145400827423,0,0,0,0,0,0,0,0,0,0.0024793557447359547,0,0,0,0,0,0,0,Eukaryota;Arthropoda;Hexanauplia;Calanoida;Calanidae;Mesocalanus;Mesocalanus tenuicornis
0.025178186099893033,0.02221747832098516,0.011207470398654027,0.012773987125090742,0.015621233731384231,0.006316356334668907,0.08835105440599451,0.05956452348381213,0.07535272364681311,0.01612562440877541,0.021176112700514803,0.020675901611471106,0.3357786012161242,0.37915097465920583,0,0,0,0,0.085231469487424,0.00911445473055621,0.021710186738713107,0.022864133056642495,0.025803405661290465,0.03502540818665784,0,0.33244752127589755,0.26596802522486573,0.018316711656182327,0.03654843522976117,0.03199619163404126,0,0.009199962384868364,0.0020898386464593675,0.0030184297230588077,0.19489978951993406,0.19400732965342501,0.2516441598972739,0.0038407028968021006,0,0.03644081196279851,0.026677911548886556,0.03043847739511056,0.04977121556565165,0.040886720718439844,0.09104307146827018,0.08939028333293417,0.038516569664830615,0.020912538207762874,0.02986714694264999,0.08489825260371635,0.06474888923797491,0.04716097745179419,0.04269515932562022,0.054595974654114185,0.013900598218028982,0.009010727329005815,0.011708194088947141,0.012452007734811792,0.026812114679960173,0.026232676666137395,0.49455487968813017,0.47856239958596564,0.042960219725793024,0.04115560628843622,0.6196072365035411,0.2425542412146456,0.23913400918080532,0.257669955815926,0.026312970305012742,0.020311932397186937,0.07638826813248174,0.06453280348169012,0.005128791935333896,0.00445760121592033,0.1423511958842214,0.03172413280180877,0.020795189363818176,0.017229795232504282,0.02159392099863201,0.05252601514042915,0.05901612450537418,0.13011344967325034,0.07717113082993883,0.09430135225848241,0.10563602690370466,0.09688900731946555,0.1031001628691489,0,0,0.01728749400414441,0.028508934019412346,0.018703709609267247,0.005126388830132951,0.008833875958583004,0.005835466928290125,0.03545423413764848,0,0.009373835275420005,0.011904723433258517,0.00855777274031889,0,0.0032347933241738754,0.014157897787370487,0.019198472834297434,0.010087539145544253,0.012034234823026284,0.014079150870442673,0.015829911434490557,0.024176022593490446,0.0085828107501512,0.10458616407987732,0.03298014310080612,0.029079294214714235,0.10086681291171913,0.10050854956198275,0,2.6990759837640886e-4,0,0,0.0012294082642290568,0,0.111072314597379,0,0.046831368418959296,0,0.0044268865770530465,0.004587648943570384,0.003069411150950209,0.0992166859991554,0.0872212024264138,0,0.018961249793295484,0,0,0.013068727628216188,0.014262785682042367,0.01941968804217474,0,0.008369470131273994,0.0032479102356952607,0.05600412291309768,0.043737388630757074,0.04487300161786316,0,0,0,0.003185129540797735,0.00210573276930123,0.0015574237224210948,0.04338756477793482,0.027690565360723014,0.031531365040878785,0.7958515993749362,0.9446726710791502,0.8780017476856923,0.04309819308556321,0.11160639313322598,0.11652753929691756,0.13334497965218942,0.3327277991206503,0.3453556899060547,0.4166812854003147,0.5102349937560304,0.49762512316124596,0.5555142029452,0,0,0,0,0,0.8875348802674384,0.915133475270226,0.21347415883288764,0.1604458529512786,0.1363861352535504,0,0.0026842465781441102,0.002589566857429638,0.05516218451775298,0.044468404079783745,0.027824057304584857,0,8.444540069822715e-4,0,0.018508410034070576,0.024720175425483493,0.025676603019431272,0.04805762087662733,0.052369565129341294,0.05203361781656816,0.05499560187974455,0.02359976393781237,0.06462632777314763,0.09680318640544917,0.11198302061310783,0.09700497144001426,0.23691335661130566,0.21682431497941945,0.22557776387169037,0.15816357213906854,0.17097585339470578,0.0755205485223746,0.057952824696631974,0.09923598947245503,0.49618352785619185,0.509664003728334,0.10938206739218018,0.09731622735638129,0.10670088032291182,0.9765880834767164,1,Eukaryota;Arthropoda;Hexanauplia;Calanoida;Metridinidae;Pleuromamma;Pleuromamma borealis
0,0.010382248866195232,0,0,0,0,0,0,0,0,0,0,0,0,0,0,0,0,0,0,0,0,0,0,0,0,0,0,0,0,0,0,0,0,0,0,0,0,0,0,0,0,0,0,0,0,0,0,0,0,0,0,0,0,0,0,0,0,0,0,0,0,0,0.05056339518278976,0,0,0,0,0,0,0,0,0,0,0,0,0,0,0,0,0,0,0,0,0,0,0,0,0,0,0,0,0,0,0,0,0,0,0,0,0,0,0,0,0,0,0,0,0,0,0,0,0,0,0,0,0,0,0,0,0,0,0,0,0,0,0,0,0,0,0,0,0,0,0,0,0,0,0,0,0,0,0,0,0,0,0,0,0,0,0,0,0,0,0,0,0,0,0,0,0,0,0,0,0,0,0,0,0,0,0,0,0,0,0,0,0,0,0,0,0,0,0,0,0,0,0,0,0,0,0,0,0,0,0,0,1,0.9698717683708284,0.8926855834817411,0,0,0,0,0,0,0,0,0,0,0,0,Eukaryota;Arthropoda;Hexanauplia;Calanoida;Paracalanidae;Paracalanus;Paracalanus parvus
0,0,0,0,0.10263614088241797,0.028179240060964974,0,0,0,0,0,0,0,0,0,0,0,0,0,0,0,0,0,0,0,0,0,0,0,0,0,0,0,0,0,0,0,0,0,0,0,0,0,0,0,0,0,0,0,0,0,0,0,0,0,0,0,0.09332786218865646,1,0.876145387553367,0,0,0.05580658223231692,0.04448963673683417,0,0.6079833542163043,0.4345278643911992,0.7671461501312847,0,0,0,0,0,0,0,0,0,0,0,0,0,0,0,0,0,0,0,0,0,0,0,0,0,0,0,0,0.04728438632087245,0,0.010063078593170878,0,0.07421960408420021,0,0.003091351917469541,0.05027305419695011,0,0,0.026919211321823695,0,0,0,0,0,0,0,0,0,0,0,0,0,0,0,0,0,0,0,0,0,0,0,0,0,0,0,0,0.005417212106833357,0.008207744099174548,0,0,0,0,0,0,0,0,0,0,0,0,0,0,0,0,0,0,0,0,0,0,0,0,0,0,0,0,0,0,0,0,0,0,0,0,0,0,0,0,0,0,0,0,0,0,0,0,0,0,0,0,0,0,0,0,0,0,0,0,0,0,0,0,0,0,0,0,0,0.021165727001684738,0,0.02570540298066238,0,0,Eukaryota;Chordata;Actinopteri;Gobiiformes;Gobiidae;Rhinogobiops;Rhinogobiops nicholsii
0,0,0,0,0.10577542518467617,0,0,0,0,0,0,0,0,0,0,0,0,0,0,0,0,0,0,0,0,0,0.3058435877173177,0,0,0,0,0,0,0,0,0,0.28143283206874486,0,0,0,0,0,0,0,0,0,0,0,0,0,0,0,0,0.15947131572131573,0,0,0,0,0,0,0,0,0,0,0,0,0,0,0,0,0,0,0,0,0,0,0,0,0,0.06330647234217561,0,0,0,0,0,0,0,0.2749358115650815,0,0,0,0,0.2800110075243923,0.18602607535304252,0.4033988539184316,0,0,0,0,0.6749109390224098,0,0,0.5352321530209213,0,0,0,0,0,0,0.5479549836843667,0,0,0,0,0,0,0,0,0,0.3764588204674835,0.34618437251594636,0,0,0,0,0,0.029205621329842234,0,0,0,0,0,0,0,0,0,0,0,0,0,0,0,0,0,0,0,0,0,0.021653878327187227,0.9921803061694291,1,0.8652654164017799,0,0,0,0,0,0.006653445847621242,0,0,0.03763485360933966,0,0,0,0,0,0,0,0,0,0,0,0,0,0,0,0.05831379970505066,0,0,0,0,0,0.06499479439786975,0.06119427035527831,0,0,0,0,0,0,0,0,0,0,0.22095170454545454,0,0,0,0,0,0,0,0,0,0,0,0.15269179331845398,0,0,0,0,Eukaryota;Echinodermata;Ophiuroidea;Ophiurida;Ophiocomidae;Ophiopteris;Ophiopteris papillosa
0,0.007269756282994041,0,0,0,0,0,0,0,0,0,0,0.006672251497101818,0,0,0,0,0,0,0,0,0,0,0,0,0,0,0,0,0,0,0,0,0,0,0,0,0,0.007135249992414888,0,0,0,0,0,0,0,0,0,0,0,0,0,0,0,0,0,0,0,0,0,0,0.012633287225913972,0,0,0,0.01630371141485404,0.017397934757610912,0.005823741821275864,0,0,0,0,0,0,0,0,0,0,0,0,0,0,0,0,0,0,0,0,0,0.006757231253324388,0.018572333262873258,0,0,0,0,0,0,0.0186863394210941,0,0,0,0,0,0,0.010583725020862033,0.0017383863807289687,0,0,0,0,0,0,0,0,0,0.0037565161959637874,0.001409176594857829,0,0,0,0,0,0,0,0,0,0,0.0013301608170699609,0.97115603587289,1,0,0,0,0,0,0,0,0,0,0,0,0,0,0,0,0,0,0,0,0,0,0,0,0,0,0,0,0,0,0,0,0,0,0,0,0,0,0,0,0,0,0,0.006258111749005843,0,0,0,0,0,0,0,0,0,0,0,0,0,0,0,0,0,0,0,0,0,0,0,0,0,0,0,0,0,0,0,0,0,0,0,0,0,0,Eukaryota;Arthropoda;Malacostraca;Isopoda;Munnopsidae;Acanthamunnopsis;Acanthamunnopsis milleri
0,0,0,0,0,0,0,0,0,0,0,0,0,0,0,0,0,0,0,0,0.027735722745764458,0.05320381955877511,0,0,0,0,0,0,0,0,0,0,0,0,0,0,0,0,0,0,0,0,0,0,0,0,0,0,0,0,0,0,0,0,0,0,0,0,0,0,0,0,0,0,0,0,0,0,0,0,0,0,0,0,0,0,0,0,0,0,0,0,0,0,0,0,0,0,0,0,0,0,0,0.007031384046132385,0.008386950172673522,0,0,0,0,0,0,0,0,0,0,0,0,0,0,0,1,0,0,0,0,0,0,0,0.04907069970845481,0,0,0,0,0,0,0,0,0,0,0,0,0,0,0,0,0,0,0,0,0,0,0,0,0,0,0,0,0,0,0,0,0,0,0,0,0,0,0,0,0,0,0,0,0,0,0,0,0,0,0,0,0,0,0,0,0,0,0,0,0,0,0,0,0,0,0,0,0,0,0,0,0,0,0,0,0,0,0,0,0,0,0,0,0,0,0,0,0,0,0,0,Eukaryota;Cnidaria;Hydrozoa;Siphonophorae;Agalmatidae;Marrus;Marrus orthocanna
0,0,0,0,0,0,0,0,0,0,0,0,0,0,0,0,0,0,0,0,0,0,0,0,0,0,0,0,0,0,0,0,0.3387265917602996,0,0,0,0,0,0,0,0,0,0,0,0,0,0,0,0,0,0,0,0,0,0,0,0,0,0,0,0,0,0,0,0,0,0,0,0,0,0,0,0,0,0,0,0,0,0,0,0,0,0,0,0,0.416120539965272,0.7468681205555819,0,0,0,0,0,0,0,0,0,0,0,0,0,0,0,0,0,0,0,0,0,0,0,0,0,0,0,0,0.27685251462361576,0.4104661094250128,0.12820003969041477,0,0.05871223075079938,0.029223779703626152,0,0,0,0,0,0,0,0,0,0,0,0,0,0,0,0,0,0,0,0,0,0,0,0,0,0,0,0,0,0,0,0,0,0,0,0,0,0,0,0,0,0.9608031481424101,0.7793627137889433,1,0,0,0,0,0,0,0,0,0,0,0,0,0,0,0,0,0,0,0,0,0,0,0,0,0,0,0,0,0,0,0,0,0,0,0,0,0,0,0,0,0,0,0,0,0,0,Eukaryota;Chordata;Actinopteri;Argentiniformes;;;
0,0,0,0,0,0,0,0,0,0,0,0,0.054480438915290155,0,0,0,0,0,0,0,0,0,0,0,0,0,0,0,0,0,0,0,0,0,0,0,0,0,0,0,0,0,0,0,0,0,0,0,0,0,0,0,0,0,0,0,0,0,0,0,0,0,0,0,0,0,0,0,0,0,0,0,0,0,0,0,0,0,0,0,0,0,0,0,0,0,0,0,0,0,0,0,0,0,0,0,0,0,0,0,0,0,0,0,0,0,0,0,0,0,0,0,0,0,0,0,0,0,0,0,0,0,0,0,0,0,0,0,0,0,0,0,0,0,0,0,0,0,0,0,0,0,0,0,0,0,0,0,0,0,0,0,0,0,0,0,0,0,0,0,0,0,0,0,0,0,0,0,0,0,0,0,0.017620308424445803,0,0,0,0,0,0,0,0,0,0,0,0,0,0,0,0,0,0,0,0,0,0,0,0.9946872198605723,0.9420820049501683,1,0,0,0,0,0,0,0,0,0,0,0,0,Eukaryota;Chordata;Actinopteri;Argentiniformes;Microstomatidae;Nansenia;Nansenia boreacrassicauda
0,0,0,0,0,0,0,0,0,0,0,0,0,0,0,0,0,0,0,0,0,0,0,0,0,0,0,0,0,0,0,0,0,0,0,0,0,0,0,0,0,0,0,0,0,0,0,0,0,0,0,0,0,0,0,0,0,0,0,0,0,0,0,0,0,0,0,0,0,0,0,0,0,0,0,0,0,0,0,0,0,0,0,0,0,0,0,0,0,0,0,0,0,0,0,0,0,0,0,0,0,0,0,0,0,0,0,0,0,0,0,0,0,0,0,0,0,0,0,0,0,0,0,0,0,0,0,0,0,0,0,1,0,0,0,0,0,0,0,0,0,0,0,0,0,0,0,0,0,0,0,0,0,0,0,0,0,0,0,0,0,0,0,0,0,0,0,0,0,0,0,0,0,0,0,0,0,0,0,0,0,0,0,0,0,0,0,0,0,0,0,0,0,0,0,0,0,0,0,0,0,0,0,0,0,0,0,0,0,0,0,Eukaryota;Chordata;Actinopteri;Perciformes;Sebastidae;Sebastolobus;Sebastolobus altivelis
0,0,0,0,0,0,0,0,0,0,0,0,0,0,0,0,0,0,0,0,0,0,0.4934859714188018,0,0,0.35056670406125334,0,0,0,0,0,0,0.12561317070239741,0,0,0,0,0,0,0,0,0,0,0,0,0,0,0,0,0,0,0,0.11664829082338657,0,0,0,0,0,0,0,0,0,0,0,0,0,0,0,0,0,0,0,0,0,0,0,0,0,0,0,0,0,0,0,0,0,0,0,0.1604992059796622,0,0,0,0.36975598453822955,0,0,0,0,0,0.1883033887908602,0,0,0,0,0,0,0,0,0,0,0,0,0,0,0,0,0,0.1923612476529947,0.44372185721426355,0,0,0,0.2874911415870059,0,0,0,0,0.6504828033198496,1,0,0,0,0,0,0,0,0,0,0,0,0,0,0,0,0,0,0,0,0.19393562469323003,0,0,0,0,0,0,0,0,0,0,0,0,0,0,0,0,0,0.10410739109292146,0,0,0,0,0,0,0,0,0,0,0,0.1297084602913722,0,0,0,0,0,0,0,0,0,0,0,0,0,0,0,0,0,0,0,0,0,0,0,0,0,0.4548403261019988,0,0,0,0,0,0,0,Eukaryota;;Haptophyceae;Isochrysidales;Noelaerhabdaceae;Emiliania;Emiliania huxleyi
0,0.023506590151403568,0.0023537197773865035,0,0,0,0,0,0,0,0,0,0,0,0,0,0,0,0,0,0,0,0,0,0,0,0,0,0,0,0,0.04129898052934176,0,0,0,0,0,0,0,0,0,0,0,0,0,0,0,0,0,0,0.005925794551163788,0,0,0,0,0,0,0.008281116386221659,0,0,0,0,0,0,0,0,0,0,0,0,0,0,0,0,0,0,0,0,0,0,0,0,0.015818453744105832,0.02596132747520778,0,0,0,0.016569998052376814,0,0,0,0,0,0,0,0,0,0,0,0,1,0.7223321423813802,0,0,0,0.023487885713208353,0,0,0,0,0,0,0,0,0,0,0,0,0,0,0,0,0,0,0,0,0,0,0,0,0,0,0,0,0,0,0,0,0,0,0,0,0,0,0,0,0,0,0,0,0,0,0,0,0.014209327236708279,0,0.0018341765960496585,0,8.565367069515412e-4,0,0,0,0.003832771526074208,0,0,0,0,0,0,0,0,0,0,0,0,0,0.007531053017473287,0,0,0,0,0,0,0,0,0,0,0,0,0,0,0,0,0,0,0,0,0.010979498975767167,0,0,0,0,0,0,0,0,0,0,0,0,0,Eukaryota;Arthropoda;Hexanauplia;Calanoida;Paracalanidae;Paracalanus;
0.0016763114111526807,0.005863545952305903,0.005058248072569973,0,0.004349213618307602,0.002418046951934822,0.018081382983427572,0.030887258436665743,0.023601895643058125,0.0051443842625514095,0.0025158738323293344,0,0.0015376052210843494,0,0,0,0,0,0.00787586249578602,0.018221500931965482,0,0,0,0,0,0.007974221943508272,0.009002916379242599,0,0,0,0,0,0.030534801068082505,0.03543608610393602,0.0027909776802278945,0,0,0,0,0,0,0,0.007900260634885433,0.009441118175662145,0.007859097414787422,0.008555165774902477,0,0,0,0,0,0.0045135775966143096,0.013620576800878453,0.010245391605222316,0.005609116761179595,0.0038126211125664986,0.009804740002868463,0.010487214947549235,0.012773346353263649,0.015976663078046554,0,0.003535165035047849,0,0,0,0.005367361870795572,0.007617697733503235,0.010065510683909252,0,0.0019439691025402927,0,0,0,0,0.0016576523946157766,0,0.023440363965543182,0.037038870190559056,0.03352586331393257,0.0011713497442397542,0.004572339070487691,0.13609621655543802,0,0,0,0,0,0,0,0,0,0,0,1.7705819657481977e-4,0,0,0.008694536370690814,0,0.004077676212988239,0,0,0,0,0,0.004877990842421687,0,0,0,0,0,0,0.005681501901294558,0.009419574844951468,0,0,0.03376154478318433,0.03176562793086724,0.26376871498091864,0.061931062397751965,0.24932463987363077,0.32689603261917166,0,1,0,0,0.05992025667040199,0.05115663959711891,0.05921186950597819,0,0,0.04162224688211123,0.026857574589138213,0.02284280335975529,0.018493505936273382,0.03713773172145606,0.02849963093062089,0.048440364197219345,0.030859354590836427,0.038361720150126795,0.06356754596815617,0.0072098007060314535,0.0056219660806502,0.008363178373680745,0.08768229107328795,0.08033078137707458,0.13155885241106316,0.2631067093766125,0.24783084312703962,0.22608576616633475,0.6117200116505506,0.650972433320428,0.6119645937317988,0.018378238641824154,0.020374225148024304,0.012868942492917548,0.029732541892323223,0.11649210334924603,0.11726005245457789,0.1654689578996911,0.12094584668902685,0.10890168472905168,0.16358692036515896,0,0,0,0.15626272993629667,0.24466544013535454,0.10515975823027107,0.09664322353534477,0.09921905916720405,0.0014098291768730629,0,0.13219870176679233,0.13028988577854356,0.12075792449011208,0,0,0,0.011071235748313677,0.00834486822046903,0.00877198095821574,0.0475925654384028,0.03043648052246712,0.0474275984019229,0.0063769017906984745,0.005085500744632947,0.007315048269148891,0,0,0,0,0,0,0.13098260614218127,0.1569995721117211,0.14181367022600452,0,0,0,0,0,0,0,0,0,0,0.30875753440124787,0.30876407356879565,0.3745721165935359,0.07881116261959702,0.08040397423136991,Eukaryota;Hemichordata;Enteropneusta;NA;Spengelidae;Schizocardium;Schizocardium brasiliense
0,0,0,0.20805901575969726,0.2963579550519478,0,0,0,0,0,0,0,0,0,0,0,0,0,0,1,0,0,0,0,0,0,0,0,0,0,0,0,0,0,0,0,0,0,0,0,0,0,0,0,0,0,0,0,0,0,0,0,0,0,0,0,0.014898412997782393,0,0,0,0,0,0,0,0,0,0,0,0,0,0,0,0,0,0,0,0,0,0,0,0,0,0,0,0,0,0,0,0,0,0,0,0,0,0,0,0,0,0,0,0,0,0,0,0,0,0,0,0,0,0,0,0,0,0,0,0,0,0.1840040876438941,0,0,0,0,0,0,0,0,0,0,0,0,0,0,0,0,0,0,0,0,0,0,0,0,0,0,0,0,0,0,0,0,0,0,0,0,0,0.23396477580426633,0.1473124965279748,0.27882774068445304,0,0,0,0,0,0,0.18807364771424143,0,0,0,0,0,0,0,0,0,0,0,0.008787107840146977,0,0,0,0,0,0,0,0,0,0,0,0,0,0,0,0,0,0,0,0,0,0,0,0,0,0,0,0,0,0,0,0,0,Eukaryota;Mollusca;Gastropoda;Neogastropoda;Muricidae;Semiricinula;Semiricinula sp. 1 VH-2013
0,0,0,0,0,0,0,0,0,0,0,0,0,0,0,0,0,0,0,0,0,0,0,0,0,0,0,0,0,0,0,0,0,0,0,0,0,0,0,0,0,0,0,0,0,0,0,0,0,0,0,0,0,0,0,0,0,0,0,0,0,0,0,0,0,0,0,0,0,0,0,0,0,0,0,0,0,0,0,0,0,0,0,0,0,0,0,0,0,0,0,0,0,0,0,0,0,0,0,0,0,0,0,0,0,0,0,0,0,0,0,0,0,0.057807169429634334,0,0,0,0,0,0,0,0.07114850518930753,0,0,0,0,0,0,0,0,0,0,0,0,0,0,0,0,0.026497843874934923,0,0,0,0,0,0.07911661191928672,0,0,0.027849916880347735,0.041179410916752784,0,0,0,0,0,0,0,1,0.9873555489549785,0.5977434164514275,0,0,0,0,0,0,0,0,0,0,0,0,0,0,0,0,0,0,0,0,0,0,0,0,0,0,0,0,0,0,0,0,0,0,0,0,0,0,0,0,0,0,0,0,0,0.3919032673012606,0.44827603096164786,0,0,0,0,0,Eukaryota;Arthropoda;Hexanauplia;Sessilia;Balanidae;Balanus;Balanus trigonus
0,0,0,0,0,0,0.22242490543158783,0.20089240989203228,0.14118946946527675,0.2259484821310939,0.12119427595547966,0.12680923410451872,0,0,0,0,0,0,0,0,0,0,0,0,0,0,0,0,0,0,0,0,0,0,0,0,0,0,0,0,0,0,0,0,0,0,0,0,0,0,0,0,0,0,0,0,0,0,0,0,0,0,0,0,0,0,0,0,0,0,0,0,0,0.1537697007120064,0,1,0,0,0,0,0,0,0,0,0,0,0,0,0,0,0,0,0,0,0,0,0,0,0,0,0,0,0,0,0,0,0,0,0,0,0,0,0,0,0,0,0,0,0,0,0,0,0,0,0,0,0,0,0,0,0,0,0,0,0,0,0,0,0,0,0,0,0,0,0,0,0,0,0,0,0,0,0,0,0,0,0,0,0,0,0,0,0.005626630164351552,0.005369509950030683,0,0,0,0,0,0,0,0,0,0,0,0,0,0.0028091152924796785,0,0,0,0,0,0,0,0,0,0,0,0,0,0,0,0,0,0,0,0,0,0,0,0,0,0,0,0.020646757850382905,0,0,0,0,0,Eukaryota;Chordata;Actinopteri;Scombriformes;Scombridae;Scomber;Scomber japonicus
0,0,0,0,0.034722044541590065,0,0.4800449082527257,0.3442317930821099,0.26054001883300665,0,0.2261482482925222,0.043207709024882586,0.17676728344351145,0,0,0,0,0,0,0,0,0,0,0,0,0,0,0.8497619211674384,1,0.502226076665694,0,0,0,0,0,0,0,0,0,0,0,0,0.07914906114899242,0.11636591824780453,0,0.16478816530446788,0.064209431397436,0,0,0,0,0.07391640625972636,0,0,0,0,0,0,0,0,0,0,0.43251209525740164,0,0.2578166207842994,0,0,0,0,0,0,0,0.06502225051409395,0.07265953239982591,0,0,0,0,0,0,0,0,0.060310292379733586,0.024953334807846582,0.053254089568749975,0,0,0,0,0,0,0,0,0,0,0,0,0,0,0.09026011830312412,0,0,0,0.13776067589535723,0,0.10234420977357844,0,0.02276733554228057,0,0,0,0,0,0,0,0,0,0,0,0.021709489937253634,0,0,0,0,0,0,0.002876128031371428,0.0319043600442349,0,0.09322740833791317,0,0,0,0,0,0,0,0,0,0,0,0.05724220478997305,0,0,0,0,0,0.028234046632628622,0.012185389291301078,0,0,0,0,0,0,0,0,0.005096170175979635,0,0,0,0,0,0,0,0,0,0,0,0,0,0,0,0,0,0,0,0,0,0,0,0,0,0,0,0,0,0,0,0,0,0,0,0,0.036265015779293495,0,0,0,0,0.20522098873115446,0.15187633098632083,0.14647290108704034,0.09303265505065839,0.33256798402406257,0.03181066634296215,0,0,0,0,0,0,Eukaryota;Chlorophyta;Chloropicophyceae;Chloropicales;Chloropicaceae;Chloropicon;Chloropicon primus
0.04957160629831931,0.07545576336305852,0.03472431925405694,0.02892230269604733,0.01929213484078553,0,0.16607143437020006,0.10543864856659986,0.06548679704303108,0,0.013226490419670521,0.03601036285482894,0.03637584766397142,0.054174473794224555,0,0,0,0,0,0,0,0,0,0,0,0,0,0,0,0,0,0,0,0,0,0,0,0,0,0,0,0,0,0,0.024251263369179217,0.019275577910781425,0,0,0,0.012401477977053585,0.005379875295018328,0,0,0,0,0,0,0,0,0,0,0,0,0,0.6352698532880972,0,0.0142275352934192,0,0.021816810924244773,0,0,0,0,0,0,0.023385988527324566,0,0,0,0,0,0,0,0,0,0,0,0,0,0,0,0,0,0,0,0,0,0,0,0,0,0,0,0,0,0,0,0,0,0,0,0.007467219689355181,0,0,0,0,5.238111204609647e-4,0,0,0,0,0,0,0,0,0,0,0,0,0,0,0,0,0,0,0.0013091827801295496,0,0.009202364127960603,0,0,0.051618547681539804,0.026022030179554918,0.02138936563177231,0,0,0,0,0,0,0,0,0,1,0.8009749044138118,0.7120954525264593,0,0,0,0,0,0,0,0,0,0,0,0,0,0,0,0,0,0,0,0,0,0,0,0.1600606425936602,0.10265759931135386,0.13340755704513108,0,0,0,0,0,0,0,0,0,0,0,0,0,0,0,0,0,0,0,0,0.006926190234104545,0.013916662860841412,0,0,0,0.007956886449726329,0,0,0,0,Eukaryota;Mollusca;Gastropoda;Pteropoda;Cavoliniidae;Clio;Clio pyramidata
0,0.0218510822691629,0.12252539194864087,0,0,0,0,0,0,0.27137693845301675,0,0.16059379217273956,0.19119225121427766,0,0,0,0,0,0,0.7669324169242496,0,0,0,0,0,0,0.0484614805680509,0,0,1,0,0,0,0,0,0,0,0,0,0,0,0,0,0,0,0.34538474741873304,0,0,0,0,0,0,0,0,0,0,0,0,0,0,0,0,0,0,0,0,0.30214237089430646,0,0,0,0,0,0,0,0,0,0,0,0,0,0,0,0,0,0,0,0,0,0,0,0,0,0,0,0,0,0,0,0,0,0,0,0,0,0,0,0,0,0,0,0,0,0,0,0,0,0,0,0,0,0,0,0,0,0,0.6431304623021867,0.8399247487672794,0.7815609874918775,0,0,0,0,0,0,0,0,0,0,0,0,0,0.15196928886424255,0.20440540682433928,0,0,0,0,0,0,0,0,0,0.8771578016179238,0,0,0,0.047740008919741714,0.042521447565680055,0,0,0.240520249362775,0,0.06650633577166593,0.11424095030652408,0,0,0,0,0,0,0,0,0,0,0,0,0,0,0,0.15092883583144465,0,0,0,0,0,0,0,0,0,0,0,0.1702108623599504,0,0,0,0,0,0,0,0,0,0,0,0,0,0,0,0,0,0,0,Eukaryota;Arthropoda;Ostracoda;Halocyprida;Halocyprididae;Discoconchoecia;Discoconchoecia discophora
0,0,0.011810106930541867,0,0,0,0,0,0,0,0,0,0,0,0,0,0,0,0,0,0,0,0,0,0,0,0,0,0,0,0,0,0,0,0,0,0,0,0,0,0,0,0,0,0,0,0,0,0,0,0,0,0,0,0,0,0,0,0,0,0,0,0,0,0,0,0,0,0,0,0,0,0,0,0,0,0,0,0,0,0,0,0,0,0,0,0,0.029845919224039483,0,0,0,0,0,0,0,0,0,0,0,0,0,0,0,0,0,0,0,0,0,0,0,0,0,0,0,0,0,0,0,0,0,0,0,0,0.07307167955659565,0,0,0,0,0,0,0,0,0,0,0.00445266860721759,0,0,0,0,0,0,0,0,0,0,0,0,0,0.9935428544531327,0.8190159004994131,1,0,0,0,0.12445627907729963,0,0,0,0,0,0,0,0,0,0,0,0,0,0,0,0,0,0,0,0,0,0,0,0,0,0,0,0,0,0,0,0,0,0,0,0,0,0,0,0.020053685393929408,0,0,0,0,0,0,0,0,0,0,0,0,0,0,0,Eukaryota;Chordata;Actinopteri;Stomiiformes;Sternoptychidae;Argyropelecus;Argyropelecus sladeni
0,0,0,0,0,0,0,0,0,0,0,0,0,0,0,0,0,0,0,0,0,0,0,0,0,0,0,0,0,0,0,0,0,0,0,0,0,0,0,0,0,0,0,0,0,0,0,0,0,0,0.016493182357219038,0,0,0,0,0,0,0,0,0,0,0,0,0,0,0,0,0,0,0,0,0,0,0,0,0,0,0,0,0,0,0,0,0,0,0,0,0,0,0,0,0,0,0,0,0,0,0,0,0,0,0,0,0,0,0,0,0,0,0,0,0,0,0,0,0,0,0,0,0,0,0,0,0,0,0,0,0.0018526606233206285,0,0,0,0,0,0,0,0,0,0,0,0,0.8978849844609901,0.680313834816228,1,0,0,0,0,0,0,0,0,0,0,0,0,0.037394499115632536,0,0.0031002244809939894,0,0,0,0,0,0,0,0,0,0,0,0,0,0,0,0,0,0,0,0,0,0.012104587881463685,0,0,0,0,0,0,0,0,0,0,0,0,0,0,0,0,0,0,0,0,0,0,0,0,0,0,0,0,0,0,0,Eukaryota;Arthropoda;Malacostraca;Decapoda;Cancridae;Cancer;Cancer productus
0,0,0,0,0,0,0,0,0,0,0,0,0,0,0,0,0,0,0,0,0,0,0,0,0,0,0,0,0,0,0,0,0,0,0,0,0,0,0,0,0,0,0,0,0,0,0,0,0,0,0,0,0,0,0,0,0,0,0,0,0,0,0,0,0,0,0,0,0,0,0,0,0,0,0,0,0,0,0,0,0,0,0,0,0,0,0,0,0,0,0,0,0,0,0,0,0,0,0,0,0,0,0,0,0,0,0,0,0,0,0,0,0,0,0,0,0,0,0,0,0,0,0,0,0,0,0,0,0,0,0,0,0,0,0,0,0,0,0,0,0,0,0,0,0,0,0,1,0.8552401545571965,0,0,0,0,0,0,0,0,0,0,0,0,0,0,0,0,0,0,0,0,0,0,0,0,0,0,0,0,0,0,0,0,0,0,0,0,0,0,0,0,0,0,0,0,0,0,0,0,0,0,0,0,0,0,0,0,0,0,0,0,0,0,Eukaryota;Arthropoda;Insecta;Diptera;Psilidae;NA;Psilidae sp. BOLD:ACG9286
0,0,0,0,0,0,0,0,0,0,0,0,0,0,0,0,0,0,0,0,0,0,0,0,0,0,0,0,0,0.25474349727060613,0,0,0,0,0,0,0,0,0,0,0,0,0,0,0,0,0,0,0,0,0,0,0,0,0,0,0,0,0,0,0,0,0,0,0,0,0,0,0,0,0,0,0,0,0,0,0,0,0,0,0,0,0,0,0,0,0,0,0.27889725048930614,0,0,0,0,0,0,0,0,0,0,0,0,0,0,0,0,0,0,0,0,0,0,0,0,0,0,0,0,0,0,0,0,0,0,0,0,0,0,0,0,0,0,0,0.12967967868226393,0.08691859282955669,0,0,0,0,0,0,0.1733522008252269,0.10933940497606555,0.14628406209146386,0,0,0,0,0,0,0,0,0,0,0,0,0,0,0,0,0,0,0,0,0,0,0,0,0,0,0,0,0,0,0,0,0,0,0,0,0,0,0,0,0,0,0,0,0,0,0,0,0,0,0,0,0,0.992328011410485,0.9062891193754766,1,0,0,0,0,0,0,0,0,0,0,0,0,Eukaryota;Chordata;Actinopteri;Beryciformes;Melamphaidae;Poromitra;Poromitra crassiceps
0,0.011311109999785672,0.011627860395570587,0,0,0,0,0,0,0.22074956555466405,0.150487076887791,0.18763768843203393,0.012596152534744479,0,0,0,0,0,0,0,0,0,0,0,0,0.06719173285990139,0.037628786348349985,0.3566528815647436,1,0.5548095761456491,0,0,0,0,0.06314778597481474,0.04778231673798462,0,0.18927642786694163,0.07216189423548044,0,0,0,0.12236861427640275,0.1599180747849945,0,0,0,0,0,0,0,0,0,0,0,0,0,0,0,0,0,0,0,0,0,0,0,0,0,0,0.011700217265995653,0,0,0,0,0,0.8229636095269385,0.8332795772521766,0.6879582858073978,0,0,0,0,0,0,0,0,0,0,0,0,0,0,0,0,0,0,0,0,0,0,0,0,0,0,0,0,0,0,0,0,0,0,0,0,0,0,0,0,0,0,0,0,0,0,0,0,0,0,0,0,0,0,0,0,0,0.0021369214679552886,0,0,0,0,0,0,0,0,0,0,0,0,0,0,0,0,0,0,0,0,0,0,0,0,0,0,0,0,0,0,0,0,0,0,0,0,0,0,0,0,0,0,0,0,0,0,0,0,0.004140195938548195,0,0,0,0,0,0,0,0,0,0,0,0,0,0,0,0.011135366749307159,0,0.008153727307840865,0,0,0,0,0,0,0,Eukaryota;Cnidaria;Hydrozoa;Narcomedusae;Cuninidae;Solmissus;Solmissus marshalli
0,0,0,0,0,0,0,0,0,0,0,0,0,0,0,0,0,0,0,0,0,0,0,0,0,0,0,0,0,0,0,0,0,0,0,0,0,0,0,0,0,0,0,0,0,0,0.25006443986570237,0.1551683102653083,0,0,0,0,0,0.13106015431596826,0,0,0,0,0,0,0,0,0,0.0968960086450412,0,0,0,0,0,0,0,0.05486536439487732,1,0.6003079930208314,0,0,0,0,0,0.23932829289987517,0,0,0,0,0,0,0,0,0,0,0,0,0,0.05284877605498996,0.05019643487428399,0.17807531106812247,0,0.5738092559124057,0,0.24651993625233198,0.20309401930495238,0.6905117473781673,0.5446084127492833,0.3534157710582139,0,0.4377271449326348,0,0.06650075641974419,0,0,0,0,0,0,0,0,0,0,0,0,0,0,0,0,0,0,0,0,0,0,0,0,0,0,0,0,0,0,0,0,0,0,0,0,0,0,0,0,0,0,0,0,0,0,0,0,0,0,0,0,0,0,0,0,0,0,0,0,0,0,0,0,0,0,0,0.08689083437936354,0,0,0,0,0,0,0.003446156321730582,0,0,0,0,0,0,0,0,0,0,0,0,0,0,0,0,0,0,0,0,0,0,0.08630299985456852,0,0,0,0,0,Eukaryota;Rhodophyta;Florideophyceae;Gigartinales;Kallymeniaceae;Austrokallymenia;Austrokallymenia cribrogloea
1,0.5591026321310019,0.9573103812823714,0,0.1516274483118668,0.03330402900246685,0.09229014319760455,0.1670248176209135,0.07223811729366944,0.1700500207833493,0.08662852370525653,0.28931460176917445,0.2763677757847232,0.17468178251909883,0,0,0,0,0.13946802190461827,0,0.10605358388457416,0,0,0,0,0,0.07971310694272989,0,0,0,0.03879066414500523,0.41474610861760286,0,0,0,0.03615086531326547,0,0,0,0,0,0,0,0,0,0.46711673153485717,0,0.022554163993084613,0,0.06498000269626567,0.0704723081842944,0,0,0,0,0.05626248607966653,0,0,0,0.07072982791801909,0,0,0.07494976109639584,0,0.864789140203704,0,0,0,0,0,0,0,0,0,0,0,0,0,0,0.05444931379539646,0,0,0,0.12349767815334867,0,0,0,0,0.04223785689581397,0,0.05305342930444364,0,0,0,0.004751012269288902,0,0,0,0,0,0,0,0,0,0,0,0,0.0662816766449546,0.040973162343540454,0,0,0,0,0,0,0,0,0,0,0.19446772625710254,0.1026724104720964,0,0,0,0,0.09753407708219765,0.07954503873335875,0.13404553859595045,0.39470165214020325,0.2205201394546413,0,0,0,0,0,0,0,0.11250775992649797,0.026835451794862197,0,0,0.06059892733425174,0,0.0901450820911558,0.08628806669632573,0,0.10076472033831398,0.09911955529200593,0.07686219589235033,0.08127287077563321,0,0,0.46828221249627083,0.2971233147336158,0.4731550212412226,0,0.008725152870232128,0.00741814304762753,0,0.13284232377311136,0.035965989960407355,0,0.15497575271999714,0,0,0,0,0,0,0,0.20388620388620388,0.1205460864359712,0.14897351370084166,0.15381403330691007,0,0.1683977976119239,0.2905814943806582,0.06144262976842163,0.03812133963734188,0,0,0,0,0,0,0,0,0,0,0,0,0,0,0,0.10557695892624122,0.030894444209575996,0,0,0,0.037340752913795176,0.06632276650310916,0,0,0.00909100941545901,0,0,0.04169168416165971,0,0,0,0,Eukaryota;Arthropoda;Hexanauplia;Calanoida;Heterorhabdidae;Heterorhabdus;Heterorhabdus papilliger
0,0,0,0,0,0,0,0,0,0,0,0,0,0,0,0,0,0,0,0,0,0,0,0,0,0,0,0,0,0,0,0,0,0,0,0,0,0,0,0,0,0,0,0,0,0,0,0,0,0,0,0,0,0,0,0,0,0,0,0,0,0,0,0,0,0,0,0,0,0,0,0,0,0,0,0,0,0,0,0,0,0,0,0,0,0,0,0,0,0,0,0,0,0,0,0,0,0,0,0,0,0,0,0,0,0,0,0,0,0,0,0,0,0,0,0,0,0,0,0,0,0,0,0,0,0,0,0,0,0,0,0,0,0,0,0,0,0,0,0,0,0,0,0,0,0,0,0.0019444088047503786,0,0,0,0,0,0,0,0,1,0.5050072456954274,0.4522400848152247,0,0,0,0,0,0,0,0,0,0,0,0,0,0,0,0,0,0,0,0,0,0,0,0,0,0,0,0,0,0,0,0,0,0,0,0,0,0,0,0,0,0,0,0,0,0,0,0,0,0,0,0,Eukaryota;Arthropoda;Insecta;Diptera;Chironomidae;;
0.019637024051255534,0.018115534526556655,0.021162309613967943,0,0,0,0,0,0,0,0,0.07607972001490323,0.13689242216710473,0,0,0,0,0,0,0,0.4581668910419104,0.32225410414412725,0,0,0,0,0.08035351417604748,0,0.4682953238140354,0.08503027531077419,0,0,0,0,0.5667081037494961,0.6741640092449023,0.0813341517244982,0.3329940927896635,0.2311446509757833,0,0,0,0,0,0,0,0,0,0,0,0.1918038845316799,0.09761347488088272,0,0,0.3100049776007964,0.22118652402443423,0.11813851536483581,0.1638022551860672,0.5450894787783934,0.3636201283090407,0.2571428571428572,0.2338584007660102,0.022665570023801034,0,0,0.691631130063966,0.5823885003197484,0.23582333696837515,0.03988796187971273,0,0.2927924539655795,0.07837936215362216,0.21466979181028542,0.1279382083926068,0,0,0,0,0,0,0,0,0.02844476381285282,0.07139858832493219,0,0,0,0,0,0.08208706043618087,0.2005487074461919,0,0,0.008296539751455492,0.003591886074693698,0,0,0,0.7642821049592147,0,0,0,0,0,1,0,0,0.11692480991270066,0,0,0,0,0,0,0,0.09633903210910284,0.05671657438536388,0.35313129022198286,0.21075593502707207,0.2389116365700877,0.10780965675399456,0,0,0,0,0,0,0,0,0,0,0,0,0.064189862371768,0,0,0,0,0,0,0,0,0,0,0,0,0.04443873619316723,0.043865504787469235,0.05866852222144071,0.0409629044988161,0,0,0,0,0,0,0,0,0,0,0,0,0,0,0,0,0,0,0.005651180263092627,0.007904074888190593,0,0,0,0,0,0.06365650833626336,0.0812540951762448,0.06967828551538958,0.048034503396659496,0.17204938370819817,0.11743852768139991,0,0,0,0,0.0103606463126879,0,0,0,0,0,0,0,0,0,0,0,0,0,0,0,0,0,0,0,0,0,0,0,0,0,Eukaryota;Annelida;Polychaeta;Phyllodocida;Tomopteridae;Tomopteris;Tomopteris sp. MW-2013
0,0,0,0,0,0,0,0,0,0,0,0,0,0,0,0,0,0,0,0,0,0,0,0,0,0,0,0,0,0,0,0,0,0,0,0,0,0,0,0,0,0,0,0,0,0,0.15130644644924027,0,0,0,0,0,0.08386069806266257,0,0,0,0,0,0,0,0,0.07041844572064293,0,0,0,0,0,0,0,0,0,0,0.517123628073708,0.17335893810962175,0,0,0,0,0,0,0,0,0,0,0,0,0,0,0,0,0,0,0.15506439864472485,0.015988599795250157,0.007416503576730097,0,0,0,0,0,0,0,0,0,0,0,0,0,0,0,0,0,0,0,0,0,0,0,0,0,0,0,0,0,0,0,0,0,0,0,0,0,0,0,0,0,0,0,0,0,0,0,0,0,0,0,0,0,0,0,0,0,0,0,0,0,0.06356131656618538,0.013509990758791043,0,0,0,0,0,0,0,0,0,0,0.040839824027941875,0.03427259572435484,0,0,0,0,0,0,0,0,0,0,0,1,0.8137357180268391,0.5920457717338443,0,0,0,0,0,0,0,0.06798591003817568,0,0,0,0,0,0,0,0,0,0,0,0,0,0,0,0,0,0,0,Eukaryota;Bacillariophyta;Coscinodiscophyceae;Chaetocerotales;Chaetocerotaceae;Chaetoceros;Chaetoceros sp. MBTD-CMFRI-S045
0,0,0,0,0,0,0,0,0,0,0,0,0,0,0,0,0,0,0,0,0,0,0,0,0,0,0,0,0,0,0,0,0,0,0,0,0,0,0,0,0,0,0,0,0,0,0,0,0,0,0,0,0,0,0,0,0,0,0,0,0,0,0,0,0,0,0,0,0,0,0,0,0,0,0,0,0,0,0,0.048703712491497804,0,0,0,0,0,0,0,0,0,0,0,0,0,0,0,0,0,0.44762275825172704,0,1,0.3259163862340286,0.6558992059473677,0.6062189625686754,0.5939090697252931,0,0.639625033067656,0.6146858818391665,0,0,0,0,0,0,0,0,0,0,0,0,0,0,0,0,0,0,0,0,0,0,0,0,0,0,0,0,0,0,0,0,0,0,0,0,0,0,0,0,0,0,0,0,0,0,0,0,0,0,0,0,0,0,0,0,0,0,0,0,0,0,0,0,0,0,0,0,0,0,0,0,0,0,0,0,0,0,0,0,0,0,0,0,0,0,0,0,0,0,0,0,0,0,0,0,0,0,0,0,0,0,0,0,Eukaryota;;Oomycetes;Peronosporales;Peronosporaceae;Phytophthora;Phytophthora palmivora
0,0,0,0,0,0,0,0,0,0,0,0,0,0,0,0,0,0,0,0,0,0,0.20939212527308898,0.18230353114882744,0.24546592663689853,0,0,0,0,0,0,0,0,0,0,0,0,0,0,0,0,0,0,0,0,0,0,0,0,0,0,0,0,0,0,0,0,0,0,0,0,0,0,0,0,0,0,0,0,0,0,0,0,0,0,0,0,0,0,0,0,0,0,0,0,0,0,0,0,0,0,0,0,0,0,0,0,0,0,0,0,0,0,0,0,0,0,0,0,0,0,0,0,0,0,0,0,0,0,0,0,0,0,0,0,1,0.7950224635306163,0.8985435126970475,0,0,0,0,0,0,0,0,0,0,0,0,0,0,0,0,0,0,0,0,0,0,0,0,0,0,0,0,0,0,0,0,0,0,0,0,0,0,0,0,0,0,0,0,0,0,0,0,0,0,0,0,0,0,0,0,0,0,0,0,0,0,0,0,0,0,0,0,0,0,0,0,0,0,0,0,0,0,0,0,0,0,0,Eukaryota;Arthropoda;Malacostraca;Decapoda;NA;NA;Anomura sp. LPdivOTU31
0,0,0,0,0,0,0,0,0,0,0,0,0,0,0,0,0,0,0,0,0,0,0,0,0,0,0,0,0,0,0,0,0.06926966292134831,0,0,0,0,0,0,0,0,0,0,0,0,0,0,0,0,0,0,0,0,0,0,0,0,0,0,0,0,0,0,0.039350226590923604,0,0,0,0,0,0,0,0,0,0,0,0,0,0,0,0.11228518551158898,0.039921322940190865,0,0,0,0,0,0,0,0,0,0,0,0.05097569042500413,0,0,0,0.08364425751305882,0.7989545984707763,0,0.35754883310908,0.6867561656851262,0.7175509712634451,0.275246949018487,0.2994013559648026,0,0.8175924335174921,1,0,0,0,0,0,0,0,0.01730623473598518,0,0,0,0,0,0,0,0,0,0,0.02695101603654672,0,0,0,0,0,0,0,0,0,0,0,0,0,0,0,0,0,0,0,0,0,0,0,0,0,0,0,0,0,0,0,0,0,0,0,0,0.016373704689014702,0,0,0,0,0.051479675339857714,0.017900848463437917,0.015022311116977265,0,0,0,0,0,0,0,0,0,0,0,0,0,0,0,0,0,0.1796520607290989,0.222412280974566,0,0.4916180606957809,0.2346708961141951,0.4628150536575761,0,0,0,0,0,0,0,0,0.057034924061367676,0.037420144561737166,0.027214037411024666,0.06930665242685703,0.2203037440103955,0,0,0,0,0,Eukaryota;Arthropoda;Hexanauplia;Calanoida;Paracalanidae;Paracalanus;Paracalanus sp. C AC-2013
0,0,0,0,0,0,0,0,0,0,0,0,0,0,0,0,0,0,0,0,0,0,0,0,0,0,0,0,0,0,0,0,0,0,0,0,0,0,0,0,0,0,0,0,0,0,0,0,0,0,0,0,0,0,0,0,0,0,0,0,0,0,0,0,0,0,0,0,0,0,0,0,0,0,0,0,0,0,0,0,0,0,0,0,0,0,0,0,0,0,0,0,0,0.01409719047299335,0,0,0,1,0,0.7671785830278848,0.7223264284212625,0.8342774579730753,0.7561594961722594,0.7261608244778894,0,0.8505581526658811,0.91956899548140425,0,0,0,0,0,0,0,0,0,0,0,0,0,0,0,0,0,0,0,0,0,0,0,0,0,0,0,0,0,0,0,0,0,0,0,0,0,0,0,0,0,0,0,0,0,0,0,0,0,0,0,0,0,0,0,0,0,0,0,0,0,0,0,0,0,0,0,0,0,0,0,0,0,0,0,0,0,0,0,0,0,0,0,0,0,0,0,0,0,0,0,0,0,0,0,0,0,0,0,0,0,0,0,0,Eukaryota;NA;Phaeophyceae;Ectocarpales;Chordariaceae;Cladothele;Cladothele decaisnei
0,0,0,0,0,0,0,0,0,0,0,0,0,0,0,0,0,0,0,0,0,0,0,0,0,0.021003442153370203,0.010888594143036862,0,0.0018802386659535787,0.012375841950818431,0,0,0,0,0,0,0,0,0,0.006249006579940998,0.009275858034763867,0.008578469761728704,0,0,0,0,0.13618237475329406,0.15986124048017464,0.18488060842060658,0,0,0,0.0037273220382358146,0,0,0,0.025824875572560493,0.02331765953945956,0,0,0.007456559206613304,0.00547725458669918,0.21294902769098126,0.24767813466329566,0,0,0,0,0.003469981076184146,0.009404548345231042,0.06771354038122755,0.06802332409777882,0.2684247436354111,0.2770666387431437,0,0,0,0,0,0.10945250889889688,0.13308201755058202,0.007378884246561193,0,0,0,0,0,0,0,0,0,0,0.057598128086804604,0,0,0,0.006664222212858227,0,0,0,0,0,0,0,0,0,0,0,0,0,0,0,0,0,0,0,0,0,0,0,0,0,0,0,0,0,0,2.883505023696191e-4,0,0,0,0,0,0,0.001448078739083548,0.0012840637819716766,6.379886734897412e-4,0,0,0,0,0,0,0,0,0,0.0012744617980439267,6.604615774125594e-4,1.7947294749074086e-4,0,0,0,0,0,0,0.05529121926929127,0,0,0,0,0,0,0,0,0,0,0,0,0,0,0,0.0018295853733394133,0,0,0,0,0.002779089213826078,0.0015542400980878893,0,0,0.0029470246844023927,0.7922863023344182,0.8798866113681799,1,0,0,0,0.3503768885078335,0.40051306273006493,0.4525435238568747,0.2456780826914474,0.18923658325815992,0.29793241561846473,0.004407631893384023,0,0.00937799391327629,0,0,0,0,0,0.001790126078898607,0,0.0022076572832415322,0.42624021055213784,0.4254631097116375,0,0,0,0,0,Eukaryota;Arthropoda;Branchiopoda;Diplostraca;Podonidae;Evadne;Evadne nordmanni
0,0,0,0,0,0,0,0,0.09161476123953215,0,0,0,0,0,0,0,0,0,0,0,0,0,0,0,0,0,0,0,0,0,0,0,0,0,0,0,0,0,0,0,0,0,0,0,0,0,0,0,0,0,0,0,0,0,0,0,0,0,0,0,0.0359464372676594,0,0,0,0.09312063029074208,0,0,0,0,0,0,0,0,0,0,0,0,0,0,0,0,0,0,0,0,0,0,0,0,0,0,0,0,0,0,0,0,0.6628677383353612,0,0.9088763044128886,0.11766424537645061,0.20591006819018656,0.8308234159268894,1,0,0.5825511613400539,0.6254038704507944,0,0,0,0,0,0,0,0,0,0,0,0,0,0,0,0,0,0,0,0,0,0,0,0,0,0,0,0,0,0,0,0,0,0,0,0,0,0,0,0,0,0,0,0,0,0,0,0,0,0,0,0,0,0,0,0,0,0,0,0,0,0.004739928592361528,0,0,0,0,0,0,0,0,0,0,0,0,0,0.013340650509756389,0.004362773460684418,0,0,0,0,0,0,0,0,0,0,0,0,0,0,0,0,0,0,0,0.017294276655309596,0,0,0,0,0,0,0,Eukaryota;Arthropoda;Hexanauplia;Calanoida;Paracalanidae;Paracalanus;Paracalanus tropicus
0,0,0,0,0,0,0.03296059773689399,0,0.0852806768186894,0,0,0,0,0.06671839694132473,0,0,0,0,1,0.6808106040770674,0,0,0,0,0,0,0,0,0,0,0,0,0,0,0,0,0,0,0.007077200341572628,0,0,0,0,0.006416097373414891,0,0,0,0,0,0,0,0,0,0,0,0,0,0,0,0,0,0,0,0,0,0,0,0,0,0,0,0,0,0,0,0,0,0,0,0,0,0,0,0,0,0,0,0,0,0,0,0,0,0,0,0,0,0,0,0,0,0,0,0,0,0,0,0,0,0,0,0,0,0,0,0,0,0,0,0,0,0.08756640123468833,0,0,0,0,0,0,0.04307238179231514,0.05889931024007577,0,0,0,0,0,0,0,0,0,0,0,0,0,0,0,0,0,0,0,0,0,0,0,0,0,0.05325964797239604,0.013935937155941876,0.009714185521288604,0.008771520220733619,0.031628963791902186,0.1648432819927606,0.030926372777754906,0.11648445026611275,0.10439510872170739,0,0.04946741268687569,0.029850476400113207,0.06807146282186209,0.06332830851721609,0.049659923355520406,0,0.027206443592215853,0,0,0,0,0.007187100852890835,0.01848958618649546,0,0,0,0,0,0,0,0,0,0,0,0,0,0,0,0,0,0,0,0,0,0,0,0,0,0,0.014470110928561665,0.020907212578135,0.18963829301209126,0.26967598474399196,0,0.16748453109371392,0.023949118199598503,Eukaryota;Chaetognatha;Sagittoidea;Aphragmophora;Krohnittidae;Krohnitta;Krohnitta subtilis
0.03916659309614196,0,0.052338934028504557,0,0,0,0,0,0,0,0,0.045522938133310535,0,0,0,0,0,0,0,0,0,0,0,0,0,0,0,0,0,0,0,0,0,0,0,0,0,0.12825274895462288,0.11525611604243342,0,0,0,0,0,0.0255479412611575,0,0,0,0,0,0,0,0,0,0,0,0.15708704632634996,0.17820445872665194,0,0,0,0,0,0,0,0,0,0,0,0,0,0,0,0,0,0,0,0,0,0,0,0,0,0,0.031170911645880907,0,0,0,0,0.7494963710173453,1,0.7665223174494343,0,0,0.010234453039030906,0.437141424361061,0,0,0,0,0,0,0.004897111022956588,0,0.2279460500963391,0.007488068865118045,0,0.03331568572233174,0,0,0,0,0,0,0,0.01941735320534155,0.011588188467087914,0,0,0,0,0,0,0,0,0,0.01010080541878931,0.011459288809803979,0,0,0,0,0.07490755593077247,0,0,0,0.002925484679298369,0,0,0,0,0,0,0,0,0,0,0,0,0,0,0,0,0,0,0,0,0,0,0,0,0,0,0,0,0,0,0,0,0,0,0,0.08087012000607625,0,0,0,0,0,0.0306579708893016,0,0,0,0,0,0,0.02314435035353959,0,0,0,0,0,0,0,0,0,0,0,0,0,0,0,0,0,0,0,0,0,0,0,0,0,Eukaryota;Mollusca;Gastropoda;Stylommatophora;Valloniidae;Vallonia;Vallonia parvula
0,0,0,0,0,0,0,0,0,0,0,0,0,0,0,0,0,0,0,0,0,0,0.4923837950701364,0.15003981903157554,0.9540015651701724,0,0,0,0,0,0,0,0,0,0,0,0,0,0,0,0,0,0,0,0,0,0,0,0,0,0,0,0,0,0,0,0,0,0,0,0,0,0,0,0,0,0,0,0,0,0,0,0,0,0,0,0,0,0,0,0,0,0,0,0,0,0,0,0,0,0,0,0,0,0,0,0,0,0,0,0,0,0,0,0,0,0,0,0,0,0,0,0,0,0,0,0,0,0,0,0,0,0,0,0,0.9126252151064719,1,0.9430761372973583,0,0,0,0,0,0,0,0,0,0,0,0,0,0,0,0,0,0,0,0,0,0,0,0,0,0,0,0,0,0,0,0,0,0,0,0,0,0,0,0,0,0,0,0,0,0,0,0,0,0,0,0,0,0,0,0,0,0,0,0,0,0,0,0,0,0,0,0,0,0,0,0,0,0,0,0,0,0,0,0,0,0,0,Eukaryota;Chordata;Actinopteri;Perciformes;Cottidae;Ruscarius;Ruscarius creaseri
0,0,0,0,0,0,0,0,0,0,0,0,0,0,0,0,0,0,0,0,0,0,0,0,0,0,0,0,0,0,0,0,0,0,0,0,0,0.021193906861355673,0,0,0,0,0,0,0,0,0,0.21244151912502704,0.17372284381053218,0,0,0,0,0,0,0,0.24228218932506387,0,0,0,0,0,0.1359635504037084,0,0,0,0,0,0,0,0,0,1,0.9445669507108793,0,0,0,0,0,0.08020148289548729,0,0,0,0,0,0,0,0,0,0,0,0,0,0,0,0,0,0.06983150378556635,0,0.04166807098604668,0,0,0.014870022880763268,0,0,0,0,0,0,0,0,0,0,0,0,0,0,0,0,0,0,0,0,0,0,0,0,0,0,0,0,0,0,0,0,0,0,0,0,0,0,0,0,0,0,0,0,0,0,0,0,0.0206049705462904,0,0,0,0,0.03043840877024576,0.021442432794946224,0,0,0,0,0,0,0,0.13380966562738023,0,0.2939678998239817,0.2086131334841864,0.16631383873526373,0,0,0,0,0,0,0,0,0,0,0,0.04454721894654088,0,0,0,0.013386202121606652,0,0,0,0,0,0,0,0,0,0,0,0,0,0,0,0,0,0,0,0,0,0,0,0,0,Eukaryota;Bacillariophyta;Coscinodiscophyceae;Chaetocerotales;Chaetocerotaceae;Chaetoceros;Chaetoceros sp. MBTD-CMFRI-S005
0,0,0,0,0,0,0,0,0,0,0,0,0,0,0,0,0,0,0,0,0,0,0,0,0,0,0,0,0,0,0,0,0,0,0,0,0,0,0,0,0,0,0,0,0,0,0,0,0,0,0,0,0,0,0,0,0,0,0,0,0,0,0,0,0,0,0,0,0,0,0,0,0,0,0,0,0,0,0,0,0,0,0,0,0,0,0,0,0,0,0,0,0,0,0,0.04942700175989759,0,0,0,0,0,0,1,0.9644029885795246,0,0,0,0.09492740335182359,0.15648270050940072,0,0,0,0,0,0,0,0,0,0,0,0,0,0,0,0,0,0,0,0,0,0,0,0,0,0,0,0,0,0,0,0,0,0,0,0,0,0,0,0,0,0,0,0,0,0,0,0,0,0,0,0,0,0,0,0,0,0,0,0,0,0,0,0,0,0,0,0,0,0,0,0,0,0,0,0,0,0,0,0,0,0,0,0,0,0,0,0,0,0,0,0,0,0,0,0,0,0,0,0,0,0,Eukaryota;Arthropoda;Arachnida;Araneae;Theridiosomatidae;Epeirotypus;Epeirotypus chavarria
0,0,0,0,0,0,0,0,0,0,0,0,0,0,0,0,0,0,0,0,0,0,0,0,0,0,0,0,0,0,0,0,0,0,0,0,0,0,0,0,0,0,0,0,0,0,0,0,0,0,0,0,0,0,0,0,0,0,0,0,0,0,0,0,0,0,0,0,0,0,0,0,0,0,0,0,0,0,0,0,0,0,0,0,0,0,0,0,0,0,0,0,0,0,0,0,0,0.7329119804520225,0,0.7750735995138764,0.3933861812451565,0.3651608112936887,0.2932694206856876,0.4468070379257554,0.19159052768972587,0.6734348233555003,1,0.08960674412478084,0.20771983261117138,0,0,0,0,0,0,0,0,0,0,0,0,0,0,0,0,0,0,0,0,0,0,0,0,0,0,0,0,0,0,0,0,0,0,0,0,0,0,0,0,0,0,0,0,0,0,0,0,0,0,0,0,0,0,0,0,0,0,0,0,0,0,0,0,0,0,0,0.060540336001319806,0,0,0,0,0,0,0,0,0,0,0,0,0,0,0,0,0,0,0,0,0,0,0,0.145701227493528,0,0,0,0,0,0,0,0,0,0,Eukaryota;Echinodermata;Echinoidea;Echinoida;Strongylocentrotidae;Strongylocentrotus;Strongylocentrotus purpuratus
0,0,0,0,0.07209851981978488,0,0,0,0,0,0,0,0,0,0,0,0,0,0,0,0,0,0.1786402456885504,1,0.04826051273491076,0,0,0,0,0,0,0,0,0,0,0,0,0,0,0,0,0,0,0,0,0,0,0,0,0,0,0,0,0,0,0,0.22703552289665804,0.12643667921398907,0,0,0,0,0.4098421447084908,0.41967655458257236,0,0,0,0,0,0,0,0,0,0,0,0,0,0,0,0,0,0,0,0,0,0,0,0,0,0,0,0,0,0,0,0,0.07117656262651241,0,0,0,0,0,0,0.0029429308585140227,0,0.025088272906887397,0,0,0,0,0,0,0,0,0,0,0,0.09716869706611014,0,0.10865104941122788,0.08407976114310087,0,0,0,0,0.08740326035632434,0.09157266441863048,0.06047616069039646,0,0,0,0,0,0,0,0,0,0,0,0,0,0,0,0,0,0,0,0,0,0,0,0,0,0,0,0,0,0,0,0,0,0,0,0,0,0,0,0,0,0,0,0,0,0,0,0,0,0,0,0,0,0,0,0.0012267989987400328,0,0,0,0.10463362848939609,0.13095946217363763,0.0830731361581488,0.14980138169257337,0.15531580159115907,0.06327098524932749,0,0,0,0,0,0,0,0,0,0,0,0,0,0,0,0,0,0,Eukaryota;Arthropoda;Malacostraca;Decapoda;Hippolytidae;Spirontocaris;Spirontocaris lamellicornis
0,0,0,0,0,0,0,0,0,0,0,0,0,0,0,0,0,0,0,0,0,0,0,0,0,0,0,0,0,0,0,0,0,0,0.17106027686115294,0,0,0,0,0,0,0,1,0.9401413460313798,0,0,0,0,0,0,0,0,0,0,0,0,0,0,0,0,0,0,0,0,0,0,0,0,0,0,0,0,0,0,0,0,0,0,0,0,0,0,0,0,0,0,0,0,0,0,0,0,0,2.3591253205386035e-4,0,0,0,0,0,0,0,0,0,0,0,0,0,0,0,0,0,0,0.011409683346706407,0,0,0,0,0,0,0,0,0,0,0,0,0,0,0,0,0,0,0,0,0,0,0,0,0,0,0,0,0,0.004517476169128316,0,0,0,0,0,0,0,0,0,0,0,0,0,0,0,0,0,0,0,0.3351207802552124,0.2423798604075719,0,0,0,0,0,0,0,0,0,0,0,0.2262595086807275,0.19510587853276634,0.14529574483905347,0,0,0,0,0,0,0,0.0011784220306601425,0,0,0,0,0,0,0,0,0,0,0,0,0,0,0,0,0,0,0,0,0,0,0,0,0,Eukaryota;Cnidaria;;;;;
0,0,0,0,0,0,0,0,0,0,0,0,0,0,0,0,0,0,0,0,0,0,0,0,0,0,0,0,0,0,0,0,0,0,0,0,0,0,0,0,0,0,0,0,0,0,0,0,0,0,0,0,0,0,0,0,0,0,0,0,0,0,0,0,0,0,0,0,0,0,0,0,0,0,0,0,0,0,0,0,0,0,0,0,0,0,0,0,0,0,0,0,0,0,0,0,0,0.9753913055999538,0,1,0.504394407266949,0.41191737571573817,0.7889950302203014,0.7846660576044622,0,0.9032799946148892,0.4122298175826156,0,0,0,0,0,0,0,0,0,0,0,0,0.0533023613391453,0,0,0,0,0,0,0,0,0,0,0,0,0,0,0,0,0,0,0,0,0,0,0,0,0,0,0,0,0.01620572063996065,0,0,0,0,0,0,0,0.04348197559840674,0,0,0,0,0,0,0,0,0,0,0,0,0,0,0,0,0,0,0,0,0,0,0,0,0,0,0,0,0,0,0,0,0,0,0,0,0,0,0,0,0,0,0,0,0,0,0,0,0,0,0,0,0,0,Eukaryota;Bacillariophyta;Coscinodiscophyceae;Thalassiosirales;Skeletonemataceae;Skeletonema;Skeletonema potamos
0.004991494447256834,0.018035271531095926,0.021427161099865342,0.003883016215382587,0,0.003200059859864057,0,0.006995627023518703,0,0,0,0.013698137005562853,0.006715094947361793,0,0,0,0,0,0.006142107466667258,0.1296793505157243,0.02523310671174335,0.019857721911211736,0,0,0,0.006965072275734218,0.013191076885123979,0.023556435567860152,0.025294941293471467,0.054484458435621115,0.04068914752749159,0.07690622170016073,0.015352257214590513,0.019115363519717002,0.03730534923442494,0.04631468982517154,0.049101128735601296,0.07588689782179713,0.06732249768833727,0.0553860992529571,0.06990956006142662,0.06688049399062913,0.006918921337813667,0,0.1173479672414042,0.1500160342367047,0.04689934534754101,0.034313136266800985,0.03680662561296671,0.6410184253131147,0.6279364498680394,0.4183607027218091,0,0,0.03283313449714179,0.1232579929408879,0.18017630632164183,0.17727079050619227,0,0,0.0375229797843379,0.03178601827889501,0,0,0.18866078231076308,0.20830143904713705,0.26980777791861393,0.2923908053928743,0.13462389829412677,0.20838562154431195,0.010915565038698043,0.010983240616643901,0.005629873836519877,0.026422782789409932,0.19250143145131157,0,0.007023653853110738,0.009064879011591967,0,7.75086127960493e-4,0,0,0,0,0,0,0,0,0,0.9594284306592725,1,0.9962588278538285,0.012076914073965212,0.005342496621770074,0.007760619657888771,0,0,0,0.004285395978075657,0,0,0,0,0,0,0,0,0.012914427876647285,0.009514315800421667,0,0.016995688633128725,0.07080333698229972,0.0730956788026266,0.13230575102358386,0.12730178523221242,0.2034240641534185,0.22521649208550215,0,0,0,0,0.1219689310562861,0.04109391906331998,0.05573420486399305,0.013795269420392832,0,0.0011174248418902787,0.0013184186006748415,0,0,0.1832325314347145,0.2997181431212442,0.18615514111937934,0.21211174513578457,0,0.007836265780191014,0.006576333798337808,0,0.005328938059745526,0,0,0,0,0,0,0,0.0094131585473582,0.017809158356758576,0.015717649478128527,0,0,0.0018917475023949599,0.006485836428240347,0.006542586985260154,0.0038968885910084655,0.018764338451751742,0,0,0,0.024312996454053264,0.01900710764791446,0.020444710269399407,0.057520298433176326,0.03260070917842134,0.038612268442049374,0.00438753531716706,0,0.08096779935117576,0.05945355780880912,0.06174696742707564,0,0,0,0,0,0,0,0,0.052095107713341714,0.035781444232944486,0.054727669275330855,0.0163595652789578,0.015016703191695882,0.009640770657057022,0.0246144366015217,0.023087465647305922,0.03176507534360254,0.08073106749749381,0.09026360047675068,0.12310475725353519,0.05911007611341735,0.05230909373890393,0.07184228115611241,0,0,0,0.45459262002175743,0.4893057976564549,0.5057765567267398,0,0,0,0.004671017045268411,0.013030024090549751,0,0,0.01435482739324855,0.011765580689355702,0.017839119801648158,0.049868069900867944,0.04749662558073225,Eukaryota;Chordata;Actinopteri;Argentiniformes;Bathylagidae;Lipolagus;Lipolagus ochotensis
0,0,0,0,0,0,0,0,0,0,0,0,0,0,0,0,0,0,0,0,0,0,0,0,0,0,0,0,0,0,0,0,0,0,0,0.13622589831097973,0,0,0,0,0,0,0,0,0,0,0,0,0,0,0,0,0,0,0,0,0,0.09375391542055778,0,0,0,0,0,1,0,0,0,0,0,0,0,0,0,0,0,0,0,0,0,0,0,0,0,0,0,0,0,0,0,0,0,0,0,0,0,0,0,0,0,0,0,0,0,0.2607194500281116,0,0,0,0,0,0,0,0,0.11578791777665053,0.11703829685509846,0,0.010375147062670302,0,0,0,0,0,0,0,0,0,0,0,0,0,0,0,0,0,0,0,0,0,0,0,0,0,0,0,0,0.010268083020272696,0,0,0,0,0.09671286150807124,0,0,0,0,0,0,0,0,0,0,0,0,0,0,0,0,0,0.1330169295817697,0,0,0,0,0,0,0,0,0,0,0,0,0,0,0,0,0,0,0.06743888828281869,0,0,0,0,0,0,0,0,0,0,0,0,0,0,0,0,0.5003368354728104,0.6474415210302278,0,0,0,0,0,0,Eukaryota;Bacillariophyta;Bacillariophyceae;;;;
0,0,0,0.4278547722787477,0.19026221265577753,0.2820819294437268,0,0,0,0,0,0,0,0,0,0,0,0,0,0,0,0,0,0,0,0,0,0,0,0,0,0,0,0,0,0,0,0,0,0,0,0,0,0,0,0,0,0,0,0,0,0.14581110384469761,0.1560044927820878,0,0.07046763562264778,0,1,0.6450687659411357,0,0,0,0.08733208094645402,0,0,0,0,0,0,0,0,0,0,0,0,0,0,0,0.09470336037646611,0,0,0,0,0,0,0,0,0,0,0,0,0,0,0,0.04709354890566063,0.07281635631480911,0,0,0,0,0,0,0,0.012607336868758093,0,0,0,0,0,0,0,0,0.11046442647808508,0,0,0,0,0,0.4945250574927331,0,0.5188437381380657,0.5346586180954477,0,0.1931939190375534,0,0.18793323351633115,0.09320150766482958,0.06934388102889884,0.09893363395353835,0,0,0,0,0,0.04794212427888764,0,0.03486071600420144,0.018258171514968145,0,0,0,0,0,0,0,0,0,0,0,0,0,0,0,0,0,0,0,0,0,0,0,0,0,0,0,0,0,0,0,0,0,0,0,0,0,0,0,0,0,0,0,0,0,0,0,0,0,0,0,0,0,0,0,0,0,0,0,0,0,0,0,0,0,0,0,0,0,0,0,0,0,0,Eukaryota;Echinodermata;Asteroidea;Forcipulatida;Asteriidae;Pycnopodia;Pycnopodia helianthoides
0.05735306417363263,0.0687821044058497,0.19160450302301335,0,0,0,0,0,0,0,0,0,0.1178405572755418,0,0,0,0,0,0,0,0.14050570385487895,0,0,0,0,0,0,0,0.041031937969034385,0,0,0,0,0,0,0,0,0,0,0,0,0,0,0,0,0,0,0,0,0,0,0,0,0,0.14171776206156964,0.21368041604431792,0,0.017396750562890455,0,0,0,0,0.02647936650103375,0,0,0,0,0,0.031066443081821358,0.0988158433584693,0,0,0,0,0,0,0,0,0,0,0,0,0,0,0,0,0,0,0,0.15450450304627358,0.12886159474965475,0.22270763040614908,0,0,8.992008681818e-4,0,0,0,0.06565317411770964,0,0,0,0,0,0.08901058040090593,0,0,0,0,0,0,0,0,0,0,0.013032036978425173,0.012524741837116798,0,0,0,0,0,0,0,0,0,0,0,0.031126355128874364,0.014982429840745775,0.026805783284288707,0,0,0.012498449480924186,0,0,0,0,0,0,0,0.013380806547780368,0,0,0,0,0,0.0021352701785140216,0.005874884115968119,0,0,0,0.04471397456042239,0.0984113854034822,0.11940231730822715,0.3057674168222875,0,0.003743988461485963,0.006297863911508185,0,0.007941624961529758,0,0,0,0,0,0,0,0,0,0,0,1,0.857580106487628,0.07185379649812747,0,0,0,0,0.036545286992179835,0,0,0,0,0,0,0,0,0,0,0,0,0,0,0,0,0,0,0,0,0,0,0,0,0,0,0,0,0,0,0,Eukaryota;Arthropoda;Hexanauplia;Calanoida;Heterorhabdidae;Heterorhabdus;
0,0,0,0,0,0,0.2686650749046299,0.4290827930905669,0.20445034908493495,0,0,0,0,0,0,0,0,0,0,0,0,0,0,0,0.10771994298003479,0,0,0,0,0,0,0,0,0,0,0,0,0,0,0,0,0,0,0,0,0.042877196665070484,0.08229758015742579,0.01276668571789902,0,0,0,0,0,0,0.7064052252264423,1,0,0,0,0,0,0,0.5090998069408481,0.2444823981926391,0,0,0,0,0.10950357763873939,0,0,0,0.03061446423955766,0.0598680777392004,0,0,0,0,0,0,0,0,0,0,0,0,0,0.02230877854616661,0,0,0,0,0,0,0.0038418424010301295,0.13186251586893097,0,0,0,0,0,0,0.0614679397976623,0.11070571790578565,0,0,0,0,0,0,0,0,0,0,0,0.006074124542494289,0,0,0,0.015135670615945266,0,0.12133959975146898,0,0,0,0,0,0,0,0,0,0,0,0,0,0.0051772213448503706,0,0,0,0,0,0,0,0,0,0,0,0,0,0,0,0,0,0,0,0.10250164885594765,0.0074082518356055295,0.007198298353764823,0,0,0,0,0,0.03545561674412045,0,0,0.04055236165108777,0.04380451504045487,0.02961776157309775,0.052077334858561426,0,0,0,0,0,0,0.011265916564999374,0,0,0,0,0.18793015746638356,0.1292929822222822,0.09930822891924328,0,0,0,0.20382338840337305,0.20302960298339987,0.10548537250808157,0.4210833965875714,0.39091490425655506,0.08249280092358882,0.02241587829959625,0,0,0,0,0,0,0,0,0,0,0.0458683935837079,0,0.02359939516734102,0,0,0,0,Eukaryota;NA;Haptophyceae;Phaeocystales;Phaeocystaceae;Phaeocystis;Phaeocystis pouchetii
0,0,0,0,0,0,0,0,0,0,0,0,0,0,0,0,0,0,0,0,0,0,0,0,0,0,0,0,0,0,0,0,0,0,0,0,0,0,0,0,0,0,0,0,0,0,0,0,0,0,0,0,0,0,0,0,0,0,0,0,0,0,0,0,0,0,0,0,0,0,0,0,0,0,0,0,0,0,0,0,0,0,0,0,0,0,0,0,0,0,0,0,0,0,0,0,0,0.7329030018968029,0,0.4591851139685258,0.21616970982689693,0.356675931128592,0.6279776063120033,0.5755847243046418,0,1,0.8736452112364521,0,0,0,0,0,0,0,0,0,0,0,0,0,0,0,0,0,0,0,0,0,0,0,0,0,0,0,0,0,0,0,0,0,0,0,0,0,0,0,0,0,0,0,0,0,0,0,0,0,0,0,0,0,0,0,0,0,0,0,0,0,0,0,0,0,0,0,0,0,0,0,0,0,0,0,0,0,0,0,0,0,0,0,0,0,0,0,0,0,0,0,0,0,0,0,0,0,0,0,0,0,0,0,0,Eukaryota;Cnidaria;Anthozoa;Actiniaria;Gonactiniidae;Protanthea;Protanthea simplex
0,0,0,0,0,0,0,0,0,0,0,0,0,0,0,0,0,0,0,0,0,0,0,0,0,0,0,0,0,0,0,0,0,0,0,0,0,0,0,0,0,0,0,0,0,0,0,0,0,0,0,0,0,0,0,0,0,0,0,0,0,0,0,0,0,0,0,0,0,0,0,0,0,0,0,0,0,0,0,0,0,0,0,0,0,0,0,0.08611553369275196,0,0,0,0,0,0,0,0,0,0,0,0,0,0,0,0,0,0,0,0,0,0,0,0,0,0,0,0,0,0.31893850913692867,0.32798594847775175,0.3133766975565534,0.14956143989214063,0,0,0,0,1,0.6342474289941744,0.6388303645909544,0,0,0,0,0,0,0,0,0,0,0,0,0,0.16551299150782528,0,0,0,0,0,0,0.003229732714785791,0,0,0,0,0,0,0,0.06672648190386503,0.03704881186159084,0,0,0,0,0,0,0,0,0,0,0,0,0,0,0,0,0,0,0,0,0,0,0,0,0,0,0,0,0,0,0,0,0,0,0,0,0,0,0,0,0,0,0,0,0,0,0,0,0,0,0,0,0,Eukaryota;Ascomycota;Saccharomycetes;Saccharomycetales;Metschnikowiaceae;Clavispora;Clavispora lusitaniae
0,0,0,0,0,0,0,0,0,0.16624521349613466,0.2605853601083564,0.22198469365941256,0,0,0,0,0,0,0.18179663427352455,0.49632473048023523,0,0,0,0,0,0,0,0,0,0,0,0,0,0,0,0,0,0,0,0,0,0,0,0,0,0.037976313079299696,0,0,0,0,0,0,0,0,0,0,0,0,0,0,0.011368015414258189,0.010338634073684672,0,0,0,0,0,0,0,0,0,0,0,0,0,0.4844410067233891,0,0,0,0,0,0,0,0,0,0,0,0,0,0,0,0,0,0,0,0,0,0,0,0,0,0,0,0,0,0,0,0,0,0,0,0,0,0,0,0,0,0,0,0,0,0,0,0,0,0,0,0,0,0,0,0,0,0,0,0,0,0,0,0,0,0,0,0,0,0,0,0,0,0,0,0,0,0,0,0,0.12860510980293302,0.09329524824943088,0.05433721340876514,0,0,0,1,0.7505322546306152,0.913312693498452,0,0,0,0,0,0,0,0,0,0,0,0,0,0,0,0,0,0,0,0,0,0,0,0,0,0,0,0,0,0,0,0,0,0,0,0,0,0,0,0,0,0,0,0,0,0,Eukaryota;Arthropoda;Hexanauplia;Calanoida;Clausocalanidae;Clausocalanus;Clausocalanus mastigophorus
0,0,0,0.07231367710274685,0,0,0,0,0,0,0.10629594038256661,0,0,0,0,0,0,0,0,0,0,0,0.6070580951398205,0,0.2335072915441609,0,0.1901870933311439,0,0,0,0,0,0,0,0,0,0,0,0,0,0,0,0,0,0,0,0.16990341109649262,0.09993631938225443,0.1044498760142273,0,0,0,0,0,0.12153117296277424,0.20710755338901138,0,0,0,0,0,0,0.398518159122174,0.460844159988859,0,0,0,0,0,0,0,0,0,0,0,0,0,0.05001951499172435,0,0.5938758342213,1,0,0,0,0,0.2696109133682651,0.10481897657623414,0,0,0,0,0,0,0.06882269644953438,0.10872745791063257,0,0,0,0,0,0,0,0,0.023626686759891068,0.06011122788579436,0.025388545880349157,0,0.06400949796472184,0.07680958846876959,0,0,0,0,0,0,0,0.004989223796751535,0,0,0.15410749387271933,0.12053861772497264,0,0,0,0,0,0,0,0,0,0,0,0,0,0,0.08884713417423698,0.09367899912875624,0,0,0,0,0,0,0,0,0,0,0,0,0.323180876443998,0.21375897994306356,0.3489461821345249,0,0,0,0,0.023791197162688436,0.033953010022712206,0.044440723354671544,0,0,0,0,0,0,0,0,0,0,0,0,0,0,0,0,0,0,0,0,0,0,0,0,0,0,0,0,0,0,0,0,0,0,0,0,0,0,0,0,0,0,0,0,0,0,0,0,0,0,0,0,Eukaryota;Echinodermata;Echinoidea;Echinoida;Strongylocentrotidae;Mesocentrotus;Mesocentrotus franciscanus
0,0,0.19312161056457292,0,0,0,0,0,0,0,0,0,0,0,0,0,0,0,0,0,0,0,1,0,0,0,0,0,0,0,0,0,0,0,0,0,0,0,0,0.775914540280823,0,0,0,0,0,0,0,0,0,0,0,0,0,0,0,0,0,0,0,0,0,0,0,0.38688198123444184,0,0,0,0,0,0,0,0,0,0,0,0,0,0,0,0.1739173349784084,0,0,0,0,0,0,0,0,0,0,0,0,0,0,0,0,0,0,0,0,0,0,0,0,0,0,0,0,0,0,0,0,0,0,0,0,0,0,0,0.12578331171352794,0,0,0,0,0,0,0,0.08293430531240134,0,0,0,0,0,0,0,0,0,0,0.030857580677527047,0,0,0,0,0,0,0,0,0,0.06302910943418977,0,0,0,0,0,0,0,0,0,0,0,0,0,0,0,0,0,0,0,0,0,0,0,0,0,0,0,0,0,0,0,0,0,0.39647009949808293,0.3626001905886618,0,0,0,0,0.2209500587799887,0,0.5531280138169258,0.8406179222839016,0.39465885596140593,0,0,0.4736658615982358,0,0,0,0,0,0.1086731940482615,0,0,0.04437064725555775,0,0,0,0,0,0,Eukaryota;Chaetognatha;Sagittoidea;Aphragmophora;Sagittidae;Sagitta;Sagitta setosa
0,0.015490736142874568,0.01520068829851576,0,0,0,0.6545997044617204,0.4285925923469103,0,0,0,0,0,0,0,0,0,0,0,0,0,0,0,0,0,0,0,0,0,0,0,0,0,0,0,0,0,0,0,0,0,0,0,0,0,0,0,0,0,0,0,0,0,0,0.24895192327974858,0.04364730863786314,0,0,0,0,0,0,0,0,1,0,0,0,0,0,0,0,0,0,0,0,0,0,0,0,0,0,0,0,0,0,0,0,0,0,0,0,0,0,0,0,0,0,0,0,0,0,0,0,0,0,0,0,0,0,0,0,0,0,0,0,0,0,0,0,0,0,0,0,0,0,0.29122528105478385,0.28986144720785495,0,0,0,0,0,0,0,0,0,0,0,0,0,0,0,0,0,0,0,0,0,0,0,0,0,0,0,0,0,0.013153935183074311,0,0,0,0,0,0,0,0,0,0,0,0,0,0,0,0,0,0,0,0,0,0,0,0,0,0,0,0,0,0,0,0,0,0,0,0,0,0,0,0,0,0,0,0,0,0,0,0,0,0,0,0,0,Eukaryota;Arthropoda;Hexanauplia;Calanoida;Calanidae;Neocalanus;Neocalanus cristatus
0.011222501766392534,0.008305776518798125,0.009224388305747145,0.01131977299782673,0.005922089337922752,0.007560610589183116,0.06739242791049108,0.07639977568144692,0.07485507654687926,0.057906596874367736,0.11799735105973203,0.035557254654737955,0.3890046297391921,0.3421919602435405,0,0,0,0,0.30921260773920456,0.2125671670795205,0.030843986578935053,0.022985438301942007,0,0,0,0.026059361840178992,0.05818058325117663,0.049208630825277794,0,0.0026768186222859724,0.004829192717160176,0,0.12648786421232622,0.14020879276670908,0.08073576362707306,0.07165588627194155,0.10320630648876342,0.12701839891192762,0.1429201192877951,0.16000428990002374,0.14034256634232156,0.12946266734014097,0.180976733974555,0.17411255712753398,0.10763345150544172,0.07729090226499852,0.21203070931102797,0.23420780562265964,0.24377145766328692,0.12848188199035168,0.1236527303079965,0.1746064497510494,0.018434001506129772,0.03236538393697882,0,0,0.04577343439428076,0.042118417162608425,0.23770127202791486,0.25442475202103176,0.042620120693251794,0.05927388267905976,0.06740110552470346,0.08691281294593152,0.30063766846922524,0.1361807260441473,0.13538982640357958,0.17847818130764354,0.2110870272322136,0.205709540026732,0.1731156789273436,0.16761090386035374,0,0.004182500876142759,0.256749192343653,0,0.13730537659937261,0.15214589062655387,0.1984435643522519,0.1546228695067457,0.17798770046659326,0.04770834289876969,0,0.0012767901196096818,0,0.24944904346787622,0.28540076945794757,0,0.03526185263180596,0.3535666367026116,0.34578159106576295,0.29958087748159934,0.08212654114963144,0.05005040557009681,0.06588688988542886,0.14367957035655565,0.044724660398848405,0.02882913762653347,0.11561955508553351,0.02046768633392363,0.011117923940873338,0.047040632092857734,0.033845806928406004,0.08753005262855591,0.10867208263344288,0.04873001026257439,0.07199240976709202,0.04044926550742553,0.053259396641934575,0.03451338679076331,0,0.0028652571677013376,0.0012955683266704877,0.007922831981206784,0.005503810503888636,0.0068760450315136735,0.008656067852912156,0.014109842071710597,0.04711071706821474,0.007369809988207572,0.005680918538676803,0.014774765144886137,0.3838516286721279,0,0.205309408898774,0.007032688740969722,0.00882979020190782,0.007250198244135599,0.16661451896825144,0.15478231887438101,0.008223397432263439,0.014825882059237853,0.18007470037826007,0.1842506164328734,0.015895434884269723,0.01378108920068577,0.005304158224212827,0.1172309208819453,0.12451523146355274,0.182424690887182,0.023767948963660968,0.02662653092382724,0.028520516898068657,0.041494933729813936,0.0371557870373292,0.05257933908733252,0.01192964137018255,0.01246368738874902,0.013303310489213144,0.1761715242173741,0.14827908707075554,0.1682562089540118,0,0,0,0.004212332616642401,0,0,0,0.22069237193303215,0.24301621369720916,0.3248264806615887,0,0,0,0.0016050883287260015,0.004896659380120502,6.296849799079439e-4,0,0.0014087400711224043,0.21329869589674497,0.24806062617489327,0,0,0,0.3578757042692614,0.38769940458747926,0.41560758667720993,0.1952319011349215,0.19180332895733945,0.19025615828039477,0,0.009243950640297767,0.011285999883183805,0.8879256185305755,1,0.7650913851515145,0.12950327276070378,0.13921377231869564,0.17024711536013576,0.114312893798295,0.0374522604198146,0.0515988435024414,0.30276329677658204,0.3520440375391898,0.3461546880916856,0.09680853487882787,0.10135815439766563,0.11523302727815045,0,0,0.007840091126847783,0,0.005226129470509452,0.005934177017812767,0.008329053362888313,0.523614860699179,0.5774791493939365,0.4742524796070241,0.1189384692018893,0.12223567947373838,Eukaryota;Chordata;Actinopteri;Argentiniformes;Bathylagidae;Bathylagus;Bathylagus stilbius
0,0,0,0,0,0,0,0.007491907750205499,0,0,0,0,0,0,0,0,0,0,0,0,0,0,0,0,0,0,0,0,0,0,0,0,0,0,0,0,0,0,0,0,0,0,0,0,0,0,0,0,0,0,0,0,0,0,0,0,0,0.02297076997683012,0,0,0,0,0,0,0.06184469919681172,0,0,0,0,0,0,0,0.03153769852878455,0,0,0,0,0,0,0,0,0,0,0,0,0,0,0,0,0,0,0,0,0,0,0,0,0,0,0,0,0,0,0,0,0,0,0,0,0,0,0,0,0,0,0,0,0,0,0,0,0,0,0,0,0,0,0,0,0,0,0,0,0,0,0,0,0,0,0,0,0,0,0,0,0,0,0,0,0,0,0,1,0.774243481878106,0.7961805244115024,0,0,0,0,0,0,0,0,0,0,0,0,0,0,0,0,0,0,0,0,0,0,0,0,0,0,0,0,0,0,0,0,0,0,0,0,0,0,0,0,0,0,0,0,0,0,0,0,0,0,0,0,0,0,0,0,Eukaryota;Cnidaria;Hydrozoa;Leptothecata;Mitrocomidae;Halopsis;Halopsis ocellata
0,0,0,0,0,0,0,0,0,0,0,0,0,0,0,0,0,0,0,0,0,0,0,0,0,0,0,0,0,0,0,0,0,0,0,0,0,0,0,0,0,0,0,0,0,0,0,0,0,0,0,0,0,0,0,0,0,0,0,0,0,0,0,0,0,0,0,0,0,0,0,0,0,0,0,0,0,0,0,0,0,0,0,0,0,0,0,0,0,0,0,0,0,0,0,0,0,0,0,0,0,0,0,0,0,0,0,0,0,0,0,0,0,0,0,0,0,0,0,0,0,0,0,0,0,1,0.915718181506382,0,0,0,0,0,0,0,0,0,0,0,0,0,0,0,0,0,0,0,0,0,0,0,0,0,0,0,0,0,0,0,0,0,0,0,0,0,0,0,0,0,0,0,0,0,0,0,0,0,0,0,0,0,0,0,0,0,0,0,0,0,0,0,0,0,0,0,0,0,0,0,0,0,0,0,0,0,0,0,0,0,0,0,0,Eukaryota;Arthropoda;Malacostraca;Decapoda;Alpheidae;NA;Alpheidae sp. PNG-0058
0,0,0,0,0,0,1,0,0,0,0,0,0,0,0,0,0,0,0,0,0,0,0,0,0,0,0,0,0,0,0,0,0,0,0,0,0,0,0,0,0,0,0,0,0,0,0,0,0,0,0,0,0,0,0,0,0,0,0,0,0,0,0,0,0,0,0,0,0,0,0,0,0,0,0,0,0,0,0,0,0,0,0,0,0,0,0,0,0,0,0,0,0,0,0,0,0,0,0,0,0,0,0,0,0,0,0,0,0,0,0,0,0,0,0,0,0,0,0,0,0,0,0,0,0,0,0,0,0,0,0,0,0,0,0,0,0,0,0,0,0,0,0,0,0,0,0,0.6186278684292873,0.6981521031193965,0,0,0,0,0,0,0,0,0.5382923622881264,0,0,0,0,0,0,0,0,0,0,0,0,0,0,0,0,0,0,0,0,0,0,0,0,0,0,0,0,0,0,0,0,0,0,0,0,0,0,0,0,0,0,0,0,0,0,0,0,0,0,0,0,0,Eukaryota;Arthropoda;Hexanauplia;Calanoida;Paracalanidae;Paracalanus;Paracalanus sp. B AC-2013
0,0.01001439888082312,0.001754801737175421,0,0,0,0,0,0,0,0.0162923436241293,0.01577153289046644,0,0,0,0,0,0,0,0,0,0,0.17009949546242037,0.09037537480799322,0.16304544732406107,0,0,0,0.09222494963849771,0.05728777388154722,0,0,0.031085425514757268,0,0,0,0,0.11901824337125072,0.031944609896091755,0,0,0.014763876785385543,0,0,0,0.039572646624519356,0.009765629618120003,0,0,0,0,0,0,0,0.33250087524798694,0.01410848247437924,0,0,0.11964550399942614,0,0.041460543985642855,0,0.09867132060780445,0.04120384693026485,0,0,0.03115631488288969,0,0,0,0.03399013636565182,0,0.4831605730544101,0.268534628148117,0,0,0,0,0,0.017067260153074627,0.010450461294552654,0,0.01572447174965342,0,0,0,0,0.02470732637475684,0,0,0,0,0.5795210247004525,0.005159685769407823,0,0,0,0.12200269690362477,0.01863973637064778,0.09359785613610334,0.08988828775840023,0.11658905981514155,0.05821513828096974,0.09544826464435315,0.05133210207746258,0.07199070702090546,0.1545727475808152,0,0,0,0,0,0,0.03082909372424111,0.03171255010102473,0.0029431453419006335,0.004875061031625511,0,0,0.01142931509618774,0,0,0,0,0.19637618114795918,0,0.009623483816979053,0.0033084154526655247,0,0.02126847225410053,0,0,0.07007014446973568,0,0,0,0,0.03526581097276478,0.02691722515096555,0,0,0.06648204632919252,0,0,0,0,0,0,0.0016216192307564718,0,0.014041531090764841,0,0,0,0.012712414974100065,0,0,0,0,0,0.016910430945661643,0,0,0,0,0,0,0,0.011715050393437431,0.03277072445676412,0,0,0,0,0,0.2111386771078471,0.1759282582135672,0,0.007966146563622848,0,0.03651798931907863,0.06404173312068048,0.025435781687163907,0.015635185093859756,0,0,0,0,0,0,0.17201675880705058,0,0,0.024825941051807222,0.10479556328838625,0.0726294988662553,0,0,0,0,0,0,0.006530474502976306,0,0,0.06291308404351102,0,0,0,1,0.9783048482343314,Eukaryota;Arthropoda;Insecta;;;;
0,0,0.19863777498926777,0,0,0,0,0,0,0,0,0,0,0,0,0,0,0,0,0,0,0,0,0,0,0.07014521562297399,0,0,1,0,0,0,0,0,0,0,0,0,0,0,0,0,0,0,0,0,0,0,0,0,0,0,0,0,0,0,0.07392630974808609,0,0,0,0,0,0,0,0,0,0,0,0,0,0,0,0,0,0,0,0,0,0,0,0,0,0,0,0,0,0,0,0,0.6763290836362554,0.7153230864347986,0,0,0,0,0,0,0,0,0,0,0,0.0014403851034355182,0,0,0.19822161508344177,0,0,0,0,0,0,0,0,0,0.2979351809827288,0.2421607479788235,0,0,0,0,0,0,0,0,0,0,0,0,0,0,0,0,0,0,0,0,0,0,0,0,0,0,0.06397012774496798,0,0,0,0,0.009964791792245294,0,0,0,0,0,0,0,0,0,0,0,0,0,0,0,0,0,0,0,0,0,0,0,0,0,0,0,0.011299006631230521,0,0,0,0,0,0,0,0,0,0,0,0,0,0,0,0,0,0,0,0,0,0,0,0,0,0,0,0,0,0,0,0,0,0,Eukaryota;Mollusca;Cephalopoda;Teuthida;;;
0,0,0,0,0,0,0,0,0,0,0,0,0.2410399658840261,0,0,0,0,0,1,0,0,0,0,0,0,0,0.02400214762046142,0,0,0,0,0,0,0,0,0,0,0,0,0,0,0,0.15610971434385965,0.13909964384358792,0,0,0,0,0,0.00978295588336741,0,0,0,0,0.03220891131980719,0,0,0,0,0,0,0,0,0,0,0,0,0,0,0,0,0,0,0,0,0,0,0,0,0.34429607465013823,0.3162241129853669,0,0,0,0,0,0,0,0,0,0,0,0,0,0,0,0,0,0,0,0,0,0,0,0,0,0,0,0,0,0.1550793896771073,0,0,0,0,0,0,0,0,0,0,0,0,0,0,0,0,0,0,0,0,0,0,0,0,0,0,0,0,0,0,0.047897694559549786,0,0,0,0,0,0,0,0,0,0,0,0,0,0,0,0,0,0,0,0,0,0,0,0,0,0,0,0,0,0,0,0,0,0,0,0,0,0,0,0,0,0,0,0,0,0,0,0,0,0,0,0,0,0,0,0,0,0,0,0,0,0,0,0,0,0,0,0,0,Eukaryota;Cnidaria;Hydrozoa;Anthoathecata;Corynidae;Coryne;Coryne tricycla
0,0,0,0,0,0,0,0,0,0,0,0,0,0,0,0,0,0,0,0,0,0,0,0,0,0,0,0,0,0,0,0,0,0,0,0,0,0,0,0,0,0,0,0,0,0,0,0,0,0,0,0,0,0,0,0,0,0,0,0,0,0,0,0,0,0,0,0,0,0,0,0,0,0,0,0,0,0,0,0,0,0,0,0,0,0,0,0,0,0,0,0,0,0,0,0,0,0,0,0,0,0,0,0,0,0,0,0,0,0,0,0,0,0,0,0,0.02987420747863447,0,0,0,0,0,0,0,0,0,0,0,0,0,0,0,0,0,0,0.004266619503897005,0,0,0,0,0.9051212950948798,1,0.9279854248905866,0,0,0,0,0,0,0,0,0,0,0,0,0,0,0,0,0,0,0,0,0,0,0,0,0,0,0,0,0,0,0,0,0,0,0,0,0,0,0,0,0,0,0,0,0,0,0,0,0,0,0,0,0,0,0,0,0,0,0,0,0,0,0,0,0,0,0,0,Eukaryota;Arthropoda;Hexanauplia;Calanoida;Eucalanidae;Subeucalanus;Subeucalanus pileatus
0,0,0,0,0,0,0,0,0,0,0,0,0,0,0,0,0,0,0,0,0,0,0,0,0,0,0,0,0,0,0,0,0,0,0,0,0,0,0,0,0,0,0,0,0,0,0,0,0,0,0,0,0,0,0,0,0,0,0,0,0,0,0,0,1,0,0,0,0,0,0,0,0,0,0,0,0,0,0,0,0,0,0,0,0,0,0,0,0,0,0,0,0,0.5074714876988672,0.7317151355623984,0,0,0,0,0,0,0,0,0,0,0,0,0,0,0,0,0,0,0,0,0,0,0,0,0,0,0,0,0,0,0,0,0,0,0,0,0,0,0,0,0,0,0,0,0,0,0,0,0,0,0,0,0,0,0.18867194039845975,0,0,0,0,0,0,0,0,0,0,0,0,0,0,0,0,0,0,0,0,0,0,0,0,0,0,0,0,0,0,0,0,0,0,0,0,0,0,0,0,0,0,0,0,0,0,0,0,0,0,0,0,0,0,0,0,0,0.09746012356155646,0,0,0,Eukaryota;Arthropoda;Insecta;Hemiptera;Miridae;Collaria;Collaria oculata
0,0,0,0,0,0,0,0,0,0,0,0,0,0,0,0,0,0,0.32131741120994,0,0,0,0,0,0,0,0,0,0,0,0,0,0,0,0,0,0,0,0,0,0,0,0,0,0,0,0,0,0,0,0,0,0,0,0,0,0,0,0,0,0,0,0,0,0,0,0,0,0,0,0,0,0,0,0,0,0,0.031161337626318973,0,0,0,0,0,0,0,0.10287744651495989,0.16206397711387796,0,0,0,0,0,0,0,0,0,0,0,0,0,0,0,0,0,0,0,0,0,0,0,0,0.09886488113361401,0.09992483463619964,0,0,0,0,0,0,0,0,0,0.03559853960986895,0.10595232290803257,0,0,0,0,0,0,0,0,0,0,0,0,0,0,0,0,0,0,0,0,0,0,0,0,0,0,0,0,0,0,0,0,0,0,0,0,0,0,0,0,0,0,0,0,0,0,0,0,0,0,0,0,0,0,0,0,0,0,0,0,0.052219136542004316,0.03340582598723129,0,0,0,0,0,0,0,0.09417859976574602,0.13600321077814154,0.14694617463537032,1,0.6754008334345538,0.830860459941951,0,0,0,0,0,0,0,0,0,0,0,0,Eukaryota;Annelida;Polychaeta;Phyllodocida;Alciopedidae;Torrea;Torrea sp. JE-2010
0,0,0,0,0,0,0,0,0,0,0,0,0,0,0,0,0,0,0,0,0,0,0,0,0,0,0,0,0,0,0,0,0,0,0,0,0,0,0,0,0,0,0,0,0,0,0,0,0,0,0,0,0,0,0,0,0,0,0,0,0,0,0,0,0,0,0,0,0,0,0,0,0,0,0,0,0,0,0,0,0,0,0,0,0,0,0,0,0,0,0,0,0,0,0,0,0,0,0,0,0,0,0,0,0,0,0,0,0,0,0,0,0,0,0,0,0,0,0,0,0,0,0,0,0,0,0,0,0,0,0,0,0,0,0,0,0,0,0,0,0,0,0,0,0.07911661191928672,0,0,0,0,0,0,0,0,0,0,0,1,0.94898745545534,0.7658587523283915,0,0,0,0.33434263935797726,0,0,0,0,0.10511885277842725,0.11422691587835263,0.30674787676344123,0,0,0,0,0,0,0,0,0,0,0,0,0,0,0,0,0,0,0,0,0,0,0,0,0,0,0,0,0,0,0,0,0,0,0,0,0,0,0,0,0,Eukaryota;Arthropoda;Hexanauplia;Poecilostomatoida;Sapphirinidae;Sapphirina;Sapphirina scarlata
0,0,0,0,0,0,0,0,0,0.019022115727556084,0.012871816299176289,0.009345261130288279,0,0,0,0,0,0,0,0,0,0,0.00328920774437233,0,0.0014995042808755613,0.004005625696258675,0.0038134991623363715,0.02737693405837261,0.02483952468162163,0.0420161940924592,0,0,0,0,0,0,0,0,0,0,0,0,0.02091229811627286,0.020540345124245466,0,0,0,5.712342520959179e-4,0,0,0,0,0,0,0,0,0,0,0,0,0,0,0,0,0.02066292829422994,0.06796527132348028,0.06797135970254582,0.03651646314920275,4.4542203368194157e-4,0,0,0,0,0,0,0,0,0,0,0,0,0,0,0,0,0,0,0,0,0,0,0,0,0,0,0.0015296487165576153,0,0,0,0,0,0,0,4.598121688327006e-4,0,0,0,0,0,0,0,0.01849777473156687,0.017624231184062814,0.5053998758589799,0.526878671971028,0,0,0,0,0,0,0.527380973313598,0,0.027257788570408822,0,0,0,0,0,0,0,0,0,0,0,0.0014864225504052965,6.551602586244517e-4,0.039893121537480994,0.029724119477298232,0.022770941178380112,0.4721634024563798,0.48128842350006096,0.39195206065831273,0.24288093116334383,0.24651726734082435,0.23494341031230928,0.26924551031923233,0.24893324177747195,0.27172766679378346,0.0059465345376947575,0.005798903707851583,0.00432156891487035,0.011753436751285843,0.01128796091871267,0.015521745889801764,0,0,1.0736053369255109e-4,0,0.0012817244320824273,0,0,0,0,0,0,0,0.0014518481025378382,9.255511673384453e-4,7.767183560510023e-4,0,0,0.8864233925756028,0.8921111128665696,1,0,6.049003694820961e-4,0,0,0,0,0.005174628612128611,0.006309482669323853,0.0024395468624899956,0,0,0,0,0,0,0,0,0,0,0,0,0,0,0,0,0,0.0030638460983075893,7.035574786875994e-4,0.0010744999389263583,0,0,0,0,0,0,0,Eukaryota;Mollusca;Gastropoda;Pteropoda;Cymbuliidae;Corolla;Corolla spectabilis
0,0,0,0,0,0,0,0,0,0,0,0,0,0,0,0,0,0,0,0.3189317216595884,0,0,0,0,0,0,0,0,0,0,0,0,0,0,0,0,0,0,0,0,0,0,0,0,0,0,0,0,0,0,0,0,0,0,0,0,0,0,0,0,0,0,0,0,0,0,0,0,0,0,0,0,0,0,0,0,0,0,0,0,0,0,0,0,0,0,0,0,0,0,0,0,0,0,0,0,0,0,0,0,0,0,0,0,0,0,0,0,0,0,0,0,0,0.6391206541118788,0.49157803595991356,0,0.04098268259614907,0,0,0,0,0.5544022158409052,0,0,0,0,0,0,0,0,0,0,0,0,0,0,0,0,0,0,0,0,0,0,0,0,0,0,0,0,0,0,0,0,0,0,0,0,0,0.20465796942527253,0.1541520649538518,0,0.13612384965760854,0.155884074941452,0.20001479694044802,0.5113755412767147,0,0.44937858019639937,0.4939992505017828,0.6209756227568317,0,1,0,0,0,0,0,0,0,0,0,0,0,0,0,0,0,0,0,0,0,0,0,0,0,0,0,0,0,0,0,0,0,0,0,0,0,0,0,0,0,Eukaryota;Cnidaria;Hydrozoa;Trachymedusae;Rhopalonematidae;Aglaura;Aglaura hemistoma
0,0,0.002002595936339015,0,0,0,0.21694606834647165,0,0.077521888828745375,0,0.08676720684258521,0.017998618879374793,0,0,0,0,0,0,0,0,0,0,0.17918687441956455,0.12133789616927913,0,0,0,0,0.12186606312612945,0,0,0,0,0,0.049502551384018934,0.13793805348177662,0,0,0,0,0,0,0,0,1,0.0903213390340064,0,0,0,0,0,0,0,0,0,0,0,0,0,0,0.2838909324458458,0.03688348858542051,0.17158799489262627,0,0.18677597336573545,0,0,0,0.04403711935542888,0,0,0,0,0,0,0,0,0,0,0,0,0,0,0,0,0,0,0,0,0,0,0,0.11312646892273154,0.0023553124061147248,0,0,0,0,0.05317959789915324,0,0,0,0.006534654396811385,0,0,0,0.06828381134950479,0,0,0,0,0,0,0,0.14476261931557668,0,0,0,0,0,0,0.09923424195668325,0,0,0.028013288768570753,0.11808707774434302,0.0948480737591931,0.10949223312538756,0,0,0,0,0,0,0,0.034353522203989496,0.012723289518031682,0.02299752510077558,0,0,0,0,0,0,0,0,0,0,0,0,0,0,0.03621867822160346,0,0.11606020226155318,0.11431110525969325,0,0.03335926769059352,0.014575200881142869,0,0,0,0,0.12323468880845931,0.45999238423204913,0.02940143155256998,0,0,0,0.005983720507013923,0.27089427089427093,0.23716602646180113,0,0,0,0.6385265279432757,0,0.4835363731291334,0,0,0,0,0,0,0.047126990480972124,0,0,0,0,0,0.04362380279478725,0,0,0,0,0,0,0.3923470458176654,0.41990992430359747,0,0,0,0,0,0.19048402577814344,0,0,0,0,0.41498517393505463,0,Eukaryota;Arthropoda;;;;;
0,0,0,0.167947327277465,0,0,0,0,0,0,0,0,0.038405255857201656,0,0,0,0,0,0,0,0,0,0,0,0,0,0,0,0,0,0,0,0,0,0,0,0,0,0,0,0,0,0,0,0,0,0,0,0,0,0,0,0,0,0,0,0,0,0,0,0,0,0,0,0,0,0,0,0,0,0,0,0,0,0,0,0,0,0,0,0,0,0,0,0,0,0,0,0,0,0,0,0,0,0,0,0,0,0,0,0,0,0,0,0,0,0,0,0,0,0,0,0,0,0,0,0,1,0,0.5951207444665368,0.7987986446832558,0,0,0,0,0,0,0,0,0,0,0,0,0,0,0,0,0,0,0,0,0,0,0.025948679392968778,0,0,0,0,0,0,0,0,0,0,0,0,0,0,0.15804467660358099,0,0,0,0,0,0,0,0,0,0,0,0,0,0,0,0,0,0,0,0,0,0,0,0.1039602135861734,0,0,0,0,0,0,0,0,0,0,0,0,0,0,0,0,0,0,0,0,0,0.15161727094930044,0.15166036852489717,0,0,0,0,0,Eukaryota;Mollusca;Cephalopoda;Sepiolida;Sepiolidae;Euprymna;Euprymna albatrossae
0,0,0,0,0,0,0,0,0,0,0,0,0,0,0,0,0,0,0,0,0,0,0,0,0,0,0,0,0,0,0,0,0,0,0,0,0,0,0,0,0,0,0,0,0,0,0,0,0,0,0,0,0,0,0,0,0,0,0,0,0,0,0,0,0,0,0,0,0,0,0,0,0,0,0,0,0,0,0,0,0,0,0,0,0,0,0,0,0,0,0,0,0,0,0,0,0,0,0,0,0,0,0,0,0,0,0,0,0,0,0,0,0,0,0,0,0,0,0,0,0,0,0,0,0,0,0,0,0,0,0,0,0,0,0,0,0,0,0,0,0,0,0,0,0,0,0,0,0,0,0,0,0,0,0,0,0,0.004337220502746048,0,1,0.978263393799392,0.8961460440285555,0,0,0,0,0,0,0,0,0,0,0,0,0,0,0,0,0,0,0,0,0,0,0,0,0,0,0,0,0,0,0,0,0,0,0,0,0,0,0,0,0,0,0,0,0,0,0,0,0,Eukaryota;Arthropoda;Branchiopoda;Diplostraca;Sididae;Penilia;Penilia avirostris
0,0,0,0,0,0,0,0,0,0,0,0,0,0,0,0,0,0,0,0,0,0,0,0,0,0,0,0,0,0,0,0,0,0,0,0,0,0,0,0,0,0,0,0,0,0,0,0,0,0,0,0,0,0,0,0,0,0,0,0,0,0,0,0,0,0,0,0,0,0,0,0,0,0,0,0,0,0,0,0,0,0,0,0,0,0,0,0,0,0,0,0,0,0,0,0,0,0,0,0,0,0,0,0,0,0,0,0,0,0,0,0,0,0,0,0,0,0,0,0,0,0,0,0,0,0,0,0,0,0,0,0,0,0,0,0,0,0,0,0,0,0,0,0,0,0,0,0,0,0,0,0,0,0,0,0,0,1,0.7930654500322625,0,0,0,0,0,0,0,0,0,0,0,0,0,0,0,0,0,0,0,0,0,0,0,0,0,0,0,0,0,0,0,0,0,0,0,0,0,0,0,0,0,0,0,0,0,0,0,0,0,0,0,0,Eukaryota;Annelida;Clitellata;Haplotaxida;Hormogastridae;Hormogaster;
0,0,0,0,0,0,0,0,0,0.010480883070500439,0,0.014472064047936722,0,0,0,0,0,0,1,0.28632467431565806,0,0,0,0,0,0,0,0,0,0,0,0,0,0,0,0,0,0,0,0,0,0,0,0,0,0,0,0,0,0,0,0,0,0,0,0,0,0,0,0,0,0,0,0,0,0,0,0,0,0,0,0,0,0,0,0.7135190464199748,0,0,0,0,0,0,0,0,0,0,0,0,0,0,0,0,0,0,0,0,0,0,0,0,0,0,0,0,0,0,0,0,0,0,0,0,0,0,0,0,0,0,0,0,0,0,0,0,0.18663167192525262,0,0,0,0.07413969754717854,0.030668145148500196,0,0,0,0,0,0,0,0,0,0,0,0,0,0,0,0,0,0,0,0,0,0,0,0,0,0,0,0,0,0,0,0,0,0,0,0,0,0,0,0,0,0,0,0,0,0,0,0,0,0,0,0,0,0,0,0,0,0,0,0,0,0,0,0,0,0,0,0,0,0,0,0,0,0,0,0,0,0,0,0,0,Eukaryota;Mollusca;Cephalopoda;Teuthida;Pyroteuthidae;Pyroteuthis;Pyroteuthis addolux
0,0,0,0,0,0,0,0,0,0,0,0,0,0,0,0,0,0,0,0,0,0,0,0,0,0,0,0,0,0,0,0,0,0,0,0,0,0,0,0,0,0,0,0,0,0,0,0.07427992214683923,0,0,0,0,0,0,0,0,0,0,0,0,0,0,0,0,0,0,0,0,0,0,0,0,0.23749729784014448,0.2786625285097442,0,0,0,0,0,0,0,0,0,0,0,0,0,0,0,0,0,0,0,0,0,0,0,0.8301610500733573,0,0.8391854017057004,1,0.6351779014525843,0.79549070448879,0.4728944612737948,0,0.5996660204310478,0,0,0,0,0,0,0,0,0.06346659097690735,0,0,0,0,0,0,0,0,0,0,0,0,0,0,0,0,0,0,0,0,0,0,0,0,0,0,0,0,0,0,0,0,0,0,0,0,0,0,0,0,0,0,0.013960528548604507,0,0,0,0,0,0,0,0,0,0,0,0,0,0,0,0,0,0,0.05243844323277695,0,0,0,0,0,0,0,0,0,0,0,0,0,0,0.1434334890004993,0,0,0,0,0,0,0,0,0,0,0,0,0,0,0,0,0,0,0,Eukaryota;Bacillariophyta;Bacillariophyceae;Naviculales;Sellaphoraceae;Sellaphora;Sellaphora pupula
0,0,0,0,0,0,0,0,0,0,0,0,0,0,0,0,0,0,0,0,0,0,0,0,0,0,0,0,0,0,0,0,0,0,0,0,0,0,0,0,0,0,0,0,0,0,0,0,0,0,0,0,0,0,0,0,0,0,0,0,0,0,0,0,0,0,0,0,0,0,0,0,0,0,0,0,0,0,0,0,0,0,0,0,0,0,0,0,0,0,0,0,0,0,0,0,0,0,0,0,0,0,0,0,0,0,0,0,0,0,0,0,0,0,0,0,0,0,0,0,0,0,0,0,0,0,0,0,0,0,0,0,0,0,0,0,0,0,0,0,0,0,0,0,0,0,0,0,0,0,0,0,0,0,0,0,0,0,0,0,0,0,0,0,0,0,0,0,0,0,0,0,0,0,0,0.7050827084883522,1,0.7646359786518158,0,0,0,0,0,0,0,0,0,0,0,0,0,0,0,0,0,0,0,0,0,0,0,0,0,0,0,0,0,0,0,0,0,Eukaryota;Chordata;Mammalia;Cetacea;Delphinidae;Delphinus;Delphinus delphis
0.4431941991384849,0.09030938625694493,0.4453939645185059,0,0,0,0,0,0,0,0,0,0,0,0,0,0,0,0,0,0,0,0,0,0,0,0,0,0,1,0,0,0,0,0,0,0,0,0,0,0,0,0,0,0,0,0,0,0,0,0,0,0,0,0,0,0,0,0,0,0,0,0,0,0,0,0,0,0,0,0.05095421984796762,0,0,0,0,0,0,0,0,0,0,0,0,0,0,0,0,0,0,0,0,0,0,0.0063167739068066605,0.003906815011793133,0,0,0,0,0,0,0,0,0,0,0,0,0,0,0,0,0,0,0,0,0,0,0,0,0.001998914623841415,0,0,0,0,0,0,0,0,0,0,0,0,0,0,0,0,0,0,0,0,0,0,0,0,0,0,0,0,0,0,0,0,0,0,0,0,0,0,0,0,0,0,0,0,0,0,0,0,0,0,0,0,0,0.015810393140645033,0,0,0,0,0,0,0,0,0,0,0,0,0.014563256112190308,0,0,0,0,0,0,0,0,0,0,0,0,0,0,0,0,0,0,0,0,0,0,0,0,Eukaryota;Chaetognatha;Sagittoidea;Aphragmophora;Sagittidae;Sagitta;Sagitta crassa
0,0,0,0,0,0,0,0,0,0,0,0,0,0,0,0,0,0,0,0,0,0,0,0,0,0,0,0,0,0,0,0,0,0,0,0,0,0,0,0,0,0,0,0,0,0,0,0,0,0,0,0,0,0,0,0,0,0,0,0,0,0,0,0.4097521061521828,0,0,0,0,0,0,0,0,0,0,0,0,0,0,0,0,0,0,0,0,0,0,0,0,0,0,0,0,0,0,0,0,0,0.3575915818885278,0,0,0.5036808078491468,0.4746168571622095,1,0,0,0,0,0,0,0,0,0,0,0,0,0,0,0,0,0,0,0,0,0,0,0,0,0,0,0,0,0,0,0,0,0,0,0,0,0,0,0,0,0,0,0,0,0,0,0,0,0,0,0,0,0,0,0,0,0,0,0,0,0,0,0,0,0,0,0,0,0,0,0,0,0,0.09142697578789635,0,0,0,0,0.11731700012950014,0,0,0,0,0,0,0,0,0,0,0,0,0,0,0,0,0,0,0,0,0,0,0,0,0,0,0,0,0,Eukaryota;;;;Paramoebidae;Cunea;Cunea profundata
0.47527313528902654,0.6432009689780831,0.6173824357372395,0.024407445855885126,0.01658206777602071,0.04916900321020765,0,0,0.021006827218846124,0.01711748261853023,0,0,0.1867429452295998,0.36730442549056175,0,0,0,0,0,0.008600060870560707,0.14234010835277636,0.10574988250325755,0.0074701436789972545,0,0.03064981590207981,0,0,0.2093898122532859,0.10669027564653649,0.09686092354415574,0.0338409475465313,0.01953167111202428,0.168596946125036,0.23710250584642015,0.48497372109789794,0.5639100244875384,0.6353179988795676,0.1141542538476099,0.07522995875453119,0.09455653995468336,0.09960413254426163,0.12783796123355332,0,0.0027556564770005575,0,0.0327591316262789,0.47111424873514535,0.4984646573055481,0.5912408880965615,0.03876137278183954,0.06810091317133571,0.475586762889279,0,0,0.051046396751592935,0.030205139973364558,0.2128353925344188,0.2625957797679027,0.08601631205062084,0.10379038747151066,0,0,0.05096764051265504,0.09829578094083105,0,0.02381256112599396,0.031128157483066125,0.013024703440309886,0.1848982242311192,0.20483218751515717,0.23147848126786627,0.25331505869291837,0,0,0.7802405130965959,0,0.04660122427754963,0.03282743155191226,0.05857876213913366,0,0,0,0,0,0,0,0.02001219086789477,0,0.01700689662788579,0.02914541480170709,0.023735268528343994,0,0.006530044565434015,0.18175137258457538,0.16372638901631215,0.04631995130389535,0.01964403022675867,0.048756974974090185,0.12769982249517367,0.04168019919887409,0.039243417490077655,0.0406768451398408,0.03841178569959681,0.06756193057101842,0.10933437266128339,0.08331155872139479,0.08967080499927216,0.016803580870041024,0.007332298955444977,0.20303899271564654,0,0.02800695399937371,0,0,0,0.037686222142105104,0.039538259972112404,0.054854188610886374,0.011512297226582941,0.04676346605273905,0.05001704297929506,0,0.05204341987688889,0.02251104082501503,0,0,0.0018730103825587222,0.003683188397478212,0,0,0.031229115198580848,0.4468309935088741,0.5044935834298435,0.4824079452524453,0.19955146308058871,0.222497562540697,0.334311014620506,0.15387883839126668,0.16712015690434795,0.21548021024152253,0,0,0,0.034568134016615154,0.038603921757370846,0.03735071839498627,0.13223627574171287,0.09827900999940771,0.12346232470628327,0.05696431663282492,0.04542672359756053,0.0502062040523579,0,0,0,0.1820432363517085,0.19556514700274247,0.19969455090338012,0.2792655276849913,0,0.01501790951883656,0,0,0,0,0.8028465354907596,1,0.937862828206527,0.9829519466288071,0.9586596434256432,0,0,0.019994520981912747,0.020644192647852302,0,0,0,0,0.17395984570864717,0.21658111243935027,0.21543515735701588,0.055985873694207024,0.08435075604794409,0.09726607555299918,0.5795814587515461,0.4215673839217061,0.5191302882184392,0.026849241508927375,0.020631608562117557,0.018758755100797858,0.036736489378976424,0.07014376054820147,0.1519435461544352,0,0,0,0,0,0,0,0,0.00892984810955669,0,0.005083968004014354,0,0,0.016786982458148362,0,0,0.01502400381719672,0.012343118661252527,Eukaryota;Chordata;Actinopteri;Myctophiformes;Myctophidae;Stenobrachius;Stenobrachius leucopsarus
0,0,0,0.14026962215125396,0,0,0.12203425697712052,0,0.2340232166363159,0,0,0,0,0,0,0,0,0,0,0,0,0,0,0,0,0,0,0.2784926992784501,0.3440005614330579,0.33833351916450305,0,0,0.12239076154806493,0,0,0.08923020911552552,0,0,0,0.2540648826276479,0.4444712350899753,0.3778379612335533,0,0,0,0,0,0.1461333214083415,0,0,0,0,0,0,0,0,0,0,0,0,0,0,0,0.034763444749402496,0,0.18474860545756067,0,0,0,0,0,0,0,0,0,0,0,0,0,0,0,0,0,0.3496533522089708,0,0,0,0,0,0,0,0,0,0,0,0,0,0,0,0,0,0,0.08266479625764885,0,0,0.045963996783668915,0,0.08180064040385077,0,0,0,0,0,0.2124176633732016,0,0,0,0,0,0,0,0,0,0,0,1,0.7698550857542803,0.8519019442770267,0,0.12560859983599834,0,0,0,0,0.11038933254061553,0.010582293292573666,0,0,0,0,0.21769011107114147,0,0.1815376516462179,0,0,0,0,0,0,0,0,0,0,0.1375090295749262,0,0,0.0888362487251854,0.05296822320836815,0,0,0.055483678907203286,0,0,0,0,0,0,0,0.013837487331927495,0,0,0,0,0,0,0,0,0,0,0,0,0,0,0,0,0,0,0,0,0,0,0,0,0,0,0,0,0,0,0,0,0,0,0,0.1285789232080792,0,0,0,0,0,0,Eukaryota;Arthropoda;Hexanauplia;Calanoida;Clausocalanidae;Clausocalanus;Clausocalanus arcuicornis
0,0,0,0.9151776257837794,0.704807017340676,1,0,0,0,0,0,0,0,0,0,0,0,0,0,0,0,0,0.22063687416835653,0,0.2268519460635396,0,0,0,0,0,0,0,0,0,0,0,0,0,0,0,0,0,0,0,0,0,0,0,0,0,0,0,0,0,0,0,0,0,0,0,0,0,0,0,0,0,0,0,0,0,0,0,0,0,0,0,0,0,0,0,0,0,0,0,0,0,0,0,0,0,0,0,0,0,0,0,0,0,0,0,0,0,0,0,0,0,0,0,0,0,0,0,0,0,0,0,0,0,0,0,0,0,0,0,0,0,0,0,0,0,0,0,0,0,0,0,0,0,0,0,0,0,0,0,0,0,0,0,0,0,0,0,0,0,0,0,0,0,0,0,0,0,0,0,0,0,0,0,0,0,0,0,0,0,0,0,0,0,0,0,0,0,0,0,0,0,0,0,0,0,0,0,0,0,0,0,0,0,0,0,0,0,0,0,0,0,0,0,0,0,0,Eukaryota;Arthropoda;Insecta;Diptera;Keroplatidae;Asindulum;Asindulum sp. BBDED288-10
0,0,0,0,0,0,0,0,0,0,0,0,0,0,0,0,0,0,1,0.13446904805539397,0,0,0,0,0,0,0,0,0.043329623253598716,0,0,0,0,0,0,0,0,0,0,0,0,0,0,0,0,0,0,0,0,0,0,0,0,0,0,0,0,0,0,0,0,0,0,0,0,0,0,0,0,0,0,0,0,0,0,0,0,0,0,0,0,0,0,0,0,0,0,0,0,0,0,0,0,0,0,0,0,0,0,0,0,0,0,0,0,0,0,0,0,0,0,0,0,0,0,0,0,0,0,0,0,0,0,0,0,0,0,0,0.09071941344682959,0.07594275942759428,0,0,0,0,0,0,0,0,0,0,0,0,0,0,0,0,0,0,0,0,0,0,0,0,0,0,0,0,0,0,0,0,0,0,0,0,0,0,0,0,0,0,0.3709885897279146,0.27437063862208355,0.21751529448439377,0,0,0,0,0,0,0,0,0,0,0,0,0,0,0,0,0,0,0,0,0,0.03302620780081729,0,0.06256358806403815,0,0,0,0,0,0,0,0,0,0,0.021355699704138267,0.01447461338990368,Eukaryota;Chordata;Actinopteri;Myctophiformes;Myctophidae;Protomyctophum;Protomyctophum crockeri
0,0,0,0,0,0,0,0,0,0,0,0,0,0,0,0,0,0,0,0,0,0,0,0,0,0,0,0,0,0,0,0,0,0,0,0,0,0,0,0,0,0,0,0,0,0,0,0,0,0,0,0,0,0,0,0,0,0,0,0,0,0,0,0,0,0,0,0,0,0,0,0,0,0,0,0,0,0,0,0,0,0,0,0,0,1,0.9737422407552844,0,0,0,0,0,0,0,0,0,0,0,0,0,0,0,0,0,0,0,0,0,0,0,0,0,0,0,0,0,0,0,0,0,0,0,0,0,0,0,0,0,0,0,0,0,0,0,0,0,0,0,0,0,0,0,0,0,0,0,0,0,0,0,0,0,0,0,0,0,0,0,0,0,0,0,0,0,0,0,0,0,0,0,0,0,0,0,0,0,0,0,0,0,0,0,0,0,0,0,0,0,0,0,0,0,0,0,0,0,0,0,0,0,0,0,0,0,0,0,0,0,0,0,0,Eukaryota;Echinodermata;Ophiuroidea;Ophiurida;Amphiuridae;;
0,0,0,0,0,0,0,0,0,0,0,0,0,0,0,0,0,0,0,0,0,0,0,0,0,0,0,0,0,0,0,0,0,0,0,0,0,0,0,0,0,0,0,0,0,0,0,0,0,0,0,0,0,0,0,0,0,0,0,0,0,0,0,0,0,0,0,0,0,0,0,0,0,0,0,0,0,0,0,0,0,0,0,0,0,0,0,0,0,0,0,0,0,0,0,0,0,0,0,0,0,0,0,0,0,0,0,0,0,0,0,0,0,0,0,0,0,0,0,0,0,0,0,0,0,0.8955310432679314,0.7235535564315666,1,0,0,0,0,0,0,0,0.012793642405828733,0,0,0,0,0,0,0,0,0,0,0,0,0,0,0,0,0,0,0,0,0,0,0,0,0,0,0,0,0,0,0,0.35280542878130416,0.2881116625977017,0.21838374641533762,0,0,0,0,0,0,0,0,0,0,0,0,0,0,0,0,0,0,0,0,0,0,0,0,0,0,0,0,0,0,0,0,0,0,0,0,0,0,0,0,0,Eukaryota;Cnidaria;Anthozoa;Corallimorpharia;Corallimorphidae;Corynactis;Corynactis californica
0,0.01778257537725435,0,0,0,0,0,0,0,0,0,0,0,0,0,0,0,0,0,0,0,0,0,0,0,0,0,0,0,0,0,0,0,0,0,0,0,0,0,0,0,0,0,0,0,0,0,0,0,0,0,0,0,0,0,0,0,0,0,0,0.02588888549068382,0.030902326517168593,0,0,0,0,0,0,0,0,0,0,0,0,0,0,0,0,0,0,0,0,0,0,0,0,0,0,0,0,0,0,0,0,0,0,0,0,0,0,0,0,0,0,0,0,0,0,0,0,0,0,0,0,0,0,0,0,0,0,0,0,0,0,0,0,0,0,0,0,0,0,0,0,0,0,0,0,0,0,0,0,0,0,0,0,0,0,0,0,0,0,0,0,0,0,0,0,0,0,0,0,0,0,0,0,0,0,0,0,0,0,0,0,0,0,0,0,0,0,0,0,0,0,0,0,0,0,0,0,0,0,0,0.7550702302138053,0.8015993265993265,1,0,0,0,0,0,0,0,0,0,0,0,0,0,0,0,Eukaryota;Cnidaria;Hydrozoa;Siphonophorae;Forskaliidae;Forskalia;Forskalia asymmetrica
0,0,0,0,0,0,0.03844025479338049,0.07491980311055381,0,0,0,0,0,0,0,0,0,0,0,0.08757292201428105,0,0,0,0,0,0,0,0,0,0,0,0,0,0,0,0,0,0,0,0,0,0,0,0,0,0,0,0.01643976936092387,0,0,0,0,0,0,0,0,0,0,0,0,0,0,0,0.09125276969790917,0,0.01616527750856109,0,0,0,0,0,0,0,0.04625557855165649,0,0,0,0,0,0,0,0,0,0,0,0,0,0,0,0,0,0,0,0.0026662958001498383,0.004947173008684923,0,0,0.10267419758952871,0,0.11027722358836357,0.07377394808620083,0,0.006411129152673506,0,0,0.05731055913725703,0,0,0,0,0,0,0,0,0,0,0,0,0,0.008268625393494228,0,0,0,0,0,0,0,0,0,0,0,0,0,0,0,0,0,0,0,0,1,0.7693057231131382,0.8917912752453965,0,0,0,0,0,0,0,0,0,0,0,0,0,0,0,0.002969934443970715,0,0,0,0,0,0,0,0,0,0,0,0,0,0,0,0,0.03273211934879842,0.04642309186531291,0,0,0,0,0,0,0,0,0,0,0,0,0,0,0,0,0.01924341093221208,0,0,0,0,0,0,0,0,0,0,0,0,0,0,0,0,0,Eukaryota;Arthropoda;Insecta;Lepidoptera;;;
0.057420323121744506,0.05297135876204696,0.028877514128593993,0,0,0,0.7383732915079543,0.7006070134066991,0.31939107482659135,0.06265443248320209,0,0,0.32303705623218454,0,0,0,0,0,0,0,0,0,0,0,0,0,0,0.12317481961252201,0,0.145037511348975,0,0,0,0,0,0,0,0.1566878323266739,0.3191686512232085,0,0,0,0,0,0,0,0,0,0,0,0,0,0,0,0.0656870171186184,0,0,0,0,0,0,0,0,0,0,0,0,0,0,0,0,0,0,0,0,0,0,0,0,0,0,0,0,0,0,0,0,0,0,0,0,0,0,0,0.009002553768712066,0,0,0,0,0,0,0,0,0,0,0,0,0,0,0,0,0,0,0.16911076443057724,0.2343092945568874,0,0,0,0.22122448979591838,0,0,0.22300702897308416,0,0.15449298083089857,0,0.03317182638853471,0.03496409293147774,0.0637775162873461,0.914110488237267,1,0,0.26521905344445296,0,0,0.31638088288945637,0.25105951386325215,0.04527190398733899,0,0,0,0.6759023142411767,0.45771369721936145,0,0,0,0,0,0,0,0,0,0,0.16787404284608107,0,0.1195423425079263,0,0,0.015618246261130161,0,0,0,0,0.29557834722523474,0.20770704705130935,0,0,0,0,0,0,0,0,0,0,0,0,0.10559727239517798,0.09055342847198052,0,0,0,0,0,0,0,0,0,0,0,0,0,0,0,0,0,0,0,0,0,0,0,0,0,0,0,0,0,0,0,0,0,Eukaryota;Cnidaria;Hydrozoa;Siphonophorae;Prayidae;Amphicaryon;Amphicaryon acaule
0,0,0,0,0,0,0,0.37859185990654615,0,0,0,0,0,0,0,0,0,0,0,0,0,0,0,0,0,0,0,0.4589671751605023,0,0,0,0,0,0,0,0,0,0,0,0,0,0,0,0,0,0,0,0.04531363793169535,0,0,0,0,0,0,0,0,0,0,0,0,0,0,0.48186172109848674,0,0,0,0,0,0,0,0,0,0.09960677191047383,0.23374307977136283,0,0,0,0,0,0,0,0,0,0,0,0,0,0,0,0,0,0,0,0,0,0,0,0,0,0.07998995209483599,0.09037612522217763,0.16211031566061967,0.021749254040255954,0.043106803264893974,0,0,0,0,0,0,0,0,0,0.15369052262090482,0.08711344321084692,0.011677948772892854,0,0,0,0.03255880724772992,0.026739928071501967,0.09289146879821704,0,0,0,0,0,0.021205613394369025,0,0,0,0,0,0,0,0.037517365496337454,0.025985569525651734,0,0,0,0,0,0,0,0,0,0,0,0,0,0,0,0,0,0,0,0,0.019871751001354347,0,0.06354616848351932,0,0,0,0,0,0,0,0.06910144376899695,0,0.09942232863082336,0,0,0,0,0,0,0,0,0,0,0,0,0.02348213920878253,0,0,0,0,0,0.36889205163930855,0,0.1007275474956822,1,0,0,0,0,0,0,0,0,0,0,0,0,0,0,0,0,0,0,0,Eukaryota;Rhodophyta;Florideophyceae;Palmariales;Palmariaceae;Devaleraea;Devaleraea mollis
0,0.02148724741742065,0.08032350920614131,0,0,0,0,0,0,0,0.32626931925945635,0.12407984301491565,0.034183413605454335,0.09790247372973747,0,0,0,0,0,0,0.20379081276602545,0.20849068386452146,0,0,0,0.15955169169883543,0.059568206413839815,0,0,0.34039015757567764,0,0,0,0,0,0,0,0,0,0,0,0,0,0,0,0.09056903062372007,0,0,0,0,0.08847336894932815,0,0,0,0,0,0,0,0,0,0,0,0.09409451793184265,0.0505191012076779,0,0,0.037138937780750655,0,0,0,0,0,0,0,0,0.10988237659595858,0,0,0,0,0,0,0,0,0,0,0,0,0,0.1081836987767649,0,0,0,0,0,0,0,0,0.06665679287693192,0,0,0,0,0,0,0,0,0,0,0,0.12595874361371115,0,0,0,0,0,0,0,0,0,0,0,0,0,0,0,0,0,0,0,0,0,0,0,0,0.053311964881413806,0.007248966517752246,0,0,0,0,0,0,0,0,0,0,0,0,0,0,0,0.19293938593810725,0.1165683963547482,0.06061379088519426,0,0,0.005701832396483659,0.021922756500334168,0,0,0,0,0,0,0,0,0,0,0,0,0,0.7213879009151052,1,0.7619452225466473,0,0,0,0,0,0,0,0,0,0,0.06636059014175313,0,0,0,0,0,0,0,0,0,0,0.13230409016944814,0,0.17544227458778094,0,0,0.061019409345516126,0,0,0,0,0,0,0,0,0,Eukaryota;Arthropoda;Hexanauplia;Calanoida;Metridinidae;Pleuromamma;Pleuromamma xiphias
0,0,0.01865483223390639,0,0.012676704089049804,0.020484930338796444,0.21053251250953098,0.20608394194104548,0.21159525331490098,0,0,0.009314610366587168,0,0,0,0,0,0,0,0,0,0,0,0,0,0,0.04458772281212109,0,0.09339965943994859,0.07656715770029528,0.01783686113182473,0.011210569123585642,8.883358086158778e-4,0,0.16348987810460816,0.17616082944888936,0,0,0.007911704067305155,0,0.060480443739811374,0.07894422069961832,0.8496978078353904,0.842326301936574,0.3882650174170846,0.4057587401832668,0,0.11542716961266578,0.11849360920891781,0,0,0.05371540984352104,0,0,0,0,0,0,0,0.04950290707712546,0,0,0,0,0.10503973299099026,0,0.28956538835472967,0,0.0992467945665058,0.13033336931156878,0,0,0.03617376754562074,0.05722325643545928,0.0909563906884149,0,0,0.40838766805737764,0.3725998800981561,0.015318500273689658,0,0,0.4438199432251394,0.4560324155027913,0.4462536391826679,0.18629194225455695,0.14090840626532208,0.006903769247182709,0.030267992043380706,0.301719206149919,0.3302858861054616,0.25152358966473287,0,0.9609913148332501,1,0.08315917669984497,0.03718624355900126,0,0.45241634493614025,0,0,0,9.090864734566322e-4,0.002542848378453169,0.41841358292006425,0,0,0.4596749822249372,0.4587765880208731,0.9315399055474295,0.13420934607914803,0,0,0,0,0,0,0.024057992991158322,0,0.023342323544773287,0.019143355273937485,0,0.023087938461190272,0.4599845961757941,0,0.12312046456469768,0.11555531571993126,0.11835823180351997,0.0011785267356995976,0,0,0,0,0.057801004371870496,0.13289687108883688,0.12989824862365626,0.15889769782826188,0.00979005429070981,0.013012640486031755,0,0,0.02876951602637209,0,0.57969642529773,0,0.5121888755028335,0.28141381311677194,0.28135724727855205,0.2696893489254687,0,0,0,0.3803181576921273,0.3814834328036036,0.3863746225991796,0,0,0,0,0,0.003150097029210015,0,0.0486690470178587,0.0776161689286955,0.0844709045478001,0,0,0,0,0,0,0,0.16991938169202722,0.1492621923885869,0.1371084025614855,0.23129419549052102,0.24222544778083718,0.269196292244198,0.24874613366850795,0,0,0.0815935754769387,8.614928059474177e-4,0.07068850395768436,0,0,0.10339117593384929,0.011946221673249038,0.010097743215743683,0,0,0.004681433433932365,0,0,0.12861742377376298,0.1136479456090095,0.10273212666622547,0,0.08695776924842516,0.03946906401863159,0.025612006264505466,0,0,0,0,0,0.1636988720198695,0,0.1868657168363423,0,0.051280714400386736,Eukaryota;Cnidaria;Hydrozoa;Leptothecata;Campanulariidae;Campanularia;Campanularia sp. MZUSP 2761
0,0,0,0,0,0,0,0,0,0,0,0,0,0,0,0,0,0,0,0,0,0,0,0,0,0,0,0,0,0,0,0,0,0,0,0,0,0,0,0,0,0,0.9447624434981909,1,0,0,0,0,0,0,0,0,0,0,0,0,0,0,0.0011985276414750031,0,0,0,0,0,0,0,0,0,0,0,0,0,0.005502287880156909,0.008607993815604429,0,0,0,0,0,0,0,0,0,0,0,0.5113413152582469,0.4178622233144494,0,0,0,0,0,0,0,0,0,0,0.001319911636129075,0,8.100863509820166e-4,0.0031462432912573728,0.002702878014777171,0.0014970955766508958,0.0015951148306563093,0,0.0010524952527263872,0,0.7691851496740643,0.7664613310308979,0,0.8865054564910781,0,0,0,0,0,0,0,0,0,0,0,0,0,0,0,0,0,0,0,0,0,0,0,0,0,0,0,0,0,0,0,0,0,0,0,0,0,0,0,0,0,0,0,0,0,0,0,0,0,0,0,0,0,0,0,0,0,0,0,0,0,0,0,0,0,0,0,0,0,0,0,0,0,0,0,0,0,0,0,0,0,0,0,0,0,0,0,0,0.18424380239371138,0.16961989529453217,0.052996447387252496,0.03797507439399712,0.042197144577329065,0,0,0,0,0,0,0,Eukaryota;Cnidaria;Hydrozoa;Narcomedusae;Cuninidae;Solmissus;Solmissus incisa
0,0,0,0,0,0,0,0,0,0.06533193116532471,0,0,0,0,0,0,0,0,0.13931465241017268,0,0,0,0,0,0,0,0,0,0,0,0,0,0,0,0.9782673077593116,1,0.5621138095770146,0,0.03132311787864938,0,0,0,0,0,0,0,0,0,0,0,0,0,0,0,0,0,0,0,0,0,0,0,0,0,0,0,0,0,0,0,0,0,0,0,0,0,0,0,0,0,0,0,0,0,0,0,0,0,0,0,0,0,0,0.005396589362154193,0,0,0,0,0,0,0,0,0,0,0,0,0,0,0,0,0,0,0,0,0,0,0,0,0,0,0,0,0,0,0,0,0,0,0.24262622068189604,0.30239297184638514,0,0,0,0,0,0.014055752373509384,0,0,0,0,0,0,0,0.03958063815369252,0.0901713245389923,0,0.030970434429634708,0.023282031929214818,0.03225570854764693,0,0,0,0,0,0,0,0,0,0,0,0,0,0,0,0,0,0,0.06342711661860598,0.03675881777830473,0.02956250732093808,0,0,0,0,0,0.05175772762058608,0.0856410387468011,0.025179512962318393,0,0,0,0,0,0,0,0.06065292256287478,0,0,0,0,0,0,0,0,0,0,0,0,0,0,0,0,0,0,0,0,0.22424681385959597,0.15053962339770058,0,0,0,Eukaryota;Cnidaria;Hydrozoa;Siphonophorae;Physophoridae;Physophora;Physophora hydrostatica
0,0,0.20931743685915663,0,0,0,0,0,0,0,0.19052884814618518,0,0,0,0,0,0,0,0,0,0,0,0,0,0,0,0,0,0.13623329103091195,0,0,0,0,0,0,0,0,0,0,0,0,0,0,0,0,0,0,0,0,0,0,0,0,0,0,0,0,0,0,0,0,0,0,0,0,0,0.36435376788427265,0.274416486036503,0,0,0,0,0,0,0,0,0,0,0,0,0,0,0.27583190846757066,0.22368544993795,0,0,0,0,0,0,0,0,0,0,0,0,0,0,0.16348511219658263,0,0.8162163654394604,0.8700024675502279,0.14285427737884662,0.3648095166859892,0,0,0,0,0,0,0,0,0,0,0,0,0,0,0,0,0,0,0,0,0,0,0,0,0,0,0,0,0,0,0,0,0,0,0,0,0,0,0,0,0,0,0,0,0,0,0,0,0,0,0,0,0,0,0,0,0,0,0,0,0,0,0,0,0,0,0,0,0,0,0,1,0.9192512315863373,0.7207229505872039,0,0,0,0,0,0,0,0,0,0,0,0,0,0,0,0,0,0,0,0,0,0,0,0,0,0,0,0,0,0,0,0.20143428683430756,0.5688729991273654,Eukaryota;Echinodermata;Asteroidea;Forcipulatida;Labidiasteridae;Rathbunaster;Rathbunaster californicus
0.5912662423653859,1,0.7088763637747519,0,0,0,0.30012425396696063,0,0,0,0,0.14317142090881882,0.3254051921128884,0,0,0,0,0,0,0,0,0,0,0,0,0,0.11341057903487345,0,0,0,0,0,0,0,0,0,0,0,0,0,0,0,0,0,0,0,0,0,0,0,0,0,0,0,0,0,0,0,0,0,0,0.40341481578832084,0.17061376489715,0,0,0,0,0,0,0,0,0,0,0,0,0,0,0,0,0,0,0,0,0,0,0,0,0,0,0,0,0,0,0,0,0,0,0,0,0,0,0,0,0,0,0,0,0,0,0,0,0,0,0,0,0.02290062572869395,0,0,0,0,0,0,0,0,0.6127932124438529,0,0,0,0,0,0,0,0,0,0,0,0,0,0,0,0.30114839994331577,0.1832093788034828,0.15945128154070584,0,0,0,0,0,0,0,0,0,0,0,0.17310186596934746,0,0,0,0,0,0,0,0.5187984326893013,0,0,0,0,0,0,0,0,0,0,0,0,0,0.05096962440084573,0,0,0,0,0,0,0,0,0,0,0,0,0,0,0,0,0,0,0,0.3358544068638848,0,0.15905744376746134,0,0,0,0,0,0,0,0,0,0,0,0,Eukaryota;Arthropoda;Malacostraca;Euphausiacea;Euphausiidae;Stylocheiron;Stylocheiron maximum
0,0,0,0,0,0,0,0,0,0,0,0,0,0,0,0,0,0,0,0,0,0,0.36764187529893844,1,0.896234144515772,0,0,0,0,0,0,0,0,0,0,0,0,0,0,0,0,0,0,0,0,0,0,0,0,0,0,0,0,0,0,0,0,0,0,0,0,0,0,0,0,0,0,0,0,0,0,0,0,0,0,0,0,0,0,0,0,0,0,0,0,0,0,0,0,0,0,0,0,0,0,0,0.06661051898632105,0,0,0,0,0,0,0,0,0,0,0,0,0,0,0,0,0,0,0,0,0,0,0,0,0,0,0,0,0,0,0,0,0,0,0,0,0,0,0,0,0,0,0,0,0,0,0,0,0,0,0,0,0,0,0,0,0,0,0,0,0,0,0,0,0,0,0,0,0,0,0,0,0,0,0,0,0,0,0,0,0,0,0,0,0,0,0,0,0,0,0,0,0,0,0,0,0,0,0,0,0,0,0,0,0,0,0,0,0,0,0,0,0,0,Eukaryota;Chordata;Actinopteri;Perciformes;Cottidae;Orthonopias;Orthonopias triacis
0,0,0,0,0,0,0.14659048472626784,0.1785649300551698,0,0,0,0,0,0,0,0,0,0,0,0,0,0,0.7348676535502586,0.7071467688937568,0.5642374586747162,0,0,0,0,0,0,0,0,0,0,0,0,0,0,0,0,0,0,0,0,0,0.17319978821037768,0.8150018526326548,0,0,0,0,0,0,0,0,0,0,0,0,0,0,1,0.23489260866790068,0,0,0,0,0,0,0,0,0.45100877797692907,0.9995656133539442,0,0,0,0,0,0,0,0,0,0,0,0,0,0,0,0,0,0,0,0.4423001725737106,0.5037184787197475,0,0,0,0,0,0,0.06564389682667095,0,0.06193306125883541,0,0,0,0.0460597953628086,0,0.7277884900622961,0,0,0,0,0,0,0,0,0,0,0,0,0,0,0,0,0,0,0,0,0,0,0,0,0,0,0,0,0,0,0,0,0,0,0,0,0,0,0,0,0,0,0,0,0,0,0,0.04418521093277238,0,0,0,0,0,0,0,0,0,0.09560342140129374,0.06925801087972178,0.04649680774196605,0,0,0,0,0,0.468085207868277,0.4757754822241164,0,0,0,0,0,0,0,0,0,0,0,0,0,0,0,0,0,0,0,0,0,0,0,0,0,0,0,0,0,0,0,0,0,0,Eukaryota;Bacillariophyta;Bacillariophyceae;Bacillariales;Bacillariaceae;Pseudo-nitzschia;Pseudo-nitzschia cuspidata
0,0.11985795417226779,0,0,0,0,0,0,0,0,0,0,0,0,0,0,0,0,0,0,0,0,0,0,0,0,0,0.18812714086992857,0,0.7383947578140294,0,0,0,0,0,0,0,0,0,0,0,0,0,0,0.7150645997232103,0.4262649081425866,0,0,0,0,0,0,0,0,0,0,0,0,0,0,0,0.5318772195348745,0,0,0,0,0,0,0,0,0,0,0,0,0,0,0,0,0,0,0,0,0,0,0,0,0,0,0,0,0,0,0,0,0,0,0,0,0,0,0,0,0,0,0,0,0,0,0,0,0,0,0,0,0,0,0,0,0,0,0,0,0,0,0,0.5910792228581958,0.6963109989439188,0.48308310180320385,0,0,0,0,0,0,0,0,0,0,0,0,0,0,0,0,0,0,0,0,0,0,0,0,0,0,0,0.3996169208848193,0.21276479724329134,0.19878359498528061,0,0,0,0,0,0,0,0,0,1,0.5982391777620724,0.3843740793767789,0,0,0,0,0,0,0,0,0,0,0,0,0,0,0,0,0,0,0,0,0,0,0,0,0,0,0,0,0,0.5603462040786247,0.37322202507344604,0,0,0,0,0,0,0,0,0,0,Eukaryota;Chordata;Actinopteri;Perciformes;Sebastidae;Sebastes;Sebastes melanostomus
0,0,0,0,0.12463494244975092,0,0,0,0,0,0,0,0,0,0,0,0,0,0,0,0,0,0,0,0,0,0,0,0,0,0,0,0,0,0,0,0,0,0,0,0,0,0,0,0,0,0,0,0,0,0,0,0,0,0,0,0,0,0,0,0,0,0,0.32415267760260424,0,0,0,0,0,0,0,0,0,0,0,0,0,0,0,0,0,0,0,0,0,0,0,0,0,0,0,0,0,0.013530500041029774,0.03626297742825263,0,0,0.21024216308839835,0,0.16690348598029664,0.23571851766909394,0,0,0.39681504543924606,0,0.2500123073893566,0.23536090835360912,0,0,0,0,0,0,0,0,0,0,0,0,0.029971660153183897,0.03750880526312388,0.06218926795816904,0,0,0,0,0.003441291705799205,0,0,0,0,0,0,0,0,0,0,0,0,0,0,0,0,0,0,0,0,0,0,0,0,0,0,0,0,0,0,0,0,0,0,0,0,0,0,0,0,0,0,0,0,0,0,0,0,0,0,0,0,0,0,0,0,0,0,0,0,0,0,0,0,0,1,0,0,0.050789317091952814,0,0,0,0,0,0,0,0,0.057092268345465276,0,0,0,0,0,0,Eukaryota;NA;Phaeophyceae;Ectocarpales;Chordariaceae;Dictyosiphon;Dictyosiphon ekmanii
0,0,0,0,0,0,0,0,0,0,0,0,0,0,0,0,0,0,0,1,0,0,0,0,0,0,0,0,0,0,0,0,0,0,0,0,0,0,0,0,0,0,0,0,0,0,0,0,0,0,0,0,0,0,0,0,0,0,0,0,0,0,0,0,0.9366244724124544,0,0,0,0,0,0,0,0,0,0,0,0,0,0,0,0,0,0.19797416181716893,0,0,0,0,0,0,0,0,0,0,0,0,0,0,0,0,0,0,0,0,0,0,0,0,0,0,0,0,0,0,0,0,0,0,0,0,0,0,0,0,0,0,0,0.14619491062733425,0.17721711282234495,0,0,0,0,0,0,0,0,0,0,0,0,0,0,0,0,0,0,0,0,0,0,0,0,0,0,0,0,0,0.6949995379511062,0,0,0,0,0,0,0,0,0,0.22211024485419203,0,0.18303984001744905,0,0,0,0,0,0,0,0,0,0,0,0,0,0,0,0,0,0,0,0,0,0,0,0,0,0,0,0,0,0,0,0,0,0,0,0,0,0,0,0,0,Eukaryota;Arthropoda;Hexanauplia;Calanoida;Pontellidae;Anomalocera;Anomalocera patersoni
0,0,0,0,0,0,0,0,0,0,0,0,0,0,0,0,0,0,0,0,0,0,0,0,0.32584823003645774,0,0,0.7727718208159661,1,0.14443389792221445,0,0,0,0,0,0,0,0.044581637968659805,0,0,0,0,0,0,0.24865848231814255,0.4168982890178823,0,0.11585603824670097,0.028109853170070604,0,0,0,0,0,0.05887227830494003,0,0,0,0.16598739303078355,0,0,0.03783199321377795,0,0,0,0,0,0,0,0,0,0,0,0,0,0,0,0,0,0,0,0,0,0.0852950353431847,0,0,0,0,0,0,0,0,0,0.006442352491185382,0,0,0,0,0,0,0,0,0,0,0,0,0,0,0,0,0,0,0,0,0,0.3228568574634218,0.2960685162423278,0,0,0,0,0,0,0,0,0,0.005120379449790043,0,0,0,0,0,0,0,0,0,0,0,0,0,0.02588805235293904,0,0,0,0,0,0,0.01478387022876053,0.018981974795634727,0,0,0,0,0,0,0,0,0,0,0,0.052785654882189184,0,0,0,0,0,0,0,0,0,0,0,0,0,0,0,0.18986825063559243,0,0,0,0,0,0.010292256658124934,0.01640857563941008,0,0,0,0,0,0,0,0,0,0,0,0,0,0,0,0,0,0,0,0,0,0,0,0,0,0,0,Eukaryota;Arthropoda;Hexanauplia;Calanoida;Eucalanidae;Eucalanus;Eucalanus elongatus
0,0,0,0,0,0,0,0,0,0,0,0,0,0,0,0,0,0,0,0,0,0,0,0,0,0,0,0,0,0,0,0,0,0,0,0,0,0,0,0,0,0,0,0,0,0,0,0,0,0,0,0,0,0,0,0,0,0,0,0,0,0,0,0,0,0,0,0,0,0,0,0,0,0,0,0,0,0,0,0,0,0,0,0,0,0,0,0,0,0,0,0,0,0,0,0,0,0,0,0,0,0,0,0,0,0,0,0,0,0,0,0,0,0,0,0,0,0,0,0,0,0,0,0,0,0,0,0,0,0,0,0,0,0,0,0,0,0,0,0,0,0,0,0,0,0,0,0,0,0,0,0,0,0,0,0,0,0,0,0,0,0,0,0,0,0,0,0,0,0,0,0,0,0,0,0,0,0,0,0,0,0,0,0,0,0,0,0,0,0,0,0,0,0,0,0,0,0,0,0,0,0.9785792730685964,0.7490441142331884,1,0,0,0,0,0,0,0,Eukaryota;Arthropoda;Hexanauplia;;;;
0,0,0,0.6675908057451098,0.7679367945462461,0.6559637983392433,0,0,0,0,0,0,0.008326959990107205,0.006359653377234912,0,0,0,0,0,0,0,0,1,0.9743671242612134,0.8046136645734785,0,0,0,0,0,0,0,0,0,0,0,0,0,0,0.011991878938964856,0.028607824261583537,0.020577664935262526,0,0,0,0,0,0,0,0,0,0,0,0,0,0,0.03539863011118575,0.02007865659884992,0,0,0,0,0.28378499130361795,0.2509113011823004,0,0,0,0,0,0,0,0,0,0.017712813215945773,0,0,0,0,0,0,0,0,0,0,0,0,0,0,0,0,0,0,0,0,0,0,0.07847599142973023,0,0,0,0,0,0,0,0,0,0,0,0,0,0,0,0,0,0,0,3.9969325093068943e-4,0.3039706701105239,0,0.22850705761308757,0.2737048506640535,0,0,0,0,0.7598991923825976,0.7991950685201844,0.7653085961717812,0,0,0,0,0,0,0,0,0,0,0,0,0,0,0,0,0,0,0,0,0,0,0,0,0,0,0,0,0,0,0,0,0,0,0,0,0,0,0,0,0,0,0,0,0,0,0,0,0,0,0,0,0,0,0,0,0,0,0,0,0.001865502016041782,0,0,0,0,0,0,0,0,0,0,0,0,0,0,0,0.09524853989129986,0.1400560901728151,0,0,0,0,0,Eukaryota;Arthropoda;Malacostraca;Decapoda;Pandalidae;Pandalus;Pandalus platyceros
0,0,0,0,0,0,0,0,0,0,0,0,0,0,0,0,0,0,0.2638281367838135,1,0,0,0,0,0,0,0,0,0,0.07400239983484845,0,0,0,0,0,0,0,0,0,0,0,0,0,0,0.013934712616468772,0,0,0,0,0,0,0,0,0,0,0,0,0,0,0,0,0,0,0,0,0.027360502553706496,0,0,0,0,0,0,0,0,0,0,0.02705408939737038,0.10000801301121497,0,0,0,0,0,0,0,0,0,0,0,0,0,0,0,0,0,0,0,0,0,0,0,0,0,0,0,0,0,0,0,0,0,0,0,0,0,0,0,0,0,0,0,0,0,0,0,0,0,0,0,0,0,0,0,0,0,0,0,0.010575308804588046,0,0,0,0,0,0,0,0,0,0,0,0,0,0,0.1082574791225929,0.024437420648612533,0.07115968484785523,0,0,0,0,0,0,0,0,0,0,0,0,0,0,0,0,0,0,0,0,0,0,0,0,0,0,0,0,0,0,0,0,0,0,0,0,0,0,0,0,0,0,0,0,0,0,0.010446898417052574,0,0.004486234708412148,0,0,0,0,0,0,0,Eukaryota;Cnidaria;Hydrozoa;Siphonophorae;Agalmatidae;Halistemma;Halistemma rubrum
0,0,0,0,0,0,0,0,0,0,0,0,0,0,0,0,0,0,0,0,0.4699518587790858,0.24195600538344242,0,0,0,0,0,0,0,0,0.23049131884329754,0.7122772529703205,0,0,0.5481848252640296,1,0.8234277107738678,0,0,0,0,0,0,0,0,0,0,0,0,0,0,0,0,0,0,0,0,0,0,0,0,0,0,0,0,0,0,0,0,0,0,0,0,0,0,0,0,0.0675637111059839,0,0,0,0,0,0,0,0,0,0,0,0.04859942488855872,0,0,0,0.0017682999123563496,0,0,0,0,0.724651314530728,0,0,0,0,0,0.8018012400413208,0,0,0.15353120821975486,0.09903439939480105,0,0,0,0,0,0,0.039986125884843335,0.06154766007776071,0,0,0,0,0,0,0,0,0,0,0,0,0,0.024452118315603084,0,0,0,0,0,0,0,0,0,0,0,0,0,0,0,0,0,0,0,0,0,0,0,0,0,0,0,0,0,0,0,0,0,0,0,0,0,0,0,0,0,0,0,0,0,0,0,0,0,0,0,0,0,0,0,0,0,0,0,0,0,0,0,0,0,0,0,0,0,0,0,0,0,0,0,0,0,0,0,0,Eukaryota;Mollusca;Gastropoda;Pteropoda;Clionidae;Clione;Clione limacina
0,0,0,0,0,0,0,0,0,0,0,0,0,0,0,0,0,0,0,0,0,0,0,0,0,0,0,0,0,0,0,0,0,0,0,0,0,0,0,0,0,0,0,0,0,0,0,0,0,0,0,0,0,0,0,0,0,0,0,0,0,0,0,0,0,0,0,0,0,0,0,0,0,0,0,0,0,0,0,0,0,0,0,0,0,0,0,0,0,0,0,0,0,0,0,0,0,0,0,0,0,0,0,0,0,0,0,0,0,0,0,0,0,0.7624869280485506,0.9478173133606422,0,0,0,0,0,0,1,0,0,0,0,0,0,0,0,0,0,0,0,0,0,0,0,0,0,0,0,0,0,0,0,0,0,0,0,0,0,0,0,0,0,0,0,0,0,0,0,0,0,0,0,0,0,0,0,0,0,0,0,0,0,0,0,0,0,0,0,0,0,0,0,0,0,0,0,0,0,0,0,0,0,0,0,0,0,0,0,0,0,0,0,0,0,0,0.9777460269314582,0.9335703272228886,Eukaryota;Chordata;Actinopteri;Myctophiformes;Myctophidae;Diogenichthys;Diogenichthys laternatus
0,0,0,0,0,0,0,0,0,0,0,0,0,0,0,0,0,0,0,0,0,0,0,0,0,0,0,0,0,0,0,0,0,0,0,0,0,0,0,0,0,0,0,0,0,0,0,0,0,0,0,0,0,0,0,0,0,0,0,0,0,0,0,0,0,0,0,0,0,0,0,0,0,0,0,0,0,0,0,0,0,0,0,0,0,0,0,0,0,0,0,0,0,0,0,0,0,0,0,0,0,0,0.48855334660409144,0,0,0,0,0,1,0,0.2364257635650903,0,0,0,0,0,0,0,0,0,0,0,0,0,0,0,0,0,0,0,0,0,0,0,0,0.10968890008529067,0,0,0,0,0,0,0,0,0,0,0,0,0,0,0,0,0,0,0,0,0,0,0,0,0,0,0,0,0,0,0,0,0,0,0,0,0,0,0,0,0,0,0,0,0,0,0,0,0,0,0,0,0,0,0,0,0,0,0,0,0,0,0,0,0,0,0,0,0,0,0,0,0,0,0,Eukaryota;Arthropoda;Insecta;Coleoptera;Hydrophilidae;Agraphydrus;Agraphydrus sp. 3 MTM-2009
0,0,0,0,0,0,0,0,0,0.34156959560199934,1,0.3588873849012162,0,0,0,0,0,0,0,0,0,0,0,0,0,0,0,0,0,0,0,0,0.5664308286516854,0.5793361438139919,0,0,0,0,0,0,0,0,0,0,0,0,0,0,0,0,0,0,0,0,0,0,0,0,0,0,0,0,0,0,0,0,0,0,0,0,0,0,0,0,0,0.6544330825359563,0,0,0,0,0,0,0,0,0,0,0,0,0,0,0,0,0,0,0,0,0,0,0,0,0,0,0,0,0,0,0,0,0,0,0,0,0,0,0,0,0,0,0,0,0,0,0,0,0,0,0.012814235360980955,0.010037904607159908,0,0,0,0,0,0,0,0,0,0,0,0,0,0,0,0,0,0,0,0,0,0.31539087351414696,0.3036057037922236,0.2582606606095079,0,0,0,0,0,0,0,0,0,0,0,0,0,0,0,0,0,0,0,0,0,0,0,0,0,0,0,0,0,0,0,0,0,0,0,0,0,0,0,0,0,0,0,0,0,0,0,0,0,0,0,0,0.015185198433280275,0,0,0,0,0,0,Eukaryota;Chordata;Actinopteri;Labriformes;Labridae;Oxyjulis;Oxyjulis californica
0,0,0,0,0,0,0,0,0,0,0,0,0,0,0,0,0,0,0,0,0,0,0,1,0,0,0,0,0,0,0,0,0,0,0,0,0,0,0,0,0,0,0,0,0,0,0.9524963721222105,0.978904476556744,0.8469663433370225,0,0,0,0,0,0.13139675806695958,0,0.22749418051867154,0.29033607819508606,0,0,0,0,0,0,0,0,0,0,0,0.11276220935145642,0.5074358794346158,0,0,0,0,0,0,0,0,0,0,0,0,0,0,0,0,0,0,0,0,0,0.13945046212079454,0,0,0,0,0,0,0,0,0,0,0,0,0,0,0,0,0,0,0,0,0,0,0,0,0,0,0,0,0,0,0,0,0,0,0,0,0,0,0,0,0,0.09766531093905532,0.044940123444796344,0.0423670032189837,0,0.035161436131937986,0.047330997751729866,0,0,0,0,0.11305985713540853,0,0.38508180241205336,0.22701282180040844,0.22030205238648684,0.5102580826683037,0.14673738347798135,0.27408702408702407,0,0,0,0,0,0,0,0,0.049088355077434365,0,0,0,0,0.5160313617151164,0.3911210317460318,0,0,0,0,0.22211267605633805,0,0,0,0,0,0,0,0,0,0,0,0,0,0,0,0.1965843929194715,0.16784468536983016,0,0.5126536173479179,0,0,0,0,0,0,0,0,0,0,0,0,0,0,0,0,0,0,0,0,Eukaryota;Annelida;Polychaeta;Phyllodocida;Polynoidae;;
0,0.1910957047041224,0,0,0,0,0,0,0,0,0,0,0,0,0,0,0,0,0,0,0,0,0,0,0,0,0,0,0,0,0.1546797258174863,0.34817283883743133,0,0,0,0,0,0,0,0,0,0,0,0,0,0,0,0,0,0,0,0,0,0,0,0,0,0,0,0,0,0,0,0,0,0,0,0,0,0,0.09883474140376788,0,0,0,0,0,0,0,0,0,0,0,0,0,0,0,0,0,0,0,0,0,0,0,0,0,0,0,0,0,0,0,0,0,0,0,0,0,0,0,0,0,0,0,0,0,0,0,0,0,0,0,0,0,0,0,0,0,0,0,0,0,0,0,0,0,0,0,0,0,0,0,0,0,0,0,0.6964609502418779,1,0.6860702740419669,0,0,0,0,0,0,0,0.16700153401506782,0.2129775753368633,0.22096473273587638,0,0,0,0,0,0,0,0,0,0,0,0,0,0,0,0,0,0,0,0,0,0,0,0,0,0,0,0,0,0.286051418582804,0,0,0.32748237107286216,0,0,0,0,0,0,0,0.35735551632320595,0,0,0,0,0,0.48020536323659,0,0,0,0,0,Eukaryota;Arthropoda;Hexanauplia;Sessilia;Balanidae;Balanus;Balanus sp. HLC-24243
0,0,0,0,0,0,0,0,0,0,0,0,0,0,0,0,0,0,0,0,0,0,0,0,0,0,0,0,0,0,0,0,0,0,0,0,0,0,0,0,0,0,0,0,0,0,0,0,0,0,0,0,0,0,0,0,0,0,0,0,0,0,0,0,0,0,0,0,0,0,0,0,0,0,0,0,0,0,0,0,0,0,0,0,0,0,0,0,0,0,0,0,0,0,0,0,0,0,0,0,0,0,0,0,0,0,0,0,0,0,0,0,0,0,0,0,0,0,0,0,0,0,0,0,0,0,0,1,0,0,0,0,0,0,0,0,0,0,0,0,0,0,0,0,0,0,0,0,0,0,0,0,0,0,0,0,0,0,0,0,0,0,0,0,0,0,0,0,0,0,0,0,0,0,0,0,0,0,0,0,0,0,0,0,0,0,0,0,0,0,0,0,0,0,0,0,0,0,0,0,0,0,0,0,0,0,0,0,0,0,0,Eukaryota;Arthropoda;Malacostraca;Decapoda;Palaemonidae;Macrobrachium;Macrobrachium sp. n. SS-2018
0,0,0,0,0,0,0,0,0,0,0,0.36040725201553314,0,0,0,0,0,0,0,0,0,0,0,0.6317193049293075,0,0,0,0,0,0,0,0,0,0,0,0,0,0,0,0,0,0,0,0,0,0,0,0,0,0,0,0.1849670542142621,0,0,0,0,0,0,0,0.08106130606203774,0,0,0,0,0,0,0,0,0,0,0,0,0,0,0,0,0,0,0,0,0,0,0,0,0,0,0,0,0,0,0,0,0,0,0.07584094276703514,0,0,0,0,0,0,0,0.07269498626564191,0.06383884799438047,0,0.05335505549333062,0,0.031651422950873205,0,0,0,0,0,0,0,0.5188323467302945,0.4220234837554107,0,0,0,0,0,0,0,0,0,0,0,0,0,1,0,0,0,0,0,0,0,0,0,0,0,0,0,0,0,0,0.018471204836925263,0,0,0,0,0,0,0,0,0,0,0,0,0,0,0,0,0,0,0,0,0,0,0,0,0,0,0,0,0,0,0,0,0,0,0,0,0,0,0,0,0,0,0,0,0,0,0.7562408986894114,0.2655538764273224,0,0,0,0,0,0,0,0,0,0,0,0,0,0,0,Eukaryota;Cnidaria;Hydrozoa;Anthoathecata;Hydridae;Hydra;Hydra vulgaris
0.006826995678812427,0.015436361687235677,0.014627994852379292,0.0028116536903232364,0.007814442642148443,0.004634263477241509,0.02079212549063187,0.015494361799012164,0.026805202747006474,0.28132083845584754,0.24001608901402566,0.30339509242428453,0.2230779869091681,0.22889102182220164,0,0,0,0,1,0.8258701109779497,0.03513662182909477,0.042537225077592,0,0.022551201206637252,0.008238424174375748,0.10025548691938126,0.09859642310938868,0.08683554643657682,0.1652014881191789,0.1434605753770938,0.07646784236328205,0.06344947081577286,0.0028110481843786907,0,0.00855839522482523,0.007825068875845734,0,0.017846668561849688,0.015362866024489262,0.005941411472493775,0.009449220100589737,0.008738797920476328,0.019149037511945587,0.015237222441518632,0.5821871146146282,0.55317810391747,0.021515618295350425,0.016738225227164037,0.007107017087941581,0.15203926423805877,0.1390306671242963,0.06853789751103638,0,0.007068822163161786,0.03142322224313803,0.04488591226170769,0.009127102986592901,0.007308756074705136,0.07475302365105743,0.0638641129965586,0.13263643713202009,0.10561427883020734,0.019931506971597103,0.0461643673234916,0.013622899525689585,0.13424168059482056,0.12012619342185714,0.09902646417121429,0.016314616756511243,0.020757350426231762,0.004311192455555127,0.004932003753653485,0.07149617055940789,0.062139665799976686,0.02184148486705692,0.16834328271319374,0.006781011179718042,0.0016206887312483018,0,0,0,0,0.003102459311646436,0.005166651148219759,0.004794084379407633,0,0.004754754376580102,0.021936548457040312,0.013713951374902993,0.01529505634491975,0.012714128475505624,0.01621782154430714,0.053032824188956496,9.840791411934715e-4,5.036986483152307e-4,0.013606542040893564,0.002468645037375814,0.004470383414418651,0.007355289842538024,0.016250944359188276,0,0.002555908607638647,0.010230632347644784,0.024267342622892818,0.005063946204746728,0.0028791613785648516,0,0.005294748856541176,0.004117695968660255,0,0.07094283572364411,0,0,0.23012584423284518,0.25295868314884545,0.008793252913487986,0.007977747347395888,0,0,0,8.819067957879388e-4,0.27606216697172836,0.0037029316704224055,0,0.006962043082740043,0.015079877545246574,0.023259396328799597,0.018179221030988988,0.5235104462129774,0.48467242219592005,0.005161611066839354,0.006260277323641178,0.07296492543511826,0.04244455245187601,0.01770171299815487,0.019656289323014768,0.014598032950525629,0.006460992275982509,0.005974655097207287,0.003574451230694474,0.018908583654320292,0.01499085334539933,0.011696324048745722,0,0,0,0.0031158743467725727,0.0013954481112695397,0.0024453141328635323,0.023455992216546786,0.02539545129266645,0.029222307889817146,0.016437155347481164,0.022969321779938694,0.020483441256971546,0.08432219318396958,0.1481210633037287,0.12206604476507736,0.09840118813175516,0.13907792474910952,0.13531160959459118,0.11108597497378227,0.2773839722989927,0.23484795881066484,0.22035646667101913,0.07158774628459179,0.05612139881681661,0.03961709564164115,0.04684427431961182,0.03801836171355432,0.07475484133166073,0.06989173462731793,0.011516499726554785,0.011296164446202793,0.008385376174255763,0.10831065295574137,0.09871675998754385,0.09499729332393893,0.009037455398944069,0.00959592235847256,0.012008413574431387,0,0.0017347948778012226,7.44617260176026e-4,0.010863585788777334,0.008475237438854158,0.003942990398300208,0,0,0,0,0,0,0.002040913075194997,0,0,0.2632415761266626,0.23014456109860884,0.18408619089058123,0,0,0.001683307215910425,0,0,0,0,0.035130746431247556,0.02001368943383085,0.030531399263022074,0.407347020286536,0.3737779545725262,Eukaryota;Arthropoda;Malacostraca;Euphausiacea;Euphausiidae;Thysanoessa;Thysanoessa gregaria
0,0,0,0,0,0,0.18141098124631988,0.5745493100643168,0.06212304411195795,0,0,0,0,0,0,0,0,0,0,0,0,0,0,0,0,0,0,0,0,0,0,0,0,0,0,0,0,0,0.08764204473937276,0.4484975444542201,0.3003328174576473,0.4050562376439139,0,0,0,0,0.3750966597985536,0.2133564266147989,0,0,0,0,0,0,0,0,0,0,0,0,0,0,0.10312798814163213,0.6459733909669413,0,0,0,0,0,0,0,0,1,0.2910584208585849,0,0,0,0.036058236064699004,0,0,0,0,0.06471161462303851,0,0,0,0,0,0,0,0,0,0.04184085131585526,0.0075498251507128515,0,0,0,0.1912697519708019,0,0.14380329614719364,0,0.38587421177015235,0.026183096766792466,0.15754678950787848,0,0.12811526193150286,0.1368000150889304,0,0,0,0,0,0,0,0.07457603494998331,0,0,0,0,0,0,0,0,0,0,0,0,0,0,0,0,0,0,0.09735428903159127,0,0,0,0,0,0,0,0,0,0,0.02968226512282693,0,0,0.01801830322819413,0,0.046595143260953355,0,0,0,0,0,0,0,0.05650347567296977,0.024528005032079345,0.4896051626916921,0.2474390933260301,0,0,0,0,0.18848936287710705,0.12321994865599517,0.5915633105143249,0.5228265585692826,0.4639280764720515,0,0,0,0,0,0.6661630635751205,0.3491656999162726,0.2641959219355831,0,0,0,0.17570251937984496,0.16541550344306796,0.07395881528304074,0.1510629915109944,0.26870243594268234,0.036552689977170316,0,0,0,0,0,0,0.20433458822350958,0,0.13284239625484445,0.6090245293382921,0.26949578687055925,0.14421410416015393,0.19267289852035288,0.3992518925493321,0.3433046527764082,0.19708443911601062,0.18763318871432805,0.03982083461058064,0,0,0,0,0,0.11863163892016258,Eukaryota;Bacillariophyta;Fragilariophyceae;Thalassionemales;Thalassionemataceae;Thalassionema;Thalassionema nitzschioides
0,0,0,0,0,0,0,0,0,0,0,0,0,0,0,0,0,0,0,0,0,0,0,0,0,0,0,0,0,0,0,0,0,0,0,0,0,0,0,0,0,0,0,0,0,0,0,0,0,0,0,0,0,0,0,0,0,0.026727640706351294,0,0,1,0.9619175672533539,0,0,0,0,0,0,0,0,0,0,0,0,0,0,0,0,0.038625267920933556,0,0,0,0,0,0,0,0,0,0,0,0,0,0,0,0,0,0,0,0,0,0,0,0,0,0,0,0,0,0,0,0,0,0,0,0,0,0.002482901943074091,0,0,0,0,0,0,0,0,0,0,0,0,0,0,0,0,0,0,0,0,0,0,0,0,0,0,0,0,0,0,0,0,0,0,0,0,0,0,0,0,0,0,0,0,0,0,0,0,0,0,0,0,0,0,0,0,0,0,0,0,0,0,0,0,0,0,0,0,0,0,0,0,0,0,0,0,0,0,0,0,0,0,0,0,0,0,0,0,0,0,0,0,0,0,Eukaryota;Chordata;;;;;
0,0,0,0.08424762199100307,0,0,0,0,0,0,0,0,0,0,0,0,0,0,0,0,0,0,0,0,0,0,0,0,0,0,0,0,0,0,0,0,0,0,0,0,0,0,0,0,0,0,0,0,0,0,0,0,0,0,0,0,0,0,0,0,0,0,1,0.3549488308759388,0,0,0,0,0,0,0,0,0.5261769076397507,0,0,0,0,0,0,0,0,0,0,0,0,0,0,0,0,0,0,0,0.1352392370872609,0.026843044956197607,0.012828785225821286,0,0,0,0,0,0,0,0.13879283878645718,0,0,0,0.07074704875191493,0,0,0,0,0,0,0,0,0,0,0,0,0,0.08244666757142766,0,0,0,0,0,0.006206499637925201,0,0,0,0,0,0,0,0,0,0,0,0,0,0,0,0,0,0,0,0,0,0,0,0,0,0,0,0,0,0,0,0,0,0,0,0,0,0,0,0,0,0,0,0,0,0,0,0,0,0,0,0,0,0,0,0.016708152577347674,0,0,0,0,0,0,0,0,0,0,0,0,0,0,0,0,0,0,0,0,0,0,0,0,0,0,0,0,Eukaryota;NA;Oomycetes;Pythiales;Pythiaceae;Pythium;Pythium brachiatum
0,0,0,0,0,0,0.29138347399606646,0.2839522346924417,0,0,0,0,0,0,0,0,0,0,0,0,0,0,0,0,0,0,0,0,0,0,0,0,0,0,0,0,0,0,0,0,0,0,0,0,0,0,0,0.17802309189483861,0,0,0,0,0,0,0,0,0,0,0,0,0,0,0,0,0,0,0,0,0,0,0,0,0,0,0,0,0,0,0,0,0,0,0,0,0,0.46826863832409116,0,0,0,0,0,0,0,0.020788418165496696,0.05000051692263736,0.17706352813905712,0,0,0,0,0,0,0,0,0,0,0,0,0,0,0,0,0,0,0,0.008469969853594139,0.005776959605508289,0,0,0,0,0,0,0,0,0,0,0,0,0,0,0,0,0,0,0,0,0,0,0,0,0,0,0,0,0,0,0.009329003604387756,0,0,0,0,0,0,0,0,0,0,0,0,0,0,0,0,0,0,0,0,0,0,0,0,0,0,0,0,0,0,0.1471051667570477,0.13063622655071921,0.10217450819351559,0,0,0,0,0,0,0,0,0,0,0,0,0.7362872563877589,1,0.3901664974856196,0,0,0,0,0,0,0,0.09806732186029213,0,0,0.3071396049750108,0.3313712666230652,0.18650782268371116,0,0,Eukaryota;Annelida;Clitellata;Haplotaxida;Lumbricidae;Allolobophora;Allolobophora sturanyi
0,0.9226069877850339,0.8844719487182017,0,0,0,0,0,0,0,0,0,0,0,0,0,0,0,0,0,0,0,0,0,0,0,0,0,0,0,0,0,0,0,0,0,0,0,0,0,0,0,0,0,0,0,0,0,0,0,0,0,0,0,0,0,0,0,0,0,0,0,0,0,0,0.8924820342730789,1,0,0,0,0,0,0,0,0,0,0,0,0,0,0,0,0,0,0,0,0,0,0,0,0,0,0,0,0,0,0,0,0,0,0,0,0,0,0,0,0,0,0,0,0,0,0,0,0,0,0.0368167155911571,0,0,0.7354872147335786,0.6121181962512736,0,0,0,0,0,0,0,0,0,0,0,0,0,0,0,0,0,0,0,0,0,0,0,0,0,0,0.20418540464739118,0.17404360714985273,0,0.7566974509741262,0,0,0,0,0,0,0.13899570357705582,0,0,0,0,0,0,0,0,0,0,0.19311072237785143,0,0,0,0,0,0,0,0,0,0,0,0,0,0,0,0,0,0,0,0,0,0,0,0,0,0,0,0,0,0,0,0,0,0,0,0,0,0,0,0,0,0,Eukaryota;Arthropoda;Hexanauplia;Calanoida;Calanidae;Calanus;Calanus helgolandicus
0,0,0,0,0,0,0,0,0,0,0,0,0,0,0,0,0,0,1,0.14148192059470674,0,0,0,0,0,0,0,0,0,0,0,0,0,0,0,0,0,0,0,0,0,0,0,0,0,0,0,0,0,0,0,0,0,0,0,0,0,0,0,0,0,0,0,0,0,0,0,0,0,0,0,0,0,0,0,0,0,0,0,0,0,0,0,0,0,0,0,0,0,0,0,0,0,0,0,0,0,0,0,0,0,0,0,0,0,0,0,0,0,0,0.01185736453280712,0,0,0,0,0,0,0,0,0,0,0,0,0,0,0,0,0,0,0,0,0,0,0,0,0,0,0,0,0,0,0,0,0,0,0,0,0,0,0,0,0,0,0,0,0,0,0,0,0,0,0,0,0,0,0,0,0,0,0,0,0,0,0.01095558646621097,0.03777121431251409,0,0,0,0,0,0,0,0,0,0,0,0,0,0,0,0,0,0,0,0,0,0,0,0,0,0,0,0,0,0,0,0,0,0,0,0,Eukaryota;Cnidaria;Hydrozoa;Siphonophorae;Erennidae;Erenna;Erenna sp. BO-2009
0,0,0,0,0,0,0,0,0,0,0,0,0,0,0,0,0,0,0,0,0,0,0,0,0,0,0,0,0,0,0,0,0,0,0,0,0,0,0,0,0,0,0,0,0,0,0,0,0,0,0,0,0,0,0,0,0,0,0,0,0,0,0,0,0,0,0,0,0,0,0,0,0,0,0,0,0,0,0,0,0,0,0,0,0,0,0,0,0,0,0,0,0,0,0,0,0,0,0,0,0,0,0,0,0,0,0,0,0,0,0,0,0,0,0,0,0,0,0,0,0,0,0,0,0,0,0,0,0,0,0,0,0,0,0,0,0,0,0,0,0,0,0,0,0,0,0.7941055246972403,0.9614034777696588,1,0,0,0,0,0,0,0,0,0,0,0,0,0,0,0,0,0,0,0,0,0,0,0,0,0,0,0,0,0,0,0,0,0,0,0,0,0,0,0,0,0,0,0,0,0,0,0,0,0,0,0,0,0,0,0,0,0,0,0,0,0,0,Eukaryota;Arthropoda;Hexanauplia;Sessilia;Balanidae;Balanus;
0,0.04944990306738644,0.034660003795923724,0,0,0,0.3060980023785312,0.37783589250902233,0.22361882996589277,0,0,0,0,0,0,0,0,0,0,0,0,0,0,0,0,0,0,0.5950543311204637,0.9587279222523184,0.7833604728525166,0,0,0,0,0,0,0,0,0,0,0,0,0,0,0,0,0,0,0,0,0,0,0,0,0.06898527418145659,0,0,0,0,0,0,0,0,0,0,0.6178721775736701,1,0.16093150794168606,0,0,0,0.2098373770145428,0,0,0,0,0,0,0,0,0,0,0.11646833919735577,0.14617233347325448,0.15997603895021778,0,0,0,0,0,0,0,0,0,0,0,0,0,0,0,0,0,0,0,0,0,0,0,0,0,0.14493824037084344,0,0,0,0,0,0,0,0,0,0,0,0,0,0.09090769486710262,0,0,0,0.5018231652556793,0.1575317556060176,0,0,0,0,0,0,0.007507118436581663,0,0,0,0,0,0,0,0,0,0,0.011225577676315851,0,0,0,0,0,0,0,0.0824351547559368,0,0,0,0,0,0,0,0,0,0,0,0,0,0,0,0,0,0,0,0,0,0,0,0,0,0,0,0,0,0,0,0,0,0,0,0,0,0,0,0,0,0,0,0,0,0,0,0,0,0,0,0,0,0,0,Eukaryota;Cnidaria;Hexacorallia;Actiniaria;Edwardsiidae;NA;NA
0,0,0,0.09874523539713607,0.21247208383439273,0.06650215078107313,0.005542460228545821,0,0,0.06701827902608193,0.06555090984040987,0.04494762495190046,0,0,0,0,0,0,0,0,0,0.020362199539018768,0.2544494892167991,0.2638012336427048,1,0,0,0.031620930628941536,0,0,0,0,0,0,0,0,0,0,0,0,0,0,0,0,0.06677224301756406,0,0,0,0,0,0,0,0,0,0,0,0.08758689879020361,0,0,0,0,0,0.32452845569878225,0.15196527733452478,0,0.013984622342831298,0.010446240040541682,0,0,0,0,0,0,0,0,0,0,0,0,0.007629858112276373,0,0,0,0,0,0,0,0,0,0,0,0,0,0,0,0,0,0,0,0,0,0.02481939316102103,0.013439072767726245,0.020294177044766073,0,0.01957085891512121,0,0,0,0,0,0,0,0,0.02126547455295736,0.0070485143865376115,0.0067304343499676594,0.030680690613216908,0,0.04240830861514818,0.010790437968940848,0,0,0,0,0.10881215892283368,0.122317784671429,0.13089286226788738,0,0,0,0,0,0,0,0.005767423786115375,0,0,0.004512468759691337,0,0,0,0,0,0,0,0,0.0033876578377934207,0,0,0,0.016553016361628804,0,0,0,0,0.005501860940998532,0.005791430135723137,0,0,0,0,0,0,0,0,0,0,0,0,0,0,0,0,0,0,0,0.019372084928646012,0,0,0,0,0,0.003615338294874568,0,0,0,0,0,0,0,0,0,0,0,0,0,0,0,0,0,0,0,0,0.01216604367499508,0.01757816941444002,0,0,0,0,0,Eukaryota;Arthropoda;Malacostraca;Decapoda;;;
0,0,0,0,0,0,0,0,0,0,0,0,0,0,0,0,0,0,0,0,0,0,0,0,0.10374159701831703,0,0,0,0,0,0,0,0,0,0,0,0,0,0,0,0,0,0,0,0,0,0,0,0,0,0,0,0,0,0,0,0,0,0,0,0,0,0.3677231825833961,0.4606691073316089,0,0,0,0,0,0,0,0,0,0,0,0,0,0.12857275278021013,0,0,0,0,0,0,0,0,0,0,0,0,0,0,0,0,0,0,0,0.9093467020164696,0,0.1465025760101558,0.2069062239712263,0,1,0.4453625712454139,0,0.38068352978903286,0,0,0,0,0,0,0,0,0,0,0,0,0,0,0,0,0,0,0,0,0,0,0,0,0,0,0,0,0,0,0,0,0,0,0,0,0,0,0,0,0,0,0,0,0,0,0,0,0,0,0,0,0,0,0,0,0,0,0,0,0,0,0,0,0,0,0,0,0,0,0,0,0,0,0,0,0,0.021097179476536887,0,0,0,0,0,0,0,0,0,0,0,0,0,0,0,0,0,0,0,0,0,0,0,0,0,0,0,Eukaryota;;Oomycetes;Peronosporales;Peronosporaceae;Phytophthora;Phytophthora botryosa
0.01506196135433336,0.016828329172795985,0.01774685945409242,0.09256509092807379,0.08532132909629865,0.10235637674675459,0.01121323593317424,0.007450405531269224,0.020246754860784012,0.22433671121607676,0.22706050877381,0.24411655565376333,0.018052463886944297,0.01266192936474202,0,0,0,0,0,0,0,0.001498029513867053,0,0.0026226526970739837,0.013732906181672994,0.0045855889332222545,0.0010272105743089274,0.00904681820217592,0.01317034369434092,0.011413464460493504,0.006373340840813672,0.010126537246507434,0.11725226387194002,0.1532009889605574,0.20686101187647057,0.19286294002829152,0.1975518718316815,0,0,0.006897385739257488,0.01181341695797154,0.007283497999275691,0,0,0,0,0,0,0,0.09545843742767122,0.1127898026442162,0,0.34653030180909794,0.38982942815869226,0,0,0.01678045010922927,0.010660309779507155,0.019674999136287615,0.027343468323962877,0.13002790346553222,0.11310510019170635,0.4514282211475891,0.47442210802433543,0.0075694897126297594,0.021219755753797757,0.03490365748359695,0.05547013336149677,0.0037393651719885104,0,0,0.0036995952783375036,0.004181732279621526,0.0028621534884512778,0,0.014211314973805414,0.03602989181563499,0.03809228538494838,0.06162269627573467,0.38871555537049485,0.4788217626742846,0,0.013575433494735356,0.019939727523309896,0.014983913249651676,0,0.021075581996359973,0.04062974443951096,0.04653693042782493,0,0,0,0.0808786060217514,0.21407149519221935,0.19466347975661938,0,0.07098491253858456,0.03697255296443383,0.017241721703944817,0.024472670568930117,0.012390458838178794,0.010955648499632941,0.01745920468582018,0.015217371797052003,0.010713909648845351,0.02783635111395509,0.02705848714233935,0.0017082570669723982,0,0.19906661404867998,0,0.006806576351906402,0,0,0,7.778297152807505e-4,0.001273248690933882,0.1106004495173138,0,0.10910402398199907,0.20287105134478664,0,0,0,0,0,0,0,0,0,0,0,0.17379956304013874,0.17341595592512551,0.12033560139986588,0.09635245964675465,0.1561289682810971,0,0,0,0.006364484878552235,0,0.005957415357573048,0.034351372091326986,0,0.023668497904727883,0.024671289505000586,0.031558378323503965,0.025799910428161255,0.059173027923389625,0.04618094334481286,0.06127011886538399,0,0,0,0.05765135668953598,0.8186416200404631,0.8613589440820983,1,0,0,0.002869415481112972,0.0028193943132737826,0,0,0.0587833770232319,0.0710861817752225,0,0.002215441771465026,0.0018591887206056553,0,0.0034951464534808494,0,0,0,0.011067163552664712,0.015850147821781152,0.0067300527124471,0.037825843712293916,0.024793436580064943,0.024020673883918896,0.08095926257733672,0.054066105822489205,0.0818545233380366,0.00509312146460285,0.0033906379613867616,0.0038340768865786612,0.0812026826561323,0.06834078867927516,0.0837499908800721,0.03598753299128362,0.03319234244984219,0.022046024671847086,0.4511140322275426,0.4408023520607098,0.3804002754662751,0.003422232310526733,0,0,0,0,0,0,0,0.022376134338059413,0.03944292973997564,0.34290199137401406,0.38072675273869083,0.44238470578987094,0,0,Eukaryota;Echinodermata;Ophiuroidea;Ophiurida;Ophiactidae;Ophiopholis;Ophiopholis sp. EAC01
0,0.049008572532394976,0.02790991950982817,0,0,0,0.12134645547148347,0.06898017044748342,0,0,0,0,0,0,0,0,0,0,0,0,0,0,0,0,0,0,0,1,0.867031463194419,0,0,0,0,0,0,0.027727279887836916,0,0,0,0,0,0,0,0,0,0,0,0,0,0,0,0,0,0,0,0,0,0,0,0,0,0,0,0,0,0,0,0,0,0,0,0,0,0,0,0,0,0,0,0,0,0,0,0,0,0,0,0,0.11338575285887036,0,0,0,0.22389996310948848,0,0,0,0,0,0,0,0,0,0,0.028482057323356548,0,0,0,0,0,0,0,0,0,0,0,0,0,0,0,0.01491544124423304,0,0,0,0,0,0,0.005351762296009101,0.006476303594806593,0,0,0,0,0,0,0,0.005261325031274707,0,0,0,0,0,0,0,0,0,0,0,0.04264733458767806,0.006802197912616819,0,0,0,0,0,0,0,0,0,0.014063031828052982,0,0,0,0,0,0,0,0,0,0,0,0,0,0,0,0,0,0,0,0,0,0,0,0.00614705683591591,0,0,0,0,0,0,0,0,0,0,0,0,0,0,0,0,0,0,0,0.03994863260876078,0.03834982321656713,0,0,0,0,0,0,0,Eukaryota;Chlorophyta;Palmophyllophyceae;Prasinococcales;Prasinococcaceae;Prasinoderma;Prasinoderma coloniale
0,0,0,0,0,0,0,0,0,0,0,0,0,0,0,0,0,0,0,0,0,0,0,0,0,0,0,0,0,0,0,0,0,0,0,0,0,0,0,0,0,0,0,0,0,0,0,0,0,0,0,0,0,0,0,0,0,0,0,0,0,0,0,0,0,0,0,0,0,0,0,0,0,0,0,0,0,0,0,0,0,0,0,0,0,0.7596295673929685,0,0,0,0,0,0,0,0,0,0.2158989902798463,0,0,0,0,0,0,0,0,0,0,0,0,0,0,0,0,0,0.05757019396422115,0,0,0,0,0,0,0,0,0,0,0,0,0,0,0,0,0,0,0,0,0,0.05219852696488211,0.01987319451160837,0,0,0,0,0,0,0,0,0,0,0,0,0,0,0,0.4889429688534911,0,0.6409568008612259,0,0,0,0,0,0,0,0,0,0,0,0,0,0,0,0,0,0,0.9622333837469114,1,0,0,0,0,0,0,0,0,0,0.5976446951146556,0.5775522435202153,0,0,0,0,0,0,0,0.1970296493806903,0,0,0,0,0,0,0,0,0,0,0,0,0,0,0,0,0.10597949960275596,Eukaryota;Cnidaria;Scyphozoa;Rhizostomeae;Lychnorhizidae;Lychnorhiza;Lychnorhiza sp. 3 LGD-2017
0,0,0,0,0.09081965335608871,0,0.05168911597359712,0,0,0,0,0.05548005262386901,0,0,0,0,0,0,0,0,0,0,0,0,0,0,0.03906443744471053,0,0,0,0,0,0,0,0,0,0,0,0,0,0,0,0,0,0,0,0,0,0,0,0,0,0.030087714496838995,0,0,0,0,0,0,0,0,0,0,0,0,0,0,0,0,0,0,0,0,0,0,0,0,0,0,0,0,0,0,0,0,0,0,0,0,0,0,0,0,0,0,0,0,0,0,0,0,0,0,0,0,0,0,0,0,0,0,0,0,0,0,0,0,0,0,0,0,0,0,0,0,0,0,0,0,0,0,0,0,0,0,0,0,0,0,0,0,0,0,0,0,0,0,0,0,0,0,0,0,0,0,0,0,0.01090607038745174,0.007987110737612402,0,0.12925438410442958,0.20369590697451279,0.04914273871525353,0,0,0,0,0,0,0,0,0.1403035200772444,0,0,0,0.2228188914463406,0.3179688198322706,0.2960890826405254,0,0,0,0,0,0,0,0,0,0.656835654260768,0.30133041919732306,0.7876835014212843,0.023905546589654294,0,0.03726231767802872,0.28463453096866065,0,0,0,0,0,0,0,0,0,0,0.7601874457771485,1,0,0,0,0.05984448598893949,0,Eukaryota;Arthropoda;Hexanauplia;Calanoida;Calanidae;Neocalanus;Neocalanus tonsus
0,0,0,0,0,0,0,0,0,0,0,0,0,0,0,0,0,0,0,0,0,0,0,0,0,0,0,0,0,0,0,0,0,0,0,0,0,0,0,0,0,0,0,0,0,0,0,0,0,0,0,0,0,0,0,0,0,0,0,0,0,0,0,0,0,0,0,0,0,0,1,0.8185319310419603,0,0,0,0,0,0,0,0,0,0,0,0,0,0,0,0,0,0,0,0,0,0,0,0,0,0,0,0,0,0,0,0,0,0,0,0,0,0,0,0,0,0,0,0,0,0,0,0,0,0,0,0,0,0,0,0,0,0,0,0,0,0,0,0,0,0,0,0,0,0,0,0,0,0,0,0,0,0,0,0,0,0,0,0,0,0,0,0,0,0,0,0,0,0,0,0,0,0,0,0,0,0,0,0,0,0,0,0,0,0,0.05496979644095153,0,0,0,0,0,0,0,0,0,0,0,0,0,0,0,0,0,0,0,0,0,0,0,0,0,0,0,0,Eukaryota;Mollusca;Gastropoda;Trochida;Trochidae;Ethalia;Ethalia guamensis
0,0,0.0036103812082348037,0,0,0,0,0,0,0,0.017877520865566328,0,0.03687542698296779,0.1408166569959653,0,0,0,0,0,0,0,0,0,0,0,0,0,0,0,0,0,0,0,0,0.08627084580518259,0,0,0,0,0,0,0,0,0,0,0,0,0,0,0,0,0,0,0.7731638058910786,0,0,0,0,0,0,0,0,0,0,0,0,0,0,0.022683527244469322,0,0,0,0,0,0,0,0,0,0,0,0,0,0,0,0,0,0,0,0,0,0,0,0,0,0,0.04006222431947149,0,0,0,0,0,0,0,0,0,0,0,0,0,0,0,0,0,0,0,0,0,0,0,0.047030024614279894,0,0,0,0,0,0,0,0,1,0,0,0,0,0,0,0,0,0,0,0,0,0,0,0,0,0,0,0.0037418220662900057,0,0.02445956805625314,0,0,0,0,0,0.00824343361200711,0,0,0,0,0,0,0,0,0,0,0,0,0,0,0,0,0,0,0,0,0,0,0,0.03735755700596429,0,0,0,0,0,0,0.005482257503157554,0,0,0,0,0,0,0,0,0,0,0,0,0,0,0,0,0,0,0,0,0,0,0,0,Eukaryota;Arthropoda;Hexanauplia;Calanoida;Augaptilidae;Haloptilus;Haloptilus longicornis
0,0.0818093735811611,0.07008360033253785,0,0,0,0,0,0,0,0,0,0,0.314765431593243,0,0,0,0,0,0,0,0,0,0,0,0,0,0,0,0,0,0,0,0,0,0,0,0,0,0,0,0,0,0,0,0.12452107279693486,0,0,0,0,0,0,0,0,0,0,0,0,0,0,0,0,0,0,0,0,0,0,0,0,0,0,0.23594939971992035,0,0,0,0,0,0,0,0,0,0,0,0,0,0,0,0,0.1739102565008962,0.4226477510500903,0,0,0.16818519698964085,0.1204979813191377,0,0,0,0,0,0,0,0.01693994238500543,0,0,0,0,0,0,0,0,0,0,0,0,0,0,0,0,0.08668245629480126,0,0,0,0,0,0,0,0,0,0,0,0,0,0,0,0,0,0,0.21989151364445836,0,0.8029759451782162,1,0.7759126960018871,0,0,0,0,0,0,0,0,0,0.163241531604498,0,0.24616281667556605,0,0,0.020100782965863692,0,0,0,0,0,0,0,0,0,0,0,0,0,0,0,0,0,0,0,0,0,0,0,0,0,0,0,0,0,0,0,0,0.2189776269033014,0.23366239164319508,0,0,0,0,0,0,0,0,0,0,0,0,0,0,0,0,0,0,0.3270694977209555,Eukaryota;Arthropoda;Hexanauplia;Calanoida;Calanidae;Calanus;Calanus euxinus
0,0,0,0,0,0,0,0,0,0,0,0,0.13959591524816667,0.12993744026003373,0,0,0,0,0,0,0,0,1,0.7142511471540629,0.5052496271454585,0,0,0,0,0,0,0,0,0,0,0,0,0,0,0,0,0,0,0,0,0,0,0,0,0,0,0,0,0,0,0,0,0,0,0,0,0,0,0,0,0,0,0,0,0,0,0,0,0,0,0,0,0,0,0,0,0,0,0,0,0,0,0,0,0,0,0,0,0,0,0,0,0,0,0,0,0,0,0,0,0,0,0,0,0,0,0,0,0,0,0,0,0,0,0,0,0,0,0,0,0,0,0,0,0,0,0,0,0,0,0,0,0,0,0,0,0,0,0,0,0,0,0,0,0,0,0,0,0,0,0,0,0,0,0,0,0,0,0,0,0,0,0,0,0,0,0,0,0,0,0,0,0,0,0,0,0,0,0,0,0,0,0,0,0,0,0,0,0,0,0,0,0,0,0,0,0,0,0,0,0,0,0,0,0,0,Eukaryota;Arthropoda;Malacostraca;Mysida;Mysidae;NA;Mysidae sp. 10BIOBC-01077
0,0,0,0,0,0,0,0,0,0,0,0,0,0,0,0,0,0,0,0,0,0,0,0,0,0,0,0,0,0,0,0,0,0,0,0,0,0,0,0,0,0,0,0,0,0,0,0,0,0,0,0,0,0,0,0,0,0,0,0,0,0,0,0,0,0,0,0,0,0,0,0,0,0,0,0,0,0,0,0.9830385637328954,1,0,0,0,0,0,0,0,0,0,0,0,0,0,0,0,0,0,0,0,0,0,0,0,0,0,0,0,0,0,0,0,0,0,0,0,0,0,0,0,0,0,0,0,0,0,0,0,0,0,0,0,0,0,0,0,0,0,0,0,0,0,0,0,0,0,0,0,0,0,0,0,0,0,0,0,0,0,0,0,0,0,0,0,0,0,0,0,0,0,0,0,0,0,0,0,0,0,0,0,0,0,0,0,0,0,0,0,0,0,0,0,0,0,0,0,0,0,0,0,0,0,0,0,0,0,0,0,0,0,0,Eukaryota;Arthropoda;Hexanauplia;Pedunculata;Lepadidae;;
0,0,0,0,0,0,0,0,0,0.947166922457725,0.3787286920200176,0.6662650274604612,0,0,0,0,0,0,0,1,0,0,0,0,0,0,0,0,0,0,0,0,0,0,0,0,0,0,0,0,0,0,0,0,0,0,0,0,0,0,0,0,0,0,0,0,0,0,0,0,0,0,0,0,0,0,0,0,0,0,0,0,0,0,0,0.25019397280954964,0,0,0,0,0,0,0,0,0,0,0,0,0,0,0,0,0,0,0,0,0,0,0,0,0,0,0,0,0,0,0,0,0,0,0,0,0,0,0,0,0,0,0,0,0,0,0,0,0,0,0,0,0,0,0,0,0,0,0,0,0,0,0,0,0,0,0,0,0,0,0,0,0,0,0,0,0,0,0,0,0,0.013364489490472836,0,0,0,0,0.13029498655253932,0.07899303875458868,0,0,0,0,0,0,0,0,0,0,0,0,0,0,0,0,0,0,0,0,0,0,0,0,0,0,0,0,0,0,0,0,0,0,0,0,0,0,0,0,0,0,0,0,0,0.06416767026915413,0,Eukaryota;Arthropoda;Malacostraca;Decapoda;Aeglidae;Aegla;Aegla platensis
0,0,0,0,0,0,0,0,0,0,0,0,0,0,0,0,0,0,0,0,0,0,0,0,0,0,0,0,0,0,0,0,0,0,0,0,0,0,0,0,0,0,0,0,0,0,0,0,0,0,0,0,0,0,0,0,0,0,0,0,0,0,0,0,0,0,0,0,0,0,0,0,0,0,0,0,0,0,0,0,0,0,0,0,0,0,0,0,0,0,0,0,0,0,0,0,0,0,0,0,0,0,0,0,0,0,0,0,0,0,0,0,0,0,0,0,0,0,0,0,0,0,0,0,0,0,0,0,0,0,0,0,0,0,0,0,0,0,0,0,0,0,0,1,0.8891038425441289,0.9142655490555605,0,0.11191539704646064,0.10484692832513896,0,0,0,0,0,0,0,0,0,0,0,0,0,0,0,0,0.347762006583071,0.2496284965034965,0.243967059944965,0.19348063584549327,0.262286890466415,0,0,0,0,0,0,0,0,0,0,0,0,0,0,0,0,0,0,0,0,0,0,0,0,0,0,0,0,0,0,0,0,0,0,0,0,0,0,0,0,0,Eukaryota;Cnidaria;Hydrozoa;Anthoathecata;Bougainvilliidae;Bougainvillia;Bougainvillia muscus
0,0,0,0.021005758225319016,0.01401153719932463,0,0,0,0,0,0,0,0,0,0,0,0,0,0,0,0,0,0.06429023051241382,0.11049099059640363,0.05392860816033289,0,0,0,0,0,0,0,0,0,0,0,0,0,0,0,0,0,0,0,0,0,0,0,0,0,0,0,0,0,0,0,0.04412180281351212,0.05369338247527227,0,0,0,0,0,0,0,0,0,0,0,0,0,0,0,0,0,0,0,0,0,0,0,0,0,0,0,0,0,0,0,0,0,0,0.3827183494803206,0,0,0,0.02489825732092185,0,0,0,0,0,0,0,0,0,0,0,0,0,0,0,0,0,0,0,0,0,0,0,0,0,0,0,0,0.912728996073377,1,0.8999961563165445,0,0,0,0,0,0,0,0,0,0,0,0,0,0,0,0,0,0,0,0,0,0,0,0,0,0,0,0,0,0,0,0,0,0,0,0,0,0,0,0,0,0,0,0,0,0,0,0,0,0,0,0,0,0,0,0,0,0,0,0,0,0,0,0,0,0,0,0,0,0,0,0,0,0,0,0,0,0,0,0,0,0,0,Eukaryota;Chordata;Actinopteri;Perciformes;Bathymasteridae;Rathbunella;Rathbunella hypoplecta
0,0,0.0427473217513748,0,0,0,0,0,0,0,0,0,0.036384102098989374,0,0,0,0,0,0,0,0,0,0,0,0,0,0,0,0,0,0,0,0,0,0,0,0,0,0,0.9955567476792462,1,0.7193019905010939,0,0,0,0,0,0,0,0,0,0,0,0,0,0,0,0,0,0,0,0,0,0,0.529511674338639,0,0,0,0,0,0,0,0,0,0,0,0.9942117767632535,0.8804467880428973,0,0,0,0,0.0957628202395669,0.16641151633373663,0,0,0,0,0,0,0,0,0,0,0,0,0,0,0,0,0,0,0,0,0,0,0,0,0,0,0,0,0,0,0,0,0,0,0,0,0,0,0,0,0.48585093994343703,0,0,0,0,0,0,0,0,0,0,0,0,0,0,0,0,0,0,0,0,0,0,0,0,0,0,0,0.289920846597264,0.5317411475099413,0.41290263290906587,0,0,0,0,0,0,0,0,0,0,0,0,0,0,0,0,0,0,0,0,0.2893151508213611,0.18236798311482727,0,0,0,0,0,0,0,0,0,0,0,0,0,0,0,0,0,0,0,0,0,0,0,0,0,0,0,0,0,0,0,0,0,0,Eukaryota;Arthropoda;Malacostraca;Amphipoda;Calliopiidae;Apherusa;Apherusa glacialis
0,0,0.017803708596509055,0,0,0,0,0,0.09189253431930174,0,0,0,0,0,0,0,0,0,0,0,0,0,0,0,0,0,0,0,0,0,0,0,0,0,0.058679103033699616,0,0,0,0,0,0,0,0,0,0,0,0,0,0,0,0,0,0,0,0,0,0,0,0.1079012020034413,0.08997387228313687,0,0,0,0,0,0,0,0,0,0,0,0,0,0,0,0,0,0,0,0,0,0,0,0,0,0,0,0,0,0,0,0,0,0,0,0,0,0,0,0,0,0,0,0,0,0,0.1416484041115195,0,0,0,0,0,0,0,0,0.16209875816277663,0.16642155902749473,0,0,0,0,0,0,0,0,0,0,0,0,0,0.03860690315132413,0,0,0,0,0.02617831132446364,0,0,0,0,0,0,0,0,0,0,0.042726868070775026,0.016401668373231197,0.012221840488279283,0,0,0,0,0,0,0,0.12208984447095295,0.20760207744624445,0.160676876647075,0,0,0,0,0,0,0,0,0,0,0,0,0,0,0,0,0,0,0,0,0,0,0,0,0,0,0.031378831151918855,0,0,0,0,0,0,0,0,0,0,0,0,0,0,0,0,0,0,0.29451530131728204,1,0,0,0,0.3495172639141253,0,Eukaryota;Annelida;Clitellata;Haplotaxida;;;
0,0.24012318447129086,0.248450373908245,0,0,0,0,0,0,0,0,0,0,0,0,0,0,0,0,0.27519601437438745,0,0,0,0,0,0,0,0,0,0,0.3609623244775529,1,0,0,0,0,0,0,0,0,0,0,0,0,0,0,0.5054844687610307,0.7103472727969642,0.9322553870190742,0,0,0,0,0,0.5359756097560976,0,0,0,0,0,0,0,0,0,0,0,0,0,0,0,0,0,0,0,0,0,0,0,0,0,0,0,0,0,0,0,0,0,0,0.06908393816377578,0,0,0,0.4021812919156428,0.3614534335155037,0,0,0,0.46822258716523496,0,0,0,0,0,0.39675123099978593,0,0,0,0,0,0,0,0,0,0,0,0,0,0,0,0,0,0,0,0,0,0,0,0,0,0,0,0,0,0,0,0,0,0,0,0,0,0,0,0,0,0,0.020765770084088853,0,0,0,0,0,0,0,0,0,0,0,0,0,0,0,0,0,0,0,0,0,0,0,0,0.853081168666768,0.1100999869298131,0,0.7714498311487608,0.8433893466466426,0.4104855551688131,0,0,0,0,0,0,0,0,0,0,0,0,0,0,0,0,0,0,0,0,0,0,0,0,0,0,0,0,0,0,0,0,0,Eukaryota;Arthropoda;Malacostraca;Amphipoda;Paraphronimidae;Paraphronima;Paraphronima gracilis
0,0,0,0,0,0,0,0.09313725490196077,0,0,0,0,0,0,0,0,0,0,0,0.6270744854622672,0,0,0,0,0,0,0,0.630094880972672,0.6959866308753091,0.5707172552205284,0,0,0,0,0,0,0,0,0,0,0,0,0.2714352146458466,0.2902308175442269,0,0,0,0,0,0,0,0,0,0,0,0,0,0,0,0,0,0,0,0,0,0,0,0,0,0,0,0,0,0,0.055857959753808535,0,0,0,0,0,0,0,0,0,0,0,0,0,0,0,0,0,0,0,0,0,0,0,0,0,0,0,0,0.08614271289128239,0,0,0,0,0,0,0,0,0,0,0,0,0,0,0,0,0,0,0,0,0,0,0,0,0,0,0,0.13045339857787291,0,0,0,0.05967241144811238,0.07500769332219633,0,0,0,0,0,0,0,0,0,0,0.0350502615793366,0.025716180504617117,0.2945787292817679,0.3247348119575699,0.22835346471710108,0,0,0,0,0,0.041483625334985445,0.050212584739601,0,0,0,0,0,0,0,0,0,0,0,0,0,0,0,0,0,0.20198955500534427,0.252396449704142,0.12896168962985358,0,0.22521119324181624,0.09256727430555554,0.021786913380142606,0,0,0,0,0,0,0,0,0.05412212529738302,0,0,0,0,0,0,0.08104308174606945,0,0,0,0,0,0,0,0.1360027633117228,0,0,0.8631031441319913,1,Eukaryota;Echinodermata;Asteroidea;Paxillosida;Astropectinidae;Astropecten;Astropecten californicus
0,0,0,0,0,0,0,0,0,0,0,0,0,0,0,0,0,0,0,0,0,0,0,0,0,0,0,0,0,0,0,0,0,0,0,0,0,0,0,0,0,0,0,0,0,0,0,0.4868923577838254,0,0,0,0,0.3058591576238175,0,0,0,0,0,0,0,0,0,0,0,0,0,0,0,0,0,0,0,0,0,0,0,0,0,0,0.3415794148559417,0.498275398039549,0,0,0,0,0,0,0,0,0,0,0,0,0,0,0,0,0,0,0,0,0,0,0,0,0,0,0.605367423886855,0.6463770996293975,0,0,0,0,0,0,0,0,0,0,0,0,0,0,0,0,0,0,0,0,0,0,0,0,0,0,0,0,0,0,0,0,0,0,0,0,0,0,0,0,0,0,0,0,0,0,0,0,0,0,0,0,0,0,0,0,0,0,0.7996056101109293,0.8275121364133805,1,0,0,0,0,0,0,0,0,0,0,0,0,0,0,0,0,0,0,0,0,0,0,0,0,0,0,0,0,0,0,0,0,0,0,0,0,0,0,0,0,0,Eukaryota;Rotifera;Monogononta;Ploima;;;
0,0,0,0.6120790488754124,0.5774971000633957,1,0,0,0,0,0,0,0,0,0,0,0,0,0,0,0,0,0,0.06309320782303537,0.02022690586039909,0,0,0,0,0,0,0,0,0,0,0,0,0,0,0,0,0,0,0,0,0,0,0,0,0,0,0,0,0,0,0,0.11995289288353521,0.05757159420598964,0,0,0,0,0.5656051736568416,0.6312241897319827,0,0,0,0,0,0,0,0,0,0,0,0,0,0,0,0,0,0,0,0,0,0,0,0,0,0,0,0,0,0,0,0,0,0.11228929784233498,0,0,0,0,0,0.09604376226829857,0,0.0214423040478459,0.13103469725134992,0,0,0,0,0,0,0,0,0,0,0,0,0.0019377760528404078,0,0,0,0,0,0,0.024844932725615193,0.025241544942814276,0,0,0,0,0,0,0,0,0,0,0,0,0,0,0,0,0,0,0,0,0,0,0,0,0,0,0,0,0,0,0,0,0,0,0,0,0,0,0,0,0,0,0,0,0,0,0,0,0,0,0,0,0,0,0,0,0,0,0,0,0,0,0,0,0,0,0,0,0,0,0,0,0,0,0,0,0.09535655029170635,0.18222038869631277,0,0,0,0,0,Eukaryota;Arthropoda;Malacostraca;Decapoda;Hippolytidae;Spirontocaris;Spirontocaris snyderi
0.6669927630464401,0.9486086602416179,0.5615630758343828,0,0,0,0,0,0,0,0,0,0,0,0,0,0,0,0,0,0,0,0,0,0,0,0,0,0,0,0,0,0,0,0,0,0,0,0,0,0,0,0,0,0,0,0,0,0,0,0,0,0,0,0,0,0,0,0,0,0,0,0,0,0,0,0,0,0,0,0,0,0,0,0,0,0,0,0,0,0,0,0,0,0,0,0,0,0,0,0,0,0,0,0,0,0,0,0,0,0,0,0,0,0,0,0,0,0,0,0,0,0,0,0,0,0,0,0,0,0,0,0,0,0,0,0.006719258747035734,0,0,0,0,0,0,0,0,0,0,0,0,0,0,0,0,0,0,0,0,0,0,0,0,0,0.18281436387777264,0.20862995167104237,0.23866567481877868,0.1709591561148404,0,0,0,0,0,0,0,0,0,0,0,0,0,0,0,0,0,0,0,1,0.9007952223035228,0.2794018870941948,0,0,0,0,0,0,0,0,0,0,0,0,0,0,0,0,0,0,0,0,0,0,0,0,0,0,0,0,0,0,0,0,0,Eukaryota;Arthropoda;Malacostraca;Amphipoda;Phronimidae;Phronima;Phronima sedentaria
0,0,0,0,0,0,0,0,0,0,0,0,0,0,0,0,0,0,0,0,0,0,0,0,0,0,0,0,0,0,0,0,0.14679391936549901,0,0,0,0,0,0,0,0,0,0,0,0,0,0,0,0,0,0,0,0.17039673966414612,0,0,0,0.8095539548365821,0,0,0,0,0,0,0,0,0,0,0,0,0,0,0,0,0.23483227565031117,0,0,0,0,0,0,0,0,0,0,0,0,0,0,0,0,0,0,0,0,0,0,0,0,0.06601646702137146,0,0,0,0,0,0,0,0,0,0,0,0,0,0,0,0,0,0,0,0,0.10794473170947454,0.1773059031092225,0,0,0,0,0,0,0,0,0,0,0,0,0,0,0,0,0,0,0,0,0,0,0,0.057475915753443574,0,0,0,0,0,0,0,0,0,0,0,0,1,0.5699441919234092,0,0,0,0,0,0,0,0,0.7254749755876164,0.4702343346403679,0.7242410633845948,0,0,0,0,0,0,0,0,0,0,0,0,0,0,0,0,0,0,0,0,0,0,0,0,0,0,0,0,0,0,0,0,0,0,0,0,0,0.15535595247671577,0,0,0,Eukaryota;Echinodermata;Echinoidea;Clypeasteroida;Dendrasteridae;Dendraster;Dendraster excentricus
0,0,0,0,0,0,0,0,0,0,0,0,0,0,0,0,0,0,0,0,0,0,0,0,0,0,0,0,0,0,0,0,0,0,0,0,0,0,0,0,0,0,0,0,0,0,0,0,0,0,0,0,0,0,0,0,0,0,0,0,0,0,0,0,0,0,0,0,0,0,0,0,0,0,0,0,0,0,0,0,0,0,0,0,0,0,0,0,0,0,0,0,0,0,0,0,0,0,0,0,0,0,0,0,0,0,0,1,0.5805396862880446,0,0,0,0,0,0,0,0,0,0,0,0,0,0,0,0,0,0,0,0,0,0,0,0,0,0,0,0,0,0,0,0,0,0,0,0,0,0,0,0,0,0,0,0,0,0,0,0,0,0,0,0,0,0,0,0,0,0,0,0,0,0,0,0,0,0,0,0,0,0,0,0,0,0,0,0,0,0,0,0,0,0,0,0,0,0,0,0,0,0,0,0,0,0,0,0,0,0,0,0,0,0,Eukaryota;Arthropoda;Insecta;Hemiptera;Cicadidae;Psithyristria;Psithyristria moderabilis
0,0,0,0,0,0,0,0,0,0,0,0,0,0,0,0,0,0,0,0,0,0,0,0,0,0,0,0,0,0,0,0,0,0,0,0,0,0,0,0,0,0,0,0,0,0,0,0,0,0,0,0,0,0,0,0,0.1930426738334676,0,0,0,0,0,0,0,0,0,0,0,0,0,0,0,0,0,0,0,0,0,0,0,0,0,0,0,0,0,0,0,0,0,0,0,0,0,0,0,0,0,0,0,0,0,0,0,0,0,0,0,0,0,0,0,0,0,0,0.05219766103474734,0.06611710378222393,0.9196407659892478,0,1,0.71875295291802,0,0.3487051710391634,0,0,0,0,0,0,0,0,0,0.552318802550968,0.28844363097164794,0,0,0,0,0,0,0,0,0,0,0,0,0,0,0,0,0,0,0,0,0,0,0,0,0,0,0,0,0,0,0,0,0,0,0,0,0,0,0,0,0,0,0,0,0,0,0,0,0,0,0,0,0,0,0,0,0,0,0,0,0,0,0,0,0,0,0,0,0,0,0,0,0,0,0,0,0,Eukaryota;Chordata;Actinopteri;Pleuronectiformes;Pleuronectidae;Microstomus;Microstomus pacificus
0.735906717102091,0.6117352852115986,0.5603054206083529,0,0,0,0,0.39657089493326886,0.21631575716653367,0,0.09179037204477403,0,0.028537185799429907,0,0,0,0,0,0,0,0,0,1,0,0,0,0,0,0,0,0.27699204348950546,0,0,0,0,0,0,0,0.14378403583859312,0,0,0,0,0,0,0,0.014352819788753428,0,0,0,0.5973717764462232,0,0.3959804802876589,0,0.1375712304662464,0,0,0,0.05210262324288561,0.026067595256940388,0,0.020781732833250775,0,0,0,0,0,0,0,0,0,0.8762312446308977,0,0,0.48810175376153814,0,0,0,0,0,0,0.2463724823470341,0,0,0,0,0,0,0,0,0,0,0,7.583334911401514e-4,0.07770033402535242,0.06260299327646356,0,0,0,0,0,0.024479173098534153,0.03389688839593115,0.05075278978846801,0,0,0,0.025446064308356622,0.021235397149330718,0,0.09706483638901017,0.16673060299631215,0.15892964521948286,0,0,0.40599064102622556,0.2155826256185727,0,0,0.3432388269248247,0.1616087047948852,0,0,0,0.03607744775603701,0.5927690659929146,0.5673634265289785,0.6671310206884067,0,0,0,0,0.23457479624638763,0,0,0.6823404392060035,0.6096311094277859,0.4775870401109407,0.08530340812297141,0,0,0.1448209617365127,0.0645390512539696,0.029663499417504496,0.18484685774103887,0,0.24371159279969964,0.4022458108327346,0.39869861250775834,0,0,0,0.03789899337520434,0.1796571162221607,0.0031139654812861635,0,0.8310495980983384,0.6190486745770151,0.6231955465334732,0,0.06903815200304678,0.054710514774090134,0.012599243473348763,0,0,0.14830534274590707,0,0,0.376498915002798,0.474897562549032,0,0,0,0,0,0.721485714788903,0.6381646117003507,0.08255910466143672,0,0,0,0,0.14076571562082707,0.09389886928486979,0,0.024622006092618987,0,0,0.1711418724524485,0.15560630976307935,0,0.35684987494662357,0.19995659492127446,0,0,0,0,0,0,0,0,0.020898691163127214,0,0,0,0.17722482179560065,0,0,0,0.6082845762725393,0,Eukaryota;Arthropoda;Hexanauplia;Calanoida;Calanidae;Calanoides;Calanoides natalis
0,0,0,0,0,0,0,0,0,0,0,0,0,0,0,0,0,0,0,0,0,0,1,0,0.3567804713425952,0,0,0,0,0,0,0,0,0,0,0,0,0,0,0,0,0,0,0,0,0,0,0,0,0,0,0,0,0,0,0,0,0,0,0,0,0,0,0,0,0,0,0,0,0,0,0,0,0,0,0,0,0,0,0,0,0,0,0,0,0,0,0,0,0,0,0,0,0,0,0,0.24945508386841792,0,0,0,0,0,0,0,0,0,0,0,0,0,0,0,0,0,0,0,0,0,0,0,0,0,0,0,0,0.7032980679038764,0.53635026127543,0.6662008088456418,0,0,0,0,0,0,0,0,0,0,0,0,0,0,0,0,0,0,0,0,0,0,0,0,0,0,0,0,0,0,0,0,0,0,0,0,0,0,0,0,0,0,0,0,0,0,0,0,0,0,0,0,0,0,0,0,0,0,0,0,0,0,0,0,0,0,0,0,0,0,0,0,0,0,0,0,0,0.20905158563413007,0,0,0,0,0,Eukaryota;Arthropoda;Malacostraca;Decapoda;Epialtidae;Mimulus;Mimulus foliatus
0,0,0,0,0.031096222489453894,0,0.717879602658899,0.6402856019913533,1,0.5100378103701563,0.1918732701254343,0.2553921359043425,0,0,0,0,0,0,0,0,0,0,0,0,0,0,0,0.4936386190178589,0.443024194255838,0.2075914687564709,0,0,0,0,0,0.03336268687282408,0,0,0,0,0,0,0,0,0,0,0,0,0.08837857778356444,0,0,0,0,0,0,0,0,0,0,0,0,0,0,0,0,0,0,0,0,0,0,0,0,0,0,0,0,0,0,0,0,0,0,0.03352140382067047,0,0,0,0,0,0,0,0,0,0,0,0,0,0,0,0,0,0,0,0,0,0,0,0,0,0,0,0,0,0,0,0,0,0,0,0,0,0,0.03157537698181959,0,0,0,0,0.00292221536607066,0,0,0,0,0,0,0,0,0,0,0,0,0,0,0,0,0.023889899108399813,0,0,0,0.004774411095815624,0,0,0,0,0,0.02495213588812817,0,0,0,0,0,0,0,0,0,0,0,0,0,0,0,0,0,0,0,0,0,0,0,0,0,0,0,0,0,0,0,0,0,0,0,0,0,0,0,0,0,0,0,0,0.18953441638109744,0,0.11303600339218256,0.08652232411571008,0.05243659070426162,0,0.06174341481902596,0,0,0,0,0,Eukaryota;Chlorophyta;Nephroselmidophyceae;NA;NA;Nephroselmis;Nephroselmis olivacea
0,0,0,0,0,0,0,0,0,0,0,0,0,0,0,0,0,0,0,0,0,0,0,0,0,0,0,0,0,0,0,0,0,0,0.3851782167868716,0,0,0,0,0,0,0,0,0,0,0,0,0,0,0,0,0,0,0,0,0,0,0,0,0,0,0,0,0,0.3269924019743775,1,0.6363167131206773,0.6945622467250967,0,0,0,0,0,0,0,0,0,0,0,0,0,0,0,0,0,0,0,0,0,0,0,0,0,0,0,0,0,0,0,0,0,0,0,0,0,0,0,0,0,0,0,0,0,0,0,0.38529447076112716,0.28723651259598326,0,0,0,0,0,0,0,0,0,0,0,0,0,0,0,0,0,0,0,0,0,0,0,0,0,0,0,0,0,0,0,0,0,0,0,0,0,0,0.7115616702872315,0,0,0,0,0,0,0,0,0,0,0,0,0,0,0,0,0,0,0,0,0,0,0,0,0,0,0,0,0,0,0,0,0,0,0,0,0,0,0,0,0,0,0,0,0,0,0,0,0,0,0,0,0,0,0,Eukaryota;Mollusca;Cephalopoda;Teuthida;Octopoteuthidae;Octopoteuthis;Octopoteuthis deletron
0,0,0,1,0.15881741805122668,0.3812242125738681,0.14204045050688885,0,0,0,0,0,0,0,0,0,0,0,0,0,0,0,0,0,0,0,0,0,0,0,0,0,0,0,0,0,0,0,0,0,0,0,0,0,0,0,0,0,0,0,0,0,0,0,0,0,0.7482166191941515,0.5039751992381608,0,0,0,0,0.26242691502646814,0.13908996291438003,0,0,0,0,0,0,0,0,0,0,0,0,0,0,0,0,0,0,0,0,0,0,0,0,0,0,0,0,0,0,0.022850352015946235,0,0,0,0,0,0,0,0,0.04000714388751125,0,0,0,0,0,0,0,0,0,0,0,0,0,0.6683339340896112,0,0.7300072725506823,0.4301639925440309,0,0,0,0,0,0.020672628558495717,0,0,0,0,0,0,0,0,0,0,0,0,0,0,0,0,0,0,0,0,0,0,0,0,0,0,0,0,0,0.1292499858526723,0.037105243503619934,0.00548709716760476,0,0,0,0,0,0,0,0,0,0,0,0,0,0,0,0,0,0,0,0,0,0,0,0,0,0,0,0,0,0,0,0.21349857248598922,0.35190211850005665,0.1962589136274772,0,0,0,0,0,0,0,0,0,0,0,0,0,0,0,0,0,0,Eukaryota;Arthropoda;Malacostraca;Decapoda;Hippolytidae;Spirontocaris;
0,0.07977347311939573,0.0501048801154241,0,0,0,0,0,0,0,0,0,0,0,0,0,0,0,0,0,0.011791059695931517,0,0,0,0,0,0,0,0,0,0,0,0,0,0,0,0,0,0,0,0,0,0,0,0,0,0,0,0,0,0,0,0,0,0.05318712850994056,0.2306111383588087,0,0,0,0,0,0,0,0,0,0,0,0,0,0,0,0,0,0,0,0,0,0,0,0,0,0,0,0,0,0,0,0,0,0,0,0,0,0,0,0,0,0,0.7520509467051095,0.012394207439390176,0,0,0.001579679457978193,0.01669818045023462,1,0,0,0,0,0,0,0,0,0,0,0,0,0,0,0,0,0,0,0,0,0,0,0,0,0,0,0,0,0,0,0,0,0,0,0,0,0,0,0,0,0,0,0,0,0,0,0,0,0,0,0,0,0,0.0010570174348814125,0,0,0,0,0,0,0,0,0,0,0,0,0,0,0,0,0,0,0,0,0,0,0,5.197840422493288e-4,0,0,0,0,0,0,0,0,0.0871577179642674,0,0,0,0,0,0,0,0,0,0,0,0,0,0,0,0,0,0,0,Eukaryota;Arthropoda;Hexanauplia;Calanoida;Clausocalanidae;Pseudocalanus;Pseudocalanus mimus
0,0,0,0,0,0,0,0,0,0,0,0,0,0,0,0,0,0,0,0,0,0,0,0,0,0,0,0,0,0,0,0,0,0,0,0,0,0,0,0,0,0,0,0,0,0,0,0,0,0,0,0,0,0,0,0,0,0,0,0,0,0,0,0,0,0,0,0,0,0,0,0,0,0,0,0,0,0,0,0,0,0,0,0,0,0,0,0,0,0,0,0,0,0,0,0,0,0,0,0,0,0,0,0,0,0,0,0,0,0,0,0,0,0,0,0,0,0,0,0,0,0,0,0,0,0,0.5928071160418829,0.6990510028100074,0,0,0,0,0,0,0,0.3603268466819869,0,0,0,0,0,0,0,0,0,0,0,0.5374020353636338,0.4692307516641074,0,0,0,0,0,0,0,0,0,0,0,0,0,0,0,0,0,0,0,0,0,0,0,0,0,0,0,1,0,0,0,0,0,0,0,0,0,0,0,0,0,0,0,0,0,0,0,0,0,0,0,0,0,0,0,0,0,0,0,0,0,0,Eukaryota;Arthropoda;Hexanauplia;Calanoida;Calanidae;Calanoides;
0,0.5203676377218371,0,0,0,0,0,0,0,0,0,0,0,0,0,0,0,0,0,0,0,0,0,0,0,0,0,0,0,0,0,0,0,0,0,0,0,0,0,0,0,0,0,0,0,0,0,0,0,0,0,0,0,0,0,0.6964489726424569,0,0,0,0,0,0,0,0,0,0,0,0,0,0,0,0,0,0,0,0,0,0,0,0,0,0,0,0,0,0,0,0,0,0,0,0,0,0,0,0,0,0,0,0,0,0,0.5322627937033932,1,0,0,0,0,0,0,0,0,0,0,0,0,0,0,0,0,0,0,0,0,0,0,0,0,0,0,0,0,0,0,0,0,0,0,0,0,0,0,0,0,0,0,0,0,0,0,0,0,0,0,0,0,0,0,0,0,0,0,0,0,0,0,0,0,0,0,0,0,0,0,0,0,0,0,0,0,0,0,0,0,0,0,0,0,0,0,0,0,0,0,0,0,0,0,0,0,0,0,0,0,0,0,0,0,0,0,0,Eukaryota;Mollusca;Cephalopoda;Teuthida;Ommastrephidae;;
0,0,0,0,0,0,0,0,0,0,0,0,0,0,0,0,0,0,0,0,0,0,0,0,0,0,0,0,0,0,0,0,0,0,0,0,0,0,0,0,0,0,0,0,0,0,0,0,0,0,0,0,0,0,0,0,0,0,0,0,0,0,0,0,0,0,0,0,0,0,0,0,0,0,0,0,0,0,0,0,0,0,0,0,0,0,0,0,0,0,0,0,0,0,0,0,0,0,0,0,0,0,0,0,0,0,0,0,0,0,0,0,0,0,0,0,0,0,0,0,0,0,0,0,0,0.6069894392555654,1,0.8844162593865754,0,0,0,0,0,0,0,0,0,0,0,0,0,0,0,0,0,0,0,0,0,0,0,0,0,0,0,0,0,0,0,0,0,0,0,0,0,0,0,0,0,0,0,0,0,0,0,0,0,0,0,0,0,0,0,0,0,0,0,0,0,0,0,0,0,0,0,0,0,0,0,0,0,0,0,0,0,0,0,0,0,0,0,Eukaryota;Chordata;Actinopteri;Perciformes;Stichaeidae;Lumpenus;
0,0,0,0,0.054433455223697455,0.0430414955205537,0,0,0,0,0,0,0,0,0,0,0,0,0,0,0,0,0,0,0,0,0,0,0,0,0,0,0,0,0,0,0,0,0,0,0,0,0,0,0,0,0,0,0,0,0,0,0,0,0,0,0,0,0,0,0,0,0,0,0,0,0,0,0,0,0,0,0,0,0,0,0,0,0,0,0,0,0,0,0,0,0,0,0,0,0,0,0,0.07020311336046628,0.08069869582798758,0,0,0,0,0,0,0,0,0,0.13024314157262135,0,0,0,0,0,0,0,0,0.021185010665732754,0,0,0,0,0,0,0,0,0,0,0,0,0,0,0,0,0,0,0,0,0,0,0,0,0,0,0,0,0,0,0,0,0,0.00208293062767302,0.026266530969056064,0,0,0,0,0,0,0,0,0,0,0,0,0,0,0,0,0,0,0,0,0.027023103047409226,0,0,0.0385061088084026,0,0,0,0,0,0,0,0,0,0,0,0.3121512266373823,0.21075990050585508,0.37536710959455416,0,0,0,0,0,0,0,0,0,0,0,0,0.6635541131035484,1,0,0,0,0,0,0,0,0,0,0,Eukaryota;Arthropoda;Hexanauplia;Calanoida;Calanidae;Calanus;
0,0,0,0,0,0,0,0,0,0,0,0.394828460265204,0,0,0,0,0,0,0,0,0,0,0,0,0,0,0,0,0,0,0,0,0,0,0,0,0,0,0,0,0,0,0,0,0,0,0,0,0,0,0,0,0,0,0,0,0,0,0,0,0,0.044949902684164746,0,0,0,0,0.23110367489432215,0.21757239791590935,0,0,0,0,0,0,0,0,0,0,0,0,0,0,0,0,0,0,0,0,0,0,0,0,0,0,0,0,0,0,0,0,0,0,0,0,0,0,0,0,0,0,0,0,0,0,0,0,0.01595339675747905,0,0,0.0466276644590465,0,0,0,0,0,0,0,0,0,0,0,0,0,0,0,0,0,0,0,0,0,0,0,0,0,0,0,0.01967323125804596,0.011598862120988105,0,0,0,0,0,0,0,0,0.018479515974329102,0,0,0,0,0,0,0,0,0,0,0,0,0,0,0,0,0,0.6166647587430599,0.43729959004748953,1,0,0,0,0,0,0,0,0.03823524323230871,0,0,0,0,0,0,0,0,0,0,0,0,0,0,0,0,0,0,0,0,0,0,0,0.6654504958567427,0.3307579918616139,Eukaryota;Echinodermata;Holothuroidea;;;;
0.01858468538727048,0.01539526932978721,0.018638517599534197,0,0,0,0,0,0,0,0,0,0.004731383875339674,0.0070145557587787824,0,0,0,0,0,0,0.5203367375414497,0.5505567272598743,0,0,0,0.2326739568874875,0.2296942120401523,0,0,0,0,0,0.001206768696294501,0,0,0,0,0.1712140077125653,0.16518440113539207,0,0,0,0.09547348561843576,0.1119782312512611,0,0,0.7539778358770024,0.7571563485530733,0.6790523041980894,0,0,0.5718911451895357,0,0,0.10439234783106667,0.10943166481168859,0.0020282544981096123,0,0.18042325656616992,0.19375606174450913,0.0044147427707729465,0,0,0,0.038121870634426694,0.04274722944087983,0.0742645707116859,0.06073079670354005,1,0.8816888040893903,0.08414847935323996,0.08640636578759216,0,0,0.05775886071469703,0,0,0,0,0,0,0.33295369513032314,0,0,0,0.07363499395033762,0.06940052406494342,0,0,0.12120041138558228,0.1274380820348004,0.08895585606857345,0,0,0,0,0,0,0,0,0,0,0,0,0,0,0,0.009839928286391207,0.004188103323119415,0,0.004557950834235238,0,0,0.01388308448912907,0.018150142663466515,0.0064636238500881274,0.00352682189264834,0,0.0037575188561006618,0,0,0.025041536602003495,0,0,0,0,0,5.856688188255893e-4,0,0,0,0,0,0,0,6.010044343641683e-4,0,0.38114508667057523,0.35941220458426093,0.4467422785271283,0,0,0,0,0,0,0,0,0,0.07041484230827802,0.0863449341363313,0.07187232841717843,0,0,0,0.0012443436810451623,0,0,0,0.45557522690324764,0.46933986162325064,0.4933607027523069,0,0,0,0,0,0,0,0,0,0,0,0,0,0,0,0,0.00259773471357137,0,0,0,0,0,0,8.004427971657999e-4,0,0,0,0,0,0,0,0,0,0,0,0,0.002040610154756293,0.010905182278990793,0.010007438632631583,0.017355289467393523,0.01551541440351447,0.011814680378028571,0,0,0,0,0,0,0.0020143460596921455,Eukaryota;Cnidaria;Hydrozoa;Siphonophorae;Clausophyidae;Chuniphyes;Chuniphyes multidentata
0,0.04377575675308809,0.11122561985043669,0,0,0,0,0,0,0,0,0.17235452563170722,0,0,0,0,0,0,0,0,0,0,0,0,0,0,0,0,0,0,0.9699967038038103,0.8075560172132363,0,0,0,0,0,0,0,0,0,0,0,0,0,0,0,0,0,0,0.11587237711986202,0,0,0,0,0,0,0,0,0,0,0,0,0,0,0,0,0,0,0,0,0,0,0,0,0,0,0,0,0,0,0,0,0,0,0,0,0,0,0,0,0,0,0,0,0,0,0,0,0,0,0,0,0,0,0,0,0,0,0,0,0,0,0,0,0,0,1,0,0.58953689550611,0.5470908703154385,0,0,0,0,0,0,0.011569612260712337,0.19314838771501125,0.20918357933579337,0,0,0,0,0,0,0,0,0,0,0.6283896238858467,0.6331184346035015,0.9021779915242131,0,0,0,0,0,0,0,0,0.0944169705892194,0.22543921534887723,0.2544467588209304,0.16670863391995588,0,0,0,0,0,0,0,0,0,0,0,0,0,0,0,0,0,0,0,0,0.09229465972182474,0,0,0,0,0,0,0,0,0,0,0,0,0,0,0,0,0,0,0,0,0,0,0,0,0,0,0,0,0,0,0,0,0,0,0,Eukaryota;Arthropoda;Malacostraca;Amphipoda;Phrosinidae;Primno;Primno brevidens
0,0,0,0,0,0,0,0,0.14910868759619603,0,0,0,0,0,0,0,0,0,0,0,0,0,0,0,0,0,0,0,0.14612075099469174,0,0,0,0,0,0,0,0,0,0,0.51801057016339,0.8238439492983598,1,0,0,0,0,0,0,0,0,0,0,0,0,0,0,0,0,0.05002429270845013,0,0,0,0,0,0,0.6081848752868654,0.7913651848306541,0.5150826186661641,0,0.42633761708821677,0,0,0,0,0,0.598770573989233,0,0,0,0,0,0,0.35502129009951167,0.1370971208251141,0,0,0,0,0,0,0,0,0.10042705596285884,0,0,0,0,0,0.2279555705275766,0,0,0,0,0,0,0,0,0,0,0,0,0,0,0,0,0,0,0,0,0,0,0,0,0,0,0.2831792878204874,0.09546951491814931,0.12698350059154237,0,0,0,0,0,0,0,0,0,0,0,0,0,0,0,0,0,0,0,0,0,0,0,0,0,0,0,0,0,0.03249892473806833,0,0,0.021210968716113273,0,0.5698875679819503,0.7572790749020258,0,0,0,0,0.09992149010094623,0,0.8588716922050255,0.8708787404562053,0,0,0,0,0,0,0,0,0,0,0,0,0,0,0,0,0,0,0,0,0,0,0,0,0,0,0,0,0,0,0,0,0,0,0,0,0,0,0,Eukaryota;Arthropoda;Hexanauplia;Calanoida;Clausocalanidae;Clausocalanus;
0,0,0,0,0,0,0,0,0,0,0.10014460606298543,0.04362449584562544,0.02754203737295212,0,0,0,0,0,0,1,0,0,0,0,0,0,0,0.06763188960223218,0,0,0,0,0,0,0,0,0,0,0,0,0,0,0,0,0.5386153501615637,0.39405252317198763,0,0,0,0,0,0,0,0,0,0,0,0,0,0,0,0,0,0,0,0.019228353183577063,0,0,0,0,0,0,0,0,0,0.07082697024387986,0,0,0,0,0,0,0,0,0,0,0,0,0,0,0,0,0,0,0,0,0,0,0,0,0,0,0,0,0,0,0,0,0,0,0,0,0,0,0,0,0,0,0,0.00983540488708586,0,0,0,0,0,0,0,0,0.04888761119895229,0,0,0,0,0,0,0,0,0,0,0,0,0,0,0,0,0,0,0,0,0,0,0,0,0,0,0,0,0,0,0,0,0,0,0,0,0,0,0,0,0,0,0,0,0,0,0,0,0,0,0,0,0,0,0,0,0,0,0,0,0,0,0,0,0,0,0,0.017055870373156364,0,0,0,0,0,0,0,0,0,0,0,0,0.04411527331004346,0,Eukaryota;Arthropoda;Malacostraca;Euphausiacea;Euphausiidae;Nematoscelis;Nematoscelis tenella
0,0,0,0,0,0,0,0,0,0,0,0,0,0,0,0,0,0,0,0,0,0,0,0,0,0,0,0,0,0,0,0,0,0,0,0,0,0,0,0,0,0,0,0,0,0,0,0,0,0,0,0,0,0,0,0,0,0,0.10413581964517124,0.09472810071928503,0,0,0,0,0,0,0,0,0,0,0,0,0.46177630854701124,0.31163253300293475,0,0,0,0,0,0.06482105823597581,0.12279282353876475,0,0,0,0,0,0,0,0,0,0,0,0,0,0,0,0,0,0,0,0,0,0,0,0,0,0,0,0,0,0,0,0,0,0,0,0,0,0,0,0,0,0,0,0,0,0,0,0,0,0,0,0,0,0,0,0,0,0,0,0,0,0,0,0,0,0,0,0,0,0,0,0,0,0,0,0,0,0,0,0,0,0,0,0,0,0,0,0,0,0,0,0,0,0,0,0,0,0,0,0,0,0.03622669085210923,0.02188434059037709,0,0,0,0,0.10293839188886786,0.031198021199678384,0.0653315660521348,0.06249500519459762,0,0,0,0,0,0,0,0,0,0,0,0,1,0.9968379673087686,0,0,0,0,0.12701738029748322,Eukaryota;Chordata;Actinopteri;Clupeiformes;Engraulidae;Engraulis;Engraulis mordax
0,0,0,0,0,0,0,0,0,0,0,0,0,0,0,0,0,0,0,0,0,0,0,0,0,0,0,0.39395157126523583,1,0.5433967713277891,0,0,0,0,0,0,0,0,0,0,0,0,0,0,0,0,0,0.021262422034848148,0,0,0,0,0,0,0,0,0,0,0,0,0,0,0,0,0,0.40769444086798917,0.5348968157887328,0.12742612507197115,0,0,0,0,0,0,0,0,0,0,0,0,0,0,0,0,0,0,0,0.04334681066387668,0,0,0,0,0,0,0,0,0,0,0,0,0,0,0,0,0,0,0,0,0,0,0,0,0,0.14680732171935468,0.07493943570862013,0,0,0,0,0,0,0.04754974528262929,0,0,0,0,0,0,0,0,0,0,0,0,0,0,0,0,0,0,0,0,0,0,0,0,0,0,0,0,0,0,0,0,0,0,0,0,0,0,0,0,0,0,0,0,0,0,0,0,0,0,0,0,0,0,0,0,0,0,0,0,0,0,0,0,0,0,0,0,0,0,0,0,0,0,0,0,0,0,0,0,0,0,0,0,0,0,0,0,0,Eukaryota;Arthropoda;Insecta;Coleoptera;Carabidae;Carabus;Cuvierina pacifica
0,0,0,0,0,0,0,0,0,0,0,0,0,0,0,0,0,0,0,0,0,0,0,0,0,0,0,0,0,0,0,0,0,0,0,0,0,0,0,0,0,0,0,0,1,0.9471697753366137,0,0,0,0,0,0,0,0,0,0,0,0,0,0,0.17844572896596017,0.08114367488792512,0,0,0,0,0,0,0,0,0,0,0,0,0,0,0,0,0,0,0,0,0,0,0,0,0,0,0,0,0,0,0,0,0,0,0,0,0,0,0,0,0,0,0,0,0,0,0,0,0,0,0,0,0,0,0,0,0,0,0,0,0,0,0,0,0,0,0,0,0,0,0,0,0,0,0,0,0,0,0,0,0,0,0,0,0,0,0,0,0,0,0,0,0,0,0,0,0,0,0,0,0,0,0,0,0,0,0,0,0,0,0,0,0,0,0,0,0,0,0,0,0,0,0,0,0,0,0,0,0,0,0,0,0,0,0,0,0,0,0,0,0,0,0,0,0,0,0,0,0,Eukaryota;Chordata;Actinopteri;Beryciformes;Melamphaidae;;
0,0,0,0,0,0,0.012662058980678743,0,0,0,0,0,0,0,0,0,0,0,0,1,0,0,0,0,0,0,0,0,0,0,0,0,0,0,0,0,0,0,0,0,0,0,0,0,0,0,0,0,0,0,0,0,0,0,0,0,0,0,0,0,0,0,0,0,0,0,0,0,0,0,0,0,0,0,0,0,0,0,0,0,0,0,0,0,0,0,0,0,0,0,0,0,0,0,0,0,0,0,0,0,0,0,0,0,0,0,0,0,0,0,0,0,0.03398122022295203,0,0,0,0,0,0,0,0,0,0,0,0,0,0,0,0,0,0,0,0,0,0,0,0,0,0,0,0,0,0,0,0,0,0,0,0,0,0,0,0,0,0,0,0,0,0,0,0,0,0,0,0,0,0,0,0,0,0,0,0,0,0,0,0,0,0,0,0,0,0,0,0,0,0,0,0,0,0,0,0,0,0,0,0,0,0,0,0,0,0,0,0,0,0,0,0,0,0,Eukaryota;Arthropoda;Insecta;Hymenoptera;Crabronidae;Oxybelus;Oxybelus quatuordecimnotatus
0,0,0,0,0,0,0,0,0,0,0,0,0,0,0,0,0,0,0,0,0,0,0,0,0,0,0,0,0,0,0,0,0,0,0,0,0,0,0,0,0,0,0,0,0,0,0,0,0,0,0,1,0,0,0,0,0,0,0,0,0,0,0,0,0,0,0,0,0,0,0,0,0,0,0,0,0,0,0,0,0,0,0,0,0,0,0,0,0,0,0,0,0,0,0,0,0,0,0,0,0,0,0,0,0,0,0,0,0,0,0,0,0,0,0,0,0,0,0,0,0,0,0,0,0,0,0,0,0,0,0,0,0,0,0,0,0,0,0,0,0,0,0,0,0,0,0,0,0,0,0,0,0,0,0,0,0,0,0,0,0,0,0,0,0,0,0,0,0,0,0,0,0,0,0,0,0,0,0,0,0,0,0,0,0,0,0,0,0,0,0,0,0,0,0,0,0,0,0,0,0,0,0,0,0,0,0,0,0,0,0,Eukaryota;Arthropoda;Insecta;Ephemeroptera;Leptophlebiidae;Atalophlebia;Atalophlebia sp. BOLD:ABV8735
0,0,0,0,0,0,0,0,0,0,0,0,0,0,0,0,0,0,0,0,0,0,0,0,0,0,0,0,0,0,0,0,0,0,0,0,0,0,0,0,0,0,0,0,0,0,0,0,0,0,0,0,0,0,0,0,0,0,0,0,0,0,0,0,0,0,0,0,0,0,0,0,0,0,0,0,0,0,0,0,0,0,0,0,0,0,0,0,0,0,0,0,0,0,0,0,0,0,0,0,0,0,0,0,0,0,0,0,0,0,0,0,0,0,0,0,0,0,0.07604742635970645,1,0.46525767971594967,0,0,0,0,0,0,0,0,0,0,0,0,0,0,0,0,0,0,0,0,0,0,0,0,0,0,0,0,0,0,0,0,0,0,0,0,0,0,0,0,0,0,0,0,0,0,0,0,0,0,0,0,0,0,0,0,0,0.15772458920196533,0.183420766763092,0,0,0,0,0,0,0,0,0,0,0,0,0,0,0,0,0,0,0,0,0,0,0,0,0,0,0,0,0,0,0,Eukaryota;Mollusca;;;;;
0.7980150083870399,0.5136169404099362,1,0,0,0,0,0,0,0,0,0,0,0,0,0,0,0,0,0,0,0,0,0,0,0,0,0,0,0,0,0,0,0,0,0,0,0,0,0,0,0,0,0,0,0,0,0,0,0,0,0,0,0,0,0,0,0,0,0,0,0,0,0,0,0,0,0,0,0,0,0,0,0,0,0,0,0,0,0,0,0,0,0,0,0,0,0,0,0,0,0,0,0,0,0,0,0,0,0,0,0,0,0,0,0,0,0,0,0,0,0,0,0,0,0,0,0,0,0,0,0,0,0,0,0,0,0,0,0,0,0,0,0,0,0,0,0,0,0,0,0,0,0,0,0,0,0,0,0,0,0,0,0,0,0,0,0,0,0,0,0,0,0,0,0,0,0,0,0,0,0,0,0,0,0,0,0,0,0,0,0,0,0,0,0,0,0,0,0,0,0,0,0,0,0,0,0,0,0,0,0,0,0,0,0,0,0,0,0,0,Eukaryota;NA;NA;Longamoebia;Acanthamoebidae;Acanthamoeba;Acanthamoeba sp.
0,0,0,0.024401697620067647,0.008220576449879195,0.015437868487324924,0,0,0,0,0,0,0,0,0,0,0,0,0,0,0,0,0,0,0,0,0,0,0,0,0,0,0,0,0.1564304938040876,0.1123046568500918,0.15747976218400994,0,0,0,0,0,0,0,0,0.00554412692627087,0,0.0011005092302828043,0,0,0,0,0,0,0,0,0,0,0,0.004141434557483615,0,0,0,0,0,0.3011038486426571,0.2918082687151709,0.33788608664992964,0,0,0,0,0,0,0,0,0,0,0,0,0,0,0,0,0,0,0,0,0,0,0,0,0,0,0,0,0,0,0,0,0,0,0,0,0,0,0,0,0,0,0,0,0,0,0,0,0,0,0.013602237937865344,7.116652421821205e-4,0,0,1,0,0,0.43234444139528716,0.42034073035906877,0.4304452953451056,0,0,0,0,0.035146659939071095,0.03245215981712904,0.011056640335403005,0.00931619862548357,0.004417687984392152,0.10273600861674674,0.08039781354156886,0.07896469012976357,0.3855852857337605,0.3433662609670426,0.4491035843034424,0,0,0,0,0,0,0.08658299437060539,0.0772315292782291,0.0715690201595738,0.8231956039037789,0.7756351266923549,0.8449898538950142,0,0,0,0,0,0,0,0,0,0,0,0,0,0,0,0,0,0,0,0,0,0,0,0,0,0,0,0,0,0,0,0,0,0,0,0,0,0,0,0,0,0,0,0,0,0,0,0,0,0,0.004896734276665391,0.021360218637680575,0.008535342561641025,0,0,0,Eukaryota;Chordata;Actinopteri;Pleuronectiformes;Paralichthyidae;Citharichthys;Citharichthys sordidus
0,0,0,0.0716116439876295,0,0,0,0.024285225667074355,0,0,0,0,0,0,0,0,0,0,0,0,0.1050033679738691,0,0.10082032569253466,0,0.0639479525715493,0,0,0.8478049409181677,0.6927316202795556,0.7529209078666877,0.006110130117897637,0,0,0,0,0,0,0,0,0,0,0,0,0,0,0,0,0,0,0,0,0,0,0,0,0,0,0,0.1959598676358237,0.21390802290617772,0,0,0,0,0,0,0,0,0.01662105871690883,0,0,0,0,0,0.06473233315003833,0,0.1554385677490922,0.1287881849352329,0,0,0,0,0,0.04348272084272194,0,0,0,0.024831765240023913,0,0,0,0.01906436004629193,0,0.04217680392439888,0.03078958556326646,0,0.2703640351136788,0,0,0,0,0,0,0,0,0,0,0,0,0,0,0,0,0,0,0.031269953168506934,0.028533048323550105,0,0,0.05207385162124142,0.010781662741626157,0,0,0,0,0,0.00703414738563446,0.005985141017029988,0,0,0.057366142206554116,0,0,0,0,0.018008542125709535,0,0,0,0,0,0.09783900911673428,0,0,0,0,0,0.00990084085178225,0.009313065961795928,0,0.03292858682985966,0.024809332153348084,0,0,0,1,0,0,0,0,0,0,0.028718917906110145,0.02959907294817626,0,0,0,0.005417615370492709,0,0,0,0,0.03285188851631601,0,0,0.18567682053366286,0.06019211024614313,0,0.7645986126140176,0.7951281048114401,0.599464575522845,0.03620490771812081,0.03250716804046015,0,0,0,0,0,0,0,0,0,0,0.12891338282977688,0.10532336790726052,0.16545601006958074,0,0,0,0,0,0,0,0,0,0,0,0,0,0,0,Eukaryota;Ctenophora;Nuda;Beroida;Beroidae;Beroe;Beroe forskalii
0,0,0,0.9468479068279537,1,0,0,0,0,0,0,0,0,0,0,0,0,0,0,0,0,0,0,0.2384258767631594,0,0,0,0,0,0,0,0,0,0,0,0,0,0,0,0,0,0,0,0,0,0,0,0,0,0,0,0,0,0,0,0,0,0,0,0,0,0,0,0,0,0,0,0,0,0,0,0,0,0,0,0,0,0,0,0,0,0,0,0,0,0,0,0,0,0,0,0,0,0,0,0,0,0,0,0,0,0,0,0,0,0,0,0,0,0,0,0,0,0,0,0,0,0,0,0,0,0,0,0,0,0,0,0,0,0,0,0,0,0,0,0,0,0,0,0,0,0,0,0,0,0,0,0,0,0,0,0,0,0,0,0,0,0,0,0,0,0,0,0,0,0,0,0,0,0,0,0,0,0,0,0,0,0,0,0,0,0,0,0,0,0,0,0,0,0,0,0,0,0,0,0,0,0,0,0,0,0,0,0,0,0,0,0,0,0,0,Eukaryota;Arthropoda;Insecta;Diptera;Keroplatidae;Asindulum;
0,0,0,0,0,0,0,0,0.07461036630516711,0,0,0,0,0,0,0,0,0,0.27780696078871003,0,0,0,0,0,0,0,0,0,0,0,0,0,0,0,0,0,0,0,0,0,0,0,0,0,0,0,0,0,0,0,0,0,0,0,0,0,0,0,0,0,0,0,0,0,0.07704049232527964,0,0,0,0,0,0,0,0,0,0,0,0,0,0,0,0,0,0,0,0,0,0,0,0,0,0,0,0,0,0.0020028702750046674,0,0,0,0,0,0,0,0,0,0,0,0,0,0,0,0,0,0,0,0,0,0,0,0,0,0,0,0,0,0.01155479219029377,0,0,0,0,0,0,0,0,0,0,0,0,0,0,0,0,0.022353197687904173,0,0,0,0,0,0,0,0,0,0,0,0,0,0,0.02317289338152637,0.023767060147200193,0.009619058652040447,0.13440467494521546,0.11321017233692199,0,0,0,0,0,0,0,0,0,0,0,0,0,0,0,0.04698614269584761,0.1329645691636642,0,0,0,0,0,0.005075727997230023,0,0,0,0,0,0,0,0,0,0,0,0,0.0696613568585887,0,0.04948643128474981,0,0,0,0,0,0,0,0.31372875692144475,0.20648033728478465,0.11953507590716092,1,0.9261052166924867,Eukaryota;Echinodermata;Echinoidea;Spatangoida;Brissidae;Brissopsis;Brissopsis pacifica
0,0.1661921073573993,0.2707511334029549,0,0,0,0.08897207101527593,0,0,0,0,0.09903432064176305,0.0750295972237042,0.31926120604097363,0,0,0,0,1,0.4864615562003959,0,0,0,0,0,0,0,0,0,0,0,0,0,0,0,0,0,0,0,0,0,0,0,0,0,0,0,0,0,0,0,0,0,0,0,0.16452709746026462,0,0.06645952214989229,0,0,0.06375760323397181,0,0,0,0,0,0,0,0,0,0,0,0,0,0,0,0,0,0,0,0,0,0,0,0,0,0,0,0,0,0,0,0,0,0,0,0,0,0.05016199506583836,0,0,0,0,0,0,0,0,0,0,0,0,0,0,0,0,0,0,0,0,0,0,0,0,0,0,0,0,0,0,0.38157513928080455,0,0,0,0,0,0,0,0,0,0,0.27774655967347167,0.09371579733850287,0.11029540143279826,0,0,0,0,0,0,0,0,0,0,0,0,0,0,0,0,0,0,0,0,0,0,0,0,0,0,0,0,0,0.15079840230182914,0,0,0,0.03133922860589352,0,0,0,0,0,0,0,0,0.030826598919753846,0,0,0,0,0,0,0,0,0,0,0,0,0,0,0,0,0,0,0,0,0,0,0,0,0,Eukaryota;Arthropoda;Ostracoda;Halocyprida;Halocyprididae;Alacia;Alacia hettacra
0,0,0,0,0,0,0,0,0,0,0,0,0,0,0,0,0,0,0,0,0,0,0,0,0,0,0,0,0,0,0,0,0,0,0,0,0,0,0,0,0,0,0,0,0,0,0,0,0,0,0,0,0,0,0,0,0,0,0,0,0,0,0,0,0,0,0,0,0,0,0,0,0,0,0,0,0,0,0,0,0,0,0,0,0,0,0,0,0,0,0,0,0,0,0,0,0,0,0,0,0,0,0,0,0,0,0,0,0,0,0,0,0,0,0,0,0,0,0,0,0,0,0,0,0,0,0,0,0,0,0,0,0,0,0,0,0,0,0,0,0,0,0,0,0,0,0,0,0,0,0,0,0,0,0,0,1,0.7430337434803906,0.485300261518469,0,0,0,0,0,0,0,0,0,0,0,0,0,0,0,0,0,0,0,0,0,0,0,0,0,0,0,0,0,0,0,0,0,0,0,0,0,0,0,0,0,0,0,0,0,0,0,0,0,0,0,0,Eukaryota;Chordata;Actinopteri;Argentiniformes;Microstomatidae;Nansenia;Nansenia candida
0,0.03001129636744713,0,0,0,0,0,0,0,0,0,0,0,0,0,0,0,0,0,0,0,0,0,0,0,0,0,0,0,0,0.10202732825979835,0,0,0,0,0,0,0,0,0,0,0.11798560240086613,0,0,0,0,0.6087282451973413,1,0,0,0,0,0,0,0,0,0,0,0,0,0,0,0,0.08467219774263728,0,0,0,0,0,0,0,0,0,0,0.09650932835958927,0,0,0,0,0,0,0,0,0,0,0,0,0,0,0,0,0,0,0.023090848008905422,0,0,0,0,0,0.10771024050291476,0,0.044367719605671666,0.056437324911035876,0.05953368437266456,0,0.037317673327676104,0,0,0,0,0,0,0,0,0,0,0,0,0,0,0,0,0,0,0,0,0,0,0,0,0,0,0,0,0,0,0,0,0,0,0,0,0,0,0,0,0,0.008478197388988366,0,0,0,0,0,0,0,0,0,0,0,0,0,0,0,0,0,0.37059905630224843,0,0.18092734888623818,0.104855396293863,0.16656040194685479,0,0,0,0,0,0,0.01794806350927329,0,0,0,0,0,0.02710269186990809,0,0,0,0,0,0,0,0.19550903076607826,0.25247758706434226,0.11427974862456049,0,0.07933967237044846,0,0,0,0,0,0,0,0,0,0.19138504219782124,0,0,0,0,0,0,Eukaryota;Bacillariophyta;Coscinodiscophyceae;Rhizosoleniales;Rhizosoleniaceae;Rhizosolenia;Rhizosolenia setigera
0,0,0,0,0,0,1,0.37480642419722726,0.6848873611196366,0,0,0,0,0,0,0,0,0,0,0.05257284572663533,0,0,0,0,0,0,0,0,0,0,0,0,0,0,0,0,0,0,0,0,0,0,0,0,0,0,0,0,0,0,0,0,0,0,0,0,0,0,0,0,0,0,0,0,0,0,0,0,0,0,0,0,0,0,0,0,0,0,0,0,0,0,0,0,0,0,0,0,0,0,0,0,0,0,0,0,0,0,0,0,0,0,0,0,0,0,0,0,0,0,0,0,0,0,0,0,0,0,0,0,0,0,0,0,0,0,0,0,0,0,0,0,0,0,0,0,0,0,0,0,0,0,0,0,0,0,0,0,0,0,0,0,0,0,0,0,0.13362930830938957,0.07574127652453012,0.08617578643303474,0.1937652265814557,0.13989433479663912,0,0,0,0,0,0,0,0,0,0,0,0,0,0,0,0,0,0,0,0,0,0,0,0,0,0,0,0,0,0,0,0,0,0,0,0,0,0,0,0,0,0,0,0,0,0,0,0,0,0,Eukaryota;Arthropoda;Hexanauplia;Calanoida;Eucalanidae;Pareucalanus;Pareucalanus sewelli
0,0,0,0,0,0,0,0,0.12256372931592377,0.13223721104654565,0.09798626476089524,0.1138247731432562,0,0,0,0,0,0,0,0,0,0,0,0,0,0,0,0,0,0,0,0,0,0,0,0,0,0,0,0,0,0,0,0,0,0,0,0,0,0,0,0,0,0,0,0,0,0,0,0,0,0,0,0,0,0,0,0,0,0,0,0,0,0,0,0,0,0,0,0,0,0,0,0,0,0,0,0.4606478912172148,0.5016438159500395,0,0,0,0,0,0,0,0,0,0,0,0,0,0,0,0,0,0,0,0,0,0,0,0,0,0,0,0,0,0,0,0,0,0,0,0,0,0.005524723858673826,0,0.2790315110280613,0.26861931119311194,0,0,0,0,0,0,0,0,0,0,0.019951693855526944,0.029987984895296946,0,0,0,0,0,0,0,0,0,0,0,0,0,0,0,0,0,0,0,0,0.24231873023742387,0.12398694201972892,0.12120959839043977,0,0,0,0,0,0,0,0,0,0,1,0.8171955846510378,0.8687285565113619,0,0,0,0,0,0,0,0,0,0,0,0,0,0,0,0,0,0,0.016688278039263447,0,0,0,0,0,0,0,0,0,0,0,0,0,0,Eukaryota;Arthropoda;Ostracoda;Halocyprida;Halocyprididae;Halocypris;Halocypris inflata
0,0,0,0,0,0,0,0,0,0.6729429622009255,0.5728854685585608,1,0,0,0,0,0,0,0,0,0,0,0,0,0,0,0,0,0,0,0,0,0,0,0,0,0,0,0,0,0,0,0,0,0,0,0,0,0,0,0,0,0,0,0,0,0,0,0,0,0,0,0,0,0,0,0,0,0,0,0,0,0,0,0,0.40640304213741535,0,0,0,0,0,0,0,0,0,0,0,0,0,0,0,0,0,0,0,0,0,0,0,0,0,0,0,0,0,0,0,0,0,0,0,0,0,0,0,0,0,0,0,0,0,0,0,0,0,0,0,0,0.38677158423234514,0.274480680370963,0,0,0,0,0,0,0,0,0,0,0,0,0,0,0,0,0,0,0,0,0,0,0,0,0,0,0.04296849319220897,0.055170627415089206,0.017199196821750598,0,0,0,0.16675052901833884,0.15423420334199386,0,0,0,0,0,0,0,0,0,0,0,0,0,0,0,0,0,0,0,0,0,0,0,0,0,0,0,0,0,0,0,0,0.09341761736947003,0.1469783780471903,0.039325948964034727,0,0,0,0,0,0,0,0,0,0,0,0,Eukaryota;Arthropoda;Malacostraca;Decapoda;Luciferidae;Lucifer;NA
0,0,0,0,0,0,0,0,0,0,0,0,0,0,0,0,0,0,0,0,0,0,0,0,0,0,0,0,0,0,0,0,0,0,0,0,0,0,0,0,0,0,0,0,0,0,0,0,0,0,0,0,0,0,0,0,0,0,0,0,0,0,0,0.041981662607680735,0,0,0,0,0,0,0,0,0,0,0,0,0,0,0,0.9512669504676584,1,0,0,0,0,0,0,0,0,0,0,0,0,0,0,0,0,0,0,0,0,0,0,0,0,0,0,0,0,0,0,0,0,0,0,0,0,0,0,0,0,0,0,0,0.07294700915815829,0,0,0,0,0,0,0,0,0,0,0,0,0,0,0,0,0,0,0,0,0,0,0,0,0,0,0,0,0,0,0,0,0,0,0,0,0,0,0,0,0,0,0,0,0,0,0,0,0,0,0,0,0,0,0,0,0,0,0,0,0,0,0,0,0,0,0,0,0,0,0,0,0,0,0,0,0,0,0,0,0,0,0,0,0,0,Eukaryota;Arthropoda;Hexanauplia;Pedunculata;Lepadidae;Lepas;Lepas pectinata
0.09242892610957583,0.14069132911398585,0.14044762895751559,0.9599039630971641,1,0.9836565884263383,0.1276129712407533,0.19476723088972814,0.12853016340840528,0.05446127889249903,0.06535298232175699,0.09579104854984712,0.16888356378903097,0.20979253408910098,0,0,0,0,0.057074368947600866,0.025651971072602878,0.05391330377687653,0.04274641531424186,0.42483759870650584,0.3971223436308312,0.3972873447684284,0.1378851763368233,0.1257560129363206,0,0,0,0.0407209468762257,0.11185614499941818,0.02470313636731064,0.03228157493479413,0.003282980388971983,0,0,0.020537820943492997,0.03354567698947575,0.1474910755726249,0.12738226956827592,0.10168286737811841,0.006149742695441766,0,0,0,0.00665194635678679,0,0,0,0.00902796015558924,0.026035724960113825,0.026217256578710317,0,0.02220450574852949,0.015216022699319317,0,0.019625352138453928,0.014086006673974643,0.015101583508652256,0.03496532253965614,0.030270382196017395,0.029871491811492974,0.014033185272806838,0.059224740445012955,0,0,0,0,0.012249955491056752,0.03638279351245204,0.02781100501795246,0.2184438027958992,0.2739957941975858,0,0,0,0,0,0.02368160992489167,0.026100893889681728,0.019030598870486356,0,0,0,0,0.011938337390143949,0,0,0.012020498006810446,0.014159351447703075,0.022970283355078024,0,0.01319914907095875,0.015409105456011265,0,0.009943147849266885,0,0,0,0,0,0,0,0,0,0,0.005503499200076717,0,0.031057325601992446,0,0,0,0,0.006171796695086453,0,0,0.033242863934690704,0.10683086184113932,0.05501527672112543,0.04912078015131081,0.006282013648467475,0.02556784668787821,0,0.03971100943234765,0.2039740982243531,0.17212162478230977,0.15647196819360515,0,0,0,0.19851802631600657,0.12020613985805867,0.1742302372810039,0.01952221513558945,0.016843187777094856,0.0199060363086855,0.0640576640026411,0.044691342534998395,0.05073259184545494,0.008369178992311167,0.021025105765027523,0.01894377074884067,0,0.00982583243588142,0,0,0.006997013252472879,0.005891096047911221,0,0.0074390672712806765,0.005604804475755561,0,0,0,0.05609974004865622,0.20429962766245136,0.2030349728228252,0.2357583343973447,0,0.005546036877227909,0,0,0,0,0.06824600383947627,0.11217240493319629,0.04344921304013604,0.06401582381652669,0.05416823145726338,0.04145896232227168,0.03217236709991801,0,0,0,0,0.008498944238691119,0.014576295802898232,0,0,0,0,0.0018537905021978316,0.0020810436287536102,0.01875260743714902,0.017555838786671676,0.01462104497134757,0,0.014587085067001042,0,0.005786210409910414,0,0.018940206208568636,0.015031478047999505,0.017532529000722864,0.010993830159016752,0,0,0.003978311674509725,0.03587694636776934,0.04720209405063865,0.1682081610942839,0.13789703286763358,0.18051568478704869,0.1351159245729523,0.1166576005824107,0,0,0,0.008691023729734692,0.004908884989066536,Eukaryota;Arthropoda;Hexanauplia;Calanoida;Eucalanidae;Rhincalanus;Rhincalanus nasutus
0,0,0,0,0,0,0,0,0,0,0,0,0,0,0,0,0,0,0,0,0,0,0,0,0,0,0,0,0,0,0,0,0,0,0,0,0,0,0,0,0,0,0,0,0,0,0,0,0,0,0,0,0,0,0,0,0,0,0,0,0,0,0,0,0,0,0,0,0,0,0,0,0,0,0,0,0,0,0,0,0,0,0,0,0,0,0,0,0,0,0,0,0,0,0,0,0,0,0,0,0,0,0,0,0,0,0,0,0,0,0,0,0,0,0,0,0,0,0,0,0,0,0,0,0,0,0,0,0,0,0,0,0,0,0,0,0,0,0,0,0,0,0,0,0,0,0,0,0,0,0,0,0,0,0,0,0,1,0.803925609819816,0,0,0,0,0,0,0,0,0,0,0,0,0,0,0,0,0,0,0,0,0,0,0,0,0,0,0,0,0,0,0,0,0,0,0,0,0,0,0,0,0,0,0,0,0,0,0,0,0,0,0,0,Eukaryota;Mollusca;Gastropoda;Neogastropoda;Mitridae;Mitra;NA
0,0,0,0,0,0,0,0,0,0,0,0,0,0,0,0,0,0,0,0,0,0,0,0,0,0,0,0,0,0,0,0,0,0,0,0,0,0,0,0,0,0,0,0,0,0,0,0,0,0,0,0,0,0,0,0,0,0,0,0,0,0,0,0,0,0,0,0,0,0,0,0,0,0,0,0,0,0,0,0,0,0,0,0,0,0,0,0,0,0,0,0,0,0,0,0,0,0,0,0,0,0,0,0,0,0,0,0,0,0,0,0,0,0,0,0,0,0,0,0,0,0,0,0,0,0,0,0,0,0,0,0,0,0,0,0,0,0,0,0,0,0,0,0,0,0,0,0,0,0,0,0,0,0,0,0,0,0,0,0,0,0,1,0.7788534904663609,0,0,0,0,0,0,0,0,0,0,0,0,0,0,0,0,0,0,0,0,0,0,0,0,0,0,0,0,0,0,0,0,0,0,0,0,0,0,0,0,0,0,0,0,0,0,0,Eukaryota;Mollusca;Gastropoda;NA;Protancylidae;Protancylus;Protancylus adhaerens
0,0,0,0,0,0,0,0,0.3212735047981503,0,0,0,0,0,0,0,0,0,0,0,0,0,0,0,0,0,0,0,0,0,0,0,0,0,0,0,0,0,0,0,0,0,0,0,0,0,0,0,0,0,0,0,0,0,0,0,0,0,0,0,0,0,1,0.20879342992702285,0,0,0,0,0,0,0,0,0,0.23519190902445747,0,0,0.6095530917109228,0,0,0,0,0,0,0,0,0,0,0,0,0,0,0,0,0.024402768141997825,0,0,0,0,0,0,0.22506736999025287,0,0.3069240012188321,0.03303096600471222,0,0.3036718217046086,0,0,0,0,0,0,0,0,0,0,0,0,0,0,0,0,0,0,0,0,0.22343398696530725,0.16429531517569287,0,0,0,0,0,0,0,0,0,0,0,0,0,0,0,0,0,0,0,0,0,0,0,0,0,0,0,0,0,0,0,0,0,0,0,0,0,0,0,0,0,0.01859872309678642,0,0,0,0,0,0,0,0,0,0,0,0,0,0,0,0,0,0.5338138301489087,0,0,0.5062116292458262,0,0.1690816678152998,0,0,0,0,0,0,0,0,0,0,0,0,0.22316088686753838,0,0,0,0,0,Eukaryota;Bacillariophyta;Coscinodiscophyceae;Thalassiosirales;Thalassiosiraceae;Thalassiosira;Thalassiosira punctigera
0,0,0,0,0,0,0,0,0,0,0,0,0,0,0,0,0,0,0,0,0,0,0,0,0,0,0,0,0,0,0,0,0,0,0,0,0,0,0,0,0,0,0,0,0,0,0,0,0,0,0,0,0,0,0,0,0,0,0,0,0.08809050936218565,0,0,0,0,0,0,0.26659707270394295,0,0,0,0,0,0,0,0,0,0,0,0,0,0,0,0,0,0,0,0,0,0,0,0,0,0,0,0,0,0,0,0,0,0,0,0,0,0,0,0,0,0,0,0,0,0,0,0,0,0,0,0,0,0,0.5781996117616539,0,0,0,0,0,0,0,0,0,0,0,0,0,0,0,0,0,0,0,0,0,0,0,0,0,0,0,0.4698823685576972,0,0,0,0,0,0.08643617536987842,0.39646583425507437,0,0,0,0,0,0,0,0,0,0,0,0,0,0,0,0,0,0,0,0,0,0,0.20367151328080577,0,0.07355848793088725,0.43300304860910294,0,0,0,0.5129279097865485,0.6718401988136824,0,0.7722479606749036,0.3154282925638992,0.2880082701585114,1,0,0,0,0,0,0,0,0,0,0,0,0,0,0.06116159837546365,0,0,0,Eukaryota;Echinodermata;Ophiuroidea;Ophiurida;Ophiotrichidae;Ophiothrix;NA
0,0,0,0,0,0,0,0,0,0,0,0,0,0,0,0,0,0,0,0,0,0,0,0,0,0,0,0,0,0,0,0,0,0,0,0,0,0,0,0,0,0,0,0,0,0,0,0,0,1,0.9686762348985689,0,0,0,0,0,0,0,0,0,0,0,0,0,0,0,0,0,0,0,0,0,0,0,0,0,0,0,0,0,0,0,0,0,0,0,0,0,0,0,0,0,0,0,0,0,0,0,0,0,0,0,0,0,0,0,0,0,0,0,0,0,0,0,0,0,0,0,0,0,0,0,0,0,0,0,0,0,0,0,0,0,0,0,0,0,0,0,0,0,0,0,0,0,0,0,0,0,0,0,0,0,0,0,0,0,0,0,0,0,0,0,0,0,0,0,0,0,0,0,0,0,0,0,0,0,0,0,0,0,0,0,0,0,0,0,0,0,0,0,0,0,0,0,0,0,0,0,0,0,0,0,0,0,0,0,0,0,0,0,0,Eukaryota;Arthropoda;Malacostraca;Amphipoda;Cystisomatidae;Cystisoma;Cystisoma pellucida
0,0,0,0,0,0,0,0,0,0,0,0,0,0,0,0,0,0,0,0,0,0,0,0,0,0,0,0,0,0,0,0,0,0,0,0,0,0,0,0,0,0,0,0,0,0,0,0,0,0,0,0,0,0,0,0,0,0,0,0,0,0,0,0,0,0,0,0,0,0,0,0,0,0,1,0,0,0,0,0,0,0,0,0,0,0,0,0,0,0,0,0,0,0,0,0,0.10437990496604556,0,0,0,0,0,0,0,0,0,0,0,0,0,0,0,0,0,0,0,0,0,0,0,0,0,0,0,0,0,0,0,0,0,0,0,0.05773328377109808,0,0,0,0,0,0,0,0,0,0,0,0,0,0,0.0032779281984446277,0.003435710786008263,0,0,0,0,0,0,0.03713888918910156,0,0,0,0,0.010449829052005715,0,0,0,0,0,0,0,0,0,0,0,0,0,0,0,0,0,0,0,0,0,0.060543730132681384,0,0,0,0,0,0,0,0,0.03253849704688295,0,0.03835307936269835,0,0,0,0,0,0,0.10277288041308336,0.03690505916182713,0,0.01716890633737454,0,0,0.024226830561825792,0,0,0,0,Eukaryota;Ctenophora;Tentaculata;Cydippida;Pleurobrachiidae;Pleurobrachia;Pleurobrachia bachei
0,0,0,0,0,0,0,0,0,0,0,0,0,0,0,0,0,0,0,0,0,0,0,0,0,0,0,0,0,0,0,0,0,0,0,0.06754691356694008,0,0,0,0,0,0,0,0,0,0,0.1862797480818177,0.35399149873610775,0,0,0,0,0,0,0,0,0,0,0,0,0,0,0.8738595865523594,1,0,0,0,0,0.12815501602952326,0,0,0,0.060633591423754483,0,0,0,0,0,0,0,0,0,0,0,0,0,0.047013576131615206,0,0,0,0,0,0,0,0.0038044876538705446,0,0,0,0,0,0,0,0,0.013877128027068681,0,0,0,0,0,0,0,0,0,0,0,0,0,0,0,0,0,0,0,0,0,0,0,0,0,0,0,0,0,0,0,0,0,0,0,0,0,0,0,0,0,0,0,0,0,0,0,0,0,0,0,0,0,0,0,0,0.02016044369189921,0,0,0,0,0,0,0,0,0,0,0,0,0,0,0.056636411014945064,0,0,0,0,0,0,0.011231214848688288,0.0115697225571866,0,0.024581506307620873,0,0,0,0,0.10481694391418962,0,0.03551770104102434,0,0.0789070763031982,0,0,0,0.03133345166459587,0,0,0,0,0,0.10382264928502646,0,0,0,0,0,0,Eukaryota;Bacillariophyta;Coscinodiscophyceae;Thalassiosirales;Stephanodiscaceae;Stephanodiscus;
0,0,0,0,0,0,0,0,0,0,0,0,0.2382284346752435,0,0,0,0,0,0,0,0,0,0,0,0,0,0,0,0,0,0,0,0,0,0,0,0,0,0,0,0,0,0,0,1,0.8591153248116961,0,0,0,0,0,0,0,0,0,0,0,0,0,0,0,0,0,0,0,0.1616981935243568,0.276080904503472,0,0,0,0,0,0,0,0,0,0,0,0,0,0,0,0,0,0,0.06865875235995927,0,0,0,0,0,0,0,0,0,0,0,0,0,0,0,0,0,0,0,0,0,0,0,0,0,0,0,0,0,0,0,0,0,0,0,0,0,0,0,0,0,0,0,0,0,0,0,0,0,0,0,0,0,0,0,0,0,0,0,0,0,0,0,0,0,0,0.4745712102271864,0.6447456846779612,0.5069100010541366,0,0,0,0,0,0,0,0,0,0,0,0,0,0,0,0,0,0,0,0,0,0,0,0,0,0,0,0,0,0,0,0,0,0,0,0,0,0,0.1649898652928508,0,0,0.16391885473912748,0.14506949593258214,0.15526081234754863,0,0,0,0,0,0,0,0,0,0,0,0,Eukaryota;Mollusca;Cephalopoda;Teuthida;Histioteuthidae;Stigmatoteuthis;Stigmatoteuthis arcturi
0,0,0,0,0,0,0,0,0,0,0,0,0,0,0,0,0,0,0.7870127470161216,1,0,0,0,0,0,0,0,0,0,0,0,0,0,0,0,0,0,0,0,0,0,0,0,0,0,0,0,0,0,0,0,0,0,0,0,0,0,0,0,0,0,0,0,0,0,0,0,0,0,0,0,0,0,0,0,0,0,0,0,0,0,0,0,0,0,0,0,0,0,0,0,0,0,0,0,0,0,0,0,0,0,0,0,0,0,0,0,0,0,0,0,0,0,0,0,0,0,0,0,0,0,0,0,0,0,0,0,0,0,0,0,0,0,0,0,0,0,0,0,0,0,0,0,0,0,0,0,0,0,0,0,0,0,0,0,0,0,0,0,0,0,0,0,0,0,0,0,0,0,0,0,0,0,0,0,0,0,0,0,0,0,0,0,0,0,0,0,0,0,0,0,0,0,0,0,0,0,0,0,0,0,0,0,0,0,0,0,0,0,0,0,Eukaryota;Cnidaria;Hydrozoa;Trachymedusae;Geryoniidae;Liriope;Liriope tetraphylla
0.15627780790665932,0,0.2736768535105452,0,0,0,0,0,0,0,0,0,0,0,0,0,0,1,0,0,0,0,0,0,0,0,0,0,0,0,0,0,0,0,0,0,0,0,0,0,0,0,0,0,0,0,0,0,0,0,0,0,0,0,0,0,0,0,0,0,0,0,0,0,0,0,0,0,0,0,0,0,0,0,0,0,0,0,0,0,0,0,0,0,0,0,0,0,0,0,0,0,0,0,0,0,0,0,0,0,0,0,0,0,0,0,0,0,0,0,0,0,0,0,0,0,0,0,0,0,0,0,0,0,0,0,0,0,0,0,0,0,0,0,0,0,0,0,0,0,0,0,0,0,0,0,0,0,0,0,0,0,0,0,0,0,0,0,0,0,0,0,0,0,0,0,0,0,0,0,0,0,0,0,0,0,0,0,0,0,0,0,0,0,0,0,0,0,0,0,0,0,0,0,0,0,0,0,0,0,0,0,0,0,0,0,0,0,0,0,0,Eukaryota;Ascomycota;Eurotiomycetes;Eurotiales;Aspergillaceae;Penicillium;Penicillium sclerotiorum
0,0.004161549594268964,0.005373195957235558,0,0.02217606731415616,0.009132816945586866,0.004338568939134092,0.0042279211265460175,0.0039619080423455594,0.018652826795130844,0.012352994095342875,0,0.021952130122358148,0,1,0.34884650697439873,0.1276890289920011,0.23555578976475575,0,0.010542868983641212,0.0033237264492430867,0,0.05113047132160484,0.06604289672807195,0.03966123656012867,0,0,0,0,0,0.0037230874433463027,0.008380399677714805,0.03671361627349699,0.017020950400277294,0,0,0,0,0,0.25667437579870506,0.32082578399703615,0.3186012360532186,0,0,0.006969130857815812,0,0.013100063626108228,0.004329450222555105,0,0,0,0,0,0,0.01271117665402317,0.006788589871264883,0.0038089963952700795,0.008642089297429404,0,0,0.02383588969349044,0.01272376999300529,0.917492273555845,0.9712208402140481,0,0.015508233641500955,0,0,0.13166029192998283,0.09534440758940797,0.01869149860721268,0.01443357400851878,0.2936624361352681,0.25697186662479976,0,0,0,0,0,0.06238005067117049,0.048456038977365994,0,0.014444481033663855,0.016733898642866264,0.01984033494752154,0,0,0,0,0,0,0,0.019345955366480212,0.008967777775067208,0.005397517842981558,0,0.00218924916619807,0.5373334412952372,0,0.754648905827429,0.467210010585904,0.4536510923147272,0.6177820280137928,0.5382241073930565,0,0.45278593798522315,0.4780995845766778,0.004846968472193861,0.006741533728624556,0,0,0,0,0.0035961357208519895,0,5.885322031198703e-4,0,0.004803292611469401,0,0.003333001664751773,0,0.0013831528355445633,0.0018764811000654582,0,0,0.0016459285948347913,0.0016072946873130906,6.946529136180672e-4,0.002319370559071852,0,0,0,0,0,0,5.016297349202519e-4,2.660108087791172e-4,0,5.887174044352254e-4,0,0.001934832844573669,0,0,0.009181747033748463,0.008991710423797357,0,9.210754904508305e-4,0.003624149114782535,0.00470192188989684,0,0,0,0.0027765397882582596,0,0,0,0.009092108679244787,0.0012786680602115928,0,0.020816436792185866,0.017095510909151596,0,0,0,0,0,0,0,0.00218644954370723,0,0.015974518344186592,0.010743466977363246,0.003268187954724366,0,0,0.004617898511665868,0.012880569844655188,0.00730129456084293,0.007666154311497068,0,0,0.008404094260136915,0.0034065779766908146,0.005188410068871834,0,0.0012025645625304213,0,0.007680086139677713,0.0021077016126785663,0,0.009809711683542197,0.0071658066205386286,0.013553122376788684,0.04561015980375813,0.012545824924223528,0.009319251852047235,0.001618360260715398,0,0,0,0.002424986621500282,9.951961131424178e-4,0.002856612431303841,3.739481107639137e-4,0.06285462274116957,0.015594635398002779,0.006288109638788807,0,0.005554035273887918,0,0.015131507189743642,Eukaryota;;;;;;
0,0,0,0,0,0,0,0,0,0,0,0,0,0,0,0,0,0,0,0,0,0,0,0,0,0,0,0,0,0,0,0,0,0,0,0,0,0,0,0,0,0,0,0,0,0,0,0,0,0,0,0,0,0,0,0,0,0,0,0,0,0,0,0,0,0,0,0,0,0,0,0,0,0,0,0,0,0,0,0,0,0,0,0,0,0,0,0,0,0,0,0,0,0,0,0,0,0,0,0,0,0,0.11193555750033093,0,0,0,0,0,0,0,0,0,0,0,0,0,0,0,0,0,0,0,0,0,0,0,0,0,0,0,0,0,0,0,0,0,0,0,0,0,0,0,0,0,0,0,0,0,0,0,0,0,0,0,0,0,0.668290324127451,1,0.748999015360077,0,0,0,0,0,0,0,0,0,0,0,0,0,0.6389828713997026,0,0,0.5159273214908268,0.3658629798176009,0.3137405580844495,0,0,0,0,0,0,0,0,0,0,0,0,0,0,0,0,0,0,0,0,0,0,0,0,0,0,0,0,0,0,0,0,0,Eukaryota;Arthropoda;Malacostraca;Decapoda;Munididae;Munida;Munida hispida
0,0,0,0.04261341686411868,0,0,0,0,0.05078244889816463,0,0,0,0,0,0,0,0,0,0,0,0,0,0,0,0,0,0,0,0,0,0,0,0,0,0,0,0,0,0,0,0,0,0,0,0,0,0,0,0,0,0,0,0,0,0,0,0,0,0,0,0,0,0,0,0,0,0,0,0,0,0,0,0.025347270095133052,0.12391955683574792,0,0,0,0,0,0.6039284199568168,1,0,0,0,0,0,0,0,0,0,0,0.04726870500514228,0.03420278133785348,0,0,0,0,0,0,0,0,0,0,0,0,0,0,0,0,0,0,0,0,0,0,0,0,0,0.060298606049562685,0.036455536184944355,0.02673235473739313,0,0,0,0,0,0,0,0,0,0,0,0,0,0,0,0,0,0.03521461179925935,0.018058124877218258,0,0,0,0,0,0,0.023612092216799385,0.01321838022816292,0.013854644999547834,0,0,0,0,0,0,0,0.010222780030842689,0.023839347462755383,0.0038191246632920863,0,0,0,0,0,0,0,0,0,0,0,0,0,0,0,0,0,0,0,0,0,0,0,0,0,0,0,0,0,0,0,0,0,0,0,0,0,0,0,0,0,0,0,0,0.021302867902665123,0,0,0,0,0,0,0,Eukaryota;Arthropoda;Malacostraca;Decapoda;Panopeidae;Lophopanopeus;Lophopanopeus bellus
0,0,0,0,0,0,0,0,0,0,0,0,0,0,0,0,0,0,0,0,0,0,0,0,0,0,0,0,0,0,0,0,0,0,0,0,0,0,0,0,0,0,0,0,0,0,0,0,0,0,0,0,0,0,0,0,0,0,0,0,0,0,0.4561354984751327,1,0,0,0,0,0.6392103058371216,0,0,0,0,0,0,0,0,0,0,0,0,0,0,0,0,0,0,0,0,0,0,0,0,0,0,0,0,0,0,0,0,0,0,0,0,0.0314807949468371,0,0,0,0,0,0,0,0,0,0,0,0,0,0,0,0,0,0,0,0,0,0,0,0,0,0,0,0,0,0,0,0,0,0.04885388115039088,0,0,0,0,0,0,0,0,0,0,0,0,0,0,0,0,0,0,0,0,0,0,0,0,0,0,0.1614821686250258,0,0.01263641492640722,0,0,0,0,0,0,0,0,0,0,0,0,0,0,0,0,0,0,0,0,0,0,0.7572886220308901,0,0,0,0,0,0,0,0,0,0,0,0.3995826052836482,0,0,0,0,0,0,0,Eukaryota;Bacillariophyta;Bacillariophyceae;Bacillariales;Bacillariaceae;Nitzschia;
0,0.1753947785168092,0.08940815303915413,0,0,0,0,0,0,0,0,0,0,0,0,0,0,0,0,0,0,0,1,0.4740108760400454,0.7091562455081213,0,0,0,0,0,0,0,0.08249063670411987,0,0,0,0,0.12128095262677886,0,0.1369905614902583,0,0,0,0,0,0,0.3731733145075891,0.3827155761687557,0.22941214764663762,0,0,0,0,0,0,0,0,0,0,0,0,0,0,0,0,0,0,0,0,0,0,0,0.10797064816091427,0,0,0,0,0,0,0,0,0,0,0,0,0,0,0,0,0,0,0,0,0.03724260034266077,0.013549354021858907,0,0,0,0,0,0,0,0.04862450197485296,0.04447997307303938,0,0,0,0,0,0,0,0,0,0,0,0,0,0,0,0,0,0,0,0,0,0,0,0,0,0,0,0,0,0,0,0,0,0,0,0,0,0,0,0,0,0,0,0,0,0,0,0,0,0,0,0,0.20030941542233227,0.06981384894677693,0,0,0,0,0,0,0,0.3281650137356242,0,0.5149637596446107,0.38300346942865937,0.2254077680253012,0,0,0,0,0,0,0,0,0,0,0,0,0.10799730313204438,0.03433713926028994,0,0,0,0,0.20458338775924878,0,0.5599447322970639,0,0.316233057661383,0,0,0,0,0,0,0,0,0,0,0,0,0.20034110289937465,0,0,0,0,0,Eukaryota;Bacillariophyta;Coscinodiscophyceae;Chaetocerotales;Chaetocerotaceae;Chaetoceros;
0,0,0,0,0,0,0,0,0,0,0,0,0,0,0,0,0,0,0,0,0,0,0,0,0,0,0,0,0,0,0,0,0,0,0,0,0,0,0,0,0,0,0,0,0,0,0,0,0,0,0,0,0,0,0,0,0,0,0,0,0,0,0,0,0,0,0,0,0,0,0.13478740274542841,0,1,0.32209038484718405,0.6145773687710713,0,0,0,0,0,0,0,0,0,0,0,0,0,0,0,0,0,0,0,0,0,0,0,0,0,0,0,0,0,0,0,0,0,0,0,0,0,0,0,0,0,0,0,0,0,0,0,0,0,0,0,0,0,0,0,0,0,0,0,0,0,0,0,0,0,0,0,0,0,0,0,0.6575603269820643,0.2454076593523273,0.3922609889606509,0,0,0,0,0,0,0,0,0.08759646987631177,0.04431530320921899,0,0,0,0,0,0,0,0,0,0,0,0,0,0,0,0,0,0,0,0,0,0,0,0,0,0,0,0,0,0,0,0,0,0,0,0,0,0,0,0,0,0,0,0,0,0,0,0,0,0,0,0,Eukaryota;Arthropoda;Hexanauplia;Sessilia;Tetraclitidae;Tetraclita;Tetraclita rubescens
0,0,0,0,0,0,0,0,0,0,0,0,0,0,0,0,0,0,0,0,0,0,0,0,0,0,0,0,0,0,0,0,0,0,0,0,0,0,0,0,0,0,0,0,0,0,0,0,0,0,0,0,0,0,0,0,0,0,0,0,0,0,0,0,0,0,0,0,0,0,0,0,0,0,0,0,0,0,0,0,0,0,0,0,0,0,0,0,0,0,0,0,0,0,0,0,0,0,0,0,0,0,0,0,0,0,0,0,0,0,0,0,0,0,0,0,0,0,0,0,0,0,0,0,0,0,0,0,0,0,0,0,0,0,0,0,0,0,0,0,0,0,0,0,0,0,0,0,0,0,0,0,0,0,0,0,0,0,0,0,0,0,0.5866973246559257,0.5240542385822206,1,0,0,0,0,0,0,0,0,0,0,0,0,0,0,0,0,0,0,0,0,0,0,0,0,0,0,0,0,0,0,0,0,0,0,0,0,0,0,0,0,0,0,0,0,0,0,Eukaryota;Chordata;Actinopteri;Myctophiformes;Myctophidae;Notolychnus;Notolychnus valdiviae
0,0,0,0,0,0,0,0,0,0,0,0,0,0,0,0,0,0,0,0,0,0,0,0,0,0,0,0,0,0,0,0,0,0,0,0,0,0.31872713288623405,0.4424827555967235,0,0,0,0.13547817045884758,0,0,0,0,0,0,0,0,0,0,0,0.045153496113937465,0.29313678690353195,0,0,0,0,0,0,0,0,0,0,0,0,0,0,0,0,0,0,0,0,0,0,0,0,0,0,0,0,0,0,0,0,0,0,0,0,0,0,0,0,0,0,0,0,0,0,0,0,0,0,0,0,0,0,0,0,0,0,0,0,0,0,0,0,0,0,0,0,0,0,0,0,0,0,0,0,0,0,0,0,0,0,0,0,0,0,0,0,0,0,0,0,0,0,0,0,0,0,0,0,0,0,0,0,0,0,0,0,0,0,0,0,0,0,0,0,0.03234068573252547,0.09739191865380384,0,0,0,0,0.8367721163618788,0.5838584229598053,0.5901364067742237,0,0,0,0,0,0,0,0,0,0,0,0,0,0,0,0,0,0,0,0,0,0,0,0,0,0.7089836331405471,1,0.5129648530214289,0,0,Eukaryota;Mollusca;Cephalopoda;Teuthida;Gonatidae;Gonatus;Gonatus pyros
0,0,0,0,0,0,0,0,0,0,0,0,0,0,0,0,0,0,0,0,0,0,0,0,0,0,0,0,0,0,0,0,0,0,0,0,0,0,0,0,0,0,0,0,0,0,0,0,0,0,0,0,0,0,0,0,0,0,0,0,0.047304645686148575,0,0,0,0,0,0,0,0,0,0,0,0,0,0,0,0,0,0,0,0,0,0,0,0,0,0,0,0,0,0,0,0,0,0,0,0,0,0,0,0,0,0,0,0,0,0,0,0,0,0,0.31833676884544626,0.04428943676087392,0,0.16282177245038318,0,0,0,0,0,0,0.12627007257557576,0,0.314914843582983,0.29407419730494094,0,0,0,0,0,0,0,0,0,0,0,0,0,0,0,0,0,0,0,0,0,0,0,0,0,0,0,0,0,0,1,0,0,0,0,0,0,0,0,0,0,0,0,0,0,0,0,0,0,0,0,0,0,0,0,0,0,0,0,0,0,0,0,0,0,0,0,0,0,0,0,0,0,0,0,0,0,0,0,0,0,0,0,0,0,0,Eukaryota;Echinodermata;Asteroidea;Paxillosida;Luidiidae;Luidia;Luidia asthenosoma
0,0,0,0,0,0,0,0,0,0,0,0,0,0,0,0,0,0,0,0,0,0,0,0,0,0,0,0,0,0,0,0,0,0,0,0,0,0,0,0,0,0,0,0.4956712089211274,0,0,0,0,0,0,0,0,0,0,0,0,0,0,0,0,0,0,0,0,0,0,0,0,0,0,0,0,0,0,0,0,1,0.7948054270698197,0.9162436259333455,0,0,0,0,0,0,0,0,0,0,0,0,0,0,0,0,0,0,0,0,0,0,0,0,0,0,0,0,0,0,0,0,0,0,0,0,0,0,0,0,0,0,0,0,0,0,0,0,0,0,0,0,0,0,0,0,0,0,0,0,0,0,0,0,0,0,0,0,0,0,0,0.17089862895368776,0,0,0,0,0,0,0,0,0.25792224907766115,0.40305601264975743,0.562788332447869,0,0,0,0,0,0,0,0,0,0,0,0,0,0,0,0,0,0,0,0,0,0,0,0,0,0,0,0,0,0,0,0,0,0,0,0,0,0,0,0,0,0,0,0,0,0,0,0,0,Eukaryota;Echinodermata;Echinoidea;Clypeasteroida;Mellitidae;Encope;Encope micropora
0,0,0,0,0,0,0,0,0,0,0,0,0,0,0,0,0,0,0,0,0,0,0,0,0,0,0,0,0,0,0,0,0,0,0,0,0,0,0,0,0,0,0,0,0,0,0,0,0,0,0,0,0,0,0.24000908953188912,0,0,0,0,0,0,0,0.3228817445355887,0,0,0,0,0,0,0,0,0,0,0,0,0,0,0.2822353653757081,0,0.48867982726711906,0,0,0,0,0,0,0,0,0,0.19489482101119449,0,0,0,0,0.01827432597346572,0,0,0,0,0,0,0,0,0,0,0,0,0,0,0,0,0,0,0,0,0.15168576209212306,0.10838412358823822,0,0,0.07854020870686022,0,0,0,0,0,0,0.015029740729145915,0,0,0,0.49029296472044565,0,0,0,0,0.3139848835175938,0,0,0.08670485433350969,0,0,0,0,0,0,0,0,0.05641321318031171,0.027858693140141277,0,0,0,0.8178439301385184,1,0.43678720764600465,0,0,0,0,0,0,0,0.2945434263935798,0,0,0,0,0,0,0,0,0,0,0,0,0,0,0,0,0,0,0,0.03776330216498566,0,0,0,0,0,0,0,0,0,0,0,0,0,0,0,0,0,0,0,0,0,0,0,0,0,0,0,0,Eukaryota;Cnidaria;Hydrozoa;Narcomedusae;Aeginidae;Aeginopsis;Aeginopsis laurentii
0.011450467763271374,0.011808542477663437,0.00969131333853747,0.026559925426955778,0.02010751479763878,0.01199614438637376,0.4486741981957115,0.4107075289880067,0.47846175839371496,0.5789245854612544,0.5758243357554438,0.6244569346785617,0.05748471306141842,0.0770072426032803,0,0,0.0031840425587260986,0.004765525449567961,0.2907344885765694,0.17336182549525447,0,0,0.20811062431504943,0.22466768046325042,0.22235204494994373,0.13434145581024595,0.12342192905776525,0.08447239101804108,0.0999021373560674,0.10853548271585749,0.017413408825777542,0.021123765109377406,0.23734394803718104,0.2302475541953706,0.18326697017573904,0.1873552367554085,0.20242991366358096,0.2797432357791402,0.26983764119412657,0.0259718527578886,0.020183433594975087,0.022283417240949007,0.2948316533133918,0.3016705196707909,0.4882185523027966,0.4882747185989275,0.19596784573991102,0.17484857605373064,0.1894622150269829,0.24034675823603255,0.25641826173760407,0,0.008416812403400125,0.006827681039842602,0,0,0.05189882135542078,0.06311130424149446,0.32574930216765513,0.3235192955351954,0.07903423627352416,0.08259460739082687,0.020469350883030726,0.03250830343270312,0.010351099194909466,0.1359218055364487,0.12842772883993858,0.14421782306333183,0.0011345810912953102,0,0.001998779178209693,0.0020579428685112487,0.016428343824161303,0.013532902194564655,0.027755189534914432,0.03783207217560271,0.3902304259292792,0.38005446883774313,0.36145286308510366,0.007155544514328319,0.008065785770983871,0.228440273550195,0.8824458552309092,0.7993057672681857,0.663186247600541,0.6897182037044844,0.6345740380739217,0.8321320092755901,0.6360409664376591,0.04955177965814212,0.06160802946046821,0.051837701876708255,0.29818731143484845,0.21911524853256745,0.22037706456147255,0.8691595375184399,0.19592872103478903,0.04364383997859291,0.001278787743054017,0.03891322496557737,0.11698834703858832,0.10188751992504211,0.037494425403505574,0.04219110458866628,0.002708971251877435,0.03897770510280918,0.05729869667976522,0.6273351479919199,0.5252510349022569,0.2590028850515708,0.3888175976140878,0.9772698902452885,1,0.0965870206318348,0.0952625723599854,0.5417402221233392,0.5654172358997208,0.38953967688136776,0.4203265561231422,0.3563011532360011,0.36810977100443987,0.09965283159798592,0.7572812336031481,0.9997637162794658,0.5568975425086978,0.41246672693857545,0.41116922862588967,0.4218110346238526,0.35164058915055857,0.36295942959905153,0.578412274649353,0.16084270848594057,0.05047554435650454,0.048993082572282215,0.2081235605064468,0.198075983458713,0.20025927367595808,0.4933903505670331,0.46062842209187216,0.4143017719049013,0.38829709508276083,0.3829637576066985,0.36121308643173844,0.4586003985864547,0.4322585081748837,0.38659802532716586,0.44114445193509905,0.43925777969449376,0.4332468330799298,0.24191571634207973,0.26892843604838296,0.2502185026283676,0.2752972806455083,0.33484969878306187,0.31164509160457887,0.16893616001395056,0.013837740000846142,0.0194163170679167,0.015092709192335407,0.0618274241986778,0.050982056862930274,0.05426895408391732,0.16192912801213252,0.17494005883413294,0.1748483441889987,0.026807236329428556,0.016176483303647085,0.06915548521674497,0.05443839460445892,0.07088734528683945,0,0,0.4842251134369011,0.5978666978673767,0.5971468860178797,0.14793078607711965,0.14723248308190617,0.19378997827039954,0.013799659617214499,0.012012071140321582,0.0031316669542435396,0.10805541354913024,0.10867681340113033,0.10928177053917695,0.0335251113868156,0.029470027662538537,0.03054402429345139,0.01613211997371936,0.019420889375737462,0.017783173692475937,0.038157502308789365,0.008228355169203797,0.027388164931743397,0.36476763419805625,0.3494498790858031,0.35261475920526475,0.27285743084766984,0.28668849672881697,0.27903082649068667,0.008029956033455703,0.009983682712199784,0.006243394510224716,0.008624504861815327,0.005718314994012287,0.013691683247365184,0.011689657570192826,0.2304160139159323,0.2627547088170334,0.25043706092672613,0.3934145806253792,0.3962131239206887,Eukaryota;Cnidaria;Hydrozoa;Siphonophorae;Diphyidae;Lensia;Lensia campanella
0,0.0037005878810594767,0,0.37072365111867744,0.3673888608172366,0.37804202939452486,0.01791826365628004,0,0.002789089161680802,0.04201967051670088,0.033714554461755405,0.03341388201148409,0.05151259405457916,0.0074188446914407215,0,0,0,0,0.047386353814871905,0.16216915648395647,0,0,0,0.007857909413663794,0.007445484942871038,0.010991357715266159,0.009027908184463515,0.10997206950192186,0.06409353024279404,0.08771715400825988,0,0,0.0022973790100925704,0,0,0,0,0,0.0011804386629038826,0,0,0,0,0,0,0,0,0,0,0,0,0.021934211535797016,0,0,0,0,0.02198783255061221,0.02433530242107087,0,0,0.014591217576410385,0.050956696860880266,0.032873395412838215,0.025811563071627196,0,0.09658712899358984,0.10668797257375934,0.09120810457559733,0.04861756365829761,0.06911386765673026,0.011962155521520098,0,0.024640709963174544,0.026134839289897224,0.026180500250331033,0.0908362546264562,0.08551462228318525,0.05633695775631095,0.07561119256642816,0.025974707641698253,0.03140869333684014,0,0,0.0013463162507600269,0,0,0,0.9093496984623611,1,0,0,0,0,4.7454193724771334e-4,2.0963996490213756e-4,0,0.01787768122183456,0,0,0,0,0,0,0,0,0,0,0,0,0,0,0,0.005464468013582916,0.010126376539545786,0,0,0,0.049593924078424424,0,0.028907081392672368,0.022375406831011174,0.02414792726763587,0.02377796626331419,0.006475743110231873,0,0,0,0,0,0,0,0.00277923703848563,0,0,0.0011051210393516221,0.00420231148691013,0.0010486856312830052,0,0,0,0,0,0,0,0,0,0,3.9825403299299957e-4,0.0010957378209529715,0.003765501508254857,0.00876317290895698,0.004864943450510731,0.013682326453178765,0.0195021113693117,0.007098560640169214,0.003948186954346874,0.1293600719809732,0.13368074695309837,0.11628824445566079,0.008792566251617482,0.017404220957586612,0.0064192817141247,0.004786848920521879,0.0033857713511879243,0,0,0,0.01965362294504152,0.02462733676698045,0.020731734539745375,0,0,0.03543119112903468,0.024348700991381773,0.009492809094998316,0,0.003442620023872967,0,0.015699754341274803,0.009585201786008427,0.0119949977647682,0.018537685955280134,0.023764892756797957,0.0159382579961094,0,0,0,0.0030894847034025935,0.0043523974995633855,0,0,0,0,0.00570817230313341,0.004891548610005711,0.0033399071797815144,0,0,0,0,0,0,0,0,0.008223900729944243,0,0.13328330559136972,0.14750359793677567,0.11964321288254225,0.06129310676852187,0.015445721421349388,Eukaryota;Mollusca;Gastropoda;;;;
0,0,0,0,0,0,0,0,0,0,0,0,0,0,0,0,0,0,0,0,0,0,0,0,0,0,0,0,0,0,0,0,0,0,0,0,0.21311946316220687,0,0,0,0,0,0,0,0.43352725809502357,0,0.020572836282486594,0.029786676473243907,0,0,0,0,0,0,0,0,0,0,0.037341050526666676,0,0,0,0,0,0.4633062213403276,0,0,0,0,0,0,0,0,0,0.432497432537796,0,0,0,0,0,0,0,0,0,0.03412544363738188,0,0,0,0,0,0,0,0,0,0,0,0,0,0,0,0,0,0,0,0,0,0,0,0,0,0,0,0,0,0,0,0,0,0,0.012841414224627744,0.04519889504510326,0,0,0,0,0,0,0,0,0,0,0,0,0,0,0,0,0.38207819844819135,0.13467525993486276,0.08269235669435518,0,0,0,0,0,0,0,0.004257057725549646,0,0,0,0,0,0,0,0,0.16708457623039596,0.07557640646263446,0.0565018268878829,0,0,0,0,0,0,0,0,0,0,0,0,0,0,0,0,0,0,0,0,0,0,0,0,0,0,0,0,0,0,0,0.2523241196407021,0,1,0.11331613236535337,0,0.4080145975587841,0,0,0,0,0,0,0,0,0,0,0,0.034652978885953103,0,0,0,Eukaryota;Arthropoda;Hexanauplia;Calanoida;Pontellidae;;
0,0,0,0,0,0,0,0,0,0,0,0,0,0,0,0,0,0,0,1,0,0,0,0,0,0,0,0,0,0,0,0,0,0,0,0,0,0,0,0,0,0,0,0,0,0,0,0,0,0,0,0,0,0,0,0,0,0,0,0,0,0,0,0,0,0,0,0,0,0,0,0,0,0,0,0,0,0,0,0,0,0,0,0,0,0,0,0,0,0,0,0,0,0,0,0,0,0,0,0,0,0,0,0,0,0,0,0,0,0,0,0,0,0,0,0,0,0,0,0,0,0,0,0,0,0,0,0,0,0,0,0,0,0,0,0,0,0,0,0,0,0,0,0,0,0,0,0,0,0,0,0,0,0,0,0,0,0,0,0,0,0,0,0,0,0,0,0,0,0,0,0,0,0,0,0,0,0,0,0,0,0,0,0,0,0,0,0,0,0,0,0,0,0,0,0,0,0,0,0,0,0,0,0,0,0,0,0,0,0,0,Eukaryota;NA;Heterolobosea;Schizopyrenida;Vahlkampfiidae;Naegleria;Naegleria gruberi
0,0,0,0,0,0,0,0,0,0,0,0,0,0,0,0,0,0,0,0,0,0,0,0,0,0,0,0,0,0,0,0,0,0,0,0,0,0,0,0,0,0,0,0,0,0,0,0,0,0,0,0,0,0,0,0,0,0,0,0,0,0,0,0,0,0,0,0,0,0,0,0,1,0.691087136419686,0,0,0,0,0,0,0,0,0,0,0,0,0,0,0,0,0,0,0,0,0,0,0,0,0,0,0,0,0,0,0,0,0,0,0,0,0.10085787728291307,0,0,0,0,0,0,0,0,0,0,0,0,0,0,0,0,0,0,0,0,0,0,0,0,0,0,0,0,0,0,0,0,0,0,0,0,0,0,0,0,0,0,0,0,0,0,0,0,0,0,0,0,0,0,0,0,0,0,0,0,0,0,0,0,0,0,0,0,0,0,0,0,0,0,0,0,0,0,0,0,0,0,0,0,0,0,0,0,0,0,0,0,0,0,0,0,0,0,0,0,Eukaryota;Mollusca;Gastropoda;Pteropoda;Cavoliniidae;Cavolinia;Cavolinia globulosa
0,0,0,0.20881377945223625,1,0.7236478783272422,0,0,0,0,0,0,0,0,0,0,0,0,0,0,0,0,0.2433479102480947,0.16178898780357245,0.7261458140824247,0,0,0,0,0,0,0,0,0,0,0,0,0,0,0,0.05783798607357477,0,0,0,0,0,0,0,0,0,0,0,0,0,0,0,0.07361210639463811,0.04175393796803719,0,0,0,0,0.4925367023560838,0.43291660587768654,0,0,0,0,0,0,0,0,0,0,0,0,0,0,0,0.019237463646778887,0,0,0,0,0,0,0,0,0,0,0,0,0,0,0,0,0,0,0,0,0,0,0.034960164148102886,0,0,0,0,0,0,0,0,0,0,0,0,0,0,0,0,0.0901783427386372,0.06650443286719679,0,0,0,0,0,0.005916636512589497,0.013984125475090306,0,0,0,0,0,0,0,0.01817704270975299,0,0,0,0,0,0,0,0,0,0,0,0,0,0,0,0,0,0,0,0,0,0,0,0,0,0,0,0,0,0,0,0,0,0,0,0,0,0,0,0,0,0,0,0,0,0,0,0,0,0,0,0,0,0,0,0,0,0,0,0,0,0,0,0,0,0,0,0,0,0.07091285633070739,0,0,0,0,0,Eukaryota;Arthropoda;Malacostraca;Decapoda;Paguridae;Pagurus;
0,0,0,0,0,0,0,0,0,0,0,0,0,0,0,0,0,0,0,0,0,0,0,0,0,0,0,0,0,0,0,0,0,0,0,0,0,0,0,0,0,0,0,0,0,0,0,0,0,0,0,0,0,0,0,0,0,0,0,0,0,0,0,0,0,0,0,0,0,0,0,0,0,0,0,0,0,0,0,0,0,0,0,0,0,0,0,0,0,0,0,0,0,0,0,0,0,0,0,0,0,0,0,0,0,0,0,0,0,0,0,0,0,0,0,0,0,0,0,0,0,0,0,0,0,0,0,0,0,0,0,0,0,0,0,0,0,0,0,0,0,0,0,0,0,0,0,0,0,0,0,0,0,0,0,0,0,1,0.4774664747153782,0,0,0,0,0,0,0,0,0,0,0,0,0,0,0,0,0,0,0,0,0,0,0,0,0,0,0,0,0,0,0,0,0,0,0,0,0,0,0,0,0,0,0,0,0,0,0,0,0,0,0,0,Eukaryota;Arthropoda;Hexanauplia;Calanoida;Clausocalanidae;Pseudocalanus;Pseudocalanus moultoni
0,0,0,0,0,0,0,0.18244755957319825,0,0,0,0,0,0,0,0,0,0,0,0,0,0,0,0,0.6305533994537875,0,0,0,0,0,0,0,0.20537265917602998,0,0,0,0,0,0,0,0,0,0,0,0,0,0.11060360042357924,0,0,0,0,0,0,0,0,0,0,0,0,0,0,0,0.9578845467977787,1,0,0,0,0,0,0,0,0,0,0,0,0,0,0,0,0.27921173486873674,0.1775398039548983,0,0,0,0,0,0,0,0,0,0,0,0,0.03506255175346328,0,0,0,0,0,0.3392226913500054,0,0,0.06485244657548422,0,0,0,0,0,0,0,0,0,0,0,0,0,0,0,0,0.03451897998584385,0,0,0,0,0,0,0,0.033723416468157165,0,0,0,0,0,0,0,0,0,0,0,0,0,0,0,0,0,0,0,0.025747623873565422,0.023613609188010573,0,0,0,0,0,0,0,0,0,0,0,0,0,0,0,0,0,0,0,0,0,0,0,0,0,0,0,0.02826282059954991,0,0,0,0,0,0.010669654106253874,0,0,0,0.050298170844268936,0,0,0,0.15874450201496834,0.2319196404969601,0.2249454399264875,0,0,0.32903496797227766,0,0,0,0,0,0,0,0,0.8219293068397927,0,0,0,0,0,0,Eukaryota;Chlorophyta;Mamiellophyceae;Mamiellales;Mamiellaceae;Micromonas;Micromonas pusilla
0,0,0,0,0,0,0,0,0,0,0,0,0,0,0,0,0,0,0,0,0,0,0,0,0,0,0,0,0,0,0,0,0,0,0,0,0,0,0,0.3851088747198032,0.6890367472208231,0,0,0,0,0,0,0,0,0,0,0,0,0,0,0,0,0,0,0,0,0,0,0,0,0,0,0,0.24674454382713915,0,0,0,0,0,0,0,0,0,0,0,0,0,0,0,0,0,0,0,0,0,0,0,0,0,0,0,0,0,0,0,0,0,0,0,0,0,0,0,0,0,0,0,0,0,0,0,0,0,0,0,0,0,0,0,0,1,0.3181668846105645,0.18510665133976925,0,0,0,0,0,0,0,0,0,0,0,0,0,0,0,0,0,0,0,0,0,0,0,0,0,0,0,0,0,0,0,0,0,0,0,0,0,0,0,0,0,0,0,0,0,0,0,0,0,0,0,0,0,0,0,0,0,0,0,0,0.6290444184218547,0,0,0.8183563587795818,0,0,0,0,0,0,0,0,0,0,0,0,0,0,0,0,0,0,0,Eukaryota;Arthropoda;Malacostraca;Decapoda;Hippolytidae;;
0,0,0,0,0,0,0,0,0,0,0,0,0,0,0,0,0,0,0,0,0,0,0,0,0,0,0,0,0,0,0,0,0,0,0,0,0,0,0,0,0,0,0,0,0,0,0,0,0,0,0,0,0,0,0,0,0,0,0,0,0,0,0,0,0,0,0,0,0,0,0,0,0,0,0,0,0,0,0,0,0,0,0,0,0,0,0,0,0,0,0,0,0,0,0,0,0,0,0,0,0,0,0,0,0,0,0,0,0,0,0,0,0,0,0,0,0,0.4102427296594758,0,0.2860905030292334,0.22043219393837685,0,0,0,0,0,0,0,0,0,0,0,0,0,0,0,0,0,0,0,0,0,0,0,0,0,0,0,0,0,0,0,0,0,0,0,0,0,0,0,0,0,0,0,0,0,0,0,0,0,0,0,0,0,0,0,0,0,0,0,0,0,0,0,0,0,0,0,0,0,0.03570316260369773,1,0.289388465840404,0,0,0,0,0,0,0,0,0,0,0,0,0,0,0,0,0,0,Eukaryota;Arthropoda;Malacostraca;Decapoda;Lithodidae;Lopholithodes;Lopholithodes foraminatus
0,0.1774925342744672,0.1796983521397446,0,0,0,0,0,0,0.2624223322014305,0,0,0,0,0,0,0,0,0,0.5933008003920287,0,0,0,0,0,0,0,0,0,0,0,0,0,0,0,0,0,0,0,0,0,0,0,0,0,0,0,0,0,0,0,0,0,0,0,0,0,0,0,0,0,0,0,0,0,0,0,0,0,0,0,0,0,0.05222975159075385,0,0,0,0,0,0,0,0,0,0,0,0,0,0.19462491627595443,0,0,0,0,0,0,0,0,0,0,0,0,0,0,0,0,0,0,0,0,0,0,0,0,0,0,0,0,0,0,0,0,0,0,0,0,0,0,0,0,0.6265092712376024,0.418840809501845,0,0,0,0,0,0.014114626848271708,0,0,0,0,0,0,0,0,0,0,0,0,0.031022190040293,0,0,0,1,0,0.9012458071038001,0,0,0,0,0,0,0,0,0,0,0,0,0,0,0,0,0,0.11035052407716846,0,0,0,0,0,0,0,0,0,0,0,0,0.17595348555564871,0,0,0,0,0,0,0,0,0,0,0.5464401233639236,0.2579220663944612,0.06901035481879067,0,0,0.044803793076863774,0,0,0,0,0,0,0,0,0,Eukaryota;Arthropoda;Malacostraca;Euphausiacea;Euphausiidae;Nematobrachion;Nematobrachion flexipes
0,0,0,0,0,0,0,0,0,0,0,0,0,0,0,0,0,0,0,0,0,0,0,0,0,0,0,0,0,0,0,0,0,0,0,0,0,0,0,0,0,0,0,0,0,0,0,0,0,0,0,0,0,0,0,0,0,0,0,0,0,0,0,0,0,0,0,0,0,0,0,0,1,0.6151434950548853,0,0,0,0,0,0,0,0,0,0,0,0,0,0,0,0,0,0,0,0,0,0,0,0,0,0,0,0,0,0,0,0,0,0,0,0,0,0,0,0,0,0,0,0,0,0,0,0,0,0,0,0,0,0,0,0,0,0,0,0,0,0,0,0,0,0,0,0,0,0,0,0,0,0,0,0,0,0,0,0,0,0,0,0,0,0,0,0,0,0,0,0,0,0.055566747856564014,0,0.007506926803754878,0,0,0,0,0,0,0,0,0,0,0,0,0,0,0,0,0,0,0,0,0,0,0,0,0,0,0,0,0,0,0,0,0,0,0,0,0,0,0,0,0,Eukaryota;Mollusca;Gastropoda;Neogastropoda;Buccinidae;Cominella;Cominella virgata
0,0,0,0,0,0,0,0.026560248264116338,0,0,0,0,0,0,0,0,0,0,0,0,0,0,0,0,0,0,0,0,0,0,0,0,0,0,0.07438043861712136,0,0,0,0.6552108140290107,0,0,0,0,0,0,0,0,0,0,0,0.2633973483759701,0,0,0,0,0,0,0,0,0,0,0,0,0,0,0,0,0,0.5395262343834061,0.5992008790148015,0,0,0,0,0,0,0,0,0,0,0,0,0,0,0,0,0,0,0,0.5666287366219708,0.5385046152285637,0.44536231573534457,0,0,0.02020435917015205,0,0,0,0.9883684941889844,0,0,0,0,0,1,0,0,0,0,0,0,0,0,0,0,0,0,0,0,0,0,0,0,0,0,0,0,0,0,0,0,0,0,0,0.5128146661802262,0.4725991290535683,0,0,0,0,0,0,0,0,0,0,0,0.08402795372373935,0.08879725290390973,0.5802011395027625,0.4840189311272395,0.5714305132666377,0,0,0,0,0,0,0,0,0,0,0.0851819826170483,0.09452592745369386,0,0,0,0,0,0,0,0,0,0,0,0.19494805677980653,0.11487485793724886,0.2252447354681518,0,0,0,0,0,0,0,0,0,0,0,0,0,0,0,0,0,0,0,0,0,0,0,0.11028399892066919,0,0.14245437427578217,0,0,0.15168987139972367,0.11861027706760213,0,0,0,Eukaryota;Cnidaria;Hydrozoa;Leptothecata;Campanulariidae;Campanularia;
0,0,0,0,0,0,0,0,0,0,0,0.5839172850190407,0,0,0,0,0,0,0,0,0.11721545375929368,0,0,0,0,0,0,0,0,0.3263067180988757,0,0,0,0,0,0,0,0,0,0,0,0,0,0,0,0,0,0,0,0,0,0,0,0,1,0.21764389357375163,0,0,0,0,0,0,0,0,0.1893577918489039,0.5790892715107846,0.16021051384834342,0,0.4422064925454661,0.3329150670671801,0,0,0,0,0,0,0,0,0,0,0,0,0,0,0,0,0,0.35573673310698967,0,0,0,0,0,0,0,0,0,0,0,0,0,0,0,0,0.4873061221476609,0,0,0,0,0,0.6641100170301035,0,0,0,0,0,0,0,0,0,0,0,0,0,0.11360207435792999,0,0,0,0.599834120599611,0.5905748982058786,0,0.2610528591503621,0,0,0,0,0,0,0,0,0.8643017513586226,0.879070634610604,0.6503138602595278,0,0,0,0,0,0,0,0,0,0.4895910901986845,0.8620363175730823,0,0,0,0,0,0,0,0,0,0,0,0,0,0.2660985382922287,0.057830949530866385,0.07279720716735552,0,0,0,0.3718806196169985,0,0,0,0,0,0,0,0,0,0,0,0,0,0,0,0,0,0,0,0,0,0,0,0,0,0,0,0,0,0,0,0,0,0,0,0,0,Eukaryota;Arthropoda;Hexanauplia;Calanoida;Aetideidae;Euchirella;Euchirella rostrata
0,0,0,0.37976233039831775,0,0,0,0,0,0,0,0,0,0,0,0,0,0,0,0,0,0,0,0,0,0,0,0,0,0,0,0,0,0,0,0,0,0,0,0,0,0,0,0,0,0,0,0,0,0,0,0,0,0,0,0,0,0,0,0,0,0,0,1,0,0,0,0,0,0,0,0,0,0,0,0,0,0,0,0,0,0,0,0,0,0,0,0,0,0,0,0,0,0,0,0,0,0,0,0,0,0,0,0,0,0,0,0,0,0,0,0,0,0,0,0,0,0,0,0,0,0,0,0,0,0.3055196373444058,0.20982741504263144,0.5752818103391516,0,0,0,0,0,0,0,0,0,0,0,0,0,0,0,0,0,0,0,0,0,0,0,0,0,0,0,0,0,0,0,0,0,0,0,0,0,0,0,0,0,0,0,0,0,0,0,0,0,0,0,0,0,0,0,0,0,0,0,0,0,0,0,0,0,0,0,0,0,0,0,0,0,0,0,0,0,0,0,0,0,0,0,Eukaryota;Arthropoda;Malacostraca;Decapoda;Crangonidae;Crangon;
0,0,0,0,0,0,0,0,0,0,0,0,0,0,0,0,0,0,0,0,0,0,0,0,0,0,0,0,0,0,0,0,0,0,0,0,0,0,0,0,0,0,0,0,0,0,0,0,0,0,0,0,0,0,0,0,0,0,0,0,0,0,0,0,0,0,0,0,0,0,0,0,0,0,0,0,0,0,0,0,0,0,0,0,0,0,0,0,0,0,0,0,0,0,0,0,0,0,0,0,0,0,0,0,0,0,0,0,0,0,0,0,0,0,0,0,0,0,0,0,0,0,0,0,0,0,0,0,0,0,0,0,1,0.8507783816715566,0,0,0,0,0,0,0,0,0,0,0,0,0,0,0,0,0,0,0,0,0,0,0,0,0,0,0,0,0,0,0,0,0,0,0,0,0,0,0,0,0,0,0,0,0,0,0,0,0,0,0,0,0,0,0,0,0,0,0,0,0,0,0,0,0,0,0,0,0,0,0,0,0,0,0,0,0,Eukaryota;Mollusca;Cephalopoda;Teuthida;Chiroteuthidae;Chiroteuthis;Chiroteuthis calyx
0,0,0,0,0,0,0,0,0,0.13718983053568704,0.2948026879715237,0.37640486268473783,0,0,0,0,0,0,0.061373153195859995,0.06344331917673963,0,0,0,0,0,0,0,0,0,0,0,0,0,0,0,0,0,0,0,0,0,0,0,0,0.646152861758966,1,0,0,0,0,0,0,0,0,0,0,0,0,0,0,0,0,0,0,0,0,0.1263599137863616,0,0,0,0,0,0,0,0,0,0,0,0,0,0,0,0,0,0,0,0,0.13103718587978466,0,0,0,0,0,0,0,0,0,0,0,0,0,0,0,0,0,0,0,0,0,0,0,0,0,0.1731223534655672,0.254404925656645,0,0,0,0,0,0,0.18496295026382456,0,0,0.16656278304589733,0,0,0,0,0,0,0,0,0,0,0,0,0,0,0,0.2000897095984829,0.15111111111111108,0.2712505753694268,0,0,0,0,0,0,0,0,0,0,0,0,0,0,0,0,0,0,0,0,0,0,0,0,0,0,0,0,0,0,0,0,0,0,0,0.07455717281657764,0,0,0,0,0,0,0,0,0,0,0,0,0,0,0,0,0,0,0,0,0,0,0,0,0,0,0,0,0,0,0,0,Eukaryota;Chordata;Actinopteri;Myctophiformes;Myctophidae;Diogenichthys;Diogenichthys atlanticus
0,0,0,0,0,0,0,0,0,0,0,0,0,0,0,0,0,0,0,0,0,0,0,0,0,0,0,0,0,0,0,0,0,0,0,0,0,0,0,0,0,0,0,0,0,0,0,0,0,0,0,0,0,0,0,0,0,0,0,0,0,0,0,0,0,0,0,0,0,0,0,0,0,0,0,0,0,0,0,0,0,0,0,0,0,0,0,0,0,0,0,0,0,0.005893068952398004,0,0,0,0,0,0,0,0,0,0,0,0,0,0,0,0,0,0,0,0,0,0,0,0,0,0,0,0,0,0,0,0,0,0,0,0,0,0,0,0,0,0,0,0,0,0,0,0,0,0,0,0,0,0,0,0,0,0,0,0,0,0,0,0,0,0,0,0,0,0,0,0,0,0,0,0,0,0,1,0.5162462423212653,0.5946300847978371,0,0,0,0,0,0,0,0,0,0,0,0,0,0,0,0,0,0,0,0,0,0,0,0,0,0,0,0,0,0,0,0,0,0,0,0,Eukaryota;Echinodermata;Asteroidea;Forcipulatida;Asteriidae;Coscinasterias;Coscinasterias muricata
0,0,0,0,0,0,0,0,0,0,0,0,0,0,0,0,0,0,0,0,0,0,0,0,1,0,0,0,0,0,0,0,0,0,0,0,0,0,0,0,0,0,0,0,0,0,0,0,0,0,0,0,0,0,0,0,0,0,0,0,0,0,0,0,0,0,0,0,0,0,0,0,0,0,0,0,0,0,0,0,0,0,0,0,0,0,0,0,0,0,0,0,0,0,0,0,0,0,0,0,0,0,0,0,0,0,0,0,0,0,0,0,0,0,0,0,0,0,0,0,0,0,0,0,0,0,0,0,0,0,0,0,0,0,0,0,0,0,0,0,0,0,0,0,0,0,0,0,0,0,0,0,0,0,0,0,0,0,0,0,0,0,0,0,0,0,0,0,0,0,0,0,0,0,0,0,0,0,0,0,0,0,0,0,0,0,0,0,0,0,0,0,0,0,0,0,0,0,0,0,0,0,0,0,0,0,0,0,0,0,0,Eukaryota;Chordata;Actinopteri;Perciformes;Hexagrammidae;Oxylebius;Oxylebius pictus
0,0,0,0,0,0,0,0,0,0,0,0,0,0,0,0,0,0,0,0,0,0,0,0,0,0,0,0,0,0,0,0,0,0,0,0,0,0,0,0,0,0,0,0,0,0,0,0,0,0,0,0,0,0,0,0,0,0,0,0,0,0,0,0,0,0,0,0,0,0,0,0,0,0,0,0,0,0,0,0,0,0,0,0,0,0,0,0,0,0,0,0,0,0,0,0,0,0,0,0,0,0,0,0,0,0,0,0,0,0,0,0,0,0,0,0,0,0,0,0,0,0,0,0,0,0,0,0,0,0,0,0,0,0,0,0,0,0,0,0,0,0,0,0,0,0,0,0,0,0,0,0,0,0,0,0,1,0.8502020718669856,0.7378395296822308,0.34800490227697867,0.43969112283775796,0,0.6686852787159545,0.5025260804769002,0,0,0,0,0,0,0,0,0,0,0,0,0,0,0,0,0,0,0,0,0,0,0,0,0,0,0,0,0,0,0,0,0,0,0,0,0,0,0,0,0,0,0,0,0,0.4198754799211373,0.6324135505802367,Eukaryota;Arthropoda;Hexanauplia;Poecilostomatoida;Lichomolgidae;Stellicola;Stellicola sp. BOLD:AAJ4919
0.3877141282806112,0.5007432960593139,0.02785529485176541,0,0,0,0,0,0,0,1,0,0,0,0,0,0,0,0,0,0,0,0,0,0,0,0,0,0,0,0,0,0,0,0,0,0,0,0,0,0,0,0,0,0,0,0,0,0,0,0,0,0,0,0,0,0,0,0,0.16892539401998202,0,0,0,0,0,0,0,0,0,0,0,0,0,0,0,0,0,0,0,0,0,0,0,0,0,0,0,0,0,0.12005407063967094,0,0,0,0,0,0,0,0,0,0,0,0,0,0,0,0,0,0,0,0,0,0,0,0,0,0,0,0,0,0.2612536714019406,0,0,0,0,0,0,0,0,0,0,0,0,0,0,0,0,0,0,0,0,0,0,0,0,0,0,0,0,0,0,0,0,0,0,0,0,0,0,0,0,0,0,0,0,0,0,0,0,0,0,0,0,0,0,0,0,0,0,0,0,0,0,0,0,0,0,0,0,0,0,0,0,0,0,0,0,0,0,0,0,0,0,0,0,0,0,0,0,0,0,0,Eukaryota;Cnidaria;Anthozoa;Actiniaria;Actiniidae;;
0,0.28887581758492575,0,0,0,0,0,0,0,0,0,0,0,0,0,0,0,0,0,0,0,0,0,0,0,0,0,0,0,0,0,0,0,0,0.29196137184534804,0,0,0,0,0,0,0,0,0,0,0,0,0,0,0,0,0,0,0,0,0,0,0,0.15339110192793343,0,0,0,0,0,0,0,0,0,0.41344261351434525,0,0,0,0,0,0,0,0,0,0,0,0,0,0,0,0,0,0,0.1425417379871499,0,0.08726568040956856,0.2398507966085281,0,0,0,0.01227370857132067,0,0,0,0,0,0,0,0,0,0,0,0,0,0,0,0,0,0,0,0,0,0,0,0,0,0,0,0,0,0,0.5698361696219605,0.31293030420256235,0.32066061411984553,0,0,0,0,0,0,0,0,0.017541995769893955,0,0,0,0,0,0,0,0,0,0,0,0.06949770884015918,0,0,0,0,0,0,0,0,0,0,0,0,0,0.26376824567262397,0,0,0,0,0,0,0,0,0,0,0,0,0,0,1,0,0,0,0,0,0,0,0,0,0,0,0,0,0,0,0,0,0,0,0,0,0,0,0,0,0,0,0,0.41466733322049154,0,0,0,0,Eukaryota;Arthropoda;Insecta;Diptera;;;
0.2098041505167499,1,0.5878612251963149,0,0,0,0,0,0,0,0,0,0,0,0,0,0,0,0,0,0,0,0,0,0,0,0,0,0,0,0,0,0,0,0,0,0,0,0,0,0,0,0,0,0,0,0,0,0,0,0,0,0,0,0,0,0,0,0,0,0,0,0,0,0,0,0,0,0,0,0,0,0,0,0,0,0,0,0,0,0.26930155962414026,0,0,0,0,0,0,0,0,0,0,0,0,0,0,0,0,0,0,0,0,0,0,0,0,0,0,0,0,0,0,0,0,0,0,0,0,0,0,0,0,0,0,0,0,0,0,0,0,0,0,0,0,0,0,0,0,0,0,0,0,0,0,0,0,0,0,0,0,0,0,0,0,0,0,0,0,0,0,0,0,0,0,0,0,0,0,0,0,0,0,0,0,0,0,0,0,0,0,0,0,0,0,0,0,0,0,0,0,0,0,0,0,0.07108314228593042,0,0,0,0,0,0,0,0,0,0,0,0,0,0,0,0,0,Eukaryota;Cnidaria;Hydrozoa;Leptothecata;Campanulariidae;Clytia;Clytia hemisphaerica
0,0.022955059273926735,0,0.09634584447012882,0.11738058938189194,0.0449572208255429,0.11367460564935128,0.1924584938035877,0.06763100867976728,0.02221462212675362,0,0,0,0.009508206696118352,0,0,0,0,0,0,0.0263893253048043,0.005062110386177096,0,0,0,0,0,0,0,0,0,0,0,0,0.015065096075199751,0,0,0,0,0,0,0.013673469984897667,0.025084649669293392,0,0,0,0.09767925392543493,0.05794550227595096,0.03836484957412238,0,0,0,0,0.006636289926107159,0,0,0.02116954946390064,0,0.019699363148104165,0.009855838217020766,0,0,1,0.7817487689695841,0.4987839336170821,0,0,0,0.2756942299507414,0.40173683545659217,0,0,0,0,0.021250669723222097,0.010671684883256868,0,0.0027387375285602028,0,0.0021075644996668506,0,0,0,0,0,0,0.0060870231873187955,0,0,0,0.004620451790586916,0,0.04343192209329788,0,0,0,0,0.08619676712346071,0.08286274815062067,0.09466008045744057,0.12193597721404037,0.17944950385776626,0.09192164066606091,0.23263976709585169,0.06802005373972955,0.086495652989682,0.2812333726495835,0.07648571762596937,0.04995724749889232,0,0,0,0,0,0,0,0.0012748253845813096,0,0,0,0,0,0.01787839195583189,0.02191068088479989,0,0,0,0.009192203385436006,0,0,0,0.03918145944598171,0,0,0,0.0034849322446013596,0.0012672244616998814,0,0.0023371139796686917,0,0,0,0,0.011215405499737258,0.012023798875973598,0,0,0.004281096824582114,0.00566412856485962,0,0.009103131900365333,0.012859796268293776,0,0,0,0,0,0.002399614588516098,0.003193679774567354,0,0.018271735277693827,0.010342687483606535,0,0,0,0,0,0,8.679855149416827e-4,0.003277842843428416,0,0.01705993855370533,0,0,0,0.01906561159985671,0.012133444807464259,0.0062429170843333855,0,0,0.013528360826135025,0.013345164273281113,0.002791962832768279,0.004493925495857866,0.022947427782401435,0.018618557349492557,0,0.21777652992367358,0.24767025818972183,0.21707288585137544,0.07363764841696091,0.3657485148965863,0.29523071893337266,0.025291625040532763,0.021454426774270115,0.01883429673767701,0,0.004548680171258607,0,0.5170721854736969,0.57472051009189,0.4405107960255988,0.4009928197740072,0.2834432480458094,0.9255027637817966,0.9206114915162156,0.009985116004240518,0.012187509556905755,0,0,0,Eukaryota;Bacillariophyta;Mediophyceae;Triceratiales;Plagiogrammaceae;Dimeregramma;Dimeregramma acutum
0,0,0,0,0,0,0.10954499009189823,0.05822794454463774,0,0,0,0,0,0,0,0,0,0,0,0,0,0,0.13663215827704922,0.06405342432541937,0,0,0,0,0,0,0,0,0,0,0,0.045510331835881615,0,0,0,0,0,0,0,0,0,0,0.031376907921582764,0.042590162588564136,0,0,0,0,0,0,0,0,0,0,0,0,0,0,0.7019957671567644,1,0,0,0,0.031414609888975105,0,0,0,0,0.09191794444558525,0.27162225660771244,0,0,0,0,0,0,0,0,0,0,0,0,0,0,0,0,0,0,0,0.004973411596235927,0.005639276025949956,0,0.09045259494794515,0,0,0,0.22934952734263966,0.03567618403509551,0.016864702419156656,0,0,0.06095217745025906,0,0,0,0.06592315347214771,0,0.059106842304570764,0,0,0,0,0,0,0,0.01101669574016293,0,0,0,0,0,0.028335154581859784,0.0031622926025928495,0.005580707216952722,0,0,0,0,0,0,0,0,0.008548317648933209,0,0,0,0,0,0,0,0,0,0,0,0.006698896223549099,0.03069433015947651,0,0,0,0,0.04084491115280245,0.32183483034700927,0,0.019211043744455227,0,0,0,0,0,0,0,0.07243044431169482,0,0,0.05646057733075566,0.011055674300716176,0,0,0,0,0,0,0.11726063865770706,0.06188011148057359,0,0,0,0.01929053388494878,0.024214817829796023,0,0,0.004140501948978693,0,0,0,0,0,0,0,0,0,0,0,0,0,0.16922981369814183,0.07514437004777162,0.13020775751253066,0.0629471232814106,0,0,0,0,0,0,0,0,Eukaryota;Bacillariophyta;Bacillariophyceae;Naviculales;Pinnulariaceae;Pinnularia;Pinnularia sp.
0,0,0,0,0,0,0,0,0,0,0,0,0,0,0,0,0,0,0,0,0,0,0,0,0,0,0,0,0,0,0,0,0,0,0,0,0,0,0,0,0,0,0,0,0,0,0,0,0,0,0,0,0,0,0,0,0,0,0,0,0,0,0.4043817190604779,0.2532967383672688,0.22008762686484387,0,0,0,0,0,0,0,0,0,0,0,0,0,0,0,0,0,0,0,0,0,0,0,0,0,0,0,0.1640648255333223,0.04934016665547672,0.015258018303162564,0,0,1,0,0,0.7584427498423255,0,0.42892495558736776,0.11130932346011443,0,0.4186340907652383,0.5721762638550959,0,0,0,0,0,0,0.29480722086026295,0,0,0,0,0,0,0,0,0,0,0,0,0,0,0,0,0,0,0,0,0,0,0,0,0,0,0,0,0,0,0,0,0,0,0,0,0,0,0,0,0,0,0,0,0,0,0,0,0,0,0,0,0,0,0,0,0,0,0,0,0,0,0,0,0,0,0,0,0.013512942923105212,0,0,0,0,0,0,0,0,0,0,0,0,0,0,0,0,0,0,0,0,0,0,0,0,0,0,0,0,Eukaryota;;Phaeophyceae;;;;
0,0,0,0,0,0,0.8451714093658974,0.5662365168784663,0.5064913142225769,0,0,0,0,0,0,0,0,0,0,0,0,0,0.8083557983352252,0,0,0,0,0,0,0.16898026472977493,0.25255043180170084,0,0,0,0,0,0,0,0,0.27493352614638245,0,0.47177677570841564,0,0,0.1697019867549669,0,0.06241175432403812,0,0,0,0,0,0.2767307491652755,0,1,0.6311672913638798,0,0,0,0,0,0,0,0.4702360056169018,0,0,0,0,0,0,0,0,0.2979514223999265,0.5296895783154186,0,0,0,0,0,0,0,0,0,0,0,0,0,0,0,0,0,0,0,0.01758685256883677,0.06662262357633739,0,0,0.044555110371938315,0,0,0,0,0.26226521671639735,0.23805116122517672,0,0,0.3824006488240065,0,0,0,0,0,0,0,0,0,0,0,0,0.014608860539861688,0,0,0,0,0.03921976376642822,0,0,0,0,0,0,0,0,0,0,0,0,0,0,0,0,0,0,0,0,0,0.08410751491280646,0.012914623791393904,0,0,0,0,0,0,0,0,0,0.0297209535198686,0,0.9124040508288719,0.5884023349157516,0,0,0.09410927187566533,0,0,0,0,0.029948170292770096,0,0,0,0,0,0,0,0,0,0,0,0,0,0.02408282653554622,0,0,0,0,0,0,0,0,0,0.5204250301516196,0.10577440775305098,0,0,0,0,0,0,0,0,0,0.031870413286983396,0,0,0.25055797640556915,0.4905909982757595,0.2535818776353154,0,0,Eukaryota;;Oomycetes;;;;
0,0,0,0,0,0,0,0,0,0,0,0,0,0,0,0,0,0,0,0,0,0,0,0,0,0,0,0,0,0,0,0,0,0,0,0,0,0,0,0,0,0,0,0,0,0,0,0,0,0,0,0,0,0,0,0,0,0,0,0,0,0,0,0,0,0,0,0,0,0,0,0,0,0,0,0,0,0,0,0,0,0,0,0,0,1,0.3568665783145535,0,0,0,0,0,0,0,0,0,0,0,0,0,0,0,0,0,0,0,0,0,0,0,0,0,0,0,0,0,0,0,0,0,0,0,0,0,0,0,0,0,0,0,0,0,0,0,0,0,0,0,0,0,0,0,0,0,0,0,0,0,0,0,0,0,0,0,0,0,0,0,0,0,0,0,0,0,0,0,0,0,0,0,0,0,0,0,0,0,0,0,0,0,0,0,0,0,0,0,0,0,0,0,0,0,0,0,0,0,0,0,0,0,0,0,0,0,0,0,0,0,0,0,0,Eukaryota;Mollusca;Gastropoda;Neogastropoda;Nassariidae;Nassarius;Nassarius fraterculus
0,0,0.04074622748256037,0,0,0,0.04112550480889207,0,0,0,0,0,0,0,0,0,0,0,0,0,0,0,0,0,0,0,0,0,0,0,0,0,0,0,0,0,0,0,0,0,0,0,0,0,0,0,0,0,0,0,0,0,0,0,0,0,0,0,0,0,0,0,0,0,0,0,0,0,0,0,0,0,0,0,0,0,0,0,0,0,0,0,0,0,0,0,0.03633596394618498,0,0,0,0,0,0,0,0,0,0,0,0,0,0,0,0,0,0,0,0,0,0,0,0,0,0,0,0.11270824815907184,0,0,0,0,0,0,0,0,0,0,0,0,0,0,0,0,0,0,0,0,0,0,0,0,0,0,0,0,0,0,0,0,0,0,0,0,0,0,0,0,0,0,0.027546719057983293,0,0,0,0,1,0.4965993721917893,0,0,0,0,0.014248754418531509,0.05217813950096594,0,0.23501040712174814,0,0,0,0,0,0,0,0,0,0,0,0,0,0,0,0,0,0,0,0,0,0,0,0,0,0,0,0,0,0,0,0,0,0,0,0,0,0.015871392200380936,0,Eukaryota;Arthropoda;Hexanauplia;Calanoida;Clausocalanidae;Clausocalanus;Clausocalanus brevipes
0,0,0.0996910978452275,0,0,0,0,0,0,0,0,0,0,0,0,0,0,0,0,0,0,0,0,0,0,0,0,0,0,0,0,0,0,0,0,0,0,0,0,0,0,0,0,0,0,0,0,0.2677535239659239,0,0,0,0,0,0,0,0,0,0,0,0,0,0,0,0,0,0,0,0,0,0,0,0,0,0,0,0,0,0,0,0,0,0,0,0,0,0,0,0,0,0,0,0,0,0,0,0,0,0,0,0,0.3003879516690695,0,1,0.04408504093790173,0,0,0,0,0,0,0,0,0,0,0,0,0,0,0,0,0,0,0,0,0,0,0,0,0,0,0,0,0,0,0,0,0,0,0,0,0,0,0,0,0,0,0,0,0,0,0,0,0,0,0,0,0,0.025161447449597255,0,0,0.10674326654021396,0,0,0,0,0,0,0,0,0,0,0,0,0,0,0,0,0,0,0,0,0,0,0,0,0,0,0,0,0,0,0,0,0.1567081318814382,0,0,0,0,0,0,0,0,0,0,0,0,0,0,0,0,0,Eukaryota;Arthropoda;Hexanauplia;Calanoida;Clausocalanidae;Clausocalanus;Clausocalanus paululus
0,0,0.5999033779655247,0,0,0,0,0,0,1,0,0,0,0,0,0,0,0,0,0,0,0,0,0,0,0,0,0,0,0,0,0,0,0,0,0,0,0,0,0,0,0,0,0,0,0,0,0,0,0,0,0,0,0,0,0,0,0,0,0,0,0,0,0,0,0,0,0,0,0,0,0,0,0,0,0,0,0,0,0,0,0,0,0,0,0,0,0,0,0,0,0,0,0,0,0,0,0,0,0,0,0,0,0,0,0,0,0,0,0,0,0,0,0,0,0,0,0,0,0,0,0,0,0,0,0,0,0,0,0,0,0,0.22721026218282445,0,0,0,0,0,0,0,0,0,0,0,0,0,0,0.01158397777108232,0,0,0,0,0,0,0,0,0,0,0,0,0,0,0,0,0,0,0,0,0,0,0,0,0,0,0,0,0,0,0,0,0,0,0,0,0,0,0,0,0,0,0,0,0,0,0,0,0,0,0,0,0,0.12449181507465373,0,0,0,0,0,0,0,0,0,Eukaryota;Arthropoda;Hexanauplia;Calanoida;Aetideidae;Euchirella;
0,0.06320261960501385,0,0,0,0,0,0,0,0,0,0,0,0,0,0,0,0,0,0,0,0,0,0,0,0,0,0,0,0,0,0,0,0,0,0.04400954948535455,0,0,0,0,0,0,0,0,0,0,0,0,0,0,0,0,0,0,0.4557765220296634,1,0,0,0,0,0,0,0,0,0,0,0.07058618443457042,0,0.2248027991749214,0,0,0,0,0,0,0,0,0.051044199032549795,0,0,0,0,0,0,0,0,0,0,0,0,0,0,0,0,0,0,0,0,0.542947524348121,0,0,0,0,0,0.5674194901212083,0,0,0,0,0,0,0,0,0,0,0,0.00779625443097762,0,0,0,0,0,0,0,0,0,0.0033977894485551206,0,0.44618245281025054,0.4130124349188697,0,0,0,0,0,0.009742750441764652,0,0,0,0,0,0,0,0,0,0,0,0,0,0,0,0,0.07703785243948288,0,0,0,0,0,0,0,0,0,0,0,0,0,0,0,0,0,0,0,0,0.16384464023862938,0.06602514137181588,0,0,0,0,0,0,0,0,0,0,0.010009904238608307,0,0,0,0,0,0,0,0,0,0,0,0,0,0,0,0,0,0,0,0,0,0,0,0,0,Eukaryota;Arthropoda;Hexanauplia;Calanoida;Paracalanidae;Paracalanus;Paracalanus denudatus
0,0,0,0,0,0,0,0,0,0,0,0,0,0,0,0,0,0,0,0,0,0,0,0,0,0,0,0,0,0,0,0,0,0,0,0,0,0,0,0,0,0,0,0,0,0,0,0,0,0,0,0,0,0,0,0,0,0,0,0,0,0,0,0,0,0,0,0,0,0,0,0,0,0,0,0,0,0,0,0,0,0,0,0,0,0,0,0,0,0,0,0,0,0,0,0.8126512118946027,0,0.9310553371635923,0,1,0,0.2059586878578691,0.552296521154211,0.44908560529563557,0,0.6496191742093381,0.5549247544381365,0,0,0,0,0,0,0,0,0,0,0,0,0,0,0,0,0,0,0,0,0,0,0,0,0,0,0,0,0,0,0,0,0,0,0,0,0,0,0,0,0,0,0,0,0,0,0,0,0,0,0,0,0,0,0,0,0,0,0,0,0,0,0,0,0,0,0,0,0,0,0,0,0,0,0,0,0,0,0,0,0,0,0,0,0,0,0,0,0,0,0,0,0,0,0,0,0,0,0,0,0,0,0,0,Eukaryota;Bacillariophyta;Bacillariophyceae;Bacillariales;Bacillariaceae;Nitzschia;Nitzschia sp. BOLD:AAO7110
0,0,0,0,0,0,0,0,0,0,0,0,0,0,0,0,0,0,0,0,0,0,0,0,0,0,0,0,0,0,0,0,0,0,0,0,0,0,0,0,0,0,0,0,0,0,0,0,0,0,0,0,0,0,0,0,0,0,0,0,0,0,0,0,0,0,0,0,0,0,0,0,0,0,0,0,0,0,0,0,0,0,0,0,0,0,0,0,0,0,0,0,0,0,0,0,0,0,0,0,0,0,0,0,0,0,0,0,0,0,0,0,0,0,0,0,0,0,0,0,0,0,0,0,0,0,0,0,0,0,0,0,0,0,0,0,0,0,0,0,0,0,0,0,0,0,0,1,0.975907610273724,0,0,0,0,0,0,0,0,0,0,0,0,0,0,0,0,0,0,0,0,0,0,0,0,0,0,0,0,0,0,0,0,0,0,0,0,0,0,0,0,0,0,0,0,0,0,0,0,0,0,0,0,0,0,0,0,0,0,0,0,0,0,Eukaryota;Echinodermata;Asteroidea;Spinulosida;Echinasteridae;Echinaster;Echinaster callosus
0,0,0,0,0,0.025205472717387534,0.12924238385034453,0.1546546194762593,0.15620554450601223,0.07967073388752448,0.04370868342763509,0.10608088898237458,0.02266794326656995,0.014164749845336083,0,0,0,0,0,0,0,0,0,0,0,0.011399652938885658,0.01819453073884303,0,0,0,0,0,0.0023827195932092184,0,0.1787133090939887,0.16242310952193742,0.26752502096896996,0,0,0,0,0,0,0,0,0,0.0838367416346964,0.07803271955375662,0.12148597001506803,0.18110282765436186,0.1757532508222781,0.17682177437610247,0.12833470930870186,0.09886342368094193,0.006425149031832161,0,0.03754418007594343,0.02129564609315329,0.025474754191968242,0.016314033564428922,0,0,0.00972414731828901,0.017596263288077268,0.2799110777181391,0.08991775941130446,0.0865705575899236,0.0779419442845085,0.00760578792978494,0,0,0,0,0,0.004628356623938636,0,0,0,0,0.00828537699386549,0.02763571311292011,0.0928636562932156,0,0,0,0.06414244309059264,0.04131013348990563,0.23862306334671288,0.20245676422954217,0,0,0,0,0.0075934755963787725,0.0030820340546612824,0,0,0,0,0,0,0,0,0,0,0,0,0.001990632158036426,0,0,0,0.01269072673821786,0.01530213184334002,0,0,0,0,0.10100196568951957,0,0.10162353892924941,0.149243920777468,0,0.20592139384735791,0.010578167936787166,0,0,0,0,0,0,0,0.01621393407719401,0,0,0,0.015327701302187966,0.0030298573101321777,0,0,0,0,0,0,0,0.009329336746053223,0,0,0,0,0.15816782272049038,0.18404613251307464,0.19228699390575546,0,0,0,0.02610466867867884,0.5877073501297686,0.6149725940835592,0.7425908716489877,0.2626324737712644,0.2281305579024217,0.35951787030288346,0,0,0,0.012836087765251506,0.008606414115082,0.020452558584450185,0.024065510267374503,0.011303545207825972,0,0,0,0.018015988559293334,0.019546089817711113,0.1310898101421041,0.062260642534466636,0.1653390108256839,0,0,0,0.02945306163828062,0.01747482398800716,0.03322593393543738,0,0,0,0,0,0,0,0,0,0.11607846977326676,0.0900502697935948,0.08239310742872999,0,0,0,0,0,0,0.009010177833613445,0,0,0,0.8309087768376243,0.8813328296161406,1,0.532520645413927,0.4884561201012709,Eukaryota;Echinodermata;Echinoidea;Camarodonta;Toxopneustidae;Lytechinus;Lytechinus pictus
0,0,0,0,0,0,0,0,0,0,0,0,0,0,0,0,0,0,0,0,0,0,1,0.23440098265716527,0.5961588217733108,0,0,0,0,0,0,0,0,0,0,0,0,0,0,0,0,0,0,0,0,0,0,0,0,0,0,0,0,0,0,0,0,0,0,0,0,0,0.23479429827827444,0,0,0,0,0,0,0,0,0,0,0,0,0,0,0,0,0,0,0,0,0,0,0,0,0,0,0,0,0,0,0,0,0,0,0,0,0,0,0,0,0,0,0,0,0,0,0,0,0,0,0,0,0,0,0,0,0.10526737269472602,0.21022270542424096,0,0,0,0,0,0,0,0,0,0,0,0,0,0,0,0,0,0,0,0,0,0,0,0,0,0,0,0,0,0,0,0,0,0,0,0,0,0,0,0,0,0,0,0,0,0,0,0,0,0,0,0,0,0,0,0,0,0,0,0,0,0,0,0,0,0,0,0,0,0,0,0,0,0,0,0,0,0,0,0,0,0,0,0,0,0,0,0,0,0,Eukaryota;Arthropoda;Malacostraca;Decapoda;Crangonidae;Crangon;Crangon franciscorum
0,0,0,0,0,0,0.2798647465015379,1,0,0,0,0,0,0,0,0,0,0,0,0,0,0,0,0,0,0,0,0,0,0,0,0,0,0,0,0,0,0,0,0,0,0,0,0,0,0,0,0,0,0,0,0,0,0,0,0,0,0,0,0,0,0,0,0,0,0,0,0,0,0,0,0,0,0,0,0,0,0,0,0,0,0,0,0,0,0,0,0,0,0,0,0,0,0,0.038419150685776136,0,0,0,0,0,0,0,0,0,0,0,0,0,0,0,0,0,0,0,0,0,0,0,0,0,0,0,0,0,0,0,0,0,0,0,0,0,0,0,0,0,0,0,0,0,0.33282341783880615,0,0,0,0.30527441235442176,0,0.29707555908429273,0.24518412645449814,0.5490835191476262,0,0,0,0,0,0,0,0,0,0,0,0,0,0,0,0,0,0,0,0,0,0,0,0,0,0,0,0,0,0,0,0,0,0.02126569535669422,0,0,0,0,0,0,0,0,0,0,0,0,0,0,0,0,0,0,0,0,0,0,0,0,0,0,0,0,Eukaryota;NA;Phaeophyceae;Ralfsiales;Neoralfsiaceae;Neoralfsia;Neoralfsia expansa
0,0.18295099769241213,0.061741550505274745,0,0,0,0,0.1743954531412499,0,0,0,0,0,0,0,0,0,0,0,0,0,0,0,0,0,0,0,0,0,0,0.14808710747797044,1,0,0,0,0,0,0,0,0,0,0,0,0,0,0,0,0,0,0,0,0,0,0,0,0,0,0,0,0.07200478678505412,0,0,0,0,0.22147864685716165,0,0,0,0.19395682370157832,0,0,0,0.20647394947684483,0,0,0,0,0,0,0,0,0,0,0,0,0,0,0,0,0,0,0,0,0,0,0,0,0,0,0,0,0,0,0,0,0,0,0,0,0,0,0,0,0,0,0,0,0,0,0,0,0,0,0,0,0,0.08524094575834908,0.07879684638287514,0,0,0,0,0,0,0,0,0,0,0,0,0.2394269244263249,0.16708052027310524,0,0,0.058562316422475974,0,0,0.10117971925745352,0.050158779070265086,0,0,0.06680967446517687,0,0,0,0,0,0,0,0,0,0,0,0,0,0,0,0,0,0,0,0,0,0,0,0,0,0,0,0.1755098745465105,0,0,0,0,0,0,0,0,0,0,0,0,0,0,0,0,0,0,0,0,0,0,0,0,0.09820680408915702,0,0,0,0,0,0,Eukaryota;Arthropoda;Malacostraca;Decapoda;Cancridae;Romaleon;Romaleon antennarium
0,0,0,0,0,0,0,0,0,0,0,0,0,0,0,0,0,0,0,0,0,0,0,0,0,0,0,0,0,0,0,0,0,0,0,0,0,0,0,0,0,0,0,0,0,0,0,0,0,0,0,0,0,0,0,0,0,0,0,0,0,0,0,0,0,0.1747959658964337,0.20310760732221095,0,0,0,0,0,0,0,0,0,0,0,0,0,0,0,0,0,0,0,0,0,0,0,0,0,0,0,0,0,0,0,0,0,0,0,0,0,0,0,0,0,0,0,0,0,0,0,0,0,0,0,0,0,0,0,0,0,0,0,0,0,0,0,0,0,0,0,0,0,0,0,0,0,0,0.03714819312295372,0,0,0,0,0,0,0,0,0,0,0,0,0,1,0,0,0,0,0,0,0,0,0,0,0,0,0,0,0,0,0,0,0,0,0,0,0,0,0,0,0,0,0,0,0,0,0,0,0,0,0,0,0,0,0,0,0,0,0,0,0,0,0,0,0,0,0,0,0,Eukaryota;Chordata;Actinopteri;Argentiniformes;Microstomatidae;Nansenia;
0,0.10646486584317452,0.5063665886501881,0,0,0,0,0,0,0.2833345374852491,0.13196710048485563,0,0.7803198151507299,0,0,0,0,0,0,0,0,0,0,0,0,0,0,0,0,0,0,0,0,0,0,0,0,0,0,0,0,0,0,0,0.6855720318648624,0.1923217759469047,0,0,0,0,0,0,0,0,0,0,0,0,0,0,0,0,0,0,0,0,0,0,0,0.22942920103746176,0,0,0,0,0,1,0,0,0,0,0,0,0,0,0,0,0,0,0,0,0,0,0,0,0,0,0,0,0,0,0,0,0,0,0,0,0,0,0,0,0,0,0,0,0,0,0,0,0,0,0,0,0,0,0,0,0.0053147520973459445,0,0,0,0,0,0,0,0,0,0,0,0,0,0,0,0,0,0,0,0,0,0,0,0,0,0,0,0,0,0,0,0,0,0,0,0,0,0,0,0,0,0,0,0,0,0,0,0,0,0,0,0,0,0,0,0,0,0,0,0,0,0,0,0,0,0,0,0,0,0,0,0,0,0,0,0,0,0,0,0,0,0,0,0,Eukaryota;Arthropoda;Ostracoda;Halocyprida;Halocyprididae;;
0,0,0,0,0,0,0,0,0,0,0,0,0,0,0,0,0,0,0,0,0,0,0,0,0,0,0,0,0,0,0,0,0,0,0,0,0,0,0,0,0,0,0,0,0,0,0,0,0,0,0,0,0,0,0,0,0,0,0,0,0,0,0,0,0,0,0,0,0,0,0,0,0,0,0,0,0,0,0,0,0,0,0,0,0,0,0,0,0,0,0,0,0,0,0,0,0,0,0,0,0,0,0,0,0,0,0,0,0,0,0,0,0,0,0,0,0,0,0,0,0,0,0,0,0,0,0,0,0,0,0,0,0,0,0,0,0,0,0,0,0.19225388704584515,0.10732921386886371,0.06107645667666619,0,0,0,0,0,0,0,0,0,0,0,0,0,0,0,0,0,0,0,0.05961639760790753,0,0,0,0,0,0,0,1,0.7472641912078531,0.12989687241548095,0,0,0,0,0,0,0,0,0,0,0,0,0.04480962894646134,0,0,0,0,0,0,0,0,0,0,0,0,0,0,0,0,0,0,0,0,0,0,0,0.5823043132371761,0.5074434415660531,Eukaryota;Chordata;Actinopteri;Stomiiformes;Sternoptychidae;Sternoptyx;
0,0,0,0,0,0,0,0,0,0,0,0,0,0,0,0,0,0,0,0,0,0,0,0,0,0,0,0,0,0,0,0,0,0,0,0,0,0,0,0,0,0,0,0,0,0,0.4436517886485631,0.6958765816217958,0,0,0,0,0,0,0,0,0,0,0,0,0,0,0,0,0,0,0,0,0,0,0,0,0,0,0.548633950517866,0,0,0,0,0,0,0,0.23812050665063478,1,0,0,0,0,0,0,0,0,0,0,0,0,0,0,0,0,0,0,0,0,0,0,0,0,0,0,0,0.7428777133475951,0,0,0,0,0,0,0,0,0,0,0,0.995166565509378,0,0,0,0,0,0,0,0,0,0,0,0,0.030696734544759973,0.3814578643483502,0.17833191691729156,0,0,0.5033790262438297,0.39898592677852773,0,0,0,0,0,0,0.8358528608623863,0.8505408768487907,0.8410784068266332,0,0,0,0,0,0,0,0,0,0,0,0,0,0,0,0,0,0,0,0,0.7778464557786426,0.8213733611563058,0,0,0,0,0,0,0,0,0,0,0,0,0,0,0,0,0,0,0,0,0,0,0,0,0,0,0,0,0,0,0,0,0,0,0,0,0,Eukaryota;Annelida;Polychaeta;Phyllodocida;Phyllodocidae;;
0,0,0,0,0,0,0.9207051258669473,0.37384337896343595,0,0,0,0,0,0.9106612735639008,0,0,0,0,0,0,0,0,0,0,0,0,0,0,0,0,0,0,0,0,0,0,0,0,0,0,0,0,0,0,0.3902777405768085,0.29387708667640644,0.05036262816145264,0.08750190537400152,0,0,0,0,0,0,0,0,0,0,0,0,0,0,0,0,0,0,0,0,0,0,0,0,0,0,0,0,0,0,0,0,0,0,0,0,0,0,0,0,0,0,0,0,0,0,0,0,0,0,0,0,0,0,0,0,0,0,0,0,0,0,0,0,0,0,0,0,0,0,0,0,0,0,0,0,0.2183715513806084,0,0,0,0,0,0,0.23999550139847828,0,0,0,0,0,0,0,0,0.15967724994120747,0.1395916161712931,0,0,0,0,0,0,0,0,0,0,0,0,0,0,0,0,0,0.44175395909868903,1,0,0,0,0,0,0,0,0,0,0,0,0,0,0,0,0,0,0,0,0,0.0619259225613695,0,0,0,0,0,0,0,0,0,0,0,0,0,0,0,0,0,0,0,0,0,0,0,0,0,0,0,0,0,Eukaryota;Arthropoda;Malacostraca;Decapoda;Dotillidae;Ilyoplax;Ilyoplax pingi
0,0,0,0,0,0,0,0,0,0,0,0,0,0,0,0,0,0,0,0,0,0,0,0,0,0,0,0,0,0,0,0,0,0,0,0,0,0,0,0,0,0,0,0,0,0,0,0,0,0,0,0,0,0,0,0,0,0,0,0,0,0,0,0,0,0,0,0,0,0,0,0,0,0,0,0,0,0,0,0,0,0,0,0,0,0,0,0,0,0,0,0,0,0,0,0,0,0,0,0,0,0,1,0,0,0,0,0,0,0,0,0,0,0,0,0,0,0,0,0,0,0,0,0,0,0,0,0,0,0,0,0,0,0,0,0,0,0,0,0,0,0,0,0,0,0,0,0,0,0,0,0,0,0,0,0,0,0,0,0,0,0,0,0,0,0,0,0,0,0,0,0,0,0,0,0,0,0,0,0,0,0,0,0,0,0,0,0,0,0,0,0,0,0,0,0,0,0,0,0,0,0,0,0,0,0,0,0,0,0,0,Eukaryota;Nemertea;Enopla;Monostilifera;Amphiporidae;Amphiporus;Amphiporus sp. AMNH1
0,0,0,0,0,0,0,0,0,0,0,0,0,0,0,0,0,0,1,0,0,0,0,0,0,0,0,0,0,0,0,0,0,0,0,0,0,0,0,0,0,0,0,0,0,0,0,0,0,0,0,0,0,0,0,0,0,0,0,0,0,0,0,0,0,0,0,0,0,0,0,0,0,0,0,0.14666708561106495,0,0,0,0,0,0,0,0,0,0,0,0,0,0,0,0,0,0,0,0,0,0,0,0,0,0,0,0,0,0,0,0,0,0,0,0,0,0,0,0,0,0,0,0,0,0,0,0,0,0,0,0,0.054511420879140404,0,0,0,0,0,0,0,0,0,0,0,0,0,0,0,0,0,0,0,0,0,0,0,0,0,0,0.0823829011707849,0,0,0,0,0,0,0.28202097485044203,0.23212760715063166,0.18992877006091685,0,0,0,0,0,0,0,0,0,0,0,0,0,0,0,0,0,0,0,0,0,0,0,0,0,0,0,0,0,0,0,0,0,0,0,0,0,0,0,0,0,0,0,0,0.21643641722621032,0.4111982867506345,Eukaryota;Arthropoda;Malacostraca;Euphausiacea;Euphausiidae;Euphausia;Euphausia hemigibba
0,0.024801300543282504,0.04230840976286257,0,0,0,0.2293793412502801,0.1636868920796665,0.19049801421682522,0.0834751482955751,0.11630015390058458,0.0700768212259414,0.13359795997902438,0.1136670332714274,0,0,0,0,0,0,0,0,0,0,0,0,0,0,0,0,0,0,0,0,0.23170445651019872,0.23551211740555777,0.350020478631322,0,0,0,0,0,0,0,0.08897116337279032,0.08647428983838401,0,0,0,0,0,0,0,0,0,0,0,0,0,0,0,0,0,0,0.004470516001095227,0.02126696510290352,0.0068082891423532224,0,0,0,0,0,0,0.007727444753519842,0,0.6442746718301195,0,0,0,0,0,0.5194922063313514,0.006299548248527419,0.011610474293814585,0,0,0,0,0,0,0,0,0,0.0069153112009869705,0.004060050666303322,0,0,0,0,0,0,0,0,0,0,0,0,0,0,0,0,0,0,0.8832673216939926,0.9332181654734699,0,0,0,0,0,0,0.9132242427351304,0,0,0.3079843908215516,0,0,0,0.2458930882885004,0.1603420003196095,0,0,0,0,0,0,0,0,0,0,0,0,0,0,0,0,0,0,0,0.36679304244428007,0.3238824896164739,0.36455641709757675,0,0,0.03271774206094936,0.009241791010736258,0.04920531858887233,0.04103600383093341,0.04130502570520213,0.5303491678775915,0.5386887528201413,0.6907464522431946,0.03163737709125714,0,0.036699997275427075,0,0,0,0.0015928745955680413,0.0022915425611242826,0,0,0.023129168705043574,0,0,0.09150723110558465,0.06834472232351807,0.10240819358074497,0,0,0,0,0,0,0,0.0073842178296506435,0,0,0,0,0,0,0,0,0,0.021161365645213703,0.1529343847815623,0.12401945229951172,0.1563429529747009,0,0,0,0,0,0,0,0.6910796581929013,0.805966911250072,0.7075125333109284,0.8692021972401318,1,Eukaryota;Chordata;Actinopteri;Myctophiformes;Myctophidae;Triphoturus;Triphoturus mexicanus
0,0,0,0,0,0,0,0,0,0,0,0,0,0,0,0,0,0,0,0,0,0,0,0,0,0.009246241372299699,0,0,0,0,0,0,0,0,0,0,0,0,0,0,0,0,0,0,0,0,0.0242856625666368,0,0.026873751208104445,0.0709134910342302,0,0,0,0,0,0,0,0,0,0,0,0,0,0,0,0,0,0,0,0,0,0,0,0,0,0,1,0,0,0,0,0,0,0.016988390343287994,0,0,0,0,0,0,0,0,0,0,0.004126708760403282,0,0,0,0,0,0,0,0,0,0,0,0,0,0,0,0,0,0,0,0,0.0018820704774283059,0,0,0,0,0,0,0,0,0,0,0,0,0,0,0,0,0,0,0,0.001069443053627094,0,0,0,0,0,0,0,0,0.008071478419906387,0,0,0,0,0,0,0,0,0,0,0,0.008161601690568608,0.010408516000611786,0.008575565059399617,0,0.022428648821754098,0,0,0,0,0,0,0,0,0,0,0,0,0,0,0,0,0,0,0,0,0,0.00515411035749915,0,0,0,0,0,0,0,0,0,0,0,0,0,0,0,0,0,0,0.05516408398221675,0.024360472347584202,0.03295233284804548,0,0,0,0,0,0,0,Eukaryota;Cnidaria;Hydrozoa;Leptothecata;Campanulariidae;Obelia;Obelia dichotoma
0,0,0,0,0,0,0,0,0,0,0,0,0,0,0,0,0,0,0,0,0,0,0,0,0,0,0,0,0,0,0,0,0,0,0,0,0,0,0,0,0,0,0,0,0,0,0,0,0,0,0,0,0,0,0,0,0,0,0,0,0,0,0,0,0,0,0,0,0,0,0,0,0,0,0,0,0,0,0,0,0,0,0,0,0,0,0,0,0,0,0,0,0,0,0,0,0,0,0,0,0,0,0,0,0,0,0,0,0,0,0,0,0,0,0,0,0,0,0,0,0,0,0,0,0,0,0,0,0,0,0,0,0,0,0,0,0,0,0,0,0,0,0,0,0,0,0,0,0,0,0,0,0,0,0,0,0,0,0,0,0,0,0,0,0,0.8796684825627417,0,0.9202634245187437,1,0.67135638392381225,0,0,0,0,0,0,0,0,0,0,0,0,0,0,0,0,0,0,0,0,0,0,0,0,0,0,0,0,0,0,0,0.16992840438927867,0,0,0,0,0,0,0,0,0,Eukaryota;Bacillariophyta;Coscinodiscophyceae;Thalassiosirales;Skeletonemataceae;Skeletonema;Skeletonema japonicum
0,0,0.048360702528875615,0,0,0,0,0,0,0,0,0,0,0,0,0,0,0,0,0,0,0,0,0,0,0,0,0,0,0,0,0,0,0,0,0,0,0,0,0,0,0,0,0,0,0,0,0,0,0,0,0,0,0,0,0,0,0,0,0,0,0,0,0.12166496457522182,0,0,0,0,0,0,0,0,0,0.45682496315202936,0,0,0,0,0,0,0,0,0,0,0,0,0,0,0,0,0,0,0,0,0,0,0,0,0,0,0,0.3570095520950393,0,0,0,0,0,0,0,0.37696529219816083,0,0,0,0,0,0,0,0,0,0,0,0,0,0,0,0,0,0,0,0,0,0,0,0,0,0,0,0,0,0,0,0.0654351184346035,0,0,0,0,0,0.08701621517981868,0.035113820198752026,0,0,0,0,0,0,0,0,0,0,0,0,0,0,0,0,0,0,0,0,0,0,0,0,0,0,0,0.05157892600560133,0,0,0,0,0,0,0,0,0,0,0,0,0,0,0,0,0,0,0,0,0,0,0.3225663155222744,0.1432315148782687,0.3918741808650066,0.4949279467478668,0.40247779065276174,1,0.7224275156338829,0,0,0,0,0,Eukaryota;;Phaeophyceae;Ectocarpales;;;
0,0,0,0,0,0,0,0,0,0,0,0.05446723718527153,0,0,0,0,0,0,0,0,0,0,0,0,0,0,0,0,0,0,0,0,0,0,0,0,0,0,0,0,0,0,0,0,0,0,0,0,0,0,0,0,0,0,0,0,0,0,0,0,0,0.07441095839875679,0,0,0,0,0,0,0,0,0,0,0,0,0,0,0,0,0,0,0,0,0,0,0,0,0,0,0,0,0,0,0,0,0,0,0,0,0,0,0,0,0,0,0,0,0,0,0,0,0,0,0,0,0,0,0,0,0,0,0,0,0,0,0,0,0,0,0,0,0,0,0,0,0,0,0,0,0,0,0,0,0,0,0,0,0,0,0,0,0,0,0,0,0,0,0,0,0,0,0,0,1,0.971882248467667,0.30933872652857786,0,0,0,0,0,0,0,0,0,0,0,0,0,0,0,0,0,0,0,0,0,0,0,0,0,0,0,0,0,0,0,0,0,0,0,0,0,0,0,0,0,0,0,0,0,0,Eukaryota;Arthropoda;Malacostraca;Euphausiacea;Euphausiidae;Euphausia;
0,0,0,0,0,0,0,0,0,0,0,0,0,0,0,0,0,0,0,0,0,0,0,0,0,0,0,0,0,0,0,0,0,0,0,0,0,0.11621496050797583,0.05570036804503139,0,0,0,0,0,0,0,0,0,0,0,0,0,0,0,0,0,0,0,0,0,0,0,0,0,0,1,0.3802809763788395,0.7955894826123834,0,0,0,0,0,0,0,0,0,0,0,0,0,0,0,0,0,0,0,0,0,0,0,0,0,0,0,0,0,0,0,0,0,0,0,0,0,0,0,0,0,0,0,0,0,0,0,0,0,0,0,0,0,0,0,0,0,0,0,0,0,0,0,0,0,0,0,0,0,0,0,0,0,0,0,0,0,0,0,0,0,0,0,0,0,0,0,0,0,0,0,0,0,0,0,0,0,0,0,0,0,0,0,0,0,0,0,0,0,0,0,0,0,0,0,0,0,0,0,0,0,0,0,0,0,0,0,0,0,0,0,0,0,0,0,0,0,0,0,0,0,0,0,Eukaryota;Chordata;Actinopteri;Scombriformes;Centrolophidae;Icichthys;Icichthys lockingtoni
0,0,0,0,0,0,0,0,0,0,0,0,0,0,0,0,0,0,0,0,0,0,0,0,0,0,0,0,0,0,0,0,0,0,0,0,0,0,0,0,0,0,0,0,0,0,0,0,0,0,0,0,0,0,0,0,0,0,0,0,0,0,0,0,0,0,0,0,0,0,0,0,0,0,0,0,0,0,0,0,0,0,0,0,0,0,0,0,0,0,0,0,0,0.7416790149514682,1,0,0,0,0,0,0,0,0,0,0,0,0,0,0,0,0,0,0,0,0,0,0,0,0,0,0,0,0,0,0,0,0,0,0,0,0,0,0,0,0,0,0,0,0,0,0,0,0,0,0,0,0,0,0,0,0,0,0,0,0,0,0,0,0,0,0,0,0,0,0,0,0,0,0,0,0,0,0,0,0,0,0,0,0,0,0,0,0,0,0,0,0,0,0,0,0,0,0,0,0,0,0,0,0,0,0,0,0,0.09216345796081515,0,0,0,0,0,0.4126650628835918,0,Eukaryota;Cnidaria;Hydrozoa;Leptothecata;Campanulariidae;Obelia;Obelia sp. MZUSP 3356
0,0,0,0,0,0,0,0,0,0,0,0,0,0,0,0,0,0,0,0,0,0,0,0,0,0,0,0,0,0,0,0,0,0,0,0,0,0,0,0,0,0,0,0,0,0,0,0,0,0,0,0,0,0,0,0,0,0,0,0,0,0,0,0,0,0,0,0,0,0,0,0,0,0,0,0,0,0,0,0,0,0,0,0,0,0,0,0,0,0,0,0,0,0,0,0,0,0,0,0,0,0,0.13114086813230003,0,0,0,0,0,0,0,0,0,0,0,0,0,0,0,0,0,0,0,0,0,0,0,1,0.7439295613155593,0,0,0,0,0,0,0,0,0,0,0,0,0,0,0,0,0,0,0,0,0,0,0,0,0,0,0,0,0,0,0,0,0,0,0,0,0,0,0,0,0,0,0,0,0,0,0,0,0,0,0,0,0,0,0,0,0,0,0,0,0,0,0,0,0,0,0,0,0,0,0,0,0,0,0,0,0,0,0,0,0,0,0,Eukaryota;Chordata;Actinopteri;Perciformes;Sebastidae;Sebastes;Sebastes paucispinis
0,0,0,0,0,0,0,0,0,0,0,0,0.29536420934723184,0.5757396563034183,0,0,0,0,1,0,0,0,0,0,0,0,0,0,0,0,0,0,0,0,0,0,0,0,0,0,0,0,0,0,0,0,0,0,0,0,0,0,0,0,0,0,0,0,0.03923793403302534,0.03271871675005972,0,0,0,0,0,0,0,0,0,0,0,0,0,0,0,0,0,0,0,0,0,0,0,0,0,0,0,0,0,0,0,0,0,0,0,0,0,0,0,0,0,0,0,0,0,0,0,0,0,0,0,0,0,0,0,0,0,0,0,0,0,0,0,0,0,0,0,0,0,0,0,0,0,0,0,0,0,0,0,0,0,0.007008072821500947,0,0,0,0,0.02330623755348033,0,0,0,0,0,0,0,0,0,0,0,0,0,0,0,0,0,0,0,0,0,0,0,0,0,0,0,0,0,0,0,0,0,0,0,0,0,0,0,0,0,0,0,0,0,0,0,0,0,0,0,0,0,0,0,0,0,0,0,0,0,0,0,0,Eukaryota;Annelida;Polychaeta;Phyllodocida;;;
0,0,0,0,0,0,0,0,0,0,0,0,0,0,0,0,0,0,0,1,0,0,0,0,0,0,0,0,0,0,0,0,0,0,0,0,0,0,0,0,0,0,0,0,0,0,0,0,0,0,0,0,0,0,0,0,0,0,0,0,0,0,0,0,0,0,0,0,0,0,0,0,0,0,0,0,0,0,0,0,0,0,0,0,0,0,0,0,0,0,0,0,0,0,0,0,0,0,0,0,0,0,0,0,0,0,0,0,0,0,0,0,0,0,0,0,0,0,0,0,0,0,0,0,0,0,0.0035198442575281805,0,0,0,0,0,0,0,0,0,0,0,0,0,0,0,0,0,0,0,0,0,0,0,0,0,0,0,0,0.08060035547363571,0.20906525178533958,0.15235518019139033,0.09763076395581781,0,0,0,0.27591879505243616,0.5134547519048265,0,0,0,0,0,0,0,0,0,0,0,0,0,0,0,0,0,0,0,0,0,0,0,0,0,0,0,0,0,0,0,0,0,0,0,0,0,0,0,0,0,0,0,0,0,0,0,Eukaryota;Arthropoda;Hexanauplia;Calanoida;Candaciidae;Candacia;Candacia ethiopica
0,0,0.07212310837222831,0,0,0,0,0,0,0,0,0,0,0,0,0,0,0,0,0,0,0,0,0,0,0,0,0,0,0,0,0,0.4613643659711075,0.7176241480038948,0,0,0,0,0,0,0,0,0,0,0,0,0,0,0,0,0,0,0,0,0,0,0,0,0,0,0,0,0,0,0,1,0.6758394903331416,0.5358051617593602,0.49090117247209725,0,0,0,0,0,0,0,0,0,0,0.18186304750154228,0,0,0,0,0,0,0,0,0,0,0,0,0,0,0,0,0,0,0,0,0,0,0,0,0,0,0,0,0,0,0,0,0,0,0,0,0,0,0,0.2922887524683759,0,0,0,0,0,0,0,0,0,0,0,0,0,0,0,0.058915976672986016,0,0,0,0,0,0,0,0,0,0,0,0.04152713812249817,0.08569189273764188,0.11633780584056827,0,0,0,0,0,0,0,0.11377155536161962,0.06124102400753395,0,0,0,0,0,0,0,0,0,0,0,0,0,0,0,0,0,0,0,0,0,0,0,0,0,0,0,0,0,0,0,0,0,0,0,0,0,0,0,0,0,0,0,0,0,0,0,0,0,0,0,0,Eukaryota;Mollusca;Gastropoda;Cephalaspidea;Gastropteridae;Gastropteron;Gastropteron pacificum
0,0,0,0,0,0,0,0,0.006422938163827346,0,0,0,0,0,0,0,0,0,0,0,0,0,0.05113694435670089,0.0080425883919918,0.02707272590605726,0,0,0,0,0,0,0,0.015675818071447387,0.016980864269216377,0,0,0,0,0,0,0,0,0,0,0,0,0,0.01336911924909749,0,0,0,0,0,0,0,0,0,0,0,0,0,0,0,0,0,0,0,0,0,0,0,0,0.024044323182800524,0.011284763162121505,0,0,0,0,0,0.022234002703641446,0.009881210042770252,0,0,0,0,0,0,0,0,0,0.006289549221705967,0,0,0.010407744991449525,0.008126724638460666,0.01994558737151347,0.030759313324510932,0.6459994198818988,0,0.6598518986432373,0.48795376589580797,0.5662398543918985,0.6222687925655672,0.6327706737675889,0,0.6188784663743304,0.6336437734638588,0,0,0,0,0,0,0,0.008567178033250748,0.0015901874835969507,0.0015184267032115595,0.09690449155101927,0,0.07319768144589808,0.04057313465825678,0,0,0,0,0.01867834445321516,0.015055171016384958,0.011386653215912486,0,0,0,0,0,0,0,0,0,0,0,0,0,0,0,0,0,0,0,0,7.009313654197694e-4,0,0,0,0,0,0,0,0,0,0,0,0,0,0,0,0,0.7372969979453639,0.5690436474840144,1,0.9573408580041598,0.8777616981270341,0,0,0,0,0,0,0,0,0,0,0,0,0.0038005347653760767,0,0,0.0016246376200111062,0,0.0071147131044340325,0,0,0.01783090463187435,0.013276585012137835,0.012770025382333251,0,0,0,0,0,0,0,0,0,0,0,0,0,0,0,0,0,0,Eukaryota;Bacillariophyta;Coscinodiscophyceae;Coscinodiscales;Coscinodiscaceae;Coscinodiscus;Coscinodiscus wailesii
0,0,0.044341521892185036,0,0,0,0,0,0,0,0,0,0,0,0,0,0,0,0,0,1,0,0,0,0,0,0,0,0,0,0,0,0,0,0.18268109125117593,0,0,0,0,0,0,0,0.5703362866513291,0,0,0,0,0,0,0.3431171317087536,0,0.7953949678174371,0,0,0,0,0,0,0,0,0,0,0,0,0,0,0,0,0,0,0,0,0.10709499517441058,0,0,0,0,0,0,0,0,0,0,0,0,0,0,0,0,0,0,0,0,0,0,0,0,0,0,0,0,0,0,0,0,0,0,0,0,0,0,0,0,0,0,0,0,0,0,0,0,0,0,0,0,0,0,0,0.5210406784533563,0.2687130996309963,0,0,0,0,0,0,0,0,0,0.07629755746185582,0,0,0,0,0,0,0,0,0,0,0,0,0,0,0.17845885218030602,0,0.4492006109224633,0.22103290781776794,0,0,0,0,0.21661574690918103,0,0,0,0,0,0,0,0,0,0.15732644690870426,0,0,0,0,0,0,0,0,0,0,0,0,0,0,0,0,0,0,0,0,0,0.32519856459330143,0,0.23371746652625244,0,0.4427454519545908,0,0,0,0,0,0,0,0,0,0,0,0.4097315672254132,Eukaryota;Arthropoda;Hexanauplia;Calanoida;Clausocalanidae;Clausocalanus;Clausocalanus farrani
0,0,0,0,0,0,0,0,0,0,0,0,0,0,0,1,0.014832537569893382,0.009197024515002183,0,0,0,0,0,0,0,0,0,0,0,0,0,0,0,0.013870661228944113,0,0,0,0,0,0,0,0,0,0,0,0,0,0,0,0,0,0,0,0,0,0,0,0,0,0,0,0,0,0,0,0,0,0,0,0,0,0,0,0,0,0,0,0,0,0,0,0,0,0,0,0,0,0,0,0,0,0,0,0,0,0,0,0,0,0,0,0,0,0,0,0,0,0,0,0,0,0,0,0,0,0,0,0,0,0,0,0,0,0,0,0,0,0,0,0,0,0,0,0,0,0,0,0,0,0,0,0,0,0,0,0,0,0,0,0,0,0,0,0,0,0,0,0,0,0,0,0,0,0,0,0,0,0,0,0,0,0,0,0,0,0,0,0,0,0,0,0,0,0,0,0,0,0,0,0,0,0,0,0,0,0,0,0,0,0,0,0,0.009078817529237717,0,0,0,0,0,0,0,0,Eukaryota;Ascomycota;Eurotiomycetes;Eurotiales;Aspergillaceae;Aspergillus;
0,0,0,0,0,0,0,0,0,0,0,0,0,0,0,0,0,0,0.21450374599379618,1,0,0,0,0,0,0,0,0,0,0,0,0,0,0,0,0,0,0,0,0,0,0,0,0,0,0,0,0,0,0,0,0,0,0,0,0,0,0,0,0,0,0,0,0,0,0,0,0,0,0,0,0,0,0,0,0,0,0,0,0,0,0,0,0,0,0,0,0,0,0,0,0,0,0,0,0,0,0,0,0,0,0,0,0,0,0,0,0,0,0,0,0,0,0,0,0,0,0,0,0,0,0,0,0,0,0,0,0,0,0,0,0,0,0,0,0,0,0,0,0,0,0,0,0,0,0,0,0,0,0,0,0,0,0,0,0,0,0,0,0,0,0,0,0,0,0,0,0,0,0,0,0,0,0,0,0,0,0,0,0,0,0,0,0,0,0,0,0,0,0,0,0,0,0,0,0,0,0,0,0,0,0,0,0,0,0,0,0,0,0,0,Eukaryota;Cnidaria;Hydrozoa;Siphonophorae;Agalmatidae;Agalma;Agalma okeni
0,0,0,0,0,0,0,0,0,0,0,0,0,0,0,0,0,0,0,0,0,0,0,0,0,0,0,0,0,0,0,0,0,0,0,0,0,0,0,0,0,0,0,0,0,0,0,0,0,0,0,0,0,0,0,0,0,0,0,0,0,0,0,0,0.790840017948886,0,0,0,0,0,0,0,0,0,0,0,0,0,0,0,0,0,0,0,0,0,0,0,0,0,0,0,0,0,0,0,0,0,0,0,0,0,0,0,0,0,0,0,0,0,0,0,0,0,0,0,0,0,0,0.07363628101290354,0,0,0,0,0,1,0.5157418451239779,0.7865349894200739,0,0,0,0,0,0,0,0,0,0,0,0,0,0,0,0,0,0,0,0,0,0,0,0,0,0,0,0,0,0,0,0,0,0,0,0,0,0,0,0,0,0,0,0,0,0,0,0,0,0,0,0,0,0,0,0,0,0,0,0,0,0,0,0,0,0,0,0,0,0,0,0,0,0,0,0,0,0,0,0,0,0,0,Eukaryota;Arthropoda;Malacostraca;Decapoda;Pisidae;Scyra;Scyra acutifrons
0,0,0,0,0,0,0,0,0,0,0,0,0,0,0,0,0,0,0,0,0,0,0,0,0,0,0,0,0,0,0,0,0,0,0,0,0,0,0,0,0,0,0,0,0,0,0,0,0,0,0,0,0,0,0,0,0,0,0,0,0,0,0,0,0,0,0,0,0,0,0,0,0,0,0,0,0,0,0,0,0,0,0,0,0,0,0,0,0,0,0,0,0,0,0,0,0,0,0,0,0,0,0,0,0,0,0,0,0,0,0,0,0,0,0,0,0,0,0,0,0,0,0,0,0,0,0,0,0,0,0,0,0,0,0,0,0,0,0,0,0,0,0,0,0,0,0,0,0,0,0,0,0,0,0,0,0.6895992134511515,0.46727563972635594,1,0,0,0,0,0,0,0,0,0,0,0,0,0,0,0,0,0,0,0,0,0,0,0,0,0,0,0,0,0,0,0,0,0,0,0,0,0,0,0,0,0,0,0,0,0,0.6741587945194517,0,0,0,0,0,0,Eukaryota;Arthropoda;Branchiopoda;Diplostraca;Podonidae;Evadne;Evadne spinifera
0,0,0,1,0,0,0,0,0,0,0,0,0.11097434568541072,0,0,0,0,0,0,0,0,0,0,0,0,0,0,0,0,0,0,0,0,0,0,0,0,0,0,0,0,0,0,0,0,0,0,0,0,0,0,0,0,0,0,0,0,0,0,0,0,0,0,0,0,0,0,0,0,0,0,0,0,0,0,0,0,0,0.3314628482972136,0,0,0,0,0,0,0,0,0,0,0,0,0,0,0,0,0,0.9296519910453837,0,0,0,0,0,0,0,0,0,0,0,0,0,0,0,0,0,0,0,0,0,0,0.04717799572010477,0,0,0,0,0,0,0,0,0,0,0,0,0,0,0,0,0,0,0,0,0,0,0,0.04998686859844174,0,0,0,0,0,0,0,0,0,0,0,0,0,0,0,0,0,0,0,0,0,0,0,0.11125399423271763,0.0902672504566152,0,0,0,0,0,0,0,0,0,0.03288270778444838,0,0,0,0,0.03115676404617001,0,0,0,0,0,0,0,0,0,0,0,0,0,0,0,0,0,0,0,0,0,0,0,0,0,0,0,Eukaryota;Brachiopoda;NA;NA;NA;Phoronis;Phoronis psammophila
0,0,0,0,0,0,0,0,0,0,0,0,0,0,0,0,0,0,0,0,0,0,0,0,0,0,0,0,0,0,0,0,0,0,0,0,0,0,0,0,0,0,0,0,0,0,0,0,0,0,0,0,0,0,1,0.8836342079094316,0,0,0,0,0,0,0,0,0,0,0,0,0,0,0,0,0,0,0,0,0,0,0,0,0,0,0,0,0,0,0,0,0,0,0,0,0,0,0,0,0,0,0,0,0,0,0,0,0,0,0,0,0,0,0,0,0,0,0,0,0,0,0,0,0,0,0,0,0,0,0,0,0,0,0,0,0,0,0,0,0,0,0,0,0,0,0,0,0,0,0,0,0,0,0,0,0,0,0,0,0,0,0,0,0,0,0,0,0,0,0,0,0,0,0,0,0,0,0,0,0,0,0,0,0,0,0,0,0.10556757967012463,0.008784923096988159,0,0,0,0,0,0,0,0,0,0,0,0,0,0,0,0,0,0,0,0,0,0,0,0,0,Eukaryota;Arthropoda;Malacostraca;Amphipoda;Lanceolidae;Lanceola;Lanceola sayana
0,0,0,0,0,0,0,0,0,0,0,0,0,0,0,0,0,0,0,0,0,0,0,0,0,0,0,0,0,0,1,0.383136585073232,0,0,0,0,0,0,0,0,0,0,0,0,0,0,0,0,0,0,0,0,0,0,0,0,0,0,0,0,0,0,0,0,0,0,0,0,0,0,0,0,0,0,0,0,0,0,0,0,0,0,0,0,0,0,0,0,0,0,0,0,0,0,0,0,0,0,0,0,0,0,0,0,0,0,0,0,0,0,0,0,0,0,0,0,0,0,0,0,0,0,0,0,0,0,0,0,0,0,0,0,0,0,0,0,0,0,0,0,0,0,0,0,0,0,0,0,0,0,0,0,0,0,0,0,0.3828582047196,0.16275341944193922,0.053636946399739156,0,0,0,0,0,0,0,0,0,0,0,0,0,0,0,0,0,0,0,0,0,0,0,0,0,0,0,0,0,0,0,0,0,0,0,0,0,0,0,0,0,0,0,0,0,0,0,0,0,0,0,0,Eukaryota;Mollusca;Gastropoda;Neogastropoda;Columbellidae;Amphissa;Amphissa columbiana
0,0,0,0,0.06206877264755117,0,0,0,0,0,0,0,0.6231973580334705,0.5027770969757431,0,0,0,0,0,0,0,0,0,0,0,0,0,0,0,0,0,0,0,0,0,0,0,0,0,0,0,0,0.02652863519369979,0,0.5461667749214874,1,0.04782505192129306,0.09347965417127596,0,0.23939637268884326,0.1168338937278154,0.13873882455400274,0.042410800947315294,0,0,0,0,0,0,0,0,0,0,0,0,0,0,0,0,0,0,0,0,0,0,0.4030712563010152,0,0,0,0,0,0,0,0,0,0,0,0.04839950778049502,0.09725674545475792,0,0,0,0,0,0,0,0,0,0,0,0,0,0,0,0,0,0,0,0,0,0.17249593815885408,0,0,0,0.11980697080342004,0,0,0.24199153578829316,0,0.2709073381737871,0.5043480378033786,0,0,0,0,0.02073061234656346,0,0,0,0,0,0,0,0,0,0,0,0,0,0,0,0.04883720930232558,0,0,0,0,0,0.03414207519394708,0.025185989728006453,0,0,0,0,0,0,0,0.08438013060553948,0.022449302352386933,0.033775223804981803,0.08739493781398648,0.2374034758867994,0,0,0,0,0,0,0,0,0,0,0,0.04116310864135599,0.08854291732650847,0,0,0.09898894742356693,0,0,0,0,0,0,0,0,0,0,0,0,0,0,0,0,0,0,0,0,0.26457874898335804,0.0900981907235228,0,0,0,0,0,0,0,0,0,0,0,0,Eukaryota;Arthropoda;Hexanauplia;Calanoida;Calanidae;Neocalanus;Neocalanus gracilis
0,0,0,0,0,0,0,0,0,0,0,0,0,0,0,0,0,0,0,0,0,0,0,0,0,0,0,0,0,0,0,0,0,0,0,0,0,0,0,0,0,0,0,0,0.04223821124539938,0.038218243191537084,0,0,0,0,0,0,0,0,0,0,0,0,0,0,0.02961054012676378,0.01973794262801788,0,0,0,0.09359671855629717,0.08112491021947973,0.07628241593205005,0,0,0,0,0,0,0,0.045510847771059924,0,0,0,0,0,0,0,0.0023285226952648713,0,0,0,0,0,0,0,0,0,0,0,0,0,0,0,0,0,0,0,0,0,0,0,0,0,0,0,0,0,0,0,0,0,0,0,0.005800433426680076,0.003250344024955273,0.0017963472319471976,0,0,0.2646106436066057,0,0,0,0.35745304506784426,0.32985695333000514,0,0,0,0,0.07050806700941945,0.0582263336415398,0.05706131887343645,0.2770498337891742,0.31673022548373386,0.37188963557984533,0.11391508077356637,0.09684952451125985,0.1242343344404101,0,0,0,0,4.592004559510478e-4,6.317115023330555e-4,0.08152844315226576,0.07392046810885511,0.07677928381786772,0.9736161813872358,0.9887489515181634,1,0.06487161376086563,0.06727582621197653,0.061142088992290886,0.05695680667321627,0,0,0,0.5785629611698739,0.6012020805543936,0.6945958839987385,0,0,0,0,0,0,0,0,0,0,0,0,0,0,0,0,0,0,0,0,0,0,0,0,0,0,0,0,0,0,0,0.012610914281869116,0.007440506588992013,0.012940218900045031,0,0,0,0,0,0,0,0,0,0,0.053276598193779404,0.06571070180649609,Eukaryota;Cnidaria;Hydrozoa;Siphonophorae;Diphyidae;Diphyes;Diphyes dispar
0,0,0,0,0,0,0,0,0,0,0,0,0,0,0,0,0,0,0,0,0,0,0,0,0,0,0,0,0,0.6855683513589568,0,0,0,0,0,0,0,0,0,0,0,0,0,0,0,0,0,0,0,0,0,0,0,0,0,0,0,0,0,0,0,0,0,0,0,0,0,0,0,0,0,1,0,0,0,0,0,0,0,0.42145909018210065,0,0,0,0,0,0,0,0,0,0,0,0,0,0.20640959649083546,0.17967068866655234,0,0,0,0,0,0,0,0,0,0,0,0,0.6156554752443235,0,0,0,0,0,0,0,0,0,0,0,0,0,0,0,0,0,0,0,0.0514697675605175,0,0,0,0,0,0,0,0,0,0,0,0,0,0,0,0,0,0,0,0,0,0,0,0,0,0,0,0,0,0,0.014192320328194523,0,0,0,0,0.4363541740590921,0.18662862461806187,0,0,0,0,0.18207913325357625,0,0,0,0,0,0,0,0,0,0,0,0,0,0,0,0,0,0,0,0,0,0,0,0,0,0,0,0,0,0,0,0,0,0,0,0,0,0,0,0,0,Eukaryota;Arthropoda;Hexanauplia;Calanoida;Calanidae;Nannocalanus;Nannocalanus minor
0.16187967785919583,0.6471275809541046,0.366352380771158,0,0,0,0,0,0,0,0,0,0,0,0,0,0,0,0,0,0.9442355997276435,0,0,0,0,0,0,0,0,0,0,0,0,0,0,0,0,0,0,0,0,0,0,0,0,0,0,0,0,0,0,0,0,0,1,0.7714266894447419,0,0,0,0,0,0,0,0,0,0,0,0,0,0,0,0,0,0,0,0,0,0,0,0,0,0,0,0,0,0,0,0,0,0,0,0,0,0,0,0,0,0,0,0,0,0,0,0,0.4710625847427389,0,0,0,0,0,0,0,0,0,0,0.12539683987045808,0.14824707973309892,0,0,0,0,0,0,0,0,0,0,0,0,0,0,0,0,0,0,0,0,0,0,0,0,0,0,0,0,0,0,0,0,0,0,0,0,0,0,0,0,0,0,0,0,0,0,0,0,0,0,0,0,0,0,0,0,0,0,0,0,0,0,0,0,0,0,0,0,0,0,0,0,0,0,0,0,0,0,0,0,0,0,0,0,0,0,0,0,0,0,0,0,0,0,Eukaryota;Arthropoda;Hexanauplia;Calanoida;Spinocalanidae;Spinocalanus;Spinocalanus brevicaudatus
0,0,0.07670732403478393,0.2076439682703204,0,0,0,0,0,0,0,0,0,0,0,0,0,0,0,0,0,0,0,0,0,0,0,0,0,0,0,0,0,0,0,0,0,0,0,0,0,0,0,0,0,0,0,0,0,0,0,0,0,0,0,0,0,0,0,0,0,0,0,0,0,0,0,0,0,0,0,0,0,0,0,0,0,0,0,0,0,0,0,0,0,0,0,0,0,0,0,0,0,0,0,0,0,0,0,0,0,0,0,0,0,0,0,0,0,0,0,0,0,0,0,0,0,1,0,0.6994505539903001,0.27354543515771923,0,0,0,0,0.05140001020043862,0.009560672036125262,0,0,0,0,0,0,0,0,0,0,0,0,0,0,0,0,0,0,0,0,0,0,0,0,0,0,0,0,0,0,0,0,0,0,0,0,0,0,0,0,0,0,0,0,0,0,0,0,0,0,0,0,0,0,0,0,0,0,0,0,0,0,0,0,0,0,0,0,0,0,0,0,0,0,0,0,0,0,0,0,0,0,0,0,Eukaryota;Arthropoda;Malacostraca;Decapoda;Axiidae;Leonardsaxius;Leonardsaxius amurensis
0,0.09614556099173162,0,0,0,0,0,0,1,0,0.41711580462050935,0,0,0,0,0,0,0,0,0,0,0,0,0,0,0,0,0,0,0,0,0,0,0,0,0,0,0,0,0,0,0,0,0,0,0,0,0,0,0,0,0,0,0,0,0,0,0,0,0,0,0,0,0,0,0,0,0,0,0,0,0,0,0,0.09275450886019733,0,0,0,0,0,0,0,0,0,0,0,0,0,0,0,0,0,0,0,0,0,0,0,0,0,0,0,0,0,0,0,0,0,0,0,0,0,0,0,0,0,0,0,0,0,0,0,0,0,0,0,0,0,0,0,0,0,0,0,0,0,0,0.07738916665676994,0,0,0,0,0,0,0,0,0,0,0,0,0,0,0,0,0,0,0,0,0.029428279219713745,0,0,0,0,0,0,0,0,0,0,0,0,0,0,0,0,0,0,0,0,0,0,0,0,0,0,0,0,0,0,0,0,0,0.07627329727624127,0,0,0,0,0,0,0,0,0,0,0.3720718088232824,0,0,0,0,0,0,0,Eukaryota;Bacillariophyta;Bacillariophyceae;Naviculales;Pinnulariaceae;Pinnularia;Pinnularia sp. 12 CS-2011
0,0,0,0,0,0,0.05630421561409686,0,0,0,0,0,0,0,0,0,0,0,0,0,0,0,0,0,0,0,0,0,0,0,0,0,0,0,0,0,0,0,0,0,0,0,0,0,0,0,0.133049266300237,0.12039830689453138,0,0,0,0,0,0,0,0,0,0,0,0,0,0,0,0,0,0,0,0,0,0,0,0,0,0,0,0,0,0,0,0.09042771951470287,0,0,0,0,0,0,0,0,0,0,0,0,0,0,0,0,0,0,0,0,0,0,0,0,0,0,0,0,0,0,0,0,0,0,0,0,0,0,0,0.020762095189308053,0,0,0,0,0,0,0,0,0,0,0,0,0,0,0,0,0,0,0,0,0,0,0,0,0,0,0,0,0,0,0,0,0,0,0,0,0,0,0,0,0,0,0,0,0,0,0,0,0.03192172794727017,0.02678856980409875,0,0,0,0,0,0,0,0,0,0,0,0,0.021391552732427307,0.033054438034882234,0,0,0,0,0.08205873022784244,0,0,0,0,0,0,0,0,0,0,0,0,0,0,0,0.865138697619516,1,0,0,0,0,0,Eukaryota;NA;Oomycetes;Pythiales;Pythiaceae;Pythium;Pythium junctum
0,0,0,0,0,0,0,0.29596634496411783,0,0,0,0,0,0,0,0,0,0,0,0,0,0,0,0,0,0,0,0,0,0,0,0,0,0,0,0,0,0,0,0,0,0,0,0,0,0,0,0,0,0,0,0,0,0,0,0,0,0.07562131321922445,0,0,0,0,0,0,0,0,0,0,0,0,0,0,0,0,0,0,0,0,0,0,0,0,0,0,0,0,0,0,0,0,0,0,0.09339801186998144,0,0,0,0,0.06404344320129018,0,0,0,0,0,0,0,0.33364512053036643,0,0,0,0,0,0,0,0,0,0,0,0,0,0,0.05474881034701892,0,0,0,0,0,0,0,0,0,0,0,0,0,0,0,0,0,0,0,0,0,0,0,0,0,0,0,0,0,0,0,0,0,0,0,0,0,0.07430617588290374,0,0,0,0,0,0,0,0,0,0,0,0,0,0,0,0,0,0,0,0,0,0,0,0,0,0,0,0,0,0,0,0,0,0,0,0,0,0,0,0,0,0,0,0,0,1,0.995344577095572,0,0,0,0,0,Eukaryota;Blastocladiomycota;Blastocladiomycetes;Blastocladiales;Blastocladiaceae;Blastocladiella;Blastocladiella emersonii
0,0,0,0,0,0,0,0,0,0,0,0,0,0,0,0,0,0,0,0,0,0,0,0,0,0,0,0,0,0,0,0,0,0,0,0,0,0,0,0,0,0,0,0,0,0,0,0,0,0,0,0,0,0,0,0,0,0,0,0,0,0,0,0,0,0,0,0,0,0,0,0,0,0,0,0,0,0,0,0,0,0,0,0,0,0,0,0,0,0,0,0,0,0,0,0,0,0,0,0,0,0,1,0,0,0,0,0,0,0,0,0,0,0,0,0,0,0,0,0,0,0,0,0,0,0,0,0,0,0,0,0,0,0,0,0,0,0,0,0,0,0,0,0,0,0,0,0,0,0,0,0,0,0,0,0,0,0,0,0,0,0,0,0,0,0,0,0,0,0,0,0,0,0,0,0,0,0,0,0,0,0,0,0,0,0,0,0,0,0,0,0,0,0,0,0,0,0,0,0,0,0,0,0,0,0,0,0,0,0,0,Eukaryota;Arthropoda;Insecta;Diptera;Mycetophilidae;;
0,0,0.05832075344044213,0.5863823930039032,0,0,0,0,0,0,0,0,0,0,0,0,0,0,0,0,0,0,0,0,0,0,0,0,0,0,0,0,0,0,0.06864961151179401,0.2510694700434614,0,0,0,0,0,0,0,0,0,0,0,0,0,0,0,0,0,0,0.4245148041542527,0.8038195772457226,0,0.2931292911710666,0,0,0,0,0.7138692164422026,0.8104659120727927,0,0.3960626162118699,0.4437765702863256,0,0,0,0,0,0,0,0.19112454590869185,0,0.3263558909696988,0,0,0,0,0,0.858560561926008,0.8432821386536292,0.46145851630657525,0,0,0.5474312222470293,0.3142970513403361,0,0,0,0,0.04572851055294042,0.032322617142572986,0,0,0,0,0,0,0,0,0,0,0,0,0,0,0,0,0,0,0,0,0.19563059482794865,0.04629212136037724,0,0,0,0,0,0,0.3120125577012913,0.20395478659494629,0,0,0.028274151192492034,0,0,0,0.6695423537307473,0,0,0,0.068058712918526,0,0,0,0,0,0,0,0,0.0513664033578393,0,0,0.0959428573167651,0,0,0,0.17580107293025954,0,0,0,0,0.2467147265594751,0.19556326382285233,0.10308494079865077,0.4518838647716929,0.42820371766399756,0.13255377836083218,0,0,0,0,0,0,0,0,0,0,0,0,0,0,0,0,0,0,0,0,0,0,0,0,0,0,0.6863107937475508,0,0,1,0,0,0.41899255715045186,0.22988933225990874,0,0,0,0,0,0,0,0,0,0,0,0,0,0,0,Eukaryota;Echinodermata;Asteroidea;Paxillosida;Luidiidae;Luidia;Luidia foliolata
0,0.9760617698959589,0.34206644048976886,0.6349450669316866,1,0,0,0,0,0,0,0,0,0,0,0,0,0,0,0,0,0,0,0,0,0.2761014095195934,0,0,0,0,0,0,0,0,0,0,0,0,0,0,0,0,0,0,0,0,0,0.15749707449387054,0,0,0,0,0,0,0,0,0,0,0,0,0,0,0,0,0,0,0,0,0.12280892989630547,0,0,0,0,0,0,0,0,0,0,0,0,0,0,0,0,0,0,0,0,0,0,0,0,0.11877855902560654,0,0,0,0,0,0,0,0,0,0,0,0,0,0,0,0,0,0,0,0,0,0,0,0,0,0,0,0,0,0,0,0,0,0,0,0,0,0.471244878408585,0,0,0,0,0,0,0,0,0,0,0,0,0,0,0,0,0,0,0,0,0,0,0,0,0,0,0,0,0,0,0,0,0,0,0,0,0,0,0,0,0,0,0,0,0,0,0,0,0,0,0,0,0,0,0,0,0,0,0,0,0,0,0,0,0,0,0,0,0,0,0,0,0,0,0,0,0,0,0,Eukaryota;Arthropoda;Malacostraca;Decapoda;Hippolytidae;Spirontocaris;Spirontocaris holmesi
0.24256286884299597,0.043183479341345504,0.05503235561462494,0,0,0,0.44065392371464523,0,0,0,0,0,0.14988936950585047,0,0,0,0,0,0,0,0,0,0,0,0,0,0,0,0,0,0,0,0,0,0,0,0,0,0,0,0,0.01543366980423387,0,0,0,0,0,0,0,0,0,0,0,0,0,0,0,0,0,0.05562295191105654,0,0,0,0,0,0,0,0.04088373458602466,0,0,0,0,0,0,0,0,0,0,0,0,0,0,0,0,0,0,0,0,0,0,0,0,0,0,0,0,0,0,0,0,0,0,0,0,0.024766562916851934,0,0,0,0,0,0,1,0.6434652389102178,0,0,0,0,0,0,0,0,0,0,0.6801097961398681,0,0,0,0,0.013857100208976018,0,0,0,0,0,0,0.01685807634765219,0,0,0,0,0,0,0,0,0,0,0,0,0.05012910881584328,0,0,0,0,0,0,0,0,0.0854225360698144,0,0,0,0,0,0,0,0,0,0,0,0,0,0,0,0,0,0,0,0,0,0,0,0,0,0,0,0,0,0,0,0,0,0,0,0,0,0,0,0,0.05494923069615513,0,0,0,0,0,0,0,0,0,0,0,0,Eukaryota;Arthropoda;Hexanauplia;Calanoida;Tortanidae;Tortanus;Tortanus discaudatus
0.22431746013664183,0.29985940790885246,0.2411417291177018,0.008653017277189392,0.026454309849580592,0.027335879702323138,0.09880638656191047,0.06969308421694707,0.08893935103688758,0.11681964057230622,0.06553981584731322,0.08170005475416484,0.06665825176169658,0.060779996839791815,0,0,0,0,0.3583567425395103,0,0.007569440637619625,0.009680011046554856,0.010924413850341133,0.03268375864935277,0.07153506099681453,0.023987237233982602,0.03792948237059265,0.23144989929091273,0.19341934804718075,0.2117230248929844,0.021456918715801965,0.037391974496072455,0,0,0.10370952568810124,0.09804844985565457,0.04991008790683822,0.0065041690188692445,0.009092318544022237,0.018611535376730316,0.014020950151849114,0.022411771895425963,0.02980873173650993,0.027476590701113992,0.015115685054289774,0.018922627155244013,0,0,0,0.4065862213915402,0.4235152234451255,0.4254419675720569,0,0,0.08207342973449772,0.06103809131354208,0,0,0.18868669019640671,0.14438001172569323,0.07822255371164565,0.1030295476352989,0,0,0.024456375310620955,0.011871726411928627,0.02187427174370101,0.005936870137805868,0.013807508306032213,0,0,0,0,0,0,0,0,0,0,0,0,0,0,0,0,0,0,0,0.021102715920168758,0,0,0,0.013022186421419314,0,0,0,0,0,0,0,0,0,0,0,0.006293768689442753,0,0,0,0,0,0,0,0,0.019889573463122857,0,0.004786859872574932,0.0038525668906654004,0,0,0,0,0.004499980644055237,0.03052492975552296,0,0,0.027309996265323284,0.01872554771017654,0.020942661690736233,0.06841609209259338,0.08596104630401143,0,0.012844229483856169,0.04963814866760168,0.051509508611821804,0.0068097481624449655,0.0062832519679067765,0.004731102435344186,0,0.0061291087589380976,0.004125213085734927,0.012589657666624978,0.009190990332547092,0,0.003676566519726754,0.011701533431222658,0,0,0,0,0.012568288480960019,0,0.005620827698308792,0,0,0,0.02052734110392189,0.129531327952764,0.18039478784487353,0.13348393485261692,0,0,0,0.009759881175015968,0.004470664185100991,0,0,0,0,0,0,0,0.008603824707777456,0.9580149586994197,0.9276648635430327,1,0.04086521258269465,0.03693404578566812,0.04385390117108115,0,0,0,0,7.150346873546639e-4,3.682928811759091e-4,0,0,0,0,0.0036571967914693876,0,0,0,0.007235944065272004,0,0,0,0,0,0,0.03464693816556056,0.007889506190794768,0.04791934364749156,0.06542812206964216,0.07997191093833714,0.142938295266321,0.11937867923490254,0,0,0,0.014163288669007556,0.011076567055255785,Eukaryota;Arthropoda;Malacostraca;Decapoda;Sergestidae;Sergestes;Sergestes similis
0,0,0,0,0,0,0,0,0,0,0,0,0,0,0,0,0,0,0,0,0,0,0,0,0,0,0,0,0,0,0,0,0,0,0,0,0,0,0,0,0,0,0,0,0,0,0,0,0,0,0,0,0,0,0,0,0,0,0,0,0,0,0,0,0,0,0,0,0,0,0,0,0,0,0,0,0,0,0,0,0,0,0,0,0,0,0,0,0,0,0,0,0,0,0,0,0,0,0,0,0,0,0,0,0,0,0,0,0,0,0,0,0,0,0,0,0,0,0,0,0,0,1,0,0,0,0,0,0,0,0,0,0,0,0,0,0,0,0,0,0,0,0,0,0,0,0,0,0,0,0,0,0,0,0,0,0,0,0,0,0,0,0,0,0,0,0,0,0,0,0,0,0,0,0,0,0,0,0,0,0,0,0,0,0,0,0,0,0,0,0,0,0,0,0,0,0,0,0,0,0,0,0,0,0,0,0,0,0,0,0,Eukaryota;Annelida;Polychaeta;Phyllodocida;Phyllodocidae;Eumida;
0,0,0,0,0,0,0,0,0,0,0,0,0,0,0,0,0,0,0,0,0,0,0,0,0,0.6644551170965985,0,0,0,0,0,0,0,0,0,0,0,0,0,0,0,0,0,0,0,0,0,0,0,0,0.3789756080341699,0,0,0,0,0,0,0,0,0,0,0,0,0,0,0,0,0,0,0,0,0,0,0,0,0,0,0,0,0,0,0,0,0,0,0,0,0,0,0,0,0,0,0,0,0,0,0,0,0,0,0,0,0,0,0,0,0,0,0,0,0,0,0,0,0,0,0,0,0,0,0,0,0,0,0,0,0,0,0,0,0,0,0,0,0,0,0,0,0,0,0,0,0,0,0,0,0,0,0,0,0,0,0,0,0,0,0,0,0.70162311539023,0.3022071999133548,0,0.7353580555360762,1,0.540252470549895,0,0,0,0,0,0,0,0,0,0,0,0,0,0,0,0,0,0,0,0,0.20266366987870169,0,0,0,0,0,0,0,0,0,0,0,0,0,0,0,0,0,0,0,0,0,0.2939657843103508,0,0,0,Eukaryota;Arthropoda;Arachnida;;;;
0,0,0,0,0,0,0,0,0,0,0,0,0,0,0,0,0,0,0,0,0,0,0,0,0,0,0,0,0,0,0,0,0,0,0,0,0,0.5108151360280833,0,0.46158510985678963,0,0,0,0,0.7122804491793838,0,0,0,0,0,0,0,0,0,0,0,0,0,0,0,0,0,0,0,0,0.27970940750791495,0.20893747008643263,0,0.14787195887381197,0,0,0,0.34106576588997656,0,0,0,0,0,0,0,0,0,0,0,0,0,0,0,0,0,0,0.5088275625642784,0,0,0.057067618351146654,0,0,0,1,0,0,0,0,0,0.31775850995504173,0,0,0,0,0,0.26245292026948175,0,0,0,0,0.033834920692815164,0.07692391412508084,0,0,0,0,0,0,0,0,0,0,0.10649556582383836,0,0,0.2551836187332371,0,0,0,0.4011107057440513,0.1057425146210193,0.24468886006945972,0,0,0,0,0,0,0,0,0,0,0.16939316332958998,0.11806867394821194,0.2277854511970534,0,0,0,0,0,0,0,0,0,0,0,0,0,0,0,0,0,0,0,0,0,0,0,0,0,0,0,0,0,0,0,0,0,0,0,0,0,0,0,0,0,0,0,0,0,0,0,0,0,0,0,0.19071390023899468,0,0.07643877945152568,0,0,0,0,0,0,0,Eukaryota;Cnidaria;Hydrozoa;Leptothecata;Haleciidae;Halecium;
0,0,0,0,0,0,0.1222217410378895,0,0,0,0,0,0,0,0,0,0,0,0,0,0,0,0,0,0,0,0,0,0,0,0,0,0,0,0,0,0,0,0,0,0,0,0,0,0,0,0,0,0,0,0,0,0,0,0,0,0,0,0,0,0,0,0.08492031856304962,0.10154915352239065,1,0,0,0,0,0,0,0,0,0,0,0,0,0,0,0,0,0,0,0,0,0,0,0,0,0,0,0,0,0,0,0,0,0,0,0,0,0,0,0,0,0,0,0,0,0,0,0,0,0,0,0,0,0,0,0,0,0,0,0,0,0,0,0,0,0,0,0,0,0,0,0,0,0,0,0,0,0,0,0,0,0,0,0,0,0,0,0,0,0,0,0,0.004493572217955822,0,0,0,0.006174324418954844,0,0,0,0,0,0,0,0,0,0,0,0,0,0,0,0,0,0,0,0,0,0,0,0,0,0,0,0,0,0,0,0,0,0,0,0,0,0,0,0,0,0,0,0.23251305637344455,0.15505276584766936,0,0,0,0,0,Eukaryota;Arthropoda;Branchiopoda;Diplostraca;Podonidae;Pseudevadne;Pseudevadne tergestina
0,0,0,0,0,0,0,0,0,0,0,0,0.09432108697249694,0,0,0,0,0,0,0,0,0,0,0,0,0,0,0,0,0,0,0,0,0,0,0,0,0,0,0,0,0,0,0,0,0,0,0,0,0,0,0,0,0,0,0,0,0,0,0,0,0,0,0,0,0,0,0,0,0,0,0,0,0,0,0,0,0,0,0,0,0,0,0,0,0,0,0,0,1,0.623543090605937,0.3493857418427233,0,0,0,0,0,0,0,0,0,0,0,0,0,0,0,0,0,0,0,0,0,0,0,0,0,0,0,0,0,0,0,0,0,0,0,0,0,0,0,0,0,0,0,0,0,0,0,0,0,0,0,0,0,0,0,0,0,0,0,0,0,0,0,0,0,0,0,0,0,0,0,0,0,0,0,0,0,0,0,0,0,0,0,0,0,0,0,0,0,0,0,0,0,0,0,0,0,0,0,0,0,0,0,0,0,0,0,0,0,0,0,0,0,0,0,0,0,0,0,Eukaryota;Cnidaria;Hydrozoa;Anthoathecata;Tubulariidae;Ectopleura;Ectopleura viridis
0,0,0,0,0,0,0,0,0,0,0,0,0,0,0,0,0,0,0,1,0,0,0,0,0,0,0,0,0,0,0,0,0,0,0,0,0,0,0,0.009680712027280568,0,0,0,0,0,0,0,0,0,0,0,0,0,0,0,0,0.07348200309075724,0,0,0,0,0,0,0,0,0,0,0,0.06202565118321884,0,0,0,0,0,0,0,0,0,0,0,0,0,0,0,0,0,0,0,0,0,0,0,0,0,0,0,0,0,0,0,0,0,0,0,0,0,0,0,0,0,0,0,0,0,0,0,0,0,0.06050303898799229,0,0,0.01778890997161097,0,0,0,0,0,0.004467011101128209,0,0,0,0,0,0,0,0.004032203620355054,0,0,0,0,0,0,0,0,0.02434601404608324,0,0,0,0,0,0,0,0,0,0,0,0,0.029152708430912777,0.01005919111230772,0,0,0,0,0,0,0,0,0,0,0,0,0,0,0,0,0,0,0,0,0,0,0,0,0,0.046464383251469565,0.011599755385752973,0,0,0,0,0,0,0,0,0,0,0,0,0,0,0,0,0,0,0,0,0,0,0,0,0,Eukaryota;Arthropoda;Malacostraca;Decapoda;Pisidae;Chorilia;Chorilia longipes
0,0,0,0,0,0,0,0,0,0,0,0,0,0,0,0,0,0,0,0,0,0,0,0,0,0,0,0,0,0,0,0,0,0,0,0,0,0,0,0,0,0,0,0,0,0,0,0,0,0,0,0,0,0,0,0,0,0,0,0,0,0,0,0,0,0,0,0,0,0,0,0,0,0,0,0,0,0,0,1,0.562325899253123,0,0,0,0,0,0,0,0,0,0,0,0,0,0,0,0,0,0,0,0,0,0,0,0,0,0,0,0,0,0,0,0,0,0,0,0,0,0,0,0,0,0,0,0,0,0,0,0,0,0,0,0,0,0,0,0,0,0,0,0,0,0,0,0,0,0,0,0,0,0,0,0,0,0,0,0,0,0,0,0,0,0,0,0,0,0,0,0,0,0,0,0,0,0,0,0,0,0,0,0,0,0,0,0,0,0,0,0,0,0,0,0,0,0,0,0,0,0,0,0,0,0,0,0,0,0,0,0,0,0,Eukaryota;Bacillariophyta;Coscinodiscophyceae;Thalassiosirales;Stephanodiscaceae;Stephanodiscus;Stephanodiscus meyeri
1,0.36639066105606083,0,0,0,0,0,0,0,0,0,0,0,0,0,0,0,0,0,0,0,0,0,0,0,0,0.15235944908557236,0,0,0,0,0,0,0,0,0,0,0,0,0,0,0,0,0,0,0,0,0,0,0,0,0,0,0,0,0.11060965348428058,0,0,0,0,0,0,0,0,0,0,0,0,0.21609181660589397,0,0,0,0,0,0,0,0,0,0,0,0,0,0,0,0,0,0,0,0,0,0,0,0,0,0,0,0,0,0,0,0,0,0,0,0,0,0,0,0,0,0,0,0,0,0,0,0,0.23913474895812664,0,0,0,0,0.25223863239911615,0,0,0,0,0,0,0,0,0,0,0,0,0,0,0,0,0,0,0,0,0,0,0,0,0,0,0,0,0,0,0,0,0,0,0,0,0,0,0,0,0,0,0,0,0,0,0,0,0,0,0.06299830087570253,0,0,0,0,0,0,0,0,0,0,0,0,0,0,0,0,0,0,0,0,0,0,0,0,0,0,0,0,0,0,0,0,0,0,0,0,0,Eukaryota;Arthropoda;Hexanauplia;Calanoida;Aetideidae;;
0,0,0,0,0,0,0,0,0,0,0,0,0,0,0,0,0,0,0,0,0,0,0,0,0,0,0,0,0,0,0,0,0,0,0,0,0,0,0,0,0,0,0,0,0,0,0,0,0,0,0,0,0,0,0,0,0,0,0,0,0.8786738844542312,0.8989980536832949,0,0,0,0,0,0,0,0,0,0,0,0,0,0,0,0,0,0,0,0,0,0,0,0,0,0,0,0,0,0,0,0,0,0,0,0,0,0,0,0,0,0,0,0,0,0,0,0,0,0,0,0,0,0,0,0,0,0,0,0,0,0,0,0,0,0,0,0,0,0,0,0,0,0,0,0,0,0,0,0,0,0,0,0,0,0.003747282144389707,0,0,0,0,0,0,0,0,0,0,0.118418635968995,0,0,0,0,0,0,0,0,0,0,0,0,0,0,0,0,0,0,1,0,0,0,0,0,0,0,0,0,0,0,0,0,0,0,0,0,0,0,0,0,0,0,0,0,0,0,0,0,0,0,0,0,Eukaryota;Arthropoda;Hexanauplia;Calanoida;Euchaetidae;Paraeuchaeta;Paraeuchaeta barbata
0,0,0,0,0,0,0,0,0,0,0,0,0,0,0,0,0,0,0,0,0,0,0,0,0,0,0,0,0,0,0,0,0,0,0,0,0,0,0,0,0,0,0,0,0,0,0,0,0,0,0,0,0,0,0,0,0,0,0,0,0,0,0,0,0,0,0,0,0,0,0,0,0,0,0,0,0,0,0,0,0,0,0,0,0,0,0,0,0,0,0,0,0,0,0,0,0,0,0,0,0,0,0,0,0,0,0,0,0,0,0,0,0,0,0,0,0,0,0,0,0,0,0,0,0.043057268570838525,0,0,0,0,0,0,0,0,0,0,0,0,0,0,0,1,0.6552616392627579,0.2259408008485639,0,0,0,0.061558077027930085,0.04726090212994245,0.04551101500324486,0,0,0,0,0,0,0,0,0,0,0,0,0,0,0,0,0,0,0,0,0,0,0,0,0,0,0,0,0,0,0,0,0,0,0,0,0,0,0,0,0,0,0,0,0,0,0,0,0,0,0,0,0,0,0,0,0,0,0,0,0,0,Eukaryota;Ctenophora;Nuda;Beroida;Beroidae;Beroe;Beroe ovata
0,0.003806088515582028,0,0,0,0.0028006220046504285,0.05765252650827954,0.06626618107327928,0.07188383483824663,0.05004981244811016,0.06799162339225141,0.032438951652422554,0.015493654420043506,0.017137683788389806,0,0,0,0,0.3147074236424258,0.6418894188716933,0.9292040475567085,0.9645368004699687,0,0,0.003556230385091546,0,0,0.044980525723005524,0.05469283547246903,0.06305269374895432,0.005436678926117275,0.009790055810093243,0.004633088911813087,0,0.4247579302923278,0.37696246002615036,0.49304977274155326,0.009366153620701072,0.010712576223893433,0,0,0,0.08961825906270789,0.10704651780753528,0.008311011782492234,0.002123300273693948,0.006986429873372928,0.013908678890459618,0.0042949798909067355,0.08135790085000792,0.07822582428281136,0.6405943501561576,0,0,0.07246176325641314,0.06245260674976687,0.010707097184219562,0,0.043590351685791284,0.04123845655134333,0.0116526500826333,0.01083834704038283,0,0.004737479055801726,0.5497627259807447,0.9660545681248617,0.9236228860700633,0.9944309044900032,0.12669333813126993,0.17465495648603993,0.006947681771716339,0.008941665686899377,0,0.0023717577777696503,0.5162186088079418,0,0.0338082105257804,0.02468163516208689,0.027127954812589783,0,0,0,0,0.004479907202316119,0,0.01247220372496146,0.013322304411219081,0,0,0.1758472586531428,0.14573907308208003,0.1266578821335697,0,0.009105184991518323,0.004832349026151175,0.02321741472017538,0,0.003117212829992174,0,0,0,0,0.0040395990042942295,0.004024908273776364,0.00847465460555149,0,0,0,0,0,0.3832307505390648,0.03070857787948191,0.02281162478047237,0.09005973142151492,0.061580297503446096,0.24101094601460293,0.21326062849935004,0,0,0,0.0025582188915728634,0.08270933454261901,0,0.03055930376095057,0.007134232401886863,0,7.823565152619077e-4,0,0,0,0.23479924908144556,0,0.019494567443205088,0.024592741681866783,0,0.001858744823889417,0.0028097534417049074,0.01892213750598997,0.012938198927711246,0.011880804255556314,0.12723541026933674,0.13674053762589025,0.10759726318125228,0.005775644410769356,0,0,0.03106974257840577,0.03569010177102393,0.03600523804307995,0.24831820736739646,0.22434844790045325,0.22074877406303195,0.32283736640087923,0.3102412020933073,0.31982640876694557,0.2973899590867192,0,0,0,0,0.012097892767832057,0.00748999287221814,0.02197605585536973,0.01667990919709587,0,0,0,0,0,0,0,0,0.09186883476965947,0.08299714628847232,0.08108047942020198,0,0.003124205481792483,0,0.08192400986897067,0.06726954493433417,0.08926157042875371,0,0,0,0.012309722013623845,0.016441092835935655,0.007942884363995371,0,0,0.002611844263824955,0,0,0,0,0,0.006927983419533588,1,0.9281969640971606,0.9565822238309339,0.8090940928188982,0.7448731373729192,0.17039308723238877,0.14249500238492088,0.15340696035048068,0,0,0.004090288577687396,0,0,0.17542950543951388,0.13437098330334005,Eukaryota;Cnidaria;Hydrozoa;Siphonophorae;Diphyidae;Lensia;Lensia achilles
0,0,0,0,0,0,0,0,0,0,0,0,0,0,0,0,0,0,0,0,0,0,0,0,0,0,0,0,0,0,0,0,0,0,0,0,0,0,0,0,0,0,0,0,0,0,0,0,0,0,0,0,0,0,0,0,0,0,0,0,0,0,0,0.4812065168826195,0,0,0,0,0,0,0,0,0,0,0,0,0,0,0,0,0,0,0,0,0,0,0,0,0,0,0,0,0.4986977013395072,0,0.0626114534335155,0,0,0.6269253666465073,0,0.612135636570315,0,0.24206333279820194,0,0.08881426708179065,0,0,0,0,0,0,0,0,0,0,0,0,0,0,0,0,0,0,0,0,0,0,0.06436857870620713,0,0,0,0,0,0,0,0,0,0,0,0,0,0,0,0,0,0,0,0,0,0,0,0,0,0,0,0.1385666038689519,0,0,0,0,0,0,0,0,0,0,0,0,0,0,0,0,0,0,0,0,0,0,0,0,0,0,0,0.04620876379931488,0.06170563698121591,0,0,0,0,0,0,1,0,0,0,0,0,0,0,0,0,0,0,0,0,0,0.42859934621944284,0,0,0,0,0,Eukaryota;NA;Oomycetes;Pythiales;Pythiaceae;Salispina;Salispina spinosa
0,0,0,0.6477680658684057,0.6858456781150476,0.8812542449626443,0,0,0,0,0,0,0,0,0,0,0,0,0,0,0.15419078063910444,0,0,0,0,0,0,0,0,0,0.8685223406035588,0.7553334779184312,0,0,0,0,0,0,0,0,0,0,0,0,0,0,0,0,0,0,0,0,0,0,0,0,0,0,0,0,0,0,0,0,0,0,0,0,0,0,0,0,0,0,0,0,0,0,0,0,0,0,0,0,0,0,0,0,0,0,0,0,0,0,0,0,0,0,0.6959808761223617,0,0,0,0,0,1,0,0,0,0,0,0,0,0,0,0,0,0,0,0,0,0,0,0,0,0,0,0,0,0,0,0,0,0,0,0,0,0,0,0.1310935265730311,0,0,0,0,0,0,0,0,0.016402699439758795,0,0,0,0,0,0,0,0,0,0,0,0,0,0,0,0,0,0,0,0,0,0,0,0,0,0,0,0,0,0,0,0,0,0,0,0,0,0,0,0,0,0,0,0,0,0,0,0,0,0,0,0,0,0,0,0,0,0,0,0,0,0,0,Eukaryota;Arthropoda;Malacostraca;Decapoda;Crangonidae;Neocrangon;
0,0,0,0,0,0,0,0,0,0,0,0,0,0,0,0,0,0,0,0,0,0,0,0,0,0,0,0,0,0,0,0,0,0,0,0,0,0,0,0,0,0,0,0,0,0,0,0,0,0,0,0,0,0,0,0,0,0,0,0,0,0,0,0,0,0,0,0,0,0,0,0,0,0,0,0,0,0,0,0,0,0,0,0,0,0,0,0,0,0,0,0,0,0,0,0,0,0,0,0,0,0,0.19815657393194086,0,0,0,0.4359232224925655,0,0,0,0,0,0,0,0,0,0,1,0,0.6827969693714833,0.5080129510071928,0,0,0,0,0,0,0,0,0,0,0,0,0,0,0,0,0,0,0,0,0,0,0,0,0,0,0,0,0,0,0,0,0,0,0,0,0,0,0,0,0,0,0,0,0,0,0,0,0,0,0,0,0,0,0,0,0,0,0,0,0,0,0,0,0,0,0,0,0,0,0,0,0,0,0,0,0,0,0,0,0,0,0,0,0,0,0,0,0,0,Eukaryota;Platyhelminthes;Rhabditophora;Polycladida;Notoplanidae;;
0,0,0,0,0,0,0,0,0,1,0.37772345275422603,0.7649760310506606,0,0,0,0,0,0,0,0,0,0,0,0,0,0,0,0,0,0,0,0,0,0,0,0,0,0,0,0,0,0,0,0,0,0,0,0,0,0,0,0,0,0,0,0,0,0,0,0,0,0,0,0,0,0,0,0,0,0,0,0,0,0,0,0,0,0,0,0,0,0,0,0,0,0,0,0,0,0,0,0,0,0,0,0,0,0,0,0,0,0,0,0,0,0,0,0,0,0,0,0,0,0,0,0,0,0,0,0,0,0,0,0,0,0,0,0,0,0,0,0,0,0,0,0,0,0,0,0,0,0,0,0,0,0,0,0,0,0,0,0,0,0,0,0.024444993906854343,0,0,0,0,0,0,0,0,0,0,0,0,0,0,0,0,0,0,0,0,0,0,0,0,0,0,0,0,0,0,0,0,0,0,0,0,0,0,0,0,0,0,0,0,0,0,0,0,0,0,0,0,0,0,0,Eukaryota;Cnidaria;Hydrozoa;Siphonophorae;Agalmatidae;Frillagalma;Frillagalma sp. BO-2009
0,0,0,0,0,0,0,0,0,0,0,0,0,0,0,0,0,0,0,0,0,0,0,0,0,0,0,0,0,0,0,0,0,0,0,0,0,0,0,0,0,0,0,0,0,0,0,0,0,0,0,0,0,0,0,0,0,0,0,0,0,0,0,0,0,0,0,0,0,0,0,0,0,0,0,0,0,0,0,0,0,0,0,0,0,0,0,0,0,0,0,0,0,0,0,0,0,0,0,0,0,0,0,0,0,0,0,0,0,0,0,0,0,0,0,0,0,0,0,0,0,0,0,0,0,0,0,0,0,0,0,0,0,0,0,0,0,0,0,0,0,0,0,0,0,0,0,0,0,0,0,0,0,0,0,0,0,0.7884044607094487,0,0,0,0,0,0,0,0,0,0,0,0,0,0,0,0,0,0,0,0,0,0,0,1,0,0,0,0,0,0,0,0,0,0,0.496209510682288,0,0,0,0,0,0,0,0,0,0,0,0,0,0,0.5707830429870979,0,0,0,Eukaryota;Annelida;Clitellata;Haplotaxida;Lumbricidae;;
0,0,0,0,0,0,0,0,0.3353942695952987,0,0,0,0,0,0,0,0,0,0,0,0,0,0,0,0,0,0,0,0,0,0,0,0,0,0,0,0,0,0,0,0,0,0,0,0,0,0,0,0,0,0,0,0,0,0,0,0,0,0,0,0,0,0,0.2615645008286691,0,0,0,0,0,0.3995720503990677,0,0,0,0,0,0,0,0.19467374660551576,0,0.1685351032071873,0,0,0,0,0,0,0,0,0,0,0,0,0,0,0,0,0,0.2581601548787143,0,0.6100092207874628,0,0.19188150346082375,0.7492034868748555,1,0,0,0,0,0,0,0,0,0,0,0,0,0,0,0,0,0,0,0,0,0,0,0,0.034303300090619965,0,0,0,0,0,0,0,0,0,0,0,0,0,0,0,0,0,0,0,0,0,0,0,0,0,0,0,0,0,0,0,0,0,0,0,0,0,0,0,0,0,0,0,0,0,0,0,0,0,0,0,0,0,0,0.14419147543303745,0.07187293175317175,0,0,0,0,0,0,0,0,0,0,0,0,0,0,0,0,0,0,0,0.3587734136021985,0,0,0,0,0,0,0,Eukaryota;NA;Haptophyceae;Prymnesiales;Chrysochromulinaceae;Chrysochromulina;Chrysochromulina parva
0,1,0.23363715360366363,0,0,0,0,0,0,0,0,0,0,0,0,0,0,0,0,0,0,0,0,0,0,0,0,0,0,0,0,0,0,0,0,0,0,0,0,0,0,0,0,0,0,0,0,0,0,0,0,0,0,0,0,0,0,0,0,0,0,0,0,0,0,0,0,0,0,0,0,0,0,0,0,0,0,0,0,0,0,0,0,0,0,0,0,0,0,0,0,0,0,0,0,0,0,0,0,0,0,0,0,0,0,0,0,0,0,0,0,0,0,0,0,0,0,0,0,0,0,0,0,0,0,0,0,0,0,0,0,0,0,0,0,0,0,0,0,0,0,0,0,0,0,0,0,0,0,0,0,0,0,0,0,0,0,0,0,0,0,0,0,0,0,0,0,0,0,0,0,0,0,0,0,0,0,0,0,0,0,0,0,0,0,0,0,0,0,0,0,0,0,0,0,0,0,0,0,0,0,0,0,0,0,0,0,0,0,0,0,Eukaryota;Mollusca;Gastropoda;Pteropoda;Cavoliniidae;Clio;Clio recurva
0,0,0,0,0,0,0,0,0,0,0,0,0,0,0,0,0,0,0,0,0,0,0,0,0,0,0,0,0,0,0,0,0,0,0,0,0,0,0,0,0,0,0,0,0,0,0,0,0,0,0,0,0,0,0,0,0,0,0,0,1,0.6011614256979357,0,0,0,0,0,0,0,0,0,0,0,0,0,0,0,0,0,0,0,0,0,0,0,0,0,0,0,0,0,0,0,0,0,0,0,0,0,0,0,0,0,0,0,0,0,0,0,0,0,0,0,0,0,0,0,0,0,0,0,0,0,0,0,0,0,0,0,0,0,0,0,0,0,0,0,0,0,0,0,0,0,0,0,0,0,0,0,0,0,0,0,0,0,0,0,0,0,0,0,0,0,0,0,0,0,0,0,0,0,0,0,0,0,0,0,0,0,0,0,0,0,0,0,0,0,0,0,0,0,0,0,0,0,0,0,0,0,0,0,0,0,0,0,0,0,0,0,0,0,Eukaryota;Mollusca;Cephalopoda;Teuthida;Gonatidae;Gonatopsis;Gonatopsis borealis
0,0,0,0,0,0,0,0,0,0,0,0,0,0,0,0,0,0,0,0,0,0,0,0,0,0,0,0,0.6052762175452843,0,0,0,0,0,0,0,0,0,0,0.10728780013194808,0,0,0,0,0,0,0,0,0,0,0,0,0,0,0,0,0,0,0,0,0,0,0,0,0,0,0,0,0,0,0,0,0,0,0,0,1,0.7374980276786668,0,0,0,0,0,0,0,0,0,0,0,0,0,0,0,0,0,0,0,0,0.23243340792608097,0.34236243214401707,0,0,0.11371580350521,0.22578677213059575,0.1313025659846469,0,0,0,0,0,0,0,0,0,0,0,0,0,0,0,0,0,0,0,0,0,0,0,0,0,0,0,0,0,0,0,0,0,0,0,0,0,0,0,0,0,0,0,0,0,0,0,0,0,0,0,0,0,0,0,0.06247980743202926,0,0,0,0,0,0,0,0,0,0,0,0,0,0,0,0,0,0,0,0,0,0,0,0,0.04285195255263168,0,0,0,0,0,0,0,0,0,0,0,0,0,0,0,0,0,0,0,0,0,0,0,0,0,Eukaryota;NA;NA;Choanoflagellida;Salpingoecidae;Monosiga;Monosiga brevicollis
0.1671380222464432,0.12067785376706569,0.0991382106486022,0,0,0.004286104546039081,0.05429667586424808,0,0.01673419817260491,0,0,0,0,0,0,0,0,0,0,0,0,0,0.02435409037136047,0,0.06596305655076556,0,0,0,0,0,0,0,0,0,0.0189970260569253,0,0,0,0,0,0,0,0,0,0,0,0,0,0,0,0,0,0.47645364938448814,0,0,0,0,0,0,0,0,0,0,0,0,0,0,0,0.02263341954672081,0.07177064885827997,0,0,0,0,0,0,0,0,0,0,0,0,0,0.00598350735529616,0,0,0,0,0,0,0,1,0,8.47379261905182e-4,0.001362632347117527,0,0,0,0,0,0,0,0.008150120311581285,0.028547331717855506,0,0,0,0,0,0,0,0,0,0,0,0.030727572938575094,0.030141557338939643,0,0,0.03528845407156185,0.08192405334852462,0,0,0,0.008062753764170327,0.043257062545901316,0.03347727763293111,0.026786843335729785,0,0,0,0,0,0,0,0.08633987226003996,0.07823370269953552,0,0,0,0,0,0,0,0,0,0.05360125007739185,0.022276886619259757,0.020658807713871564,0,0,0,0,0,0,0,0.1120648902403352,0.07097418850701917,0.06890317366643992,0.04591581075421104,0.0037029512089526368,0,0,0,0,0,0,0,0,0,0,0,0,0,0,0,0,0,0,0,0,0.0256367092852198,0.003816333920494812,0.0029219551578095284,0,0.07760131972402516,0,0,0,0,0,0,0,0,0,0,0,0,0,0,0,0.0182150884875943,0.028957634362132903,0.01614571112627231,0,0,0,0,0,0,0,Eukaryota;Arthropoda;Hexanauplia;Calanoida;Diaptomidae;Skistodiaptomus;Skistodiaptomus oregonensis
0,0,0,0,0,0,0,0,0,0,0,0,0,0,0,0,0,0,0,0,0,0,0,0,0,0,0,0,0,0,0,0,0,0,0,0,0,0,0,0,0,0,0,0,0,0,0.39748168902223785,0.28149435585879107,0,0,0,0,0,0,0,0,0,0,0,0,0,0,0.274394010801447,1,0,0,0,0,0,0,0,0,0,0,0,0,0,0,0,0.16108369319350194,0.05548118873590571,0,0,0,0,0,0,0,0,0,0,0,0,0,0,0,0,0,0,0,0,0,0.0692434976456993,0,0,0,0,0,0,0,0,0,0,0,0,0,0,0,0,0,0,0,0,0,0,0,0,0,0,0,0,0,0,0,0,0,0,0,0,0,0,0,0,0,0,0,0,0,0,0,0,0,0,0,0,0,0.036299007250997196,0.03350676184335648,0.027121865760007757,0,0,0,0,0,0,0,0,0.042926737491232166,0,0.03827533669734551,0,0,0,0,0,0.16813934520061816,0.15235426729444873,0,0,0,0,0.08499891493055556,0.048346870168962865,0,0,0,0,0,0,0,0,0,0,0,0,0,0,0,0,0,0,0,0,0,0,0,0,0,0,0,0,Eukaryota;Bacillariophyta;Bacillariophyceae;Naviculales;Pinnulariaceae;Pinnularia;Pinnularia acrosphaeria
0,0,0,0,0,0,0,0,0,0,0,0,0.03280870595913353,0,0,0,0,0,0,0,0,0,0,0,0,0,0,0,0,0,0,0,0,0,0,0,1,0,0,0,0,0,0,0,0,0,0,0,0,0,0,0,0,0,0,0,0,0,0,0,0,0,0,0,0,0,0,0,0,0,0,0,0,0,0,0,0,0,0,0,0,0,0,0,0,0,0,0,0,0,0,0,0,0,0,0,0,0,0,0,0,0,0,0,0,0,0,0,0,0,0,0,0,0,0,0,0,0,0,0,0,0,0,0,0,0,0,0,0,0,0,0,0,0,0,0,0,0,0,0,0,0,0,0,0,0,0,0,0,0,0,0,0,0,0,0,0,0,0,0,0,0,0,0,0,0,0,0,0,0,0,0,0,0,0,0,0,0,0,0,0,0,0,0,0,0.007548664526762772,0,0,0,0,0,0,0,0,0,0,0,0,0,0,0,0,0,0,0,0,0,0,0,0,0,Eukaryota;Cnidaria;Hydrozoa;Leptothecata;Campanulariidae;Clytia;Clytia hummelincki
0,0,0,0,0,0,0,0.713688018493553,0,0,0,0,0.37812215265529264,0,0,0,0,0,0,0,0,0,0,0,0,0,0,0,0,0,0,0,0,0,0,0,0,0,0,0,0,0,0,0,0,0,0,0,0,0,0,0,0,0,0,0,0,0,0,0,0,0,0,0.596075169299761,0,0,0,0,0,0,0,0,0,0,0,0,0,0,0,0,0,0,0,0,0,0,0,0,0,0,0,0,0,0,0,0,0,0,0,0,0.8031686552450567,0,0,0.7858220866222951,0,0,0,0,0.32514134382770543,0,0,0,0,0,0,0,0,0,0,0,0,0,0,0,0,0,0,0,0,0,0,0,0,0,0,0,0,0,0,0,0,0,0,0,0,0,0,0.019184399074377596,0,0,0,0,0,0,0,0,0,0,0,0,0,0,0,0,0,0,0,0,0,0,0,0,0,0,0,0,0,0,0,0,0,0,0.02384968454158188,0,0,0,0,0,0,0,1,0,0,0,0,0,0,0,0,0,0,0,0,0,0,0,0,0,0,0,0,Eukaryota;Arthropoda;Insecta;Diptera;Limoniidae;Dicranomyia;Dicranomyia miseranda
0,0,0,0,0,0,0,0,0,0,0,0,0,0,0,0,0,0,0,0,0,0,0,0,0,0,0,0.3891163208701985,0.6809143064946002,1,0,0,0,0,0,0,0,0,0,0,0,0,0,0,0,0,0,0,0,0,0,0,0,0,0,0,0,0,0,0,0,0,0,0,0,0,0,0,0,0,0,0,0,0,0,0,0,0,0,0,0,0,0,0,0,0,0,0,0,0,0,0,0,0,0,0,0,0,0,0,0,0,0,0,0,0,0,0,0,0,0,0,0,0,0,0,0,0,0,0,0,0,0,0,0,0,0,0,0,0,0,0,0,0,0,0,0,0,0,0,0,0,0,0,0,0,0,0,0,0,0,0,0,0,0,0,0,0,0,0,0,0,0,0,0,0,0,0,0,0,0.11300591300591299,0,0,0,0,0,0,0,0,0,0,0,0,0,0,0,0,0,0,0,0,0,0,0,0,0,0,0,0,0,0,0,0,0,0,0,0,0,0,0,0,Eukaryota;Cnidaria;Hydrozoa;Siphonophorae;Pyrostephidae;Bargmannia;Bargmannia sp. 1 BO-2009
0,0,0,0,0,0,0,0,0,0,0,0,0,0,0,0,0,0,0,0,0,0,0,0,0,0,0,0,0,0,0,0,0,0,0,0,0,0,0,0,0,0,0,0,0,0,0,0,0,0,0,0,0,0,0,0,0,0,0,0,0.6545583612209716,0,0,0,0,0,0,0,0,0,0,0,0,0,0,0,0,0,0,0,0,0,0,0,0,0,0,0,0,0,0,0,0,0,0.11167720548033691,0,0,0,0,0,0,0,0,0,0,0,0,0,0,0,0,0,0,0,0,0,0,0,0,0,0,0.4732026040585777,0,0,0.16954705846299328,0,0,0,0,0,0,0,0,0,0,0.016501631602467804,0,0,0,0,0,0,0,0,0,0,0,0,0,0,0,0,0,0,0,0,0,0,0,0,0,0,1,0.6780573826518607,0.6186774530571557,0,0,0,0,0,0,0,0,0,0,0,0.09192563744873813,0,0.33013455116649654,0,0,0,0,0,0,0,0,0,0,0,0,0,0,0,0,0,0,0,0,0,0,0,0,0,0,0,0,0,0,0,0,Eukaryota;Annelida;Polychaeta;;;;
0,0,0,0,0,0,0,0,0,0,0,0,0,0,0,0,0,0,0,0,0,0,0,0,0,0,0,0.018678920332235487,0,0,0,0,0,0,0,0,0,0,0,0,0,0,0,0,0,0,0,0,0,0,0,0,0,0,0,0,0,0,0,0,0,0,0,0,0,0,0,0,0,0,0,0,0,0,0,0,0,0,0,0,0,0,0,0,0,0,0,0,0,0,0,0,0,0,0,0,0,0,0,0,0,0,0,0,0,0,0,0,0,0,0,0,0,0,0,0,0,0,0,0,0,0,0,0,0,0,0,0,0,0,0,0,0,0,0,0,0,0,0,0,0,0,0,0,0,0,0,0,0,0,0,0,0,0,0,0,0,0,0,0,0,0,0,0,0,0,0,0,0,0,0,0,0,0,1,0,0,0,0,0,0,0,0,0,0,0,0,0,0,0,0,0,0,0,0,0,0,0,0.031232382726231588,0,0,0,0,0,0,0,0,0,0,0,0,Eukaryota;Arthropoda;Hexanauplia;Calanoida;Heterorhabdidae;Heterorhabdus;Heterorhabdus pacificus
0,0,0,0,0,0,0,0,0,0,0,0,0,0,0,0,0,0,0,0,0,0,0,0,0,0,0,0,0,0,0,0,0,0,0,0,0,0,0,0,0,0,0,0,0,0,0,0,0,0,0,0,0,0,0,0,0,0,0,0,0,0,0,0,0,0,0,0,0.4920796222129237,0,0,0,0,0,0,0,0,0,0,0,0,0,0,0,0,0,0,0,0,0,0,0,0,0,0,0,0,0,0,0,0,0,0,0,0,0,0,0,0,0,0,0,0,0,0,0,0,0,1,0,0,0,0,0,0,0,0,0,0,0,0,0,0,0,0,0,0,0,0,0,0,0,0,0,0,0,0,0,0,0,0,0,0,0,0,0,0,0,0,0,0,0,0,0,0,0,0,0,0,0,0,0,0,0,0,0,0,0,0,0,0,0,0,0,0,0,0,0,0,0,0,0,0,0,0,0,0,0,0,0,0,0,0,0,0,0,0,0,0,0,0,Eukaryota;Annelida;Polychaeta;Spionida;Chaetopteridae;Chaetopterus;Chaetopterus variopedatus
0,0,0,0,0,0,0,0,0,0,0,0,0,0,0,0,0,0,0,0,0,0,0,0.15229715421555398,1,0,0,0,0,0,0,0,0,0,0,0,0,0,0,0,0,0,0,0,0,0,0,0,0,0,0,0,0,0,0,0,0,0,0,0,0,0,0,0,0,0,0,0,0,0,0,0,0,0,0,0,0,0.1045869896310501,0,0.0362176809127043,0,0,0,0,0,0,0,0,0,0,0,0,0,0,0,0,0.4380961049823149,0,0,0,0,0,0,0,0,0,0,0,0,0,0,0,0,0,0,0,0,0,0.10697678709820276,0,0,0,0,0,0,0,0,0,0,0,0,0,0,0,0,0,0,0,0,0,0,0,0,0,0,0,0,0.01286452343465856,0.012535678812906225,0,0,0,0,0,0,0,0,0,0,0,0,0,0,0,0,0,0,0,0,0,0,0,0,0,0,0,0,0,0,0,0,0,0,0,0,0,0,0,0,0,0,0,0,0,0,0,0,0,0,0,0,0,0,0,0,0,0,0,0,0,0,Eukaryota;Cnidaria;Hydrozoa;Anthoathecata;Corynidae;Coryne;Coryne eximia
0,0,0,0,0,0,0,0,0,0,0,0,0,0,0,0,0,0,0,0,0,0,0,0,0,0,0,0,0,0,0,0,0,0,0,0,0,0,0,0,0,0,0,0,0,0,0,0,0,0,0,0,0,0,0,0,0,0,0,0,0,0,0,0,0,0,0,0,0,0,0,0,0,0,0,0,0,0,0,0,0,0,0,0,0,0,0,0,0,0,0,0,0,0,0,0,0,0,0,0,0,0,0,0,0,0,0,0,0,0,0,0,0,0,0,0,0,0,0,0,0,0,0,0,0,0,0,0,0,0,0,0,0,0,0,0,0,0,0,0,0,0,0,0,0,0,0,0,0,0,0,0,0,0,0,0,0,0,1,0,0,0,0,0,0,0,0,0,0,0.01006228439280904,0,0,0,0,0,0,0,0,0,0,0,0,0,0,0,0,0,0,0,0,0,0,0,0,0,0,0,0,0,0,0,0,0,0,0,0,0,0,0,0,0,Eukaryota;Arthropoda;Hexanauplia;Calanoida;Calanidae;Calanoides;Calanoides carinatus
0,0,0,0,0,0,0,0,0,0,0,0,0,0,0,0,0,0,0,0,0,0,0,0,0,0,0,0,0,0,0,0,0,0,0,0,0,0,0,0,0,0,0,0,0,0,0,0,0,0,0,0,0,0,0,0,0,0,0,0,0,0,0,0,0,1,0.49798699287705167,0.18753180661577606,0,0,0,0,0,0,0,0,0,0,0,0,0,0,0,0,0,0,0,0,0,0,0,0,0,0,0,0,0,0,0,0,0,0,0,0,0,0,0,0,0,0,0,0,0,0,0,0,0,0,0,0,0,0,0,0,0,0,0,0,0,0,0,0,0,0,0,0,0,0,0,0,0,0,0,0,0,0,0,0,0,0,0,0,0,0,0,0,0,0,0,0,0,0,0,0,0,0,0,0,0,0,0,0.09059154929577463,0,0,0,0,0,0,0,0,0,0,0,0,0.5280394059258153,0.5767306671138314,0.5110784715032144,0,0,0,0,0,0,0,0,0,0,0,0,0,0,0,0,0,0,0,0,0,0,0,0,Eukaryota;Annelida;Clitellata;Haplotaxida;Megascolecidae;Amynthas;Amynthas fusing
0.4362336589578174,0.27239668665365924,0.2533428837826303,0.2570054692145517,0.29272332975999454,0.2929708063553843,0.05943277621401773,0.033738084154668356,0.07706240453126542,0.34374204628379323,0.35676484212911663,0.3696749706074648,0.41061672876574,0.3516713264722828,0,0,0,0,0.125129588177956,0,0.5884738703406919,0.7487409587729051,0.8175471862073009,0.8907227636568291,0.8500806408275237,0.13324321542231513,0.1465245985117432,0.32773766480869676,0.2436429424936939,0.24027011032561735,0.4212396588106322,0.0057320699588792904,0.32877559253440797,0,0.006813573515913841,5.27386435290976e-4,0,0.4799222006261044,0.5491663875455615,0.8805532944275961,0.8869720172615693,0.9575164542326838,0.14685694735462326,0.21195153211788845,0.007414995575945395,0.2218404624432765,0.13544262850877145,0.0718110446343304,0.19614717253598254,0.3777620346996413,0.24427284505993843,0.38942976993780465,0.13334274592025208,0.0878196534224903,0.6714084722357163,0.625930303228283,1,0.940474562565002,0.263883217155295,0.3188389271121756,0.5272022565021581,0.623020827466221,0.21944610837096654,0.21841029913416446,0.08212279291372389,0.407293092942307,0.42595411711237047,0.4104565350403421,0.3592526905301225,0.30395614675091404,0.4762788659374736,0.4268545754353379,0.6109938122938613,0.6336929003966764,0.23774966794085917,0.015322353564144915,0.07977856124777233,0.07821932657233674,0.09592325522034122,0.03786321188404221,0.10724644757161818,0.006383280088058752,0.12459541065696848,0.12081614683570181,0.027706431190226144,0.12873976124162934,0.17863984542916903,0.020985894322101586,0.1834695107170621,0.08315873298382727,0.43158461610347554,0.2750029175996907,0,0.112961233769233,0.10537607763050753,0.2562993563312015,0.4201494642344234,0.002676850959969779,0.4863524261585554,0,0,0.015374263909715366,0.053011169121028046,0.06013343654311843,0.47303480897134814,0.10676462536296111,0,0.08303677888586544,0.1539918538874599,0.022281464136112986,0.22062453774835417,0.6870870539030133,0.7673033409062247,0.2826609699212111,0.49180579230726507,0.19906805564761326,0.18001867201123434,0,0.31064156557108297,0.18240072144595373,0.28259156388367807,0.4287999587818392,0.07262388430689792,0.6711962001422179,0.2506252468245906,0.33722128812937135,0.25340383879928785,0.2454025657275314,0.04411115887885038,0.031923086494352784,0.26399141621145034,0.06940651862855396,0.740282922398098,0.6945597039811036,0.49820728265949377,0.3220348412235467,0.3095280346431334,0.2627281191960939,0.3582121097813543,0.32799544162515554,0.36360337268296156,0.31759376790135824,0.29337807260299803,0.17725404765142155,0.20713757302820285,0.2088779775561298,0.24255079714688066,0.12409186213900207,0.1197907572637676,0.3693294247874299,0.364986250223108,0.34983188449542924,0.0639763464224456,0.09915350992556712,0.09022705151810181,0.6109406673064098,0.47236124362482523,0.4108088941685533,0.3321281381916357,0.2840508171082487,0.2111874768890505,0.2699448051982907,0.1631810239336391,0.27790476346863063,0.324776063511499,0.42506789266187495,0,0.3750021430987689,0.2524979187469437,0.3309059491883523,0.23327725835324617,0.20575444932652004,0,0,0,0.5925485898559819,0.4296924525467437,0.49366752555233345,0.34424612564732265,0,0.364563356768936,0.3126823015609169,0.12451983179330436,0.18025195583320025,0,0.15911796268117256,0.30027067523955264,0.09192865172034159,0.07736784494417323,0.013253350564463922,0.0639581660025933,0.056365021247670954,0.042983323391896165,0.007221453146103946,0.16480226800075626,0.14399967348288434,0.010977101293801517,0,0.006421862351451403,0.07272347022268036,0.13521494886637195,0.07981201459697679,0.03875196985088271,0.08027072099518538,0.05750312293137563,0,0,0.05626947360697691,0,0.23181594462578217,0.23092830759550634,Eukaryota;Arthropoda;Hexanauplia;Calanoida;Pseudodiaptomidae;Pseudodiaptomus;Pseudodiaptomus malayalus
0,0,0.001437753928578558,0,0,0,0.038374510345687125,0,0.02164417880875423,0,0,0,0,0,0,0,0,0,0,0,0,0,0.030970414576606646,0.05517216663642859,0.008688605112386255,0,0,0,0,0,0,0,0.10187633556214243,0.07765916704334039,0,0,0,0,0,0.07519289175024013,0.07847881526227801,0.07526662404043229,0,0,0,0,0.02489271563525698,0,0,0,0,0,0.013139656755806372,0,0,0.0057797202025999354,0,0,0,0,0,0,0.4209017605750102,0.32955570844792104,0,0,0,0,0.08280442189157337,0.13261267573027957,0,0,0,0,0,0,0,0,0,0.06318534806667936,0.05422809080639849,0,0.004294487244900405,0,0,0,0,0.011246302330667406,0.05423751504456892,0,0,0,0.10412640180887074,0.12306612966558439,0.10423587124746227,0.02215817892009823,0.047840080994968476,0.8701273805393901,0.027998689718527155,1,0.823122161552199,0.8177697103166436,0.8929532239142648,0.7400693410534966,0.012940831891858524,0.6759227726742562,0.6155238994013195,0.009456901931673577,0.01578405728192792,0.12452335642010112,0,0,0,0,0,0,0,0,0,0.0012485773431366999,0.003906410604242758,0,0,0,0,0,7.167969396798148e-4,0,0,0,0,0,0,0,0.014293458063699993,0.008612805401980336,0,0,0,0,0,0,0,0,0,0,0,0,0,0,0,0,0,0,0,0,0.002987718568724881,0,0,0,0,0,0,0,0,0,0,0,0,0,0,0,0,0,0,0,0.004089149501892219,0,0,0,0,0.15959938082254035,0.1216106342086567,0.05595306459798811,0,0.015016442809031775,0,0,0,0,0.029927517650840074,0,0,0,0,0,0,0,0,0,0,0,0,0.0023347480018103967,0,0,0,0,0,0,0,Eukaryota;Bacillariophyta;Fragilariophyceae;Fragilariales;Fragilariaceae;Asterionellopsis;Asterionellopsis tropicalis
0,0.49589008038851934,0.18868359349397537,0,0,0,0,0,0,0,0,0,0,0,0,0,0,0,0,0,0,0,0,0,0,0,0,0,0,0,0,0,0,0,0,0,0,0,0,0,0,0,0,0,0,0,0,0,0,0,0,0,0,0,0,0,0,0,0,0,0,0,0,0,0,0,0,0,0,0,0,0,0,0,0,0,0,0,0,0,0,0,0,0,0,0,0,0,0,0,0,0,0,0,0,0,0,0,0,0,0,0,0,0,0,0,0,0,0,0,0,0,0,0,0,0,0.006491478293557999,0,0,0,0,0,0,0,0,0,0,0,0,0,0,0,0,0,0,0,0,0,0,0,0,0,0,0,0,0,0,0,0,0,0,0,0,0,0,0,0,0,0,0,0,0,0.8732376909490905,1,0,0,0,0,0,0,0,0,0,0,0,0,0,0,0,0,0,0,0,0,0,0,0,0,0,0,0,0,0,0,0,0,0,0,0,0,0,0,0,0,0,0,0,0,0,0,0,Eukaryota;Echinodermata;Asteroidea;Valvatida;Odontasteridae;Odontaster;Odontaster validus
0,0.5420506252913995,0.49218139203570066,0,0,0,0,0,0,0,0,0,0,0,0,0,0,0,0,0,0,0,0,0,0,0,0,0,0,0,0,0,0,0,0,0,0,0,0,0,0,0,0,0,0,0.8957260556127703,0,0,0,0.6681625689400753,1,0,0,0,0,0,0,0,0,0,0,0,0,0,0.352335229423722,0,0,0,0,0,0,0,0,0,0,0,0,0,0,0,0,0,0,0,0,0,0,0,0,0,0,0,0,0,0,0,0,0,0,0,0,0,0,0,0,0,0,0,0,0,0,0,0,0,0,0,0,0,0,0,0,0,0,0,0,0,0,0,0.17393804175962901,0.26163665169260386,0,0,0,0,0,0,0,0,0,0,0,0,0,0,0,0,0,0,0,0,0,0,0,0,0,0,0,0,0,0,0,0,0,0,0,0,0,0,0,0,0,0,0,0,0,0,0,0,0,0,0,0,0,0,0,0,0,0,0,0,0,0,0,0,0,0,0,0,0,0,0,0,0,0,0,0,0,0,0,0,0,Eukaryota;Cnidaria;Hydrozoa;Narcomedusae;NA;Tetraplatia;Tetraplatia volitans
0,0,0,0,0,0,0,0,0,0,0,0,0,0,0,0,0,0,0,0,0,0,0,0,0,0,0,0,0,0,0,0,0,0,0,0,0,0,0,0,0,0,0,0,0,0,0,0,0,0,0,0,0,0,0,0,0,0,0,0,0,0,0,0,0,0,0,0,0,0,0,0,0,0,0,0,0,0,0,0,0,0,0,0,0,0,0,0,0,0,0,0,0,0,0,0,0,0,0,0,0,0,0,0,0,0,0,0,0,0,0,0,0,0,0,0,0,0,0,0,0,0,0,0,0,0,0,0,0,0,0,0,0,0,0,0,0,0,0,0,0,0,0,0,0,0,0,0,0,0,0,0,0,0,0,0,0,1,0,0,0,0,0,0,0,0,0,0,0,0,0,0,0,0,0,0,0,0,0,0,0,0,0,0,0,0,0,0,0,0,0,0,0,0,0,0,0,0,0,0,0,0,0,0,0,0,0,0,0,0,0,Eukaryota;Arthropoda;Hexanauplia;Calanoida;Diaptomidae;Arctodiaptomus;Arctodiaptomus dorsalis
0,0.24753137455730098,0,0,0,0,0,0,0,0,0,0,0,0,0,0,0,0,0,0,0,0,0,0,0,0,0,0,0,0,0,0,0,0,0,0,0,0,0,0,0,0,0,0,0,0,0,0,0,0,0,0,0,0,0,0,0,0,0,0,0,0,0,0,0,0,0,0,0,0,0,0.1098439671572058,0,0,0,0,0,0,0,0,0,0,0,0,0,0,0,0,0,0,0,0,0,0.037788081563119046,0,0,0,0,0,0,0,0,0,0,0,0,0,0,0,0,0,0,0,0,0,0,0,0,0,0,0,0,0,0,0,0,0,0,0,0,0,0,0,0,0,0.2677062265847313,0,0,0,0,0,0,0,0,0,0,0,0.2275423992589623,0.3817376140805367,0,0,0,0,0,0,0,0,0,0,0,0,0,0,0,0,0,0,0,0,0,0,0,0,0,0,0,0,0,0,0,0,0,0,0,0,0,0,0,0,0,0,0,0,1,0,0.6383015283571831,0,0,0,0,0,0,0,0,0,0,0,0,0,0,0,Eukaryota;Arthropoda;Malacostraca;Decapoda;Cancridae;Metacarcinus;Metacarcinus anthonyi
0,0,0,0,0,0,0,0,0,0,0,0,0,0,0,0,0,0,0,0,0,0,0,0,0,0,0,0,0,0,0,0,0,0,0,0,0,0,0,0,0,0,0,0,0,0,0,0,0,0,0,0,0,0,0,0,0,0,0,0,0,0,0,0,0,0,0,0,0,0,0,0,0,0,0,0,0,0,0,0,0,0,0,0,0,0,0,0,0,0,0,0,0,0,0,0,0,0.6987008618082855,0,0,0,0,0,0.12363741164591047,0,1,0,0,0,0,0,0,0,0,0,0,0,0,0,0,0,0,0,0,0,0,0,0,0,0,0,0,0,0,0,0,0,0,0,0,0,0,0,0,0,0,0,0,0,0,0,0,0,0,0,0,0,0,0,0,0,0,0,0,0,0,0,0,0,0,0,0,0,0,0,0,0,0,0,0,0,0,0,0,0,0,0,0,0,0,0,0,0,0,0,0,0,0,0,0,0,0,0,0,0,0,0,0,0,0,0,Eukaryota;Arthropoda;Hexanauplia;Calanoida;Aetideidae;Aetideopsis;Aetideopsis carinata
0.8994967776110179,0.553202117551242,0.29080927825243086,0,0,0,0,0,0,0,1,0,0,0,0,0,0,0,0,0,0,0,0,0,0,0,0,0,0,0,0,0,0,0,0,0,0,0,0,0,0,0,0,0,0,0,0,0,0,0,0,0,0,0,0,0,0,0,0,0,0,0,0,0,0,0,0,0,0,0,0,0,0,0,0,0,0,0,0,0,0,0,0,0,0,0,0,0,0,0,0,0,0,0,0,0,0,0,0,0,0,0,0,0,0,0,0,0,0,0,0,0,0,0,0,0,0,0,0,0,0,0,0,0,0,0,0,0,0,0,0,0,0,0,0,0,0,0,0,0,0,0.17488156539649846,0,0,0,0,0,0,0,0,0,0,0,0,0,0,0,0,0,0,0,0,0,0,0,0,0,0,0,0,0,0,0,0,0,0,0,0,0,0,0,0,0.7054359596014629,0.7544949108150296,0,0,0,0,0,0,0,0,0,0,0,0,0,0,0,0,0,0,0,0,0,0,0,0,0,0,0,Eukaryota;Chaetognatha;Sagittoidea;Phragmophora;Eukrohniidae;Eukrohnia;Eukrohnia hamata
0,0,0,0,0,0,0,0,0,0,0,0,0,0,0,0,0,0,0,0,0,0,0,0,0,0,0,0,0,0,0,0,0,0,0,0,0,0,0,0,0,0,0,0,0,0,0,0,0,0,0,0,0,0,0,0,0,0,0,0,0,0,0,0,0,0,0,0,0,0,0,0,0,0,0,0,0,0,0,0,0,0,0,0,0,0,0,0,0,0,0,0,0,0,0,0,0,1,0,0,0,0,0.3528744315470544,0.34134859194435097,0,0,0,0,0,0,0,0,0,0,0,0,0,0,0,0,0,0,0,0,0,0,0,0,0,0,0,0,0,0,0,0,0,0,0,0,0,0,0,0,0,0,0,0,0,0,0,0,0,0,0,0,0,0,0,0,0,0,0,0,0,0,0,0,0,0,0,0,0,0,0,0,0,0,0,0,0,0,0,0.030933825979690032,0,0,0,0,0,0,0,0,0,0,0,0,0,0,0,0,0,0,0,0,0,0,0,0,0,0,0,Eukaryota;NA;Phaeophyceae;Ectocarpales;Chordariaceae;Asperococcus;Asperococcus bullosus
0,0,0,0,0,0,0,0,0,0,0,0,0,0,0,0,0,0,0,0,0,0,0,0,0,0,0,0,0,0,0,0,0,0,0,0,0,0,0,0,0,0,0,0,0,0,0,0,0,0,0,0,0,0,0,0,0,0,0,0,0,0,0,0,0,0,0,0,0,0,0,0,0,0,0,0,0,0,0,0,0,0,0,0,0,0,0,0,0,0,0,0,0,0,0,0,0,0,0,0,0,0,0,0,0,0,0,0,0,0,0,0,0,0,0,0,0,0,0,0,0,0,0,0,0,0.8797405379340402,1,0.467548457626809,0,0,0,0,0,0,0,0,0,0,0,0,0,0,0,0,0,0,0,0,0,0,0,0,0,0,0,0,0,0,0,0,0,0,0,0,0,0,0,0,0,0,0,0,0,0,0,0,0,0,0,0,0,0,0,0,0,0,0,0,0,0,0,0,0,0,0,0,0,0,0,0,0,0,0,0,0,0,0,0,0,0,0,Eukaryota;Arthropoda;Malacostraca;Decapoda;Hippolytidae;Heptacarpus;NA
0,0,0,0,0,0,0,0,0,0,0,0,0,0,0,0,0,0,0,0,0,0,0,0,0,0,0,0,0,0,0,0,0,0,0,0,0,0,0,0,0,0,0,0,0,0,0,0,0,0,0,0,0,0,0,0,0,0,0,0,0,0,0,0,0,0,0,0,0,0,0,0,0,0,0,0,0,0,0,0,0,0,0,0,0,0,0,0.7492977328543303,1,0,0,0,0,0,0,0,0,0,0,0,0,0,0,0,0,0,0,0,0,0,0,0,0,0,0,0,0,0,0,0,0,0,0,0,0,0,0,0,0,0,0,0,0,0,0,0,0,0,0,0,0,0.024455224229941015,0,0,0,0,0,0,0,0,0,0,0,0,0,0,0,0.013685285264831702,0,0,0,0,0,0,0,0,0,0,0,0,0,0,0,0,0,0,0,0,0,0,0,0,0,0,0,0,0,0,0,0,0,0,0,0,0.13255355589386691,0,0,0,0,0,0,0,0,0,0,0,0,0,0,0,0,Eukaryota;Cnidaria;Hydrozoa;Anthoathecata;Corynidae;Sarsia;Sarsia princeps
0,0,0,0,0,0,0,0,0,0,0,0.40298858437727136,0,0,0,0,0,0,0,0,0,0,0,0,0,0,0,0,0,0,0,0,0,0,0,0,0,0,0,0,0,0,0,0,0,0,0,0,0,0,0,0,0,0,0,0,0,0,0,0,0,0,0,0,0,0,0,0,0,0,0,0,0,0,0,0,0,0,0,0,0,0,0,0,0,0,0,0,0,0,0,0,0,0,0,0,0,0,0,0,0,0,0,0,0,0,0,0,0,0,1,0,0,0,0,0,0,0,0,0,0,0,0,0,0,0,0,0,0,0,0,0,0,0,0,0,0,0,0,0,0,0,0,0,0,0,0,0,0,0,0,0,0,0,0,0,0,0,0,0,0,0,0,0,0,0,0,0,0,0,0,0,0.4772646716289432,0,0,0,0,0,0,0,0,0,0,0,0,0,0,0,0,0,0,0,0,0,0,0,0,0,0,0,0,0,0,0,0,0,0,0,0,0.48902666805022305,0,Eukaryota;Arthropoda;Hexanauplia;Calanoida;Spinocalanidae;Spinocalanus;Spinocalanus magnus
0,0,0,0.005708090006223758,0,0,0,0,0.009523270709788182,0.049639804072042035,0,0.01137117715652603,0,0,0,0,0,0,0,0,0,0,0,0,0,0,0,0,0,0,0,0,0.01743186552057969,0.021580693160823377,0.04604337995597277,0.050835503791328035,0.07699132747913824,0,0,0.008271072212031761,0,0,0,0,0,0,0,0,0,0,0,0,0.33069304865313875,0.40373577362263174,0,0,0.014387553298189536,0,0,0.006393895146504166,0,0.013592991031073665,0.08243369577419317,0.03536633030600244,0,0,0,0,0,0,0,0,0,0,0,0,0,0,0,0.04557551280313717,0.06027774095166577,0,0,0.004378058100430254,0,0,0,0.005937942900513224,0.02068220762257935,0,0,0,0.019242219670889606,0.026784729792380613,0.01032811687583298,0,0,0.006701957023334022,0,0.7549151105920325,0.4867021058753184,0.47811897509387596,0.5454928796165563,1,0,0.00748178049282971,0.023966879563304254,0.005825348845702028,0,0,0,0,0,0,0,0,0,0,0,0.003845550391217769,0.004296975877036315,0,0,0,0,0,0,0,0,0,0,0,0,0,0,0.0032728083288098902,0,0,0,0,0,0,0,0,0,0,0.018344543893849437,0.02416122601745847,0.02171329425876093,0,0.010123856615007384,0,0,0,0,0,0,0.006945413052280811,0.004143747728088686,0,0.0031609707042065008,0,0,0,0,0,0,0,0,0,0,0,0,0,0,0,0,0,0,0,0,0.1346732666086452,0.13841070037145858,0.15121196253404148,0,0.004748866280538172,0.0037356096201189297,0.027125905607600524,0.00965009442947081,0,0,0.12584436370606325,0,0.006960858001308294,0,0,0,0,0,0,0,0,0,0,0,0,0.034548069669156724,0.03557946611906008,0.030514925567390907,0,0,Eukaryota;Echinodermata;Ophiuroidea;Ophiurida;Amphiuridae;Amphipholis;Amphipholis sp. EACO2
0,0,0,0,0,0,0,0,0,0,0,0,0.0834958606674759,0,0,0,0,0,0,1,0,0,0,0,0,0,0.02328005608964837,0,0,0,0,0.17212611585351567,0,0,0,0,0.1413850010344446,0,0,0,0,0,0,0,0.16699652961947048,0.34289482718123837,0,0,0,0,0,0,0,0,0,0,0,0,0,0,0,0.04516904035618024,0,0,0,0,0,0,0,0,0,0,0,0,0.022503681614442494,0,0,0,0,0,0,0,0,0,0,0,0,0,0,0,0,0,0,0,0,0,0,0,0,0,0,0,0,0,0,0,0,0,0,0,0,0,0,0,0,0,0,0,0,0,0,0,0,0,0,0,0,0,0,0,0,0,0,0,0,0,0,0,0,0,0,0,0,0,0,0,0,0,0,0,0,0,0,0,0,0,0,0,0,0.08313501291770353,0.0577708814323047,0,0,0,0,0,0,0,0,0,0.20415279362647784,0.11881771008828088,0,0,0,0,0,0,0,0,0,0,0,0,0,0,0,0,0,0,0,0,0,0,0,0,0,0,0,0,0,0,0,0,0,0,0,0,0,0,0,Eukaryota;Arthropoda;Hexanauplia;Calanoida;Paracalanidae;;
0,0,0,0,0,0,0,0,0,0,0,0,0.2076863276655969,0.1982735981548509,0,0,0,0,0,0,0,0,0,0,0,0,0,0,0,0,0,0,0,0,0,0.10942201357929393,0,0,0,0,0,0,0,0,1,0.8024703583405951,0,0,0,0,0,0,0,0,0,0,0,0,0,0,0,0,0,0,0,0,0,0,0,0,0,0,0,0,0,0,0.2489088289889557,0.22844238100588976,0,0,0,0,0,0,0,0,0,0,0,0.13145717611211521,0,0,0,0,0,0,0,0,0,0,0,0,0,0,0,0,0,0,0,0,0,0,0,0,0,0,0,0,0,0,0,0,0,0,0,0,0,0,0,0,0,0,0,0,0,0,0,0,0,0,0,0,0,0,0,0,0,0,0,0,0,0,0,0,0,0,0,0,0,0,0,0,0,0,0,0,0,0,0,0,0,0,0,0,0,0,0,0,0,0,0,0,0,0,0,0.01493272106167218,0,0,0,0,0,0,0,0,0.15978100846521898,0,0,0,0,0,0,0,0,0,0,0,0,0,0,0,0,Eukaryota;Arthropoda;Insecta;Lepidoptera;Nymphalidae;Telenassa;Telenassa fontus
0,0,0,0,0,0,0,0,0,0,0,0,0,0,0,0,0,0,0,0,0,0,0,0,0,0,0,0,0,0,0,0,0,0,0,0,0,0,0,0,0,0,0,0,0,0,0,0,0,0,0,0,0,0,0,0,0,0,0,0,0,0,0,0,0,0,0,0,0,0,0,0,0,0,0,0,0,0,0,0,0,0,0,0,0,0,0,0,0,0,0,0,0,0,0,0,0,0,0,0,0,0,0,0,0,0,0,0,0,0,0,0,0,0,0,0,0,0,0,0,0,0,0,0,0,0.6006995202202147,0.42831085993243617,1,0,0,0,0,0,0,0,0,0,0,0,0,0,0,0,0,0,0,0,0.17205497081753718,0,0,0,0,0,0,0,0,0,0,0,0,0,0,0,0,0,0,0,0,0,0,0,0,0,0,0,0,0,0,0,0,0,0,0,0,0,0,0,0,0,0,0,0,0,0,0,0,0,0,0,0,0,0,0,0,0,0,0,0,0,0,0,Eukaryota;Arthropoda;Malacostraca;Decapoda;Pinnotheridae;;
0,0,0,0,0,0,0,0,0,0,0,0,0,0,0,0,0,0,0,0,0,0,0,0,0,0,0,0,0,0,0,0,0,0,0,0,0,0,0,0,0,0,0,0,0,0,0,0,0,0,0,0,0,0,0,0,0,0,0,0,0,0,0,0,0,0,0,0,0,0,0,0,0,0,0,0,0,0,0,0,0,0,0,0,0,0,0,0,0,0,0,0,0,0,0,0,0,0,0,0,0,0,0,0,0,0,0,0,0,0,0,0,0,0,0,0,0,0,0,0,0,0,0,0,0,0,0,0,0,0,0,0,0,0,0,0,0,0,0,0,0,0,0,0,0,0,0,0,0,0,0,0,0,0,0,0,0,0,0,0.3195994323679288,0.2251972014863969,1,0,0,0,0,0,0,0,0,0,0,0,0,0,0,0,0,0,0,0,0,0,0,0,0,0,0,0,0,0,0,0,0,0,0,0,0,0,0,0,0,0,0,0,0,0,0,0,0,0,Eukaryota;Rhodophyta;Florideophyceae;Ceramiales;Rhodomelaceae;Polysiphonia;Polysiphonia denudata
0,0,0,0,0,0,0,0,0,0,0,0,0,0,0,0,0,0,0,0,1,0.8612513691680163,0,0,0,0,0,0,0,0,0,0,0,0,0,0,0,0,0,0,0,0,0,0,0,0,0,0,0,0,0,0,0,0,0,0,0,0,0,0,0,0,0,0,0,0,0,0,0,0,0,0,0,0,0,0,0,0,0,0,0,0,0,0,0,0,0,0,0,0,0,0,0,0,0,0,0,0,0,0,0,0,0,0,0,0,0,0,0,0,0,0,0,0,0,0,0,0,0,0,0,0,0,0,0,0,0,0,0,0,0,0,0,0,0,0,0,0,0,0,0,0,0,0,0,0,0,0,0,0,0,0,0,0,0,0,0,0,0,0,0,0,0,0,0,0,0,0,0,0,0,0,0,0,0,0,0,0,0,0,0,0,0,0,0,0,0,0,0,0,0,0,0,0,0,0,0.15899147382738263,0,0,0,0,0,0,0,0,0,0,0,0,0,0,Eukaryota;Arthropoda;Malacostraca;Decapoda;Benthesicymidae;Gennadas;Gennadas elegans
0,0,0,0,0,0,0,0,0,0,0,0,0,0,0,0,0,0,0,1,0,0,0,0,0,0,0,0,0,0,0,0,0,0,0,0,0,0,0,0,0,0,0,0,0,0,0,0,0,0,0,0,0,0,0,0,0,0,0,0,0,0,0,0,0,0,0,0,0,0,0,0,0,0,0,0,0,0,0,0,0,0,0,0,0,0,0,0,0,0,0,0,0,0,0,0,0,0,0,0,0,0,0,0,0,0,0,0,0,0,0,0,0,0,0,0,0,0,0,0,0,0,0,0,0,0,0,0.10249308804255279,0,0,0,0,0,0,0,0,0,0,0.22908858051240888,0,0,0,0,0,0,0,0,0,0,0,0,0,0,0,0,0,0,0,0,0,0,0,0,0,0,0,0,0,0,0,0,0,0,0,0,0,0,0,0,0,0,0,0,0,0,0,0,0,0,0,0,0,0,0,0,0,0,0,0,0,0,0,0,0,0,0,0,0,0,0,0,Eukaryota;Arthropoda;Insecta;Trichoptera;Hydropsychidae;Leptonema;Leptonema sp. gmycC52
0,0,0,0,0,0,0.9352901635671073,0,0,0,0,0,0,0,0,0,0,0,0,0,0,0,0,0,0,0,0,0,0,0,0,0,0,0,0,0,0,0,0,0,0,0,0,0,0,0,0,0,0,0,0,0,0,0,0,0,0,0,0,0,0,0,0,0,0,0,0,0,0,0,0,0,0,0,0,0,0,0,0,0,0,0,0,0,0,0,0,0,0,0,0,0,0,0,0.17195672599534856,0,0,0,0,0,0,0,0,0,0,0,0,0,0,0,0,0,0,0,0,0,0,0,0,0,0,0,0,0,0,0,0,0,1,0,0,0,0,0,0,0,0,0,0,0,0,0,0,0,0,0,0,0.2776669549191393,0,0,0,0,0,0,0,0,0,0.26849006467123054,0,0,0,0,0.18477187919136295,0,0,0,0,0,0,0,0,0,0,0,0,0,0,0,0,0,0,0,0,0,0,0,0,0,0,0,0,0,0,0,0,0,0,0,0,0,0,0,0,0,0,0,0,0,0,0,0,Eukaryota;Arthropoda;Hexanauplia;Calanoida;Metridinidae;Pleuromamma;Pleuromamma piseki
0,0,0,0,0,0,0,0,0,0,0,0,0,0,0,0,0,0,0,0,0,0,0,0,0,0,0,0,0,0,0.41842675091406056,0,0,0,0,0,0,0,0,0,0,0,0,0,0,0,0,0,0,0,0,0,0,0,1,0.7074622386716015,0,0,0,0,0,0,0,0,0,0,0,0,0,0,0,0,0,0,0,0,0,0,0,0,0,0,0,0,0,0,0,0,0,0,0.032701497402606416,0,0,0,0,0,0,0,0,0,0,0,0,0,0,0,0,0,0,0,0,0,0,0,0,0,0,0,0,0,0,0,0,0,0,0,0,0,0,0,0,0,0,0,0,0,0,0,0,0,0,0,0,0,0,0,0,0,0,0,0,0,0,0,0,0,0,0,0,0,0,0,0,0,0,0,0,0,0,0,0,0,0,0.2370228125031419,0,0,0,0,0,0,0,0,0,0,0,0,0,0,0,0,0,0,0,0,0,0,0,0,0,0,0,0,0,0,0,0,0,0,0,0,0,Eukaryota;Arthropoda;Malacostraca;Decapoda;Cambaridae;Orconectes;Orconectes cooperi
0,0,0,0,0,0,0.5259460670619085,0,0,0,0,0,0,0,0,0,0,0,0,0,0,0,0,0,0,0,0,0,0,0,0,0,0,0,0,0,0,0,0,0,0,0,0,0,0,0,0,0,0,0,0,0,0,0,0,0,0,0,0,0,0,0,0,0,0,0,0,0,0,0,0,0,0,0,0,0,0,0,0,0,0,0,0,0,0,0,0,0,0,0,0,0,0,0,0,0,0,0,0,0,0,0,0.23616425891387519,0.5267131823846735,0,0,0.4230507880142917,0,0,0,0,0,0,0,0,0,0,0,0,0,0,0,0,0,0,0,0,0,0,0,0,0,0,0,0,0,0,0,0,0,0,0,0,0,0,0,0,0,0,0,0,0,0,0,0,0,0,0.06341213198329299,0,0,0,0,0,0,0,0,0,0,0,0,0,0,0,0,0,0,0,0,0,0,0,0,0.1531966223256566,0,0,0,0,0,0,0,1,0,0,0,0,0,0,0,0,0,0,0,0,0,0,0,0,0,0,0,0,Eukaryota;;Dinophyceae;Gonyaulacales;Gonyaulacaceae;Alexandrium;
0,0,0,0,0,0,0,0,0,0,0,0,0,0,0,0,0,0,0,0,0,0,0,0,0,0,0,0,0,0,0,0,0,0,0,0,0,0,0,0,0,0,0,0,0,0,0,0,0,0,0,0,0,0,0,0,0,0,0,0,0,0,0,0,0,0,0,0,0,0,0,0,0,0,0,0,0,0,0,0,0,0,0,0,0,0,0,0,0,0,0,0,0,0,0,0,0,0,0,0,0,0,0,0,0,0,0,0,0,0,0,0,0,0,0,0,0,0,0,0,0,0,0,0,0,0,0,0,0,0,0,0,0,0,0,0,0,0,0,0,0,0,0,0,0,0,0,0.6740482919529183,1,0,0,0,0,0,0,0,0,0,0,0,0,0,0,0,0,0,0,0,0,0,0,0,0,0,0,0,0,0,0,0,0,0,0,0,0,0,0,0,0,0,0,0,0,0,0,0,0,0,0,0,0,0,0,0,0,0,0,0,0,0,0,Eukaryota;Annelida;Polychaeta;Phyllodocida;Polynoidae;Arctonoe;Arctonoe pulchra
0,0,0,0,0,0,0.06530451243495732,0.039774395033245785,0.06038041750755625,0,0,0,0,0,0,0,0,0,0,0,0.022513057237541673,0,0,0,0.017281125641275114,0.03672062378173479,0.023032041916691143,0.026908290061387053,0,0.012186280122452462,0,0,0,0,0,0,0,0,0.00788736845088803,0,0,0,0.008916676018075238,0.022881872631415355,0,0,0,0,0,0,0,0,0,0,0.23621861969930277,0.1421264819557288,0.5224500699050098,0.44878107363834324,0.2923503466468143,0.2557474858976423,0,0.01117195794990856,0,0,0,0.012358125805512826,0.011282674163719978,0,0.011977682575801599,0,0,0,0,0,0,0,0,0,0,0,0,0,0,0.005397430288350598,0,0.04591466334395708,0.022502628088111064,0.040669518725889496,0.015690943166169757,0,0,0,0,0.02011167454232582,0.01210253993164542,0,0,0.012393626922885785,0,0,0,0.008042007216671414,0.003016133831185924,0.0015328069200038629,0,0.01767897466331185,0.005909449290292265,0.015047378339291088,0,0,0.005797849696247172,0.5208343173116656,0.4929130996269788,0,0,0.44331942973800903,0.4091979035251827,0,0.04514138723535574,0.003311129409995538,0.00423797532421937,0,0.010591858028448604,0.7113447470715168,0.06909366254716863,0.1765194427037243,0.09262515587943085,0.11436223027337031,0,0,0.47728830916863835,1,0.20607239988194778,0.17522848768530522,0.8580343581893349,0.7305180218516849,0.7721747843206359,0.6090203218597898,0.5542821308254667,0.47594362500772947,0.7106077932303483,0.5627974491449816,0.5499198274017725,0.5916213367108387,0.6549937159244944,0.596168519988154,0.0727865639531246,0.0651618393633012,0.06122537959612057,0,0.005547138233972259,0,0.009403360975992035,0.018396392034161112,0.015066203826304567,0.026380705919371333,0.0659065836490387,0.0426487635588488,0.010090990388580478,0,0.0022268345107873807,0,0.02031951128633014,0,0,0.09838626357171881,0.02957122960604855,0.07772732364535838,0.05646229339731266,0.05696305086829465,0,0,0.16787126910695807,0.11428076290571736,0.10745509610318835,0,0,0,0.012588176002989438,0.012809139608554888,0.02404418880322849,0.0521808989090065,0.04391550231081656,0.022576957577729727,0,0,0,0,0,0,0,0,0,0.006538362324955458,0.015252528954698726,0.005738489164336629,0,0,0,0,0,0,0,0,0,0,0.006453352264613989,0,0,0,0.014946798975651312,Eukaryota;Cnidaria;Hydrozoa;Siphonophorae;Agalmatidae;Agalma;Agalma elegans
0,0,0,0,0,0,0,0,0,0,0,0,0,0,0,0,0,0,0,0,0,0,0.16877343239431777,0,0,0.23978937337356906,0,0,0,0,0,0,0,0,0,0,0,0,0,0,0,0,0,0,0,0,0,0,0,0,0,0,0,0,0,0,0,0,0,0,0,0,1,0.22777465082947945,0,0,0,0,0.1599861970774757,0,0,0,0,0,0,0,0.41560438071199274,0,0.43156751336898397,0.09172695492868226,0,0,0,0,0,0,0.08477563202702178,0,0,0,0,0,0.368834282965257,0,0.039103783843412475,0,0,0.37093664953129724,0.7663627176259818,0,0,0,0.15694977335053914,0,0.7257799575718651,0.1505810686138555,0.4823662414903291,0,0,0,0,0,0.16093861039741977,0,0,0,0,0,0,0,0,0,0,0,0,0,0,0,0.1709810480832473,0,0,0,0,0,0,0,0.014707483903971353,0,0,0,0,0,0,0,0,0,0,0,0.011205378307547698,0,0,0,0,0,0,0,0,0,0,0,0,0,0,0,0,0,0,0,0,0,0,0,0,0,0,0,0,0,0,0,0,0,0,0,0,0,0,0,0,0,0,0,0,0,0,0,0,0,0,0,0,0,0,0,0.175513744567453,0,0,0,0,0,0,Eukaryota;Annelida;Polychaeta;Terebellida;Poeobiidae;Poeobius;Poeobius meseres
0,0,0,0,0,0,0,0,0,0,0,0,0,0,0,0,0,0,0,0,0,0,0,0,0,0,0,0,1,0,0,0,0.5821961184882534,0,0,0,0,0,0,0,0,0,0,0,0,0,0,0,0,0,0,0,0,0,0,0,0,0,0,0,0,0,0,0,0,0,0,0,0,0,0,0,0,0,0,0,0,0,0,0,0,0,0,0,0,0,0,0,0,0,0,0,0,0.2061552797179322,0.011953449559135675,0,0,0,0,0,0,0,0,0,0,0,0,0,0,0,0,0,0,0,0,0,0,0,0,0,0,0,0,0,0,0,0.2867412491882424,0.23545945057439474,0,0,0,0,0,0,0,0,0,0,0,0,0,0,0,0,0,0,0,0.14665599266930446,0.07809726773061146,0,0,0,0,0,0,0,0,0.08087688253307941,0,0,0.1407617463525045,0,0,0,0,0,0,0.8581392012243076,0.9507771761432448,0.6874111212691931,0,0,0,0,0,0,0,0,0,0,0,0,0.14115094845428483,0,0,0,0,0,0,0,0,0.21915074616105543,0,0,0,0,0,0,0,0,0,0,0,0,0.13591830164720192,0,0,0,0,0,0,Eukaryota;Chordata;Appendicularia;Copelata;Oikopleuridae;Oikopleura;Oikopleura longicauda
0,0,0,0,0,0,0,0,0,0,0,0,0.29939040191127486,0,0,0,0,0,0,0,0,0,0,0,0,0,0,0,0,0,0,0,0,0,0,0,0,0,0,0,0,0,0,0,0,0,0,0,0,0,0,0,0,0,0,0,0,0,0,0,0,0,0,0,0,0,0,0,0,0,0,0,0,0,0,0,0,0,0,0,0,0,0,0,0,0,0,0,0,0,0,0,0,0,0,0,0,0,0,0,0,0,0,0,0,0,0,0,0,0,0,0,0,0,0,0,0,0,0,0,0,0,0,0,0,0,0,0,0.2214263927891543,0,0,0,0,0,0,0,0,0,0,0,0,0,0,0,0,0,0,0,0,0,0,0,0,0,0.09437812891201558,0,0,0,0,0,0,0,0,0,0,0,0,0,0,0,0,0,0,0,0,0,0,0,0,0,0,0,0,0,0,0,0,0,0,0,0,0,0,0,0,0,0.721009906052122,0.8659922148662281,1,0,0,0,0,0,0,0,0,0,0,0,0,Eukaryota;Arthropoda;Malacostraca;Euphausiacea;Euphausiidae;Stylocheiron;Stylocheiron abbreviatum
0,0,0,0,0,0,0.3316752558070058,0,0,0,0,0.12170963558367894,0,0,0,0,0,0,0,0,0,0,0,0,0,0,0,0,0,0,0,0,0,0,0,0,0,0,0,0,0,0,0,0,0,0.17101499027348668,0,0,0,0,0,0,0,0,0,0,0,0,0,0,0,0,0,0,0,0,0,0,0,0,0,0,0,0,0,0,0,0,0,0,0,0,0,0,0,0,0,0,0,0,0,0,0,0,0,0,0,0,0,0,0,0,0,0,0,0,0,0,0,0,0,0,0,0,0,0,0,0,0,0,0,0,0,0,0,0,0,0,0,0,0,0,0,0,0,0,0,0,0,0,0,0,0,0,0,0,0,0,0,0,0,0,0,0,0,0,0.03376878858425145,0.06767426447281215,0.04730876029166349,0,0,0,0.829134777264793,1,0,0,0,0,0,0,0,0,0,0,0,0,0,0,0,0,0,0,0,0,0,0,0,0,0,0,0,0,0,0,0,0,0,0,0,0,0,0,0,0,0,0,0,0,0,0,0,Eukaryota;Arthropoda;Hexanauplia;Calanoida;Candaciidae;Candacia;Candacia simplex
0,0,0,0,0,0,0,0,0,0,0,0,0,0,0,0,0,0,0,0,0,0,0,0,0,0,0,0,0.5869906465665375,0,0,0,0,0,0,0,0,0,0,0,0,0,0,0,0,0,0,0,0,0,0,0,0,0,0,0,0,0,0,0,0,0,0,0,0,0,0,0,0,0,0,0,0,0,0,0,0,0,0,0.14333018833690167,0,0,0,0,0,0,0,0,0,0,0,0,0,0,0,0,0,0,0,0,0,0,0.14907091107023537,0,0,1,0,0,0,0,0,0,0,0,0,0,0,0,0,0,0,0,0,0,0,0,0,0,0,0,0,0,0,0,0,0,0,0,0,0,0,0,0,0,0,0,0,0,0,0,0,0,0,0,0,0,0,0,0,0,0,0,0,0,0,0,0,0,0,0,0,0,0,0,0,0,0,0,0,0,0,0,0,0,0,0,0,0,0,0,0,0,0,0,0,0,0,0,0,0,0,0,0,0,0,0.7132612112497073,0,0,0,0,0,Eukaryota;Arthropoda;Insecta;Lepidoptera;Tortricidae;Holocola;Holocola obeliscana
0,0,0,0,0,0,0,0,0,0,0,0,0,0,0,0,0,0,0,0,0,0,0,0,0,0,0,0,0,0,0,0,0.31120385232744785,0,0,0,0,0,0,0,0,0,0,0,0,0,0,0,0,0,0,0,0,0,0,0,0,0,0,0,0,0,0,0,0,0,0,0,0,0,0,0,0,0,0,0,0,0,0,0,0,0,0,0,0,0,0,0,0,0,0,0,0,0,0,0,0,0,0,0,0,0,0,0,0,0,0,0,0,0,0,0,0,0,0,0.44196829536284343,0.4220234837554107,0,0,0,0,0,0,0,0,0,0.35471765619473167,0.24841021562027218,0,0,1,0,0,0,0,0,0,0,0,0,0,0.35655436221862585,0,0,0,0,0,0.3034555080352007,0.2922197325187649,0,0,0,0,0,0,0,0,0,0,0,0,0,0,0,0,0,0,0,0,0,0,0,0,0,0,0,0,0,0,0,0,0,0,0,0,0,0,0,0,0,0,0,0,0,0,0,0,0,0,0,0,0,0,0,0,0,0,0,0,0,0,Eukaryota;Bacillariophyta;Bacillariophyceae;Bacillariales;Bacillariaceae;Nitzschia;Nitzschia frustulum
0,0,0,0,0,0,0,0,0,0,0,0,0,0,0,0,0,0,1,0.9126632349435354,0,0,0,0,0,0,0,0,0,0,0,0,0,0,0,0,0,0,0,0,0,0,0,0,0,0,0,0,0,0,0,0,0,0,0,0,0,0,0,0,0,0,0,0,0,0,0,0,0,0,0,0,0,0,0,0,0,0,0,0,0,0,0,0,0,0,0,0,0,0,0,0,0,0,0,0,0,0,0,0,0,0,0,0,0,0,0,0,0,0,0,0,0,0,0,0,0,0,0,0,0,0,0,0,0,0,0,0,0,0,0,0,0,0,0,0,0,0,0,0,0,0,0,0,0,0,0,0,0,0,0,0,0,0,0,0,0,0,0,0,0,0,0,0,0,0,0,0,0,0,0,0,0,0,0,0,0,0,0,0,0,0,0,0,0,0,0,0,0,0,0,0,0,0,0,0,0,0,0,0,0,0,0,0,0,0,0,0,0,0,0.32078872918164913,Eukaryota;Cnidaria;Hydrozoa;Siphonophorae;Abylidae;Abylopsis;Abylopsis eschscholtzii
0,0,0,0,0,0,0,0,0,0,0,0,0,0,0,0,0,0,0,0,0,0,0,0,0,0,0,0,0,0,0,0,0,0,0,0,0,0,0,0,0,0,0,0,0,0,0,0,0,0,0,0,0,0,0,0,0,0,0,0,0,0,0,0,0,0,0,0,0,0,0,0,0,0,0,0,0,0,0,0,0,0,0,0,0,0,0,0,0,0,0,0,0,0,0,0,0,0,0,0,0,0,0,0,0,0,0,0,0,0,0,0,0,1,0.48983646645269757,0,0,0,0,0,0,0.5769329675981484,0,0,0,0,0,0,0,0,0,0,0,0,0,0,0,0,0,0,0,0,0,0,0,0,0,0,0,0,0,0,0,0,0,0,0,0,0,0,0,0,0,0,0.13619255751836337,0,0,0,0,0,0,0,0,0,0,0,0,0,0,0,0,0,0,0,0,0,0,0,0,0,0,0,0,0,0,0,0,0,0,0,0,0,0,0,0,0,0,0,0,0,0,Eukaryota;Chordata;Actinopteri;Scombriformes;Tetragonuridae;Tetragonurus;Tetragonurus cuvieri
0,0,0,0,0,0,0,0,0,0,0,0,0,0,0,0,0,0,0,0,0,0,0,0,0,0,0,0,0,0,0,0,0,0,0,0,0,0,0,0,0,0,0,0,0,0,0,0,0,0,0,0,0,0,0,0,0,0,0,0,0,0,0,0,0,0,0,0,0,0,0,0,0,0,0,0,0,0,0,0,0.6242950690390044,0,0,0,0,0,0,0,0,0,0,0,0,0,0,0,0,0,0,0,0,0,0,0,0,0,0,0,0,0,0,0,0,0,0,0,0,0,0,0,0,0,0,0,0,0,0,0,0,0,0,0,0,0,0,0,0,0,0,0,0,0,0,0,0,0,0,0,0,0,0,0,0,0,0,0,0,0,0,0.646102729294001,1,0.6570205255521655,0,0,0,0,0,0,0,0,0,0,0,0,0,0,0,0,0,0,0,0,0,0,0,0,0,0,0,0,0,0,0,0,0,0,0,0,0,0,0,0,0,0,0,0,0,0,0,0,0,Eukaryota;NA;NA;Longamoebia;Acanthamoebidae;Acanthamoeba;Acanthamoeba tubiashi
0,0,0,1,0,0,0,0,0,0,0,0,0,0,0,0,0,0,0,0,0,0,0,0,0,0,0,0,0,0,0,0,0,0,0,0,0,0,0,0.22088547610297674,0,0.2653224851262334,0,0,0,0,0,0,0,0,0,0,0,0,0,0,0.027944065808318156,0,0,0,0,0,0,0,0,0,0,0,0,0,0,0,0,0,0,0,0,0,0,0,0,0,0,0,0,0,0,0,0,0,0,0,0,0,0,0,0,0,0,0,0,0,0.012250440550594642,0,0,0,0,0,0,0,0,0,0,0,0,0,0,0,0,0,0,0,0,0,0,0,0,0,0,0,0,0,0,0,0,0,0,0,0,0,0,0,0,0,0,0,0,0,0,0,0,0,0,0,0,0,0,0,0,0,0,0,0,0,0,0,0,0,0,0,0,0,0,0,0,0,0,0,0,0,0,0,0,0,0,0,0,0,0,0,0,0,0,0,0,0,0,0,0,0,0,0,0,0,0.07452483889387389,0,0,0,0,0,0,Eukaryota;Arthropoda;Malacostraca;Decapoda;Paguridae;Pagurus;Pagurus sp. 10BIOBC-01123
0.005358764235739886,0.0016478545540444059,0.011935001474352853,0,0,0,0,0,0,0,0,0,0,0,0,0,0,0,0,0,0.054179473194770345,0.0373079624618663,0,0,0,0,0,0,0,0,0.13338326520804641,0.15312038618041798,0.007956761376171908,0,0.8438308866169141,0.9099214595269548,0.7583409886422444,0.35721719915325634,0.35568566550161834,0,0,0,0.11884815213319437,0.07412873050133986,0,0,0,0,0,0.02383321210266782,0.019385750215012515,0.05327564876965391,0.03377780884709276,0,0.19249001529508525,0.08202739214171605,0.10507499911171163,0.1408731592648116,0.021388879197875563,0.00972829478767601,0,0,0,0,0,0,0,0,0.1282018169010286,0.03551086555796273,0,0,0.23990487314892273,0.38549954972450434,0,0,0,0,0,0,0,0,0,0,0,0,0,0,0,0,0,0,0,0,0,0,0,0,0,0,0,0,0.005304337673830355,0,0.013861122671399573,0,0,0,0,0,0,0,0,0,0,0.024168388210128903,0.019755749523652572,0,0,0.018388841081499303,0,0,0,0.014418091284407155,0.005385568457669888,0,0,0,0,0,0.04174315555892008,0.027845579554197884,0,0,0,0.01776920004999839,0.0055592241557701465,0.013263856323021184,0.0059055862230792825,0,0,0,0,0.03188237196790284,0.02017594013901605,0,0.10510001326861199,0.09964328709068065,0.09280777196250047,0,0,0,0,0,0,0.011720728457296777,0,0,0,0,0,0,0,0,0,0,0,0,0,0,0,0,0,0,0,0.02779404613278035,0.027922184315456067,0,0.02446859629350148,0.03414596582418997,0,0.9888131008825539,0.952553440504855,1,0,0,0,0,0,0,0,0,0,0.04175851332433569,0.045983880680474,0.06586371232612259,0,0,0,0,0,0,0,0,0,0,0,0,0,0,0,Eukaryota;Cnidaria;Hydrozoa;Anthoathecata;Pandeidae;;
0,0,0,0,0,0,0,0,0,0,0,0,0,0,0,0,0,0,0,0,0,0,0,0,0,0,0,0,0,0,0,0,0,0,0,0,0,0,0,0,0,0,0,0,0,0,0,0,0,0,0,0,0,0,0,0,0,0,0,0,0,0,0,0,0,0,0,0,0,0,0,0,1,0.6391305720225481,0,0,0,0,0,0,0,0,0,0,0,0,0,0,0,0,0,0,0,0,0,0,0,0,0,0,0,0,0,0,0,0,0,0,0,0,0,0,0,0,0,0,0,0,0,0,0,0,0,0,0,0,0,0,0,0,0,0,0,0,0,0,0,0,0,0,0,0,0,0,0,0,0,0,0,0,0,0,0,0,0,0,0,0,0,0,0,0,0,0,0,0,0,0,0,0,0,0,0,0,0,0,0,0,0,0,0,0,0.024396265180056134,0.017064643721404035,0,0,0,0,0,0,0,0,0,0,0,0,0,0,0,0,0,0,0,0,0,0,0,0,0,0,0,Eukaryota;Annelida;Polychaeta;Spionida;Magelonidae;Magelona;
0,0,0,0,0,0,0,0,0,0,0,0,0,0,0,0,0,0,0,0,0,0,0,0,0,0,0,0,0,0,0,0,0,0,0,0,0,0,0,0,0,0,0,0,0,0,0,0,0,0,0,0,0,0,0,0,0,0,0,0,0,0,0,0,0,0,0,0,0,0,0,0,0,0,0,0,0,0,0,0,0,0,0,0,0,0,0,0,0,0,0,0,0,0,0,0,0,0,0,0,0,0,0,0,0,0,0,0,0,0,0,0,0,0,0,0,0,0,0,0.14399983842523356,0,0,0,0,0,1,0.6096838934161415,0.5861710625759359,0,0,0,0,0,0,0,0,0,0,0,0,0,0,0,0,0,0,0,0,0,0,0,0,0,0,0,0,0,0,0,0,0,0,0,0,0,0,0,0,0,0,0,0,0,0,0,0,0,0,0,0,0,0,0,0,0,0,0,0,0,0,0,0,0,0,0,0,0,0,0,0,0,0,0,0,0,0,0,0,0,0,0,Eukaryota;Chordata;Actinopteri;Beloniformes;Belonidae;Cololabis;Cololabis saira
0,0,0,0,0,0,0,0,0,0,0,0,0,0,0,0,0,0,0,0,0,0,0,0,0,0,0,0,0,0,0,0,0,0,0,0,0,0,0,0,0,0,0,0,0,0,0,0,0,0,0,0,0,0,0,0,0,0,0,0,0,0,0,0,0,0,0,0,0,0,0,0,0,0,0,0,0,0,0,0,0,0,0,0,0,0,0,0,0,0,0,0,0,0,0,0,0,0,0,0,0,0,0,0,0,0,0,0,0,0,0,0,0,0,0,0,0,0,0,0,0,0,0,0,0,0,0,0,0,0,0,0,0,0,0,0,0,0,0,0,0,0,0,0,0,0,0,0,0,0,0,0,0,0,0,0,0,0,0,0,0,0,0.5852892510767514,0.9118543751330638,1,0,0,0,0,0,0,0,0,0,0,0,0,0,0,0,0,0,0,0,0,0,0,0,0,0,0,0,0,0,0,0,0,0,0,0,0,0,0,0,0,0,0,0,0,0,0,Eukaryota;Chordata;Actinopteri;Myctophiformes;Myctophidae;Notoscopelus;Notoscopelus resplendens
0,0,0,0,0,0,0,0,0,0,0,0,0,0,0,0,0,0,0,0,0,0,0,0,0,0,0,0,0,0,0,0,0,0,0,0,0,0,0,0,0,0,0,0,0,0,0,0,0,0,0,0,0,0,0,0,0,0,0,0,0,0,0,0,0,0,0,0,0,0,0,0,0,0,0,0,0,0,0,0,0,0,0,0,0,0,0,0,0,0,0,0,0,0,0,0,0,0,0,0,0,0,0,0,0,0,0,0,0,0,0,0,0,0,0,0,0,0,0,0,0,0,0,0,0,0,0,0,0,0,0,0,0,0,0,0,0,0,0,0,0,0,0,0,0,0,0,0,0,0,0,0,0,0,0,0,0,0,0,0,0,0,0,0,0,0,0,0,0,0,0,0,0,0,0,0,0,0,1,0.2604936361718585,0.7029025871172123,0,0,0,0,0,0,0,0,0,0,0,0,0,0,0,0,0,0,0,0,0,0,0,0,0,0,0,0,0,0,Eukaryota;Chordata;Actinopteri;Pleuronectiformes;Pleuronectidae;Pleuronichthys;Pleuronichthys decurrens
0,0,0,0,0,0,0,0,0,0,0,0,0,0,0,0,0,0,0,0,0,0,0,0,0,0,0,0.6649032988445521,0,0,0,0,0,0,0,0,0,0,0,0,0,0,0,0,0,0,0,0,0,0,0,0,0,0,0,0,0,0,0,0,0,0,0,0,0,0,0,0,0,0,0,0,0,0,0,0,0,0,0,0,0,0,0,0,0,0,0,0,0,0,0,0,0,0,0,0,0,0,0,0,0,0,0,0,0,1,0,0,0,0,0,0,0,0,0,0,0,0,0,0,0,0,0,0,0,0,0,0,0,0,0,0,0,0,0,0,0,0,0,0,0,0,0,0,0,0,0,0,0,0,0,0,0,0,0,0,0,0,0,0,0,0,0,0,0,0,0,0,0,0,0,0,0,0,0,0,0,0,0,0,0,0,0,0,0,0,0,0,0,0,0,0,0,0,0,0,0,0,0,0,0,0,0,0,0,0,0,0,0,0,0,Eukaryota;Arthropoda;Hexanauplia;Calanoida;Calanidae;Neocalanus;
0,0,0,0,0,0,0,0,0,0,0,0,0,0,0,0,0,0,0,0,0,0,0,0,0,0,0,0,0,0,0,0,0,0,0,0,0,0,0,0,0,0,0,0,0,0,0,0,0,0,0,0,0,0,0,0,0,0,0,0,0,0,1,0,0,0,0,0,0,0,0,0,0,0,0,0,0,0,0,0,0.27801858462235823,0,0,0,0,0,0,0,0,0,0,0,0,0,0,0,0,0,0,0,0,0,0.2877412511426551,0.0550516100078537,0,0.5176224233601283,0.4421690546994683,0,0,0,0,0,0,0,0,0,0,0,0,0,0,0,0,0,0,0,0.11637186821109753,0.06454458810473648,0,0,0,0,0,0,0,0,0,0,0,0,0,0,0,0,0,0,0,0,0.01232591613830247,0,0,0,0,0,0,0,0,0,0,0,0,0,0,0,0,0,0,0,0,0,0,0,0,0,0,0,0,0,0,0,0,0,0,0,0,0,0,0,0,0,0,0,0,0,0,0,0,0,0,0,0,0.32784801994192175,0,0,0,0,0,0,0,0,0,Eukaryota;;Haptophyceae;Prymnesiales;Chrysochromulinaceae;Chrysochromulina;Chrysochromulina sp. CCMP291
0,0.275319081807476,0.015234813143590948,0,0,0,0,0,0,0,0,0.06846253667408911,0,0,0,0,0,0,0,0,0,0,0,0,0,0,0,0,0.14046969755164923,0,0,0,0,0,0,0,0,0,0,0,0,0,0.23514664500517943,0.05587320807670436,0,0,0,0,0,0,0,0,0,0,0,0,0,0,0,0,0,0,0,0,0,0,0,0,0,0,0,0,0,0,0,0,0,0,0,0,0,0,0,0,0,0,0,0,0,0,0,0,0,0,0,0,0,0,0,0,0,0,0,0,0,0,0,0.08016622649120538,0,0,0,0,0,0,0,0,0,0,0,0,0,0,0,0,0,0,0,0,0,0,0,0,0,0,0,0,0,0,0,0,0,0,0,0,0,0,0,0,0,0,0,0,0,0,0,0,0,0,0,0,0,0,0,0,0,0,0,0,0,0,0,0,1,0.34881502859544944,0.5575681986521361,0,0,0,0,0,0,0,0,0,0,0,0,0,0,0,0,0,0,0,0,0,0.1606007993852134,0,0,0,0,0.11522002304517145,0.9071389131581037,0.057725721086091884,0,0,0,0,0,0,0,Eukaryota;Arthropoda;Hexanauplia;Calanoida;Heterorhabdidae;Heterostylites;Heterostylites longicornis
0,0,0,0,0,0,0,0,0,0,0,0,0,0,0,0,0,0,0,0,0,0,0,0,0,0,0,0,0,0,0,0,0,0,0,0,0,0,0,0,0,0,0,0,0,0,0,0,0,0,0,0,0,0,0,0,0,0,0,0,0,0,0,0,0,0,0,0,0,0,0,0,0,0,0,0,0,0,0,0,0,0,0,0,0,0,0,0,0,0,0,0,0,0,0,0,0,0,0,0,0,0,1,0,0,0,0,0,0,0,0,0,0,0,0,0,0,0,0,0,0,0,0,0,0,0,0,0,0,0,0,0,0,0,0,0,0,0,0,0,0,0,0,0,0,0,0,0,0,0,0,0,0,0,0,0,0,0.18273501210270005,0.100370119033605,0,0.5906460748558504,0,0,0,0,0,0,0,0,0.05150758679506769,0,0,0,0,0,0,0,0,0,0,0,0,0,0,0,0,0,0,0,0,0,0,0,0,0,0,0,0,0,0,0,0,0,0,0,0,0,0,0,0,0,Eukaryota;Rhodophyta;Florideophyceae;;;;
0,0,0,0,0,0,0,0,0,0,0,0,0,0,0,0,0,0,0,0,0,0,0,0,0,0,0,0,0,0,0,0,0,0,0,0,0,0,0,0,0,0,0,0,0,0,0,0,0,0,0,0,0,0,0,0,0,0,0,0,0,0,0,0,0,0,0,0,0,0,0,0,0,0,0,0,1,0,0,0,0,0,0,0,0,0,0,0,0,0,0,0,0,0,0,0,0,0,0,0,0,0,0,0,0,0,0,0,0,0,0,0,0,0,0,0,0.0016481687253035746,0,0,0,0,0,0,0,0,0,0,0,0,0,0,0,0,0,0,0.008753589438947695,0,0,0,0,0,0,0,0,0,0,0,0,0,0,0,0,0,0,0,0,0,0,0,0,0,0,0,0,0,0,0,0,0,0,0,0,0,0,0,0,0,0,0,0,0,0,0,0,0,0,0,0,0,0,0,0,0,0,0,0,0,0,0,0,0,0,0,0,0,0,0,0,0,0,0,Eukaryota;Cnidaria;Hydrozoa;Leptothecata;Sugiuridae;Sugiura;Sugiura chengshanense
0,0,0,0,0,0,0,0,0,0,0,0,0,0,0,0,0,0,0,0,0,0,0,0,0,0,0,0,0,0,0,0,0,0,0,0,0,0,0,0,0,0,0,0,0,0,0,0,0,0,0,0,0,0,0,0,0,0,0,0,0,0,0,0,0,0,0,0,0,0,0,0,0,0,0,0,0,0,0,0,0,0,0,0,0,0,0,0,0,0,0,0,0,0,0,0,1,0,0,0,0,0,0,0,0,0,0,0,0,0,0,0,0,0,0,0,0,0,0,0,0,0,0,0,0,0,0.23074109912627713,0.22739969290818818,0,0,0,0,0,0,0,0,0,0,0,0,0,0,0,0,0,0,0,0,0,0,0,0,0,0,0,0,0,0,0,0,0,0,0,0,0,0,0,0,0,0,0,0,0,0,0,0,0,0,0,0,0,0,0,0,0,0,0,0,0,0,0,0,0,0,0,0,0,0,0,0,0,0,0,0,0,0,0,0,0,0,0,Eukaryota;Arthropoda;Malacostraca;Decapoda;Hippolytidae;Eualus;Eualus macilentus
0.012165557228548837,0.018704936436510475,0.010113817619898994,0,0.010145478199212656,0.021169718197772254,0,0,0,0,0,0,0,0,0,0,0,0,0,0,0.027370691455716144,0.029816860009772538,0.1033438638910246,0.06014511473018762,0.08658612213535892,0,0.00622259050475379,0,0,0,0.03503932081076879,0.018987455403101827,0.027648327995138982,0,0,0,0,0.010162412643920787,0.02045700925658952,0.011937907539441453,0,0.014707216684750809,0,0,0,0,0.002084603903904584,0,0,0,0,0,0.009243034525920837,0,0.06859097398097197,0.07077362870261844,0.029043389690969246,0.023722365373615936,0.006621463011281183,0,0,0,0,0,0,0,0,0,0.004706942323519387,0,0.0072556479953545016,0.004268808312379693,0,0,0.004296479447496389,0,0,0,0,0,0,0,0,0,0,0,0,0,0,0,0.006212211104849548,0,0.007324726550059972,0.005066457257216346,0.004768393711584675,0,0.00534172974222616,0,0,0,0,0.0031603161875965575,0.0012223079790465554,0,0,0.00124600351494012,0,0,0,0.007786259085351115,0,0,0,0,0,0.001974511412647465,0.001285504876434518,0.052739775489040665,0.01147848952334633,0.04391531569420659,0.028624454040218336,0,0,0,0,0.0020080185171152095,0.0028012649817199756,0.002401166389613138,0,0,0,0,0,0.03313916279346176,0.007979897658007603,0.003059919487444608,0.004327078193286797,0.004301690146416597,0.005386725705311935,0,0,0,0,0,0.0017320749823327333,0,0.0016855560863549067,0.0011323175112528912,5.934107233409719e-4,0,0,0,0,0,0,0,0.052542441552469815,0.04715345337268538,0.02889870870973014,0,0,0,0,0,0,1,0.7398082153868131,0.6932768145519477,0.736882884626582,0.676450176538331,0,0.01814806512602823,0,0,0,0,0.00159805248468068,0,0.05781632826038306,0.042912164792117825,0.06625964137800203,0.009398511495569813,0.00871418388835942,0.00575437726398253,0.02350695966270791,0.020172876187355346,0.004739979661587478,0,0,0,0,0,0,0,0,0,0,0,0,0,0,0,0,0,0.010069365489789745,0.010072227731259271,0,0,0,0,0,Eukaryota;Arthropoda;Malacostraca;Euphausiacea;Euphausiidae;Thysanoessa;Thysanoessa spinifera
0,0,0,0,0,0,0,0,0,0,0,0,0,0,0,0,0,0,0,0,0,0,0,0,0,0,0,0,0,0,0,0,0,0,0,0,0,0,0,0,0,0,0,0,0,0,0,0,0,0,0,0,0,0,0,0,0,0,0,0,0,0,0,0,0,0,0,0,0,0,0,0,0,0,0,0,0,0,0,0,0,0,0,0,0,0,0,0,0,0,0,0,0,0,0,0,0,0,0,0,0,0,0,0,0,0,0,0,0,0,0,0,0,0,0,0,0,0,0,0.7859076967425243,0,0,0,0,0,0,0,0,0,0,0,0,0,0,0,0,0,0,0,0,0,0,0,0,0,0,0,0,0,0,0,0,0,0,0,0,0,0,0,0,0,0,0,0,0,0,0,0,1,0.8391954799047654,0,0,0,0,0,0,0,0,0,0,0,0,0.4914251100804899,0.613620138738672,0,0,0,0,0,0,0,0,0,0,0,0,0,0,0,0,0,0,0,0,0,0,0,0,0,0,0,Eukaryota;Echinodermata;Echinoidea;Clypeasteroida;Mellitidae;Encope;Encope laevis
0,0,0,0,0,0,0,0,0,0,0,0,0,0,0,0,0,0,0,0,0,0,0,0,0,0,0,0,0,0,0,0,0,0,0,0,0,0,0,0,0,0,0,0,0,0,0,0,0,0,0,0,0,0,0,0,0,0,0,0,0,0,0,0,0,0,0,0,0,0,0,0,0,0,0,0,0,0,0,0,0,0,0,0,0,0,0,0,0,0,0,0,0,0,0,0,0,0,0,0.30345891523221824,0,1,0.3437934424533021,0.3354560753954897,0,0,0,0,0,0,0,0,0,0,0,0,0,0,0,0,0,0,0,0,0,0,0,0,0,0,0,0,0,0,0,0,0,0,0,0,0,0,0,0,0,0,0,0,0,0,0,0,0,0,0,0,0,0,0,0,0,0,0,0,0,0,0,0,0,0,0,0,0,0,0,0,0,0,0,0,0,0,0,0,0,0,0,0,0,0,0,0,0,0,0,0,0,0,0,0,0,0,0,0,0,0,0,0,0,0,0,Eukaryota;Arthropoda;Insecta;Hemiptera;Cicadellidae;Cicadula;Cicadula ornata
0,0,0,0,0,0,0.2594667264172082,0,0,0,0,0,0,0,0,0,0,0,0,0,0,0,0,0,0,0,0,0,0,0,0,0,0,0,0,0,0,0,0,0,0,0,0,0,0,0,0,0,0,0,0,0,0,0,0,0,0,0,0,0,0,0,0.8850053497732715,0.8777206867938981,0,0,0,0,0,0,0,0,0,0,0,0,0,0,0,0,0,0,0,0.17870811624978394,0,0,0,0,0,0,0,0,0,0.03779401562115346,0.07346410536199152,0,0,0.4377078923495616,0,0,0,0,0,0,0,0,0,0,0,0,0,0,0,0,0,0,0,0,0,0,0,0,0,0,0,0,0,0,0,0,0,0,0,0,0,0.03374978141333281,0.047726073767969404,0,0,0,0,0,0,0,0,0,0,0,0,0,0,0,0,0,0,0,0,0,0,0,0,0,0,0,0,0,0,0.2538286181903203,0,0.08229984719803846,0,0,0,0,0,0,0,0,0,0,0,0.1884765625,0.06900508727364357,0,0,0,0,0.6889576392194193,0,0,1,0.5509912767644727,0.4364446933149552,0,0,0,0,0,0,0,0,0,0,0,0,0,0,0,0,0,0,Eukaryota;Bryozoa;Gymnolaemata;Cheilostomatida;Membraniporidae;Membranipora;NA
0,0,0,0,0,0,0,0,0,0,0,0,0,0,0,0,0,0,0,0,0,0,0,0,0,0,0,0,0,0,0,0,0,0,0,0,0,0,0,0,0,0,0,0,0,0,0,0,0,0,0,0,0,0,0,0,0,0,0,0,0,0,0,0,0,0,0,0,0,0,0,0,0,0,0,0,0,0,0,0,0,0,0,0,0,0,0,0,0,0,0,0,0,0,0,0,0,0,0,0,0,0,0,0,0,0,0,0,0,0,0,0,0,0,0,0,0,0,0,0,0,0,0,0,0,0,0,0,0,0,0,0,0,0,0,0,0,0,0,0,0,0,0,0,0,0,0,0,0,0,0,0,0,0,0,0,0,0,0,0,0,0,0,0,0,0,0,0,0,0,0,0,0,0,0,0,0,0,0,0,0,0,0,0,0,0,0,0,0,0,0,0,0,0,0,0,0.535231564694797,1,0.6759481709070091,0,0,0,0,0,0,0,0.21006389925286167,0.2467823044739502,0,0,0,Eukaryota;Cnidaria;Hydrozoa;Siphonophorae;Rhizophysidae;Rhizophysa;Rhizophysa eysenhardti
0,0,0.04125359161227713,0.08933759142886577,0,0,0.07772350436925834,0.7195423380933665,0.42585476643545517,0,0,0,0.11236071521119462,0.4505269407748256,0,0,0,0,0,0,0,0,0,0,0,0,0.15664032512982615,0,0,0,0,0,0,0,0,0,0,0,0,0,0,0,0,0,0,0,0,0,0,0,0,0,0,0,0,0,0,0,0,0,0,0,0,0,0,0,0,0,0,0,0,0,0,0,0,0.8771583268876063,0,0,0,0,0,0,0,0.08565149756784118,0,0,0,0.6582897968296495,0,0,0,0,0,0,0,0,0,0,0,0,0,0,0,0,0,0,0,0,0,0,0,0,0,0,0,0,0,0,0,0,0,0,0,0,0,0,0,0.009333295066440893,0.914110488237267,1,0,0,0,0,0,0,0,0,0,0,0,0,0,0,0,0,0,0,0,0,0,0,0,0,0,0,0.09001319711146369,0.11245137308013717,0.06605499504892219,0,0,0,0,0,0,0,0,0,0,0,0,0,0,0,0,0,0,0.24147580925861467,0,0,0,0,0,0,0,0,0,0,0,0,0,0,0,0,0,0,0,0,0,0,0,0,0,0,0,0,0,0,0,0,0,Eukaryota;Arthropoda;Hexanauplia;Calanoida;Scolecitrichidae;Scolecithrix;Scolecithrix danae
0,0,0,0,0,0,0,0,0,0,0,0,0,0,0,0,0,0,0,0,0,0,0,0,0,0,0,0,0,0,0,0,0,0,0,0,0,0,0,0,0,0,0,0,0,0,0,0,0,0,0,0,0,0,0,0,0,0,0,0,0,0,0,0,0,0,0,0,0,0,0,0,0,0,0,0,0,0,0,1,0.6323861752256432,0,0,0,0,0,0,0,0,0,0,0,0,0,0,0,0,0,0,0,0,0,0,0,0,0,0,0,0,0,0,0,0,0,0,0,0,0,0,0,0,0,0,0,0,0,0,0,0,0,0,0,0,0,0,0,0,0,0,0,0,0,0,0,0,0,0,0,0,0,0,0,0,0,0,0,0,0,0,0,0,0,0,0,0,0,0,0,0,0,0,0,0,0,0,0,0,0,0,0,0,0,0,0,0,0,0,0,0,0,0,0,0,0,0,0,0,0,0,0,0,0,0,0,0,0,0,0,0,0,0,Eukaryota;Mollusca;Gastropoda;Nudibranchia;Fionidae;Fiona;Fiona pinnata
0,0,0,0,0,0,0,0,0,0,0,0,0,0,0,0,0,0,0,0,0,0,0,0,0,0,0,0,0,0,0,0,0,0,0,0,0,0,0,0,0,0,0,0,0,0,0,0,0,0,0,0,0,0,0,0,0,0,0,0,0,0,0,0,0,0,0,0,0,0,0,0,0,0,0,0,0,0,0,0,0,0,0,0,0,0,0,0,0.19297148189546437,0,0,0,0,0.09525887655153818,0,0,0,0,0,0,0,0,0,0,0,0,0,0,0,0,0,0,0,0,0,0,0,0,0,0,0,0,0,0,0,0,0,0,0,0,0,0,0,0,0,0,0,0,0,0,0,0,0,0,0,0,0,0,0,0,0,0,0,0,0,0,0,0,0,0,0,0,0,0,0,0,0,0,0,0,0,0,0,0,0,0,0,0,0,0,0,0,0,0,0,0,0,0,0,0,0,0,0,0,0,0,0,0,0,0,0,0,0,0,0,0,1,0.63934495850781,0.9831524211095678,0,0,Eukaryota;Annelida;Clitellata;Haplotaxida;Enchytraeidae;Chamaedrilus;Chamaedrilus asloae
0,0,0,0,0,0,0,0,0,1,0,0,0,0,0,0,0,0,0,0,0,0,0,0,0,0,0,0,0,0,0,0,0,0,0,0,0,0,0,0,0,0,0,0,0,0,0,0,0,0,0,0,0,0,0,0,0,0,0,0,0,0,0,0.490805160173897,0,0,0,0,0,0,0,0,0,0,0,0,0,0,0,0,0,0,0,0,0,0,0,0,0,0,0,0,0,0,0.08869495318603345,0,0,0.4069104256963344,0,0,0,0,0,0,0,0,0,0,0,0,0,0,0,0,0,0,0,0,0,0,0,0,0,0,0,0,0,0,0,0,0,0,0,0,0,0,0,0,0,0,0,0,0,0,0,0,0,0,0.03090581663948089,0,0,0,0,0,0,0,0,0,0,0,0,0,0.6194824018701564,0,0,0,0,0,0,0,0,0,0,0,0,0,0,0,0,0,0,0,0,0,0,0,0,0,0,0,0,0,0,0,0,0.1614920601584468,0,0,0,0,0,0,0,0,0,0,0,0,0,0,0,Eukaryota;Echinodermata;Ophiuroidea;Ophiurida;Ophiodermatidae;;
0,0,0,0,0,0,0,0,0,0,0,0,0,0,0,0,0,0,1,0,0,0,0,0,0,0,0,0,0,0,0,0,0,0,0,0,0,0,0,0,0,0,0,0,0,0,0,0,0,0,0,0,0,0,0,0,0,0,0.3784280748962888,0.270474725133827,0,0,0,0,0,0,0,0,0,0,0,0,0,0,0,0,0,0,0,0,0,0,0,0,0,0,0,0,0,0,0,0,0,0,0,0,0,0,0,0,0,0,0,0,0,0,0,0,0,0,0,0,0,0,0,0,0,0,0,0,0,0,0,0,0,0,0,0,0,0,0,0,0,0,0,0,0,0,0,0,0,0,0,0,0,0,0,0.12326458316214266,0.09609094228018876,0,0,0,0,0,0,0,0,0,0,0,0,0,0,0,0,0,0,0,0,0,0,0,0,0,0,0,0,0,0,0,0,0,0,0,0,0,0,0,0,0,0,0,0,0,0,0,0,0,0,0,0,0,0,0,0,0,0,0,0,0,0,Eukaryota;Cnidaria;Hydrozoa;Siphonophorae;Prayidae;Amphicaryon;Amphicaryon earnesti
0.8056553275127432,0.7882770248547935,0.9155919788243848,0,0,0,0,0,0,0,0,0,0,0,0,0,0,0,0,0,0,0,0,0,0,0,0,0,0,0,0,0,0,0,0,0,0,0,0,0,0,0,0,0,0,0,0,0,0,0,0,0,0,0,0,0,0,0,0,0,0,0,0,0,0,0,0,0,0,0,0,0,0,0,0,0,0,0,0,0,0,0,0,0,0,0,0,0,0,0,0,0,0,0,0,0,0,0,0,0,0,0,0,0,0.2841722160249693,0,0,0,0,0,0,0,0,0,0,0,0,0,0,0.1096717717818271,0,0,0,0,0,0,0.1495337298763886,0.20238339800941668,0,0,0,0,0,0,0,0,0,0,0,0,0,0,0,0,0,0,0,0.1181612032217002,0.020839954963221198,0,0,0,0,0,0,0,0,0.3167527227283551,0.2412762081850774,0,0,0,0,0,0,0,0,0,0,0,0,0,0,0,0,0,0,0,0,0,0,0,0,0,0,0.38642727665422744,0,0,0,0,0,1,0.5360130490768618,0,0,0,0,0,0,0,0,0,0,0,0,0,0,0,0,0,0,Eukaryota;Arthropoda;Malacostraca;Decapoda;Munididae;Munida;Munida quadrispina
0.10163699960453325,0.058043203586523394,0.12460991760698724,0.9780582188252794,1,0.8953117585852917,0.032160319706322,0.015670062759216025,0.06240755673987571,0,0,0,0.1782210772185285,0.1908569218037377,0,0,0,0,0,0.020758769741287878,0.013858673224288881,0,0.04101255772549874,0,0.10315617856066918,0.13462307596010994,0.12827851613122726,0.1495034917847912,0.026756184716282837,0,0,0,0,0,0,0,0,0,0,0.004184689638513874,0,0.01276584546038699,0.027810737086749502,0.012520631114947755,0,0,0,0.006877012670537156,0,0,0,0,0,0,0,0.010293030495772423,0,0,0.04741622745610692,0.041694851454367986,0,0,0,0.007634492183640512,0.21559046330406614,0,0,0,0,0,0,0,0,0,0.009136879864765718,0,0,0.0031961802750854005,0,0,0,0,0,0,0,0,0,0,0,0.008583129569931432,0,0,0.01977998826543673,0,0,0,0,0,0,0,0,0,0,0,0,0,0,0,0,0,0,0,0,0.08663498203333221,0.08079346872249304,0,0,0,0,0,0,0.10637317729310561,0,0,0,0,0,0,0,0,0,0,0,0,0,0,0,0,0,0,0,0,0,0,0,0,0,0,0,0,0,0.002001030365059991,0,0,0,0.1699738005019194,0.041679522864599916,0.040713721307896876,0.02857451075677265,0,0,0,0.13064289076623278,0.1130013947987786,0,0.7782949233362738,0.6868813656377869,0.5636850079751202,0.44089189127733963,0.4896423246343146,0.8733003852866867,0.7259275954606844,0,0,0,0.11809658353608289,0.10802099915429574,0.10303993486833009,0.05295202728247886,0.06518348323384383,0.06907232735675747,0.07008374357876712,0.05192908668366872,0.036012451611038,0.18969354184068124,0.11699884342076401,0.06840017672885382,0.050830212246335035,0.0703065028978445,0.023675690625711777,0.08139236283625524,0.049323541872616866,0.03542022418407712,0.217345134429486,0.27183997509339974,0.23550139604332126,0,0,0,0,0,0,0,0.0030029444911824,0.23413641765864732,0.2277954083500121,0.06462061972142674,0.03555787771005883,0.015438807638038366,0.02482299243355731,0.01752572808596529,Eukaryota;Arthropoda;Malacostraca;Euphausiacea;Euphausiidae;Nyctiphanes;Nyctiphanes simplex
0,0,0,0,0,0,0,0,0,0,0,0,0,0,0,0,0,0,0,0,0,0,0,0,0,0,0,0,0,0,0,0,0,0,0,0,0,0,0,0,0,0,0,0,0,0,0,0,0,0,0,0,0,0,0,0,0,0,0,0,0,0,0,0.024407436289514653,0,0,0,0,0,0,0,0,0,0,0,0,0,0,0,0,0,0,0,0,0,0,0,0,0,0,0,0,0.118568496056255,0.0028526233269015517,0,0,0,0,0,0,0,0,0.0019786024475128548,0,0,0,0,0,0,0,0,0,0,0,0,0,0,0,0,0.006318898535876363,0,0,0,0,0,0,0.0045345279945620725,0,0,0,0,0,0,0,0,0,0,0,0,0,0,0,0,0,0,0,0,0,0,0,0,0,0,0,0,0,0,0,0,0,0,0,0,0,0,0.02670703340884384,0.09311476566911349,0,0.02104983509566366,0.006794202486546784,0,0,0,0,0,0,0,0,0,0,0,0,0.017578275940994613,0.006706697572294946,0.05707758852867021,0,0,0,0,0,0,0,0,0,0.034305439983357604,0,0,0,0,0,0,0,0,0,0.6695421225055385,1,0,0,0,0,0,Bacteria;Proteobacteria;Alphaproteobacteria;Pelagibacterales;Pelagibacteraceae;Candidatus Pelagibacter;Candidatus Pelagibacter sp. HIMB1321
0,0,0,0,0,0,0,0,0,0,0,0,0,0,0,0,0,0,0,0,0,0,0,0,0,0,0,0,0,0,0,0,0,0,0,0,0,0,0,0,0,0,0,0,0,0,0,0,0,0,0,0,0,0,0,0,0,0,0,0,0,0,0,0,0,0,0,0,0,0,0,0,0,0,0,0,0,0,0,0,0,0,0,0,0,0,0,0,0,0,0,0,0,0,0,0,0,0,0,0,0,0,0,0,0,0,0,0,0,0,0,0,0,0,0,0,0,0,0,0,0,0,0,0,0,0,0,0,0,0,0,0,0,0,0,0,0,1,0.4786319329161878,0,0,0,0,0,0,0,0,0,0,0,0,0,0,0,0,0,0,0,0,0,0,0,0,0,0,0,0,0,0,0,0,0,0,0,0,0,0,0,0,0,0,0,0,0,0,0,0,0,0,0,0,0,0,0,0,0,0,0,0,0,0,0,0,0,0,0,0,0,0,0,0,Eukaryota;Cnidaria;Hydrozoa;Limnomedusae;Olindiasidae;Cubaia;Cubaia aphrodite
0,0,0,0.7870673225507366,1,0.37064891328956306,0,0,0,0,0,0,0,0,0,0,0,0,0,0,0,0,0,0,0,0,0,0,0,0,0,0,0,0,0,0,0,0,0,0,0,0,0,0,0,0,0,0,0,0,0,0,0,0,0,0,0,0,0,0,0,0,0,0,0,0,0,0,0,0,0,0,0,0,0,0,0,0,0,0,0,0,0,0,0,0,0,0,0,0,0,0,0,0,0,0,0,0,0,0,0,0,0,0,0,0,0,0,0,0,0,0,0,0,0,0,0,0,0,0,0,0,0,0,0,0,0,0,0,0,0,0,0,0,0,0,0,0,0,0,0,0,0,0,0,0,0,0,0,0,0,0,0,0,0,0,0,0,0,0,0,0,0,0,0,0,0,0,0,0,0,0,0,0,0,0,0,0,0,0,0,0,0,0,0,0,0,0,0,0,0,0,0,0,0,0,0,0,0,0,0,0,0,0,0,0,0,0,0,0,0,Eukaryota;Chordata;Actinopteri;Perciformes;Cottidae;Icelinus;Icelinus cavifrons
0,0,0,0.0883062933129895,0,0,0,0,0,0,0,0,0,0,0,0,0,0,0,0,0,0,1,0,0.17249746512359707,0,0,0,0,0,0,0,0,0,0,0,0,0,0,0,0.211981400496869,0,0,0,0,0,0,0,0,0,0,0,0,0,0.15582896940267038,0,0,0,0,0,0,0,0,0.12766375873543806,0,0,0,0,0,0,0,0,0.15757878380241538,0,0,0,0,0,0,0.05875585641162445,0,0,0,0,0,0,0,0,0,0,0,0,0,0,0,0,0,0,0,0.13919928372672769,0,0,0.03745400827792728,0.05289510311388467,0,0,0,0,0,0,0,0,0,0,0,0,0,0,0,0.06610234099059276,0,0,0,0,0,0,0,0,0,0,0,0,0,0,0,0,0,0,0,0,0,0,0,0,0,0,0,0,0,0,0,0,0,0,0,0,0,0,0,0,0,0,0,0,0,0,0,0,0,0,0,0,0,0,0,0,0,0,0,0,0,0,0.03891794707461058,0,0,0,0,0,0,0,0,0,0,0,0,0,0,0,0,0,0,0,0,0,0,0,0,0,0,0,0,Eukaryota;NA;Haptophyceae;Phaeocystales;Phaeocystaceae;Phaeocystis;Phaeocystis globosa
0,0,0,0,0,0,0,0,0,0,0,0,0,0,0,0,0,0,0,0,0,0,0,0,0,0,0,0,0,0,0,0,0,0,0,0,0,0,0,0,0,0,0,0,0,0,0,0,0,0,0,0,0,0,0,0,0,0,0,0,0,0,0,0,0,0,0,0,0,0,0,0,0,0,0,0,0,0,0,0,0,0,0,0,0,0,0,0,0,0,0,0,0,0,0,0,0,0,0,0,0,0,0,0,0,0,0,0,0,0,0,0,0,0,0,0,0,0,0,0,0,0,0,1,0,0,0,0,0,0,0,0,0,0,0,0,0,0,0,0,0,0,0,0,0,0,0,0,0,0,0,0,0,0,0,0,0,0,0,0,0,0,0,0,0,0,0,0,0,0,0,0,0,0,0,0,0,0,0,0,0,0,0,0,0,0,0,0,0,0,0,0,0,0.9894049328274024,0,0,0,0,0,0,0,0,0,0,0,0,0,0,0,0,0,Eukaryota;Echinodermata;Holothuroidea;Aspidochirotida;Holothuriidae;Labidodemas;NA
0,0,0,0,0,0,0,0,0,0,0,0,0,0,0,0,0,0,0,0,0,0,0,1,0,0,0,0,0,0,0,0,0,0,0,0,0,0,0,0,0,0,0,0,0,0,0,0,0,0,0,0,0,0,0,0,0,0,0,0,0,0,0,0,0,0,0,0,0,0,0,0,0,0,0,0,0,0,0,0,0,0,0,0,0,0,0,0,0,0,0,0,0,0,0,0,0,0,0,0,0,0,0,0,0,0,0,0,0,0,0,0,0,0,0,0,0,0,0,0,0,0,0,0,0,0,0,0,0,0,0,0,0,0,0,0,0,0,0,0,0,0,0,0,0,0,0,0,0,0,0,0,0,0,0,0,0,0,0,0,0,0,0,0,0,0,0,0,0,0,0,0,0,0,0,0,0,0,0,0,0,0,0,0,0,0,0,0,0,0,0,0,0,0,0,0,0,0,0,0,0,0,0,0,0,0,0,0,0,0,0,Eukaryota;Arthropoda;Malacostraca;Decapoda;Paguridae;Pagurus;Pagurus sp. 10BIOBC-01170
0,0,0,0,0,0,0,0,0,0,0,0,0,0,0,0,0,0,0,0,0,0,0,0,0,0,0,0,0,0,0,0,0,0,0,0,0,0,0,0,0,0,0,0,0,0,0,0,0,0,0,0,0,0,0,0,0,0,0,0,0,0,0,0,0,0,0,0,0,0,0,0,0,0,0,0,0,0,0,0,0,0,0,0,0,0,0,0,0,0,0,0,0,0,0,0,0,0,0,0,0,0,0,0,0,0,0,0,0,0,0,0,0,0,0,0,0,0,0,0,0,0,0,0,0,0,0,0,0,0,0,0,0,0,0,0,0,0,0,0,0,0,0,0,0,0,0,0,0,0,0,0,0,0,0,0,0,0.037190025898337316,0,0,0,0,0,0,0,0,0,0,0,0,0,0,0,0,0,0,0.7629382804995196,0,0,0,0,0,0.0622017313415556,0,0,0,0,0,0,0,0,0,0,0,0,0,0,0,0,0,0,0,0,0,1,0.8127309550881181,0,0,0,0,0,Eukaryota;Chaetognatha;Sagittoidea;Aphragmophora;Sagittidae;Sagitta;Sagitta elegans
0,0,0,0,0,0,0,0,0,0,0,0,0,0,0,0,0,0,0,0,0,0,0,0,0,0,0,0,0,0,0,0,0,0,0,0,0,0,0,0,0,0,0,0,0,0,0,0,0,0,0,0,0,0,0,0,0,0,0,0,0,0,0,0,0,0,0,0,0,0,0,0,0,0,0,0,0,0,0,0,0,0,0,0,0,0,0,0,0,0,0,0,0,0,0,0,0,0,0,0,0,0,0,0,0,0,0,0,0,0,0,0,0,0,0,0,0,0,0,0,0,0,0,0,0,0,0,0,0,0,0,0,0,0,0,0,0,0,0,0,0,0,0,0,0,0,0,0,0,0,0,0,0,0,0,0,0,0,0,0,0,0,0,0,0,0,0,0,0,0,0,0,0,0,0,0,1,0,0,0,0,0,0,0,0,0,0,0,0,0,0,0,0,0,0,0,0,0,0,0,0,0,0,0,0,0,0,0,0,0,0,Eukaryota;Arthropoda;Insecta;Diptera;Phoridae;Megaselia;Megaselia sp. BOLD-2016
0,0,0,0,0,0,0,0,0,0,0,0,0,0,0,0,0,0,0,0,0,0,0,0,0,0,0,0,0,0,0,0,0,0,0,0,0,0,0,0,0,0,0,0,0,0,0,0,0,0,0,0,0,0,0,0,0,0,0,0,0,0,0,0,0,0,0,0,0,0,0,0,0,0,0,0,0,0,0,0,0,0,0,0,0,0,0,0,0,0,0,0,0,0,0,0,0,0,0,0,0,0,0,0,0,0,0,0,0,0,0,0,0,0,0,0,0,0,0,0,0,0,0,0,0,0,0,0,0,0,0,0,0,0,0,0,0,0,0,0,0,0,0,0,0,0,0,0,0,0,0,0,0,0,0,0,0,0,0,0,0,0,0,0,0,0.4302276854309261,1,0,0,0,0,0,0,0,0,0,0,0,0,0,0,0,0,0,0,0,0,0,0,0,0,0,0,0,0,0,0,0,0,0,0,0,0,0,0,0,0,0,0,0,0,Eukaryota;Echinodermata;Echinoidea;Spatangoida;Brissidae;Brissus;Brissus agassizii
0,0,0,0,0,0,0,0,0,0,0,0,0,0,0,0,0,0,0,0,0,0,0,0,0,0,0,0,0,0,0,0,0,0,0,0,0,0,0,0,0,0,0,0,0,0,0,0,0,0,0,0,0,0,0,0,0,0,0,0,0,0,0,0,0,0,0,0,0,0,0,0,0,0,1,0,0,0,0,0,0,0,0,0,0,0,0,0,0,0,0,0,0,0,0,0,0,0,0,0,0,0,0,0,0,0,0,0,0,0,0,0,0,0,0,0,0,0,0,0,0,0,0,0,0,0,0,0,0,0,0,0,0,0,0,0,0,0,0,0,0,0,0,0,0,0,0,0,0,0,0,0,0,0,0,0,0,0,0,0,0,0,0,0,0,0.060952913083098866,0,0,0,0,0,0,0,0,0,0,0,0,0,0,0,0,0,0,0,0,0,0,0,0,0,0,0,0,0,0,0,0,0,0,0,0,0,0,0,0,0,0,0,0,0,Eukaryota;Cnidaria;Hydrozoa;Anthoathecata;Pandeidae;Amphinema;Amphinema dinema
0,0.01195378130531124,0.0018414378718507281,0,0,0,0.18474270216541422,0.19566766284094902,0.16038753182389204,0,0,0.006620075042412849,0.06676816206953255,0.08977761288348979,0,0,0.007725187224161947,0,0.5625408620186256,0.5125559072596562,0,0,0,0,0,0,0,0.00879705330191433,0.03158024757998327,0,0,0,0,0,0,0,0,0.017485199301935865,0,0,0,0,0.3898587719737755,0.37633414512809005,0.009752542346035117,0.011627387424572594,0.6336536241060141,0.7092266377575145,0.7175609870581598,0,0.009272116937757145,0.05450210287384137,0,0,0,0,0,0,0.0037200743637257725,0,0,0,0,0,0.00858726277893595,0.020243125993536514,0.016074810620464845,0.03420027017224036,0,0,0,0,0,0,0,0.07485274577448843,0,0.005516689890868069,0.025279346758349704,0,0,0,0,0,0,0,0,0,0,0.2488076596898586,0.19588456825911874,0.21431406435952646,0,0.0013355579399088164,0.0013618157718267984,0,0,0.004389465579650952,0,0,0,0,5.007317363840597e-4,0.017182026948121296,0,0.004083510959738857,0.008371826718950749,0.009629162634763315,0.04514864327078809,0,0.02310110233712646,0,0,0.017793134543231854,0.021393146008900125,0.0013236218852182438,0.0022268546480774783,0,0,0,0,0.05972623077759931,0,0,0,0,0.001377082341682149,4.5132813557666787e-4,0.3899485604290704,0.3950377295398691,0,0,0,0.004654566133392877,0,0,0,0,0,0,0,0,0.004608022688413472,0,0,0,0,0,0,0.8977797662335782,1,0.9386862913832015,0.04329519395102219,0.05008769126622766,0.044911462263550535,0,0,0,0,0.011235989941486705,0.01656229314045596,0.019043091451109953,0.061470834190410314,0.07005077437297477,0.11103085635039871,0,0,0.011878856523654417,0.015653637933552893,0.012586243885949292,0,0,0.03136096717139989,0.028458951781281595,0.03508425700063234,0.1811275749799921,0.16418861595314857,0.22568035712209808,0.00710552600591419,0.012248896143932802,0.01149627455536354,0,5.272408696956289e-4,0,0,0.0033356661596347587,0.008155493382721332,0,0,0,0,0,0,0,0,0,0.16208921426262485,0.14430923302444862,0.1452538578610238,0,0,0,0,0.006279597602369401,0,0,0,0,0.006661945407752952,0.028117114926039192,0.036299832415190275,Eukaryota;Chordata;Actinopteri;Myctophiformes;Myctophidae;Nannobrachium;Nannobrachium regale
0,0,0,0,0,0,0,0,0,0,0,0,0,0,0,0,0,0,0,0,0,0,0,0,0,0,0,0,0,0,0,0,0,0,0,0,0,0,0,0,0,0,0,0,0,0,0,0,0,0,0,0,0,0,0,0,0,0,0,0,0,0,0,0,0,0,0,0,0,0,0,0,0,0,0,0,0,0,0,0,0,0,0,0,0,0,0,0,0,0,0,0,0,0,0,0,0,0,0,0,0,0,0,0,0,0,0,0,0,0,0,0,0,0,0,0,0,0,1,0,0,0,0,0,0,0,0,0,0,0,0,0,0,0,0,0,0,0,0,0,0,0,0,0,0,0,0,0,0,0,0,0,0,0,0,0,0,0,0,0,0,0,0,0,0,0,0,0,0,0,0,0,0,0,0,0,0,0,0,0,0,0,0,0,0,0,0,0,0,0,0,0,0,0,0,0,0,0,0,0,0,0,0,0,0,0,0,0,0,0,0,Eukaryota;Cnidaria;Hydrozoa;Anthoathecata;Pandeidae;Stomotoca;Stomotoca atra
0,0,0,0,0,0,0,0,0,0,0,0,0,0,0,0,0,0,0,0,0,0,0,0,0,0,0,0,0,0,0,0,0.26318820224719103,0,0,0,0,0,0,0,0,1,0,0,0,0,0,0,0,0,0,0,0,0,0,0,0,0,0,0,0,0,0,0,0,0,0,0,0,0,0,0,0,0,0,0,0,0,0,0.44956131331825355,0,0,0,0,0,0,0,0,0,0,0,0,0,0,0,0,0,0,0,0,0,0,0.10773440958507967,0.4204869292045327,0,0,0,0,0,0,0,0,0,0,0,0,0,0,0,0,0,0,0,0,0,0,0.16295658580856523,0.49299476700245864,0,0,0,0,0,0,0,0,0,0,0,0,0,0,0,0,0,0,0,0,0,0,0,0,0,0,0,0,0,0,0,0,0,0,0,0,0,0,0,0,0,0,0,0,0,0,0,0,0,0,0,0,0,0,0,0,0,0,0,0,0,0,0,0,0,0,0,0,0,0,0,0,0,0,0,0,0,0,0,0,0,0,0,Eukaryota;;Oomycetes;Saprolegniales;Saprolegniaceae;;
0,0,0,0,0,0,0,0,0,0,0,0,0,0,0,0,0,0,0,0,0,0,0,0,0,0,0,0,0,0,0,0,0,0,0,0,0,0,0,0,0,0,0,0,0,0,0,0,0,0,0,0,0,0,0,0,0,0,0,0,0,0,0,0,0,0,0,0,0,0,0,0,0,0,0,0,0,0,0,0,0,0,0,0,0,0,0,0,0,0,0,0,0,0,0,0,0,0,0,0,0,0,0,0,0,0,0,0,0,0,0,0,0,0,0,0,0,0,0,0,0,0,0,0,0,0,0,0,0,0,0,0,0,0,0,0,0,0,0,0,0,0,0,0,0,0,0,0,0,0,0,0,0,0,0,0,0.5571850116401489,0.261029305823704,0.11151350640177822,0,0,0,0.8316549437610387,1,0.9775997086140957,0,0,0,0,0,0,0,0.40771684642260364,0,0,0,0,0,0,0,0,0,0,0,0,0,0,0,0,0,0,0,0,0,0,0,0,0,0,0,0,0,0,0,0,0,0,0,0,0,0,Eukaryota;Arthropoda;Hexanauplia;Calanoida;Paracalanidae;Delibus;Delibus sp. V128.D1a
0,0,0,0,0,0,0,0,0,0,0,0,0,0,0,0,0,0,0,0,0,0,0,0,0,0,0,0,0,0,0,0,0,0,0,0,0,0,0,0,0,0,0,0,0,0,0,0,0,0,0,0,0,0,0,0,0,0,0,0,0,0,0,0,0,0,0,0,0,0,0,0,0,0,0,0,0,0,0,0,0,0,0,0,0,0,0,0,0,0,0,0,0,0,0,0,0,0,0,0,0,0,0,0,0,0,0,0,0,0,0,0,0,0,0,0,0,0,0,0.05232047987705629,0,0,0,0,0,0,0.016687063019988426,0,0,0,0,0,0,0,0,0,0,0,0,0,0,0,0,0,0,0,0,0,0,0,0,0,0,0,0,0,0.0625987929832886,0.03294671930380659,0,0,0,0,0,0,0,0,0,0,0,0,0,0,0,0,0,0,0,0,0,0,0,0,0,0,0,0,0,0,0,0,0,0,0,0,0,0,0,0,0,0,0,0,0,0,0.9412709030100334,1,0,0,0,0,0,Eukaryota;Chordata;Actinopteri;Ophidiiformes;Bythitidae;Brosmophycis;Brosmophycis marginata
0,0,0,0,0,0,0,0,0,0,0,0,0,0,0,0,0,0,0,0,0,0,0,0,0,0,0,0,0,0,0,0,0,0,0,0,0,0,0,0,0,0,0,0,0,0,0,0,0,0,0,0,0,0,0,0,0,0,0,0,0,0,0,0,0,0,0,0,0,0,0,0,0,0,0,0,0,0,0,0,0,0,0,0,0,0,0,0,0,0,0,0,0,0,0,0,0,0,0,0,0,0,0,0,0,0,0,0,0,0,0,0,0,0,0,0,0,0,0,0,0,0,0,0,0,0,0,0,0,0,0,0,0,0,0,0,0,0,0,0,0,0,0,0,0,0,0,0,0,0,0,0,0,0,0,0,0,0,0,0.9939464079720504,1,0,0,0,0,0,0,0,0,0,0,0,0,0,0,0,0,0,0,0,0,0,0,0,0,0,0,0,0,0,0,0,0,0,0,0,0,0,0,0,0,0,0,0,0,0,0,0,0,0,0,Eukaryota;NA;Oomycetes;Peronosporales;Peronosporaceae;Phytophthora;Phytophthora taxon paludosa
0,0,0,0,0,0,0,0,0,0,0,0,0,0,0,0,0,0,0,0,0,0,0,0,0,0,0,0,0,0,0,0,0,0,0,0,0,0,0,0,0,0,0,0,0,0,0,0,0,0,0,0,0,0,0,0,0,0,0,0,0,0,0,0,0,0,0,0,0.8252665799141978,1,0,0,0,0,0,0,0,0,0,0,0,0,0,0,0,0,0,0,0,0,0,0,0,0,0,0,0,0,0,0,0,0,0,0,0,0,0,0,0,0,0,0,0,0,0,0,0,0,0,0,0,0,0,0,0,0,0,0,0,0,0,0,0,0,0,0,0,0,0,0,0,0,0,0,0,0,0,0,0,0,0,0,0,0,0,0,0,0,0,0,0,0,0,0,0,0,0,0,0,0,0,0,0,0,0,0,0,0,0,0,0,0,0,0,0,0,0,0,0,0,0,0,0,0,0,0,0,0,0,0,0,0,0,0,0,0,0,0,0,0,0,Eukaryota;Chordata;Actinopteri;Gadiformes;Macrouridae;Coryphaenoides;Coryphaenoides armatus
0,0,0,0.4620377047491501,0,0,0,0,0,0,0,0,0,0,0,0,0,0,0,0,0,0,0,0.17236409753847928,0.48350582147477367,0,0,0,0,0,0,0,0,0,0,0,0,0,0,0,0,0,0,0,0,0,0,0,0,0,0,0,0,0,0,0,0,0,0,0,0,0,0,0.20277494095870302,0,0,0,0,0,0,0,0,0,0,0,0,0,0,0,0,0,0,0,0,0,0,0,0,0,0,0,0,0,0,0,0,0,0,0,0,0,0,0,0,0,0,0,0,0,0,0,0,0,0,0,0,0,0,0,0,0,0,0,0,0,0.01906206966899577,0,0.028157556754584853,0,0,0,0,0,0,0,0,0,0,0,0,0,0,0,0,0,0,0,0,0,0,0,0,0,0,0,0,0,0,0,0,0,0,0,0,0,0,0,0,0,0,0,0,0,0,0,0,0,0,0,0,0,0,0,0,0,0,0,0,0,0,0,0,0,0,0,0,0,0,0,0,0,0,0,0,1,0,0,0,0,0,0,Eukaryota;Arthropoda;Malacostraca;Decapoda;Pandalidae;Pandalus;Pandalus borealis
0,0,0,0,0,0,0.4306184181044141,0.6594283593170008,0.4213215886072065,0,0.48504210588304575,0.5282290820471162,0,0,0,0,0,0,0,0,0,0,0,0,0.17758732212160416,0,0,0,0,0,0,0,0,0,0,0,0,0,0,0,0,0,0,0,0,0,0,0,0,0,0,0,0,0,0,0,0,0,0,0,0,0,0,0,0,0,0,0,0,0,0,0,0,0,0,0,0,0.09781950333131435,0,0,0,0,0,0,0,0,0,0,0,0,0,0,0,0.07168460786727242,0,0,0,0,0,0,0,0,0,0,0,0.46340485684747984,0,0,0,0,0,0,0,0,0,0,0,0,0,0,0,0,0,0,0,0,0,0,0,0,0,0,0,0,0,0,0.03017430870004836,0,0,0,0,0,0.2614637398219133,0,0,0,0,0,0,0,0,0,0,0,0,0,0,0,0.02851716950690035,0,0.2796907153480981,0,0,0,1,0,0,0,0.046502765097942905,0,0,0,0,0,0,0,0.09286506744598233,0,0,0,0,0,0,0,0,0,0,0,0,0,0,0,0,0,0,0,0,0,0,0,0,0,0,0,0,0,0,0,0.7087600034420446,0.14244578188232854,0,Eukaryota;Echinodermata;Ophiuroidea;Ophiurida;;;
0,0,0,0,0,0,0,0,0,0,0,0,0,0,0,0,0,0,0,0,0,0,0,0,0,0,0,0,0,0,0,0,0,0,0,0,0,0,0,0,0,0,0,0,0,0,0,0,0,0,0,0,0,0,0,0,0,0,0,0,0,0,0,0,0,0,0,0,0,0,0,0,0,0,0,0,0,0,0,0,0,0,0,0,0,0,0,0,0,0,0,0,0,0,0,0,0,0,0,0,0,0,1,0,0,0,0,0,0,0,0,0,0,0,0,0,0,0,0,0,0,0,0,0,0,0,0,0,0,0,0,0,0,0,0,0,0,0,0,0,0,0,0,0,0,0,0,0,0,0,0,0,0,0,0,0,0,0,0,0,0,0,0,0,0,0,0,0,0,0,0,0,0,0,0,0,0,0,0,0,0,0,0,0,0,0,0,0,0,0,0,0,0,0,0,0,0,0,0,0,0,0,0,0,0,0,0,0,0,0,0,Eukaryota;;Phaeophyceae;Fucales;Sargassaceae;Sargassum;Sargassum lapazeanum
0,0,0,0,0,0,0.021516585368386455,0.023064625649377616,0.012157560832939155,0,0.013077318983227663,0.0030792847224905533,0.06882064706020928,0.06815145667750686,0,0,0,0,0,0.08798758284460766,0,0,0,0,0,0,0,0.0040918919592257,0,0.00917747603565812,0,0,0,0,0,0,0,0,0,0,0,0,0,0,0,0,0.08961362550989013,0.08741911770684321,0.10314892183030364,0.07069757822212232,0.06095515457570139,0,0.004696720469945453,0,0,0,0,0,0.0086518416191355,0.006348649662769233,0.011178657251421618,0.01104283814387175,0,0.0030646748100819792,0.1454594291016531,0.015608434895688467,0.013348934935227607,0.02290756691295533,0,0,0,0,0,0,0,0.007856203705972184,0,0,0,0,0,0,0,0,0,0,0,0,0.002154110448350548,0,0,0,0,0,0,0,0,0,0,0,0,0,0,0,0,0,0,0,0,0,0,0,0,0.9075572648574393,0.9773977741653121,0,0,0,0,0,0,0.8643060734104593,0,0,0,0,0,0,0,0,0,0,0,0,0,0,0,0,0,0,0,0,0,0,0,0,0,0,0,0,0,0,0,0,0,0,0.0031148502882871985,0.002680679746232648,0.0035741470482761905,0.012001242241309629,0.008804391561826152,0.012718848898035241,0,0,0,0.015928742574757876,0.02094777993842165,0.021224447225698793,0.022669526409544935,0.019706645317591878,1,0.9824172583711636,0.0030390311059771617,0.0011766662915686113,0,0.04775043053265452,0.07941636989768806,0.074787265790726,0,0,0,0,0,0,0,0,0,0,0,0,0,0,0,0.011579174840333575,0.008973957133962764,0.017646740614663477,0,0,0,0,0,0,0,0,0,0,0.024026691679064564,0,0.02220778322359132,0.13421024545733848,0.1459816991235279,Eukaryota;Mollusca;Gastropoda;Pteropoda;Limacinidae;Limacina;Limacina inflata
0,0,0,0,0,0,0,0,0,0,0,0,0,0,0,0,0,0,0,0,0,0,0,0,0,0,0,0,0,0,0,0,0,0,0,0,0,0,0,0,0,0,0,0,0,0,0,0,0,0,0,0,0,0,0,0,0,0,0,0,0,0,0,0,0,0,0,0,0,0,0,0,0,0,0,0,0,0,0,0,0,0,0,0.2191412133632929,0,0,0,0,0,0,0,0,0,0,0,0,0,0,0,0,0,0,0,0,0,0,0,0,0,0,0,0,0,0,0,0,0,0,0,0,0,0,0,0,0,0.5884378028255215,0.20206619802487405,0.1719319518985162,0.25513870921374154,0,0,0,0,0,0,0,0,0,0,0,0,0,0,0,0,0,0,0,0,0,0,0,0,0,0,0,0,0,0,0,0,0,0,0,0,0.909112073380826,0,0,0,0.15138054795494119,0,1,0,0,0,0,0,0,0,0,0,0,0,0,0,0,0,0,0,0,0,0,0,0,0,0,0,0,0,0,0,0,0,0,0.6984064528821561,0.40363843092666285,0,0,0,0,0,Eukaryota;Arthropoda;Hexanauplia;Calanoida;Clausocalanidae;Clausocalanus;Clausocalanus jobei
0,0,0,1,0.17293452187800237,0.46394737504087746,0,0,0,0,0,0,0,0,0,0,0,0,0,0,0,0,0,0,0,0,0,0,0,0,0,0,0,0,0,0,0,0,0,0,0,0,0,0,0,0,0,0,0,0,0,0,0,0,0,0,0,0,0,0,0,0,0,0,0,0,0,0,0,0,0,0,0,0,0,0,0,0,0,0,0,0,0,0,0,0,0,0,0,0,0,0,0,0,0,0,0,0,0,0,0,0,0,0,0,0,0,0,0,0,0,0,0,0,0,0,0,0,0,0,0,0,0,0,0,0,0,0,0,0,0,0,0,0,0,0,0,0,0,0,0,0,0,0,0,0,0,0,0,0,0,0,0,0,0,0,0,0,0,0,0,0,0,0,0,0,0,0,0,0,0,0,0,0,0,0,0,0,0,0,0,0,0,0,0,0,0,0,0,0,0,0,0,0,0,0,0,0,0,0,0,0,0,0,0,0,0,0,0,0,0,Eukaryota;Chordata;Actinopteri;Pleuronectiformes;Paralichthyidae;Hippoglossina;Hippoglossina stomata
0,0,0,0,0,0,0,0,0,0,0,0,0,0,0,0,0,0,0,0,0,0,0,0.38175502091578295,0,0,0,0,0,0,0,0,0,0,0,0,0,0,0,0,0,0,0,0,0,0,0,0.4351459135701037,0.18476208806605096,0,0,0,0,0,0,0,0,0,0,0,0,0,0,0,0,0,0,0,0,0,0,0,1,0.6461813310909343,0,0,0,0,0,0,0,0,0.08065505590697554,0,0,0,0,0,0,0,0,0,0,0,0,0,0,0,0,0,0,0,0,0,0,0.07983994584137136,0,0,0,0,0,0,0,0,0.1858996813245961,0,0,0,0,0,0,0,0,0,0,0.1206257303846674,0,0,0,0,0,0,0,0,0,0,0,0,0,0,0,0,0,0,0,0,0,0,0,0,0,0,0,0,0,0,0,0.0272611439432,0,0,0,0,0,0,0,0,0,0,0,0,0,0,0,0,0,0,0,0,0,0,0,0,0.025771255971202615,0,0,0,0,0,0,0,0,0,0,0,0,0,0,0,0,0,0.5331624652056298,0.24797994187703,0.3349656475094252,0,0,0,0,0,0,0,0,Eukaryota;Bacillariophyta;Coscinodiscophyceae;Thalassiosirales;;;
0,0,0,0,0,0,0,0,0,0,0,0,0.152144337911376,0,0,0,0,0,0,0,0,0,0,0,0,0,0,0,0,0,0,0,0,0,0,0,0,0,0,0,0,0,0,0,0,0,0,0,0,0,0,0,0,0,0,0,0,0,0,0,0,0,0,0,0,0,0,0,0,0,0,0,0,0,0,0,0,0,0,0,0,0,0,0,0,0,0,0,0,0,0,0,0,0,0,0,0,0,0,0,0,0,0,0,0,0,0,0,0,0,0,0,0,0,0,0,0,0,0,0,0,0,0,0,0,0,0,0,0,0,0,0,0,0,0,0,0,0,0,0,0,0,0,0,0,0,0,0,0,0,0,0,0,0,0,0,0,0,0,0,0,0,0.8247244858963634,1,0,0,0,0,0,0,0,0,0,0,0,0,0,0,0,0,0,0,0,0,0,0,0,0,0,0,0,0,0,0,0,0,0,0,0,0,0,0,0,0,0,0,0,0,0,0,0,Eukaryota;Arthropoda;Insecta;Lepidoptera;Nymphalidae;Memphis;Memphis aulica
0,0,0,0,0,0,1,0.24362417572819772,0.17122184027990914,0.5038246875225778,0,0,0,0,0,0,0,0,0,0,0,0,0,0,0,0,0,0,0,0,0,0,0,0,0,0,0,0,0,0,0,0,0,0,0,0,0,0,0,0,0,0,0,0,0,0,0,0,0,0,0,0,0.5684770978753757,0.3560828493010787,0,0,0,0,0,0,0,0,0,0,0,0,0,0,0,0,0,0,0,0,0,0,0,0,0,0,0,0,0,0,0.012869771637249497,0,0,0,0,0,0,0,0.38488073267907347,0,0,0.35310779163238176,0,0,0,0,0,0,0,0,0,0,0,0,0,0,0,0,0,0,0,0.14226424236242158,0.026461896765992164,0,0,0,0,0,0,0,0,0.03251840985485845,0,0,0,0,0,0,0,0,0,0,0,0,0,0,0,0,0,0,0,0.35346895365677045,0,0.025118280480073765,0,0,0,0,0,0,0,0,0,0.12228379997661912,0,0.029736416616324937,0,0,0,0,0,0,0,0,0,0,0,0,0,0,0,0,0,0,0,0,0,0.26544409199048374,0,0,0,0,0,0,0,0,0,0,0,0.05386973735032831,0,0,0,0,0,0,0,Eukaryota;;Phaeophyceae;Ectocarpales;Chordariaceae;;
0,0,0,0,0,0,0,0,0,0,0,0,0,0,0,0,0,0,0,0,0,0,0,0,0,0,0,0,0,0,0,0,0,0,0,0,0,0,0,0,0,0,0,0,0,0,0,0,0,0,0,0,0,0,0,0,0,0,0,0,0,0,0,0,0,0,0.11494428002908136,0,0,0,0,0,0,0,0,0,0,0,0,0,0,0,0,0,0,0,0,0,0,0,0,0,0,0,0,0,0,0,0,0,0,0,0,0,0,0,0,0,0,0,0,0,0,0,0,0,0,0,0,0,0,0,0,0,0,0,0,0,0,0,0,0,0,0,0,0,0,0,0,0,0,0,0,0,0,0,0,0,0,0,0,0,0,0,0,0,0,1,0,0,0,0,0,0,0,0,0,0,0.03457605401767411,0,0,0,0,0,0,0,0,0,0,0,0,0,0.4448694410649022,0,0,0,0,0,0,0,0,0,0,0,0,0,0,0,0,0,0,0,0,0,0,0,0,0,0,0,0,Eukaryota;Arthropoda;Hexanauplia;Calanoida;Eucalanidae;Subeucalanus;Subeucalanus mucronatus
0,0,0,0,0,0,0,0,0,0,0,0,0,0,0,0,0,0,0,0,0,0,0,0,0,0,0,0,0,0,0,0,0,0,0,0,0,0,0,0.6063406726687502,0,0,0,0,0,0,0,0,0,0,0,0,0,0,0,0,0,0,0,0,0,0,0,0,0,0,0,0,0,0,0,0,0,0,0,0,0,0,0,0,0,0,0,0,0,0,0,0,0,0,0,0,0,0,0,0,0,0,0,0,0,0,0,1,0,0,0,0,0,0,0,0,0,0,0,0.025397561742888798,0,0,0,0,0,0,0,0,0,0,0,0,0,0,0,0,0,0,0,0,0,0,0,0,0,0,0,0,0.10892040122008446,0,0,0,0,0,0,0,0,0,0,0,0,0,0,0,0,0,0,0,0,0,0,0,0,0,0,0,0,0,0,0,0,0,0,0,0,0,0,0,0,0,0,0,0,0,0,0,0,0,0,0,0,0,0,0,0,0,0,0,0,0,0,0,0,0,0,Eukaryota;Cnidaria;Scyphozoa;Semaeostomeae;Pelagiidae;;
0,0,0,0,0,0,0,0,0,0,0,0.32294049848856027,0,0,0,0,0,0,0,0,0,0,0,0,0,0,0,0,0,0,0,0,0,0,0,0,0,0,0,0,0,0,0,0,0,0,0,0,0,0,0,0,0,0,0,0,0,0,0,0,0,0,0,0,0,0.2329238719362568,0.1546574114064214,0,0,0,0,0,0,0,0,0,0,0,0,0,0,0,0,0,0,0,0.06525011397995772,0,0,0,0,0,0,0,0,0,0,0,0,0,0,0,0,0,0,0,0,0,0,0,0,0,0,0,0,0,0,0,0,0,0,0,0.5989006638574995,0.09786354656425356,0.47978210160804485,0,0,0,0,0,0,0,0,0,0,0,0,0,0,0,0,0,0,0,0,0,0,0,0,0,0,0,0,0.26004907194398225,0,0,0,0.0371001556674541,0,0,0,0,1,0.5482166072504405,0.25010365123587147,0,0,0,0,0,0,0,0,0,0,0,0,0,0,0,0,0,0,0,0,0,0,0,0,0,0,0,0,0,0,0,0,0,0,0,0,0,0,0,0,0,0.09730535649811671,0.28578494686227457,0,0,0,Eukaryota;Echinodermata;Asteroidea;;;;
0,0,0,0,0,0,0,0,0,0,0,0,0,0,0,0,0,0,0,0,0,0,0,0,0,0,0,0,0,0,0,0,0,0,0,0,0,0,0,0,0,0,0,0,0,0,0,0,0,0,0,0,0,0,0,0,0,0,0,0,0,0,1,0.6833239524884384,0,0,0,0,0.37330112651410996,0,0,0,0,0,0,0,0,0,0,0,0,0,0,0,0,0,0,0,0,0,0,0,0,0,0.04116187772990786,0,0,0,0,0,0,0,0,0.4203941127872464,0,0,0,0,0,0,0,0,0,0,0,0,0,0,0,0,0,0,0,0,0,0,0,0,0,0,0,0,0,0,0,0,0,0,0,0,0,0,0,0,0,0,0,0,0,0,0,0,0,0,0,0,0,0,0,0,0,0,0,0,0,0,0,0,0,0,0,0,0,0,0,0,0,0,0,0,0,0,0,0,0,0,0,0,0,0,0,0,0,0,0,0,0,0,0,0,0,0,0,0,0,0,0,0,0,0,0,Eukaryota;Bacillariophyta;Bacillariophyceae;Bacillariales;Bacillariaceae;Nitzschia;Nitzschia sp. PL3-2
0,0,0,0,0,0,0,0,0,0,0,0,0,0,0,0,0,0,0,0,0,0,0,0,0,0,0,0,0,0,0,0,0,0,0,0,0,0,0,0,0,0,0,0,0,0,0,0,0,0,0,0,0,0,0,0,0,0,0,0,0,0,0,0,0,0,0,0,0,0,0,0,0,0,0,0,0,0,0,0,0,0,0,0,0,0,0,0,0,0,0,0,0,0,0,0,0,0,0,0,0,0,0,0,0,0,0,0,0,0,1,0,0,0.4201248049921997,0,0,0,0,0,0,0,0,0,0,0,0,0,0,0,0,0,0,0,0,0,0,0,0,0,0,0,0,0,0,0,0,0,0,0,0,0,0,0,0,0,0,0,0,0,0,0,0,0,0,0,0,0,0,0,0,0,0,0,0,0,0,0,0,0,0,0,0,0,0,0,0,0,0,0,0,0,0,0,0,0,0,0,0,0,0,0,0,0,0,0,0,0,0,0,0,0,Eukaryota;Chordata;Actinopteri;Aulopiformes;Scopelarchidae;Benthalbella;Benthalbella dentata
0,0,0,0,0.016533250000155424,0,0.13644119035836003,0.218927970843381,0.14500372781259185,0.31668931024231867,0.31995690351147443,0.3332953058413477,0.022105125455165516,0,0,0,0,0,0,0,0,0,0,0,0,0.04232864274147621,0.04029838429192832,0.028333528313482025,0.06631242289369431,0.14172806924962836,0,0.023369003608793924,0.019169366096962633,0.010648850164966884,0.01440349648841899,0.0086003803847177155,0,0,0,0,0,0,0.008993636556183494,0.010990175185433005,0.017004432261696904,0.009010396802818529,0,0.012072805804719403,0,0.009661814726721039,0.017603813471905014,0,0.017801268600059206,0,0,0,0,0,0.013873439275033112,0,0.01180032120785309,0.016097691436130254,0.09093674225757913,0.026805168455081765,0,0,0,0,0,0,0.01382018001611751,0.00996047930208569,1,0.9567799507144163,0.004582877626541599,0,0,0.012157149553779702,0,0,0,0,0,0,0,0.006615850920839449,0,0.07266495757847034,0.07913186470731719,0,0,0,0.029298690215746655,0.002055938513598825,0.002482573980513442,0,0,0,0,0,0,0,0.01684056356580669,0,0,0,0,0,0,0,0,0.01221696929358818,0.012626475471610523,0,0,0,0,0.06771476811389857,0,0.061372556666562585,0.06666268153988948,0.004499791854382029,0,0.013092781387178266,0,0,0,0,0,0,0,0,0,0.010099479923663269,0.015959677664240772,0.01580946747401095,0.005625160183638528,0.02007440603182438,0.008139881060115957,0.0025781500117815184,0,0.005406238081691117,0,0.0034466365079152206,0,0,0,0.00575141162707505,0.0012527467364817405,0.01208438576731601,0,0,0,0,0,0,0.14867455342880473,0.12810517958230216,0.11432172188568845,0.033860911935251724,0.018182345920921595,0.011919146928679217,0.743346428914631,0.8032887686183184,0.7791490802253671,0,0,0,0,0,0,0,0,0,0,0,0.003906321721431372,0,0,0,0,0.01139205116606353,0.006435042202700773,0.00721209967126781,0,0.00513487608524839,0,0.010708078827746124,0.012571086548208914,0.016625359231423834,0,0.00666069110524609,0.0661382763769257,0.12483005671126614,0.169539884913512,0.1419442636942596,0,0,0.007480345571636453,0,0,0,0,0,0.007229234751378029,0,0.19899100789083574,0.19663226242421708,0.17617143956248252,0.3935594905691812,0.4199688809661606,Eukaryota;Echinodermata;Ophiuroidea;Ophiurida;Ophiuridae;;
0,0,0,0,0,0,0,0,0,0,0,0,0,0,0,0,0,0,0,0,0,0,0,0,0,0,0,0,0,0,0,0,0,0,0,0,0,0,0,0,0,0,0,0,0,0,0,0,0,0,0,0,0,0,0,0,0,0,0,0,0,0,0,0,0,0,0,0,0,0,0,0,0,0,0,0,0,0,0,0,0,0,0,0,0,0,0,0,0,0,0,0,0,0.004909067248211889,0,0,0,0,0,0,0,0,0,0,0,0,0,0,0,0,0,0,0,0,0,0,0,0,0,0,0,0,0,0,0,0,0,0,0,0,0,0,1,0.9495294438298623,0,0,0,0,0,0,0,0,0,0,0,0,0.028172598491118913,0,0.010744870708471355,0,0,0,0,0,0,0,0,0,0,0,0,0,0,0,0,0,0,0,0,0,0,0,0,0,0,0,0,0,0,0,0,0,0,0,0,0,0,0,0,0,0,0,0,0,0,0,0,0,0,0,0,0,0,0,0,0,0,0,0,0,0,Eukaryota;Cnidaria;Hydrozoa;Anthoathecata;Rathkeidae;Rathkea;Rathkea octopunctata
0,0,0,0,0.2718096687223249,0,0,0,0,0,0,0,0,0,0,0,0,0,0,0,0,0,1,0,0,0,0,0,0,0,0,0,0,0,0,0,0,0,0,0,0,0,0,0,0,0,0,0,0,0,0,0,0,0,0,0,0,0,0,0,0,0,0,0,0,0,0,0,0,0,0,0,0,0,0,0,0,0,0,0,0,0,0,0,0,0,0,0,0,0,0,0,0,0,0,0,0,0,0,0,0,0,0,0,0,0,0,0,0,0,0,0,0,0,0,0,0,0,0,0,0,0,0,0,0,0,0,0,0,0,0,0,0,0,0,0,0,0,0,0,0,0,0,0,0,0,0,0,0,0,0,0,0,0,0,0,0,0,0,0,0,0,0,0,0,0,0,0,0,0,0,0,0,0,0,0,0,0,0,0,0,0,0,0,0,0,0,0,0,0,0,0,0,0,0,0,0,0,0,0,0,0,0,0,0,0,0,0,0,0,0,Eukaryota;Chordata;Actinopteri;Perciformes;Cottidae;Icelinus;Icelinus limbaughi
0,0,0,0,0,0,0,0,0,0,0,0,0,0,0,0,0,0,0,0,0,0,0,0,0,0,0,0,0,0,0,0,0,0,0,0,0,0,0,0,0,0,0,0,0,0,0,0,0,0,0,0,0,0,0,0,0,0,0.8744534140598722,1,0,0.4270847023261927,0,0,0,0,0,0,0,0,0,0,0,0,0,0,0,0,0,0,0,0,0,0,0,0,0,0,0,0,0,0,0,0,0,0,0,0,0,0,0,0,0,0,0,0,0,0,0,0,0,0,0,0,0,0,0,0,0,0,0,0,0,0,0,0,0,0,0,0,0,0,0,0,0,0,0,0,0,0,0,0,0,0,0,0,0,0,0,0,0,0,0,0,0,0,0,0,0,0,0,0,0,0,0,0,0,0,0,0,0,0,0,0,0,0,0,0,0,0,0,0,0,0,0,0,0,0,0,0,0,0,0,0,0,0,0,0,0,0,0,0,0,0,0,0,0,0,0,0,0,Eukaryota;Annelida;Polychaeta;Golfingiida;Sipunculidae;Sipunculus;Sipunculus aff. titubans MCZ 100629_2
0,0,0,0,0,0,0,0,0,0,0,0,0,0,0,0,0,0,0,0,0,0,0,0,0,0,0,0,0,0,0,0,0,0,0,0,0,0,0,0,0,0,0,0,0,0,0,0,0,0,0,0,0,0,0,0,0,0,0,0,0,0,0,0,0,0,0,0,0,0,0,0,0,0,0,0,0,0,0,0,0,0,0,0,0,0,0,0,0,0,0,0,0,0,0,0,0,0,0,0,0,0,0,0,0,0,0,0,0,0,0,0,0,0,0,0,0,0,0,0,0,0,0,0,0,0,0,0,0,0,0,0,0,0,0,0,0,0,0,0,0,0,0,0,0,0,0,0,0,0,0,0,0,0,0,0,0,0,0,0,0,0,0,0,0,0,0,0,0,0,0,0,0,0,0,0,0,0,0,0,0,0,0,0,0,0,0,0,0,0,1,0,0,0,0,0,0,0,0,0,0,0,0,0,0,0,0,0,0,0,0,Eukaryota;Mollusca;Gastropoda;Littorinimorpha;Littorinidae;Echinolittorina;
0,0,0,0,0,0,0,0,0,0,0,0,0,0,0,0,0,0,0,0,0,0,0,0,0,0,0,0,0,0,0,0,0,0,0,0,0,0,0,0,0,0,0,0,0,0,0,0,0,0,0,0,0,0,0,0,0,0,0,0,0,0,0,0,0,0,0,0,0,0,0,0,0,0,0,0,0,0,0,0,0,0,0,0,0,0,0,0,0,0,0,0,0,0,0,0,0,0,0,0,0,0,0.6041459455626653,0,0,0,0,0,0,0,0,0,0,0,0,0,0,0,0,0,0,0,0,0,0,0,0,0,0,0,0,0,0,0,0,0,0,0,0,0,0,0,0,0,0,0,0,0,0,0,0,0,0,0,0,0,0,0,0,0,0,0,0,0,0,0,0,0,0,0,0,0,0,0,0,0,0,0,0,0,0,0,0,0,0,0,0,0,0,0,0,1,0,0,0,0,0,0,0,0,0,0,0,0,0,0,0,0,0,0,0,Eukaryota;;Dinophyceae;Gymnodiniales;Kareniaceae;Karlodinium;Karlodinium veneficum
0,0,0,0,0,0,0,0,0,0,0,0,0,0,0,0,0,0,0,0,0,0,0,0.53533175765262,0,0,0,0,0,0,0,0,0,0,0,0,0,0,0,0,0,0,0,0,0,0,0,0,0,0,0,0,0,0,0,0,0,0,0,0,0,0,0,0,0,0,0,0,0,0,0,0,0,0,0,0,0,0,0,0,0,0,0,0,0,0,0,0,0,0,0,0,0,0,0,0,0,0,0,0.27418583365319316,0,0,0,0.20601083198188547,0,0,0,0,0,0,0,0,0,0,0,0,0,0,0,0,0.19640974392326685,0,0,0,0,0,0,0,0,0,0,0,0,0,0,0,0,0,0,0,0,0,0,0,0,0,0,0,0,0,0,0,0,0,0,0,0,0.00912260663867153,0.01753758003403118,0,0,0,0,0,0,0,0,0,0,0,0,0,0,0,0,0,0,0,0,0,0,0,0,0,0,0,0,0,0,0,0.6415474956822107,0,1,0,0,0,0,0,0,0,0,0,0,0,0,0,0,0,0,0,0,Eukaryota;Arthropoda;Malacostraca;Decapoda;Cancridae;Romaleon;Romaleon branneri
0,0,0,0,0,0,0,0,0,0,0,0,0,0,0,0,0,0,0,0,0,0,0,0,0,0,0,0,0,0,0,0,0,0,0,0,0,0,0,0,0,0,0,0,0,0,0,0,0,0,0,0,0,0,0,0,0,0,0,0,0,0,0,0,1,0,0,0,0.9120090860182916,0.8114432808752121,0,0,0,0,0,0,0,0,0,0,0,0,0,0,0,0,0,0,0,0,0,0,0,0.06725525740587399,0,0,0,0,0,0,0,0,0,0,0,0,0,0,0,0,0,0,0,0,0,0,0,0,0,0,0,0,0,0,0,0,0,0,0,0,0,0,0,0,0,0,0,0,0,0,0,0,0,0,0,0,0,0,0,0,0,0,0,0,0,0,0,0,0,0,0,0,0,0,0,0,0,0,0,0,0,0,0,0,0,0,0,0,0,0,0,0,0,0,0,0,0,0,0,0,0,0,0,0,0,0,0,0,0,0,0,0,0,0,0,0,0,0,0,0,0,Eukaryota;Bacillariophyta;Coscinodiscophyceae;Thalassiosirales;Thalassiosiraceae;Thalassiosira;Thalassiosira nordenskioeldii
0,0,0,0,0,0,0,0,0,0,0,0,0,0,0,0,0,0,0,0,0,0,0,0,0,0,0,0,0,0,0,0,0,0,0,0,0,0,0,0,0,0,0,0,0,0,0,0,0,0,0,0,0,0,0,0,0,0,0,0,0,0,0,0,0,0,0,0,0,0,0,0,0,0,0,0,0,0,0,0,0,0,0,0,0,0,0,0,0,0,0,0,0,0,0,0,0,0.4991096327655142,0,0,0,0,0.42512455020432044,1,0,0,0,0,0,0,0,0,0,0,0,0,0,0,0,0,0,0,0,0,0,0,0,0,0,0,0,0,0,0,0,0,0,0,0,0,0,0,0,0,0,0,0,0,0,0,0,0,0,0,0,0,0,0,0,0,0,0,0,0,0,0,0,0,0,0,0,0,0,0,0,0,0,0,0,0,0,0,0,0,0,0,0,0,0,0,0,0,0,0,0,0,0,0,0,0,0,0,0,0,0,0,0,0,0,0,0,Eukaryota;Cnidaria;Scyphozoa;Rhizostomeae;Lobonematidae;Lobonema;Lobonema smithii
0,0.627173948172998,0,0,0,0,0,0,0,0,0,0,0,0,0,0,0,0,0,0,0,0,0,0,0,0,0,0,0,0,0,0,0,0,0,0,0,0,0,0,0,0,0,0,0,0,0,0,0,0,0,0,0,0,0,0,0,0,0,0,0,0,0,0,0,0,0,0,1,0,0,0,0,0,0,0,0,0,0,0,0,0,0,0,0,0,0,0,0,0.06533145098774328,0,0,0,0,0,0,0,0,0,0,0,0,0,0,0,0,0,0,0,0,0,0,0,0,0,0,0.03715758779754501,0,0,0,0.09266783547013874,0,0,0,0,0,0,0,0,0,0,0,0,0,0,0,0,0,0.04359700718494523,0,0,0,0,0,0,0,0,0,0,0,0,0,0,0,0,0.288421088927968,0,0,0,0,0,0,0,0,0,0,0,0,0,0,0,0,0,0,0,0,0,0,0,0,0,0,0,0,0,0,0,0,0,0,0,0,0,0,0,0,0,0,0,0,0,0,0,0,0,0,0,0,0,0,0,Eukaryota;Arthropoda;Hexanauplia;Calanoida;Euchaetidae;Paraeuchaeta;Paraeuchaeta polaris
0,0,0,0,0,0,0,0,0,0,0,0,0,0,0,0,0,0,0,0,0,0,0,0,0,0,0,0,0,0,0,0,0,0,0,0,0,0,0,0,0,0,0,0,0,0,0,0,0,0,0,0,0,0,0,0,0,0,0,0,0,0,0,0,0,0,0,0,0,0,0,0,0,0,0,0,0,0,0,0,0,0,0,0,0,0,0,0,0,0,0,0,0,0,0,0,0,0,0,0,0,0,0,0,0,0,0,0,0,0,0,0,0,0,0,0,0,0,0,0,0,0,0,0,0,0,0,0,0,0,0,0,0,0,0,0,0,0,0,0,0,0,0,0,0,0,0,0,0,0,0,0,0,0,0,0,0,0,0,0,0,0,0,0,0,0,0,0,0,0,0,0,0,0,0,0,0,0,0,0,0,0,0,0,1,0.7132809245662436,0,0,0,0,0,0,0,0,0,0,0,0,0,0,0,0.708340583939998,0.745514691377383,0.20701429123213597,0,0,0,0,0,0,0,Eukaryota;Cnidaria;Scyphozoa;Coronatae;Atollidae;Atolla;Atolla vanhoeffeni
0,0,0,0,0,0,0,0,0,0,0,0,0,0,0,0,0,0,0,0,0,0,0,0,0,0,0,0,0,0,0,0,0,0,0,0,0,0,0,0,0,0,0,0,0,0,0,0,0,0,0,0,0,0,0,0,0,0,0,0,0,0,0,0,0,0,0,0,0,0,0,0,0,0,0,0,0,0,0,0,0,0,0,0,0,0,0,0,0,0,0,0,0,0,0,0,0,0,0,0,0,0,0,0,0,0,0,0,0,0,0,0,0,0,0,0,0,0,0,0,0,0,0,0,0,0,0,0,0,0,0,0,0,0,0,0,0,0,0,0,0,0,0,0,0,0,0,0,0,0,0,0,0,0,0,0,0.9469334084246595,1,0.9726408117543148,0.3705325600070959,0.33586312236651233,0.363843432413996,0.008520938802692926,0.009757868780757534,0,0,0,0,0,0,0,0,0,0,0,0,0,0,0,0,0,0,0,0,0,0,0,0,0,0,0,0,0,0,0,0,0,0,0,0,0,0,0,0,0,0,0,0,0,0,0,Eukaryota;Arthropoda;Hexanauplia;Calanoida;Temoridae;Temora;Temora discaudata
0,0,0,0,0,0,0,0,0,0,0,0,0,0,0,0,0,0,0,0,0,0,0,0,1,0,0,0,0,0,0,0,0,0,0,0,0,0,0,0,0,0,0,0,0,0,0,0,0,0,0,0,0,0,0,0,0,0,0,0,0,0,0,0,0,0,0,0,0,0,0,0,0,0,0,0,0,0,0,0,0,0,0,0,0,0,0,0,0,0,0,0,0,0,0,0,0,0,0,0,0,0,0,0,0,0,0,0,0,0,0,0,0,0,0,0,0,0,0,0,0,0,0,0,0,0,0,0,0,0,0,0,0,0,0,0,0,0,0,0,0,0,0,0,0,0,0,0,0,0,0,0,0,0,0,0,0,0,0,0,0,0,0,0,0,0,0,0,0,0,0,0,0,0,0,0,0,0,0,0,0,0,0,0,0,0,0,0,0,0,0,0,0.934436206398257,0,0,0,0,0,0,0,0,0,0,0,0,0,0,0,0,0,0,Eukaryota;Arthropoda;Malacostraca;Decapoda;Paguridae;Pagurus;Pagurus sp. 10BIOBC-01124
0,0,0,0,0,0,0,0,0,0,0,0,0,0,0,0,0,0,0,0,0,0,0,0,0,0,0,0,0,0,0,0,0,0,0,0,0,0,0,0,0,0,0,0,0,0,0,0,0,0,0,0,0,0,0,0,0,0,0,0,0,0,0,0,0,0,0,0,0,0,0,0,0,0,0,0,0,0,0,0,0,0,0,0,0,0,0,0,0,0,0,0,0,0,0,0,0,0,0,0,0,0,0,0,0,0,0,0,0,0,0,0,0,0,0,0,0,0,0,0,0,0,0,0,0,0,0,0,0,0,0,0,0,0,0,0,0,0,0,0,0,0,0,0,0,0,0,0,0,0,0,0,0,0,0,0,0.6424161093729147,0.8062708915655706,1,0,0,0,0,0,0,0,0,0,0,0,0,0,0,0,0,0,0,0,0,0,0,0,0,0,0,0,0,0,0,0,0,0,0,0,0,0,0,0,0,0,0,0,0,0,0,0,0,0,0,0,0,Eukaryota;Mollusca;Gastropoda;Littorinimorpha;Pterotracheidae;Firoloida;Firoloida demarestia
0,0,0,0,0,0,0,0,0,0,0,0,0,0,0,0,0,0,0,0,0,0,0,0,0,0,0,0,0,0,0,0,0,0,0,0,0,0,0,0,0,0,0,0,0,0,0,0,0,0,0,0,0,0,0,0,0,0,0,0,0,0,0,0,0,0,0,0,0,0,0,0,0,0,0,0,0,0,0,0,0,0,0,0,0,0,0,0,0,0,0,0,0,0,0,0,0,0,0,0,0,0,0,0,0,0,0,0,0,0,1,0,0,0,0,0,0,0,0,0,0,0,0,0,0,0,0,0,0,0,0,0,0,0,0,0,0,0,0,0,0,0,0,0,0,0,0,0,0,0,0,0,0,0,0,0,0,0,0,0,0.8961852176334358,0,0,0,0,0,0,0,0,0,0,0,0.05302940795877147,0,0,0,0.28338888062068646,0,0,0,0,0,0,0,0,0,0,0,0,0,0,0,0,0,0,0,0,0,0,0,0,0,0,0,0,0,0,0,0,0,0,Eukaryota;Arthropoda;Hexanauplia;Calanoida;Acartiidae;Paracartia;Paracartia grani
0,0,0,0,0,0,0,0,0,0,0,0,0,0,0,0,0,0,0,0,0,0,0,0,0,0,0,0,0,0,0,0,0,0,0,0,0,0,0,0,0,0,0,0,0,0,0,0,0,0,0,0,0,0,0,0,0,0,0,0,0,0,0,0,0,0,0,0,0,0,0,0,0,0,0,0,0,0,0,0,0,0,0,0,0,0,0,0,0,0,0,0,0,0,0,0,0,0,0,0,0,0,1,0,0,0,0,0,0,0,0,0,0,0,0,0,0,0,0,0,0,0,0,0,0,0,0,0,0,0,0,0,0,0,0,0,0,0,0,0,0,0,0,0,0,0,0,0,0,0,0,0,0,0,0,0,0,0,0,0,0,0,0,0,0,0,0,0,0,0,0,0,0,0,0,0,0,0,0,0,0,0,0,0,0,0,0,0,0,0,0,0,0,0,0,0,0,0,0,0,0,0,0,0,0,0,0,0,0,0,0,Eukaryota;Arthropoda;Hexanauplia;Calanoida;Diaptomidae;Eudiaptomus;Eudiaptomus graciloides
0,0,0,0,0,0,0,0,0,0,0,0,0.09026518096225275,0,0,0,0,0,0,0,0,0,0,0,0.2403334770734512,0,0,0,0,0,0,0,0,0,0,0,0,0,0,0,0,0,0,0,0,0,0,0,0,0,0,0,0,0,0,0,0,0,0,0,0,0,0,0,0,0,0,0,0,0,0,0,0,0,0,0,0,0,0,0,0,0,0,0,0,0,0,0,0,0,0,0,0,0,0,0,0,0,0,0,0,0,0,0,0,0,0,0,0,0,0,0,0,0,0,0,0,0,0,0.06907321264799927,0,0,0,0,0,0,0,0,0,0,0,0,0,0,0,0,0,0,0,0,0,0,0,0,0,0,0,0,0,0,0,0,0,0,0,0,0,0,0,0,0,0,0,0,0,0,0,0,0,0,0,0,0,0,0,0,0,0,0,0,0.22989264343541008,0,0,0,0,0,0,0,0,0,0,0,0,0.5938920794448433,1,0.5120935279498757,0,0,0,0,0,0,0,0,0,0,0,0,0,0,0,Eukaryota;Mollusca;Gastropoda;Neogastropoda;;;
0,0,0,0,0,0,0,0,0,0,0,0,0,0,0,0,0,0,0,0,0,0,0,0,0,0,0,0,0,0,0,0,0,0,0,0,0,0,0,0,0,0,0,0,0,0,0,0,0,0,0,0,0,0,0,0,0,0,0,0,0,1,0,0,0,0,0,0,0,0,0,0,0,0,0,0,0,0,0,0,0,0,0,0,0,0,0,0,0,0,0,0,0,0,0,0,0,0,0,0,0,0,0,0,0,0,0,0,0,0,0,0,0,0,0,0,0,0,0,0,0,0,0,0,0,0,0,0,0,0,0,0,0,0,0,0,0,0,0,0,0,0,0,0,0,0,0,0,0,0,0,0,0,0,0,0,0,0,0,0,0,0,0,0,0,0,0,0,0,0,0,0,0,0,0,0,0,0,0,0,0,0,0,0,0,0,0,0,0,0,0,0,0,0,0,0,0,0,0,0,0,0,0,0,0,0,0,0,0,0,0,Eukaryota;Mollusca;Gastropoda;Stylommatophora;Zonitidae;Striatura;Striatura milium
0,0,0,0,0,0,0,0,0,0,0,0,0,0,0,0,0,0,0,0,0,0,0,0,0,0,0,0,0,0,0,0,0,0,0,0,0,0,0,0,0,0,0,0,0,0,0,0,0,0,0,0,0,0,0,0,0,0,0,0,0,0,0,0.3124343582631704,0,0,0,0,0,0,0,0,0,0.8798413004474045,0,0,0,0,0,0,0,0,0,0,0,0,0,0,0,0,0,0,0,0,0,0,0,0,0,0,0,0,0,0,0,0,0,0,0,0,0,0,0,1,0,0,0,0,0,0,0,0.6293814191979801,0,0,0,0,0,0,0,0,0,0,0,0,0,0,0,0,0,0,0,0,0,0,0,0,0,0,0,0,0,0,0,0,0,0,0,0.023508577985136205,0,0,0,0,0,0,0,0.22791400525720962,0,0,0.13818175658977155,0.11596150553543681,0,0,0,0,0,0,0,0,0,0,0,0,0,0,0,0,0,0,0,0,0,0,0,0,0,0,0,0,0,0,0,0,0,0,0,0,0,0,0,0,0,Eukaryota;Rhodophyta;Florideophyceae;Gigartinales;Kallymeniaceae;Callophyllis;Callophyllis variegata
0,0,0,0,0,0,0,0,0,0,0,0,0,0,0,0,0,0,0,0,0,0,0,0,0,0,0,0,0,0,0,0,0,0,0,0,0,0,0,0,0,0,0,0,0,0,0,0,0,0,0,0,0,0,0,0,0,0,0,0,0,0,0,0,0,0,0,0,0,0,0,0,0,0,0,0,0,0,0,0,0,0,0,0,0,0,0,0,0,0,0,0,0,0,0,0,0,0,0,0,0.4081679458091361,1,0.028649453537775173,0,0,0,0,0,0,0,0,0,0,0,0,0,0,0,0,0,0,0,0,0,0,0,0,0,0,0,0,0,0,0,0,0,0,0,0,0,0,0,0,0,0,0,0,0,0,0,0,0,0,0,0,0,0,0,0,0,0,0,0,0,0,0,0,0,0,0,0,0,0,0,0,0,0,0,0,0,0,0,0,0,0,0,0,0,0,0,0,0,0,0,0,0,0,0,0,0,0,0,0,0,0,0,0,0,0,0,0,Eukaryota;Arthropoda;Insecta;Coleoptera;Nitidulidae;Aethina;Aethina tumida
0,0,1,0,0,0,0,0,0,0,0,0,0,0,0,0,0,0,0,0,0,0,0,0,0,0,0.16751517405336488,0,0,0,0,0,0,0,0,0,0,0,0,0,0,0,0,0,0,0,0,0,0,0,0,0,0,0,0,0,0,0,0,0,0,0,0,0,0,0,0,0,0,0,0,0,0,0,0,0,0,0,0,0,0,0,0,0,0,0,0,0,0,0,0,0,0,0,0,0,0,0,0,0,0,0,0,0,0,0,0,0,0,0,0,0,0,0,0,0,0,0,0,0,0,0,0,0,0,0,0,0,0,0,0,0,0,0,0,0.05285698774428846,0.06115570508328183,0,0,0,0,0,0,0,0,0,0,0,0,0,0,0,0,0,0,0,0,0,0,0,0,0,0,0,0,0,0,0,0,0,0,0,0,0,0,0,0,0,0,0,0,0,0,0,0,0,0,0,0,0,0,0,0,0,0,0,0,0,0,0,0,0,0,0,0,0,0,0,0,0,0,Eukaryota;Arthropoda;Malacostraca;Decapoda;Pinnotheridae;Pinnixa;Pinnixa sp. HLC-24106
0,0,0,0,0,0,0,0,0,0,0,0,0,0,0,0,0,0,0,0,0,0,0,0,0,0,0,0,0,0,0,0,0,0,0,0,0,0,0,0,0,0,0,0,0,0,0,0,0,0,0,0,0,0,0,0,0,0,0,0,0,0,0,0,0,0,0,0,0,0,0,0,0,0,0,0,0,0,0,0,0,0,0,0,0,0,0,0,0,0,0,0,0,0,0,0,0,0,0,0,0,0,0,0,0,0,0,0,0,0,0,0,0,0,0,0,0,0,0,0,0,0,0,0,0,0,0,0,0,0,0,0,0,0,0,0,0,0,0,0,0,0,0,0,0,0,0,0,0,0,0,0,0,0,0,0,1,0,0,0,0,0,0,0,0,0,0,0,0,0,0,0,0,0,0,0,0,0,0,0,0,0,0,0,0,0,0,0,0,0,0,0,0,0,0,0,0,0,0,0,0,0,0,0,0,0,0,0,0,0,0,Eukaryota;Annelida;Clitellata;Haplotaxida;Enchytraeidae;;
0.6260725615680323,0.5956335605471275,0.5658493206703039,0.9688375535866727,0.943614494926767,1,0.04974477114991095,0.08266046781805786,0.05945206967551745,0.05399951297405117,0.08594513237536557,0.062776491050771,0.27590662207002076,0.2734129402884673,0,0.00937373497287039,0,0,0,0.04713655054770766,0.42382846213155495,0.43657357340402864,0.3101877251975488,0.3082283130040988,0.3732163695347947,0.1714688044910324,0.14998052148613175,0.088194272156712,0.07216083634202207,0.11137154587019314,0.789226958247879,0.6405086042966974,0.46498659841656,0.4108888951175987,0.06465988569123131,0.06430462817411792,0.08611376708315689,0.297711874498019,0.2803455824435231,0.7150479359637107,0.6424297156815854,0.655154393122146,0.011473591095531512,0.01643460166304919,0.04456910037633422,0.037006221731850704,0.07649272144363298,0.06102610823228525,0.0875235050257715,0.14456324104608045,0.12034090231837415,0.18955540534503706,0.36777493151915686,0.33523091812620387,0.5662658386609986,0.5896478683721439,0.45569396091529285,0.5267240809396964,0.1938083552978054,0.17224001393221475,0.20877059715781526,0.20633427478920868,0.3983813006182322,0.36188683866577653,0.2359531967230126,0.15426842349861794,0.1538963598639463,0.17161209781947534,0.3320398929530465,0.31229108344712464,0.31250172656848857,0.3287046572500565,0.1211373125363918,0.09125826523187057,0.1934337254581453,0,0.16729213016316982,0.18026052714109403,0.22677437353968002,0.4567126551619506,0.3485600697398463,0.30621156723521525,0.2531845056971284,0.2432996553229995,0.2680084692199343,0.2905744430580235,0.3046831297710059,0.5663679733625505,0.4685702077708398,0.37647797845473896,0.36465620796169224,0.2986760533285736,0.2680430909067954,0.17512088470889695,0.1742680776705119,0.10952726671326884,0.6018310487322232,0.11116499949097242,0.4835952975580264,0.07989708636282525,0.08976405989971266,0.06949027832390424,0.10369245383632383,0.14692141683331023,0.44196877439123883,0.10179923249949306,0.16451469987660297,0.10926587926074399,0.12502934566125629,0.1963527285602603,0.034721456034673866,0.18732298943065093,0.16168954428152446,0.20451851866314952,0.18727742553019333,0.06073145351000129,0.058392378253303213,0.800425815063034,0.49189343822635434,0.8732438629150017,0.4306003687649171,0.19068503896628886,0.4705911462476135,0.16482450137424148,0.30871615638330147,0.262663030680532,0.26710709064438143,0.26475449663225603,0.11802731949746247,0.12621952486733878,0.05200827421733325,0.2931670551948633,0.14150596645976316,0.12018317591809637,0.1928996027555016,0.20691798258616595,0.24020897445497907,0.13867965932559104,0.16248557408547173,0.18664916503497225,0.44545229480413406,0.4747044258464172,0.3874792540721137,0.09059542935190917,0.10389620648522994,0.13177226357009825,0.19097768377380991,0.19181772553828086,0.18339620499338263,0.039705018012847544,0.04489192671370096,0.05785821630268336,0.20052244174701295,0.1995902060558719,0.20077460930376542,0.29173954771487526,0.2664442224068212,0.3524335540741086,0.28428416355271974,0.04221983923818855,0.034961409224704004,0.05266242725703915,0.04919553836060762,0.05508151955965822,0.04510318283941249,0.627024176924606,0.450509159176243,0.4852165861991974,0.44529033356160513,0.41360326967822814,0.6212817997548912,0.6373876692857109,0.10547423988325068,0.17919013588577667,0.17310743751060337,0.03417327580716809,0.02255811876981091,0.032634040026538566,0.3810712944153889,0.356078668407938,0.38732146703971304,0.10250130371297456,0.10219248586908919,0.11707292944937843,0.272632902479693,0.27076618940066927,0.3647193409425696,0.45587493648355065,0.47716396486159357,0.38342583811712383,0.6013416183009418,0.6432130567650484,0.657683428372302,0.17858378249193402,0.18145061709912508,0.16277392839968366,0.13107237062726781,0.14760079781957164,0.13003110868588585,0.277565703162714,0.3118832791063973,0.36032131367663434,0.37769138980997075,0.35158159363940344,0.7318966532284971,0.7610570063062057,0.13427238577573294,0.145410432997844,0.15983666012254583,0.06814832746598912,0.05676554138341664,Eukaryota;Arthropoda;Hexanauplia;Calanoida;Calanidae;Calanus;Calanus pacificus
0.0033020903838419506,0.005077070419136388,0.006761296003822595,0,0,0,0,0.008983592199562329,0,0.04458824025239024,0.040748565390076485,0.023187835212184267,0.05997141422648355,0.07633786469414346,0,0,0,0,0.41666995865265594,0.7132921113289048,0,0,0,0,0,0,0,0.08075140932649029,0.13386961886882937,0.07685379865458233,0.02095877191054856,0,0,0,0.004398257029371798,0,0,0.018343213509312315,0.0064780736571167395,0,0,0,0,0,0.008077190709281121,0.01765493286798642,0.02244430717339295,0.020071251826014366,0.012174590774616814,0.09362397441246002,0.05554690577326392,0.004103581529159352,0,0,0.005666229022538672,0.0050068737941643925,0.08056662076653225,0.06134886895330759,0,0,0,0,0,0,0,0,0,0,0,0,0.008862284119629317,0.006083071307239148,0,0,0.033469681978455824,0,0.008712097684193091,0.0059968112017672,0,0,0,0,0,0,0,0,0,0,0.00536971901195575,0.005368012556781163,0,0,0,0.01374189143936587,0.009016834290580072,0.04935922814117509,0,0,0,0.004555388654324997,0.050396495486369916,0.06605081964288899,0.0041286979385256346,0.015421879090467107,0,0,0,0.0028088071174525693,0.011720110020193578,0,1,0.18279833543896978,0.176555505445313,0.01041976202857638,0.01194331182725268,0.04416637158548008,0.037276699953286786,0,0,0,0,0.009618406766100918,0,0.21456022312485648,0.0024889554335569973,0,0,6.038246563154722e-4,0.00537627968632712,0.006469576414514145,0.023150058455401964,0.09723177952782662,0.16104193049106513,0.14571809917752873,0.044727469473608346,0.03706339337180459,0.0289806989200041,0,0.0020469623170427664,0,0.14650754315609024,0.11459656425220276,0.11576499002692993,0,0,0,0,0.0010244810259875039,0,0,0,0,0,0.004721678694411131,0,0.1272940300909164,0.00471423969974512,0.0010104343764708143,0,0.059109079246310745,0.06706147887052921,0.059447373732277105,0.0023178990349690316,0.005972340501029025,0,0,0,0,0,0,0,0,0.1098466307717409,0.06599627499673244,0.12525816571764095,0.008563397121579252,0.00936195409193339,0.00846216691804927,0.004038653498226772,0,0,0,0,0,0,0,0,0,0,0,0,0,0,0,0,0,0.0037513442432954994,0.011619893682071917,0.0017766008539295006,0,0,0,0,0,0,0,0.025176348098550246,0.02335032800206116,0.011264927478033064,0,0,Eukaryota;Cnidaria;Hydrozoa;Trachymedusae;Rhopalonematidae;Rhopalonema;Rhopalonema velatum
0,0,0,0,0,0,0,0,0,0,0,0,0,0,0,0,0,0,0,0,0,0,0,0,0,0,0,0,0,0,0,0,0,0,0,0,0,0,0,0,0,0,0,0,0,0,0,0,0,0,0,0,0,0,0,0,0,0,0,0,0,0,0,0,0,0,0,0,0,0,0,0,0,0,0,0,0,0,0,0,0,0,0,0,0,0,0,0,0,0,0,0,0,0,0,0,0,0,0,0,0,0,0,0,0,0,0,0,0,0,0,0,0,0,0,0,0,0,0,0,0,0,0,0,0,0,0.5904868166058829,1,0,0,0,0,0,0,0,0,0,0,0,0,0,0,0,0,0,0,0,0,0,0,0,0,0,0,0,0,0,0.029243715534512136,0.0562190196281041,0,0,0,0,0,0,0,0,0,0,0,0,0,0,0,0,0,0,0,0,0,0,0,0,0,0,0,0,0,0,0,0,0,0,0,0,0,0,0,0,0,0,0,0,0,0,0,0,0,0,0,0,Eukaryota;Arthropoda;Malacostraca;Decapoda;NA;NA;NA
0,0,0,1,0.3112821393804043,0.9230110935023772,0,0,0,0,0,0,0,0,0,0,0,0,0,0,0,0,0,0,0,0,0,0,0,0,0,0,0,0,0,0,0,0,0,0,0,0,0,0,0,0,0,0,0,0,0,0,0,0,0,0,0,0,0,0,0,0,0,0,0,0,0,0,0,0,0,0,0,0,0,0,0,0,0,0,0,0,0,0,0,0,0,0,0,0,0,0,0,0,0,0,0,0,0,0,0,0,0,0,0,0,0,0,0,0,0,0,0,0,0,0,0,0,0,0,0,0,0,0,0,0,0,0,0,0,0,0,0,0,0,0,0,0,0,0,0,0,0,0,0,0,0,0,0,0,0,0,0,0,0,0,0,0,0,0,0,0,0,0,0,0,0,0,0,0,0,0,0,0,0,0,0,0,0,0,0,0,0,0,0,0,0,0,0,0,0,0,0,0,0,0,0,0,0,0,0,0,0,0,0,0,0,0,0,0,0,Eukaryota;Annelida;Polychaeta;NA;Oenonidae;Arabella;NA
0,0,0,0,0,0,0,0,0,0,0,0,0,0,0,0,0,0,0,0,0,0,0,0,0,0,0,0,0,0,0,0,0,0,0,0,0,0,0,1,0.35342219584374046,0.5084345779153399,0,0,0,0,0,0,0,0,0,0,0,0,0,0,0,0,0,0,0,0,0,0,0,0,0,0,0,0,0,0,0,0,0,0,0,0,0,0,0,0,0,0,0,0,0,0,0,0,0,0,0,0,0,0,0,0,0,0,0,0,0,0,0,0,0,0,0,0,0,0,0,0,0,0,0,0,0,0,0,0,0,0,0,0,0,0,0,0,0,0,0,0,0,0,0,0,0,0,0,0,0,0,0,0,0,0,0,0,0,0,0,0,0,0,0,0,0,0,0,0,0,0,0,0,0,0,0,0,0,0,0,0,0,0,0,0,0.27433609915361734,0,0,0,0,0,0,0,0,0,0,0,0,0,0,0,0,0,0,0,0,0,0,0,0,0,0,0,0,0,0,0,0,Eukaryota;Arthropoda;Insecta;Lepidoptera;Nymphalidae;;
0,0,0,0,0,0,0,0,1,0,0,0,0,0,0,0,0,0,0,0,0,0,0,0,0,0,0,0,0,0,0,0,0,0,0,0,0,0,0,0,0,0,0,0,0,0,0,0,0,0,0,0,0,0,0,0,0,0,0,0,0,0,0.4150150303153819,0,0.6776246464422383,0,0,0,0,0,0,0,0.24956722888613145,0,0.11851965021025217,0,0,0,0,0,0,0,0,0,0,0,0,0,0,0,0,0,0,0,0,0,0,0,0,0,0,0,0,0,0,0,0,0,0,0,0,0,0,0,0,0,0,0,0,0,0,0,0,0,0,0,0,0,0,0,0,0,0,0,0,0,0,0,0,0,0,0,0,0,0,0,0,0,0,0,0,0,0,0,0,0,0.040261075441015835,0.03912005686347963,0,0,0,0,0,0,0,0,0,0,0,0,0,0,0,0,0,0,0,0,0,0,0,0,0.023113781494673233,0,0,0,0,0,0,0,0,0,0,0,0,0,0,0,0,0,0,0,0,0.05243659070426162,0.4273329398649092,0,0,0,0,0,0,Eukaryota;;Phaeophyceae;Ectocarpales;Chordariaceae;Melanosiphon;Melanosiphon intestinalis
0,0.17904208365725943,0,0,0,0,0,0,0,0,0,0,0,0,0,0,0,0,0,0,0,0,0,0,0,0,0,0,0,0,0,0,0,0,0,0,0,0,0,0,0,0,0,0,0,0,0,0,0,0,0,0,0,0,0,0,0,0,0,0,0,0,0,0,0,0,0,0,0,0,0,0,0,0,1,0,0,0,0,0,0,0,0,0,0,0,0,0,0,0,0,0,0,0,0,0,0,0,0,0,0,0,0,0,0,0,0,0,0,0,0,0,0,0,0,0,0,0,0,0,0,0,0,0,0,0,0,0,0,0,0,0,0,0,0,0,0,0,0,0,0,0,0,0,0,0,0,0,0,0,0,0,0,0,0,0,0,0,0,0,0,0,0,0,0,0,0,0,0,0,0,0,0,0,0,0,0,0,0,0,0,0,0,0,0,0,0,0,0,0,0,0,0,0,0,0,0,0,0,0,0,0,0,0,0,0,0,0,0,0,0,Eukaryota;Chordata;Actinopteri;;Sciaenidae;Genyonemus;Genyonemus lineatus
0,0,0,0,0,0,0,0,0,0,0,0,0,0,0,0,0,0,0,0,0,0,0,0,0,0,0,0,0,0,0,0,0,0,0,0,0,0,0,0,0,0,0,0,0,0,0,0,0,0,0,0,0,0,1,0,0,0,0,0,0,0,0,0,0,0,0,0,0,0,0,0,0,0,0,0,0,0,0,0,0,0,0,0,0,0,0,0,0,0,0,0,0,0,0,0,0,0,0,0,0,0,0.23681125924903845,0,0,0,0,0,0,0,0,0,0,0,0,0,0,0,0,0,0,0,0,0,0,0,0,0,0,0,0,0,0,0,0,0,0,0,0,0,0,0,0,0,0,0,0,0,0,0,0,0,0,0,0,0,0,0,0,0,0,0,0,0,0,0,0,0,0,0,0,0,0,0,0,0,0,0,0,0,0,0,0,0,0,0,0,0,0,0,0,0,0,0,0,0,0,0,0,0,0,0,0,0,0,0,0,0,0,0,0,Eukaryota;Arthropoda;Hexanauplia;Calanoida;Euchaetidae;Euchaeta;Euchaeta rimana
0,0,0,0,0,0,0,0,0,0,0,0,0,0,0,0,0,0,0,0,0,0,0,0,0,0,0,0,0,0,0,0,0,0,0,0,0,0,0,0,0,0,0,0,0,0,0,0,0,0,0,0,0,0,0,0,0,0,0,0,0,0,0,0,0,0,0,0,0,0,0,0,0,0,0,0,0,0,0,0,0,0,0,0,0,0,0,0.619390488948426,0,0,0,0,0,0,0,0,0,0,0,0,0,0,0.12759792338605358,0.4668882531134298,0,0.585321855813659,1,0,0,0,0,0,0,0,0,0,0,0,0,0,0,0,0,0,0,0,0,0,0,0,0,0,0,0,0,0,0,0,0,0,0,0,0,0,0,0,0,0.10131748336026733,0,0,0,0,0,0,0,0,0,0,0,0,0,0,0,0,0,0,0,0,0,0.32861305568387766,0,0,0,0,0,0,0,0,0,0,0,0,0,0,0,0,0,0,0,0,0,0,0,0,0,0,0,0,0,0,0,0,0,0,0,0,0,0,0,0,0,Eukaryota;;Phaeophyceae;Ectocarpales;Chordariaceae;Laminariocolax;
0,0,0,0,0,0,0,0,0,0,0,0,0,0,0,0,0,0,0,0,0,0,0,0,0,0,0,0,0,0,0,0,0,0,0,0,0,0,0,0,0,0,0,0,0,0,0,0,0,0,0,0,0,0,0,0,0,0,0,0,0,0,1,0,0,0,0,0,0,0,0,0,0,0,0,0,0,0,0,0.07207117887253606,0,0,0,0,0,0,0,0,0,0,0,0,0.23183869214959013,0,0,0,0,0,0,0,0,0.22506478912001468,0.02659793077789249,0.041288707505890275,0,0,0.22740122813115515,0,0,0,0,0,0,0,0,0,0,0,0,0,0,0,0,0,0,0,0,0,0,0,0.07230908662206373,0,0,0,0,0,0,0,0,0,0,0,0,0,0,0,0,0,0,0,0,0,0,0,0,0,0,0,0,0,0,0,0,0,0,0,0,0,0,0,0,0,0,0,0,0,0,0,0,0,0,0,0.028642547275453154,0,0,0,0,0,0,0,0,0,0,0,0,0,0,0,0,0,0,0,0,0,0,0,0,0,0,0,0,Eukaryota;NA;Dictyochophyceae;Dictyochales;NA;Dictyocha;Dictyocha speculum
0,0,0,0,0,0,0,0,0,0,0,0,0,0,0,0,0,0,0,0,0,0,0,0,0,0,0,0,0,0,0,0,0,0,0,0,0,0,0,0,0,0,0,0,0,0,0,0,0,0,0,0,0,0,0,0,0,0,0,0,0,0,0,0,0,0,0,0,0,0,0,0,0,0,0,0,0,0,0,0,0,0,0,0,0,0,0,0,0,0,0,0,0,0,0.035215824599690415,0,0,0,0,0,0,0,0,0,0,0,0,0,0,0,0,0,0,0,0,0,0,0,0,0,0,0,0,0,0,0,0,0,0,0,0,0,0,0,0,0,0,0,0,0,0,0,0,0,0,0,0,0,0,0,0,0,0,0,0,0,0,0,0,0,0,0,0.8004678833699997,1,0,0,0,0,0,0,0,0,0,0,0,0,0,0,0,0,0,0,0,0,0,0,0,0,0,0,0,0,0,0,0,0,0,0,0,0,0,0,0,0,0,0,0,0,0,0,0,Eukaryota;Arthropoda;Hexanauplia;Calanoida;Euchaetidae;Paraeuchaeta;Paraeuchaeta rubra
0,0,0,0,0,0,0,0,0,0,0,0,0.7460972244594946,0,0,0,0,0,0,0,0,0,0,0,0,0,0,0,0,0,0,0,0,0,0,0,0,0,0,0,0,0,0,0,0,0,0,0,0,0,0,0,0,0,0,0,0,0,0,0,0,0,0,0,0,0,0,0,0,0,0,0,0,0,0,0,0,0,0,0,0,0,0,0,0,0,0,0,0,0,0,0,0,0,0,0,0,0,0,0,0,0,0,0,0,0,0,1,0.6515817049554254,0,0,0,0,0,0,0.006563391468810983,0,0,0,0,0,0,0,0,0,0,0,0,0,0,0,0,0,0,0,0,0,0,0,0,0,0,0,0,0,0,0,0,0,0,0,0,0,0,0,0,0,0,0,0,0,0,0,0,0,0,0,0,0.07315075134077667,0,0,0,0,0,0,0,0,0,0,0,0,0,0,0,0,0,0,0,0,0,0,0,0,0,0,0,0,0,0,0,0,0,0,0,0,0,0,0,0,0,0,Eukaryota;Arthropoda;Hexanauplia;Calanoida;Pontellidae;Labidocera;Labidocera rotunda
0,0,0,0,0,0,0.15955963166942363,0.15010538831386444,0.12394570679535369,0.9476981390624735,0.8786583321467989,0.7690722452465669,0,0.0091516916805704715,0,0,0,0,0,0,0,0,0,0,0,0,0,0,0,0,0,0,0.013422074104017566,0,0,0,0,0,0,0,0,0,0,0,0.008876324050101247,0.02844106928677631,0.06365715479777959,0.04785590378140466,0.03411672731215596,0.11007380263278209,0.09894800802635381,0,0,0,0,0,0,0,0.09998820125198742,0.15637553834230083,0.09008670782807157,0.10196145983541961,0,0,0,0.06622817674061862,0.0889612890612114,0.0708151601883696,0,0,0,0,0,0,0,0.17516652062730742,0,0,0,0,0,0,0.030881351528668673,0.051380391028299714,0.04196608449877264,0,0,0.2085448637659856,0.28988579562172234,0,0,0,0,0.010866161772027969,0.013974440462145214,0.18984939425681735,0,0,0,0,0,0,0,0,0,0,0,0,0,0.018289809211510907,1,0,0,0,0,0,0,0.10247274853850513,0,0.1099061792707629,0.1189373041698041,0,0.017028782273928105,0,0.10718585836024525,0.1497585986549016,0.13109082508661557,0.1477538691313111,0.04209587430602495,0.01955155717746875,0,0,0,0,0,0.0022162094483106857,0,0.015998961898225375,0.025869051162888797,0.01917759135269567,0.00554473122095237,0.013492972405819459,0,0,0,0,0,0,0,0.41869726798667045,0.36533599172569564,0.34760459546165723,0,0,0,0.007254836251593433,0.18238944671443308,0.14773922064841358,0.17141435439385175,0.21674479800259164,0.22454354535962154,0.2092080920226661,0.1695496710288876,0.1353665402195622,0.19088218839629495,0,0,0,0,0,0,0,0,0,0,0,0,0,0,0,0,0,0,0,0,0,0,0,0,0,0,0.009289801666836336,0,0,0.008296867847907138,0.006474319736637957,0.4722828911109523,0.444653331415344,0.5037121008191023,0,0,0,0,0,0,0,0.020750416094307972,0.014663165908080924,0,0.03758667767516023,0.025295078417771826,Eukaryota;Mollusca;Gastropoda;Pteropoda;Creseidae;Creseis;Creseis virgula
0,0,0,0,0,0,0,0,0,0,0,0,0,0,0,0,0,0,0,0,0,0,0,0,0,0,0,0,0,0,0,0,0,0,0,0,0,0,0,0,0,0,0,0,0,0,0,0,0,0,0,0,0,0,0,0,0,0,0,0,0,0,0,0,0,0,0,0,0,0,0,0,0.4512195852990367,0,0,0,0,0,0,0,0.34768566762004005,0,0,0,0,0,0,0,0,0,0,0,0,0,0,0,0,0,0,0,0,0,0,0,0,0,0,0,0,0,0,0,0,0,0,0,0,0,0,0,0,0,0,0,0,0,0,0,0,0,0,0,0,0,0,0,0,0,0,0,0,0,0,0,0,0,0,0,0,0,0,0,0,0,0,0,0,0,0,0,0,0,0,0,0,0,0,0,0,0,0,0,0,0,0,0,0,0,0,0,0,0,0,0,0,0,0,0,0,0,0,0,0,0,0,0,0,0,0,0,0,0,0,0,0,0,1,0.6567184628150875,0.528035827194397,0,0,Eukaryota;Echinodermata;Echinoidea;Spatangoida;Spatangidae;Spatangus;Spatangus californicus
0,0,0,0,0,0,0,0,0,0,0,0,0,0,0,0,0,0,0,0,0,0,0,0,0,0,0,0,0,0,1,0,0,0,0,0,0,0,0,0,0,0,0,0,0,0,0,0,0,0,0,0,0,0,0,0,0,0,0,0,0,0,0,0,0,0,0,0,0,0,0,0,0,0,0,0,0,0,0,0,0,0,0,0,0,0,0,0,0,0,0,0,0,0,0,0,0,0,0,0,0,0,0,0,0,0,0,0,0,0,0,0,0,0,0,0,0,0,0,0,0,0,0,0,0,0,0,0,0,0,0,0,0,0,0,0,0,0,0,0,0,0,0,0,0,0,0,0,0,0,0,0,0,0,0,0,0,0,0,0,0,0,0,0,0,0,0,0,0,0,0,0,0,0,0,0,0,0,0,0,0,0,0,0,0,0,0,0,0,0,0,0,0,0,0,0,0,0,0,0,0,0,0,0,0,0,0,0,0,0,0,Eukaryota;Cnidaria;Hydrozoa;Leptothecata;Eirenidae;Eirene;Eirene brevistylus
0,0,0,0,0,0,0,0,0,0,0,1,0,0,0,0,0,0,0,0,0,0,0,0,0,0,0,0,0,0,0,0,0,0,0,0,0,0,0,0,0,0,0,0,0,0,0,0,0,0,0,0,0,0,0,0,0,0,0,0,0,0,0,0,0,0,0,0,0,0,0,0,0,0,0,0,0,0,0,0,0,0,0,0,0,0,0,0,0,0,0,0,0,0,0,0,0,0,0,0,0,0,0,0,0,0,0,0,0,0,0,0,0,0,0,0,0,0,0,0,0,0,0,0,0,0,0,0,0,0,0,0,0,0,0,0,0,0,0,0,0,0,0,0,0,0,0,0,0,0,0,0,0,0,0,0,0,0,0,0,0,0,0,0,0,0,0,0,0,0,0,0,0,0,0,0,0,0,0,0,0,0,0,0,0,0,0,0,0,0,0,0,0,0,0,0,0,0,0,0,0,0,0,0,0,0,0,0,0,0,0,Eukaryota;Arthropoda;Insecta;Diptera;Chloropidae;Oscinella;Oscinella sp. BIOUG02441-G02
0,0,0.2687096835575514,0,0,0,0,0,0,0,0,0,0.2287104819901529,0,0,0,0,0,0,0,0,0,0,0,0,0,0.23913129374576655,0,0,0,0,0,0,0,0,0,0,0,0,0,0,0,0,0,0,0,0,0,0,0,0,0,0,0,0,0,0,0,0,0,0,0,0,0,0,0,0,0,0,0,0,0,0,0,0,0,0,0,0,0,0,0,0,0,0,0,0,0,0,0,0,0,0,0,0,0,0,0,0,0,0,0,0,0,0,0,0,0,0,0,0,0,0,0,0,0,0,0,0,0,0,0,0,0,0,0,0,0,0,0,0,0,0,0,0,0,0,0,0.1288058449021289,0,0,0,0,0,0,0,0,0,0,0,0,0,0,0,0,0,0,0,0,0,0,0,0,0,0,0,0,0,0,0,0,0,0,0,0,0,0,0,0,0,0,0,0,0,0,0,0,0,0,0,0,0,0,0,0,0,0,0,0,0,0,0.46269659239842725,1,0.23181295867130164,0,0,0,0,0,0,0,Eukaryota;Arthropoda;Hexanauplia;Calanoida;Scolecitrichidae;Scolecithricella;Scolecithricella nicobarica
0,0,0,0,0,0,0,0,0,0,0,0,0,0,0,0,0,0,0,0,0,0,0,0,0,0,0,0,0,0,0,0,0,0,0,0,0,0,0,0,0,0,0,0,0,0,0,0,0,0,0,0,0,0,0,0,0,0,0,0,0,0,0,0,0,0,0,0,0,0,0,0,0,0,0,0,0,0,0,0,0,0,0,0,0,0,0,0,0,0,0,0,0,0,0,0,0,0,0,0,0,0,0,0,0,0,0,0,0,0,0,0,0,0,0,0,0,0,0,0,0,0,0,0,0,0,0,0,1,0.7520972670664208,0,0,0,0,0,0,0,0,0,0,0,0,0,0,0,0,0,0,0,0,0,0,0,0,0,0,0,0,0,0,0,0,0,0,0,0,0,0,0,0,0,0,0,0,0,0,0,0,0,0,0,0,0,0,0,0,0,0,0,0,0,0,0,0,0,0,0,0,0,0,0,0,0,0,0,0,0,0,0,0,0,Eukaryota;Arthropoda;Insecta;Psocoptera;Philotarsidae;Philotarsopsis;Philotarsopsis ornatus
0.20324777081310144,1,0.20443250940320565,0,0,0,0,0,0,0,0,0,0,0,0,0,0,0,0,0,0,0,0,0,0,0,0,0,0,0,0,0,0,0,0,0,0,0,0,0,0,0,0,0,0,0,0,0,0,0,0,0,0,0,0,0,0,0,0,0,0,0,0,0,0,0,0,0,0,0,0,0,0,0,0,0,0,0,0,0,0,0,0,0,0,0,0,0,0,0,0,0,0,0,0,0,0,0,0,0,0,0,0,0,0,0,0,0,0,0,0,0,0,0,0,0,0,0,0,0,0,0,0,0,0,0,0,0,0,0,0,0,0,0,0,0,0,0,0,0,0,0,0,0,0,0,0,0.18917424470678462,0.161928763778499,0,0,0,0,0,0,0,0,0,0,0,0,0,0,0,0,0,0,0,0,0,0,0,0,0,0,0,0,0,0,0,0,0,0,0,0,0,0,0,0,0,0,0,0,0,0,0,0,0,0,0,0,0,0,0,0,0,0,0,0,0,0,Eukaryota;Arthropoda;Malacostraca;Decapoda;Cancridae;NA;NA
0,0,1,0,0,0,0,0,0,0,0,0,0,0,0,0,0,0,0,0,0,0,0,0,0,0,0,0,0,0,0,0,0,0,0,0,0,0,0,0,0,0,0,0,0,0,0,0,0,0,0,0,0,0,0,0,0,0,0.7365315618342864,0,0,0,0,0,0,0,0,0,0,0,0,0,0,0,0,0,0,0,0,0,0,0,0,0,0,0,0,0,0,0,0,0,0,0,0,0,0,0,0,0,0,0,0,0,0,0,0,0,0,0,0,0,0,0,0,0,0,0,0,0,0,0,0,0,0,0,0,0,0,0,0,0,0,0,0,0,0,0,0,0,0,0,0,0,0,0,0,0,0,0,0,0,0,0,0,0,0,0,0,0,0,0,0,0,0,0,0,0,0,0,0,0,0,0,0,0,0,0,0,0,0,0,0,0,0,0,0,0,0,0,0,0,0,0,0,0,0,0,0,0,0,0,0,0,0,0,0,0,0,0,0,Eukaryota;Arthropoda;Malacostraca;Euphausiacea;Euphausiidae;Stylocheiron;
0,0,0,1,0,0,0,0,0,0,0,0,0,0,0,0,0,0,0,0,0,0,0,0,0,0,0,0,0,0,0,0,0,0,0,0,0,0,0,0,0,0,0,0,0,0,0,0,0,0,0,0,0,0,0,0,0,0,0,0,0,0,0,0,0,0,0,0,0,0,0,0,0,0,0,0,0,0,0,0,0,0,0,0,0,0,0,0,0,0,0,0,0,0,0,0,0,0,0,0,0,0,0,0,0,0,0,0,0,0,0,0.8068189374293503,0,0,0,0,0,0,0,0,0,0,0,0,0,0,0,0,0,0,0,0,0,0,0,0,0,0,0,0,0,0,0,0,0,0,0,0,0,0,0,0,0,0,0,0,0,0,0,0,0,0,0,0,0,0,0,0,0,0.8106126292597989,0,0,0,0,0,0,0,0,0,0,0,0,0,0,0,0,0,0,0,0,0,0,0,0,0,0,0,0,0,0,0,0,0,0,0,0,0,0,0,0,0,Eukaryota;Echinodermata;Ophiuroidea;;;Ophiopteris;Ophiopteris papillosa
0,0,0,0,0,0,0,0,0,0,0,0,0,0,0,0,0,0,0,0,0,0,0,0,0,0,0,0,0,0,0,0,0,0,1,0.5393194294887463,0.6770920264575697,0,0,0,0,0,0,0,0,0,0,0,0,0,0,0,0,0,0,0,0,0,0,0,0,0,0,0,0,0,0,0,0,0,0,0,0,0,0,0,0,0,0,0,0,0,0,0,0,0,0,0,0,0,0,0,0,0,0,0,0,0,0,0,0,0,0,0,0,0,0,0,0,0,0,0,0,0,0,0,0,0,0,0,0,0,0,0,0,0,0,0,0,0,0,0,0,0,0,0,0,0,0,0,0,0,0,0,0,0,0,0,0,0,0,0,0,0,0,0,0,0,0,0,0,0,0,0,0,0,0,0,0,0,0,0,0,0,0,0,0,0,0,0,0,0,0,0,0,0,0,0,0,0,0,0,0,0,0,0,0,0,0,0,0,0,0,0,0,0,0,0,0,0,0,Eukaryota;Cnidaria;Hydrozoa;Anthoathecata;Pandeidae;Neoturris;Neoturris breviconis
0,0,0,0,0,0,0,0,0,0,0,0,0,0,0,0,0,0,0,0,0,0,0,0,0,0,0,0,0,0,0,0,0,0,0,0,0,0,0,0,0,0,0,0,0.0766292841518201,0.09602188254448718,0,0,0,0,0,0,0,0,0,0,0,0,0,0,0,0,0,0,0.042170785846482046,0.019651907723665252,0.019572788863210733,0,0.02142779220577721,0,0,0,0,0,0,0,0,0,0,0,0,0,0,0,0,0,0,0,0,0,0,0,0,0,0,0,0,0,0,0,0,0,0,0,0,0,0,0,0,0,0,0,0,0,0,0,0,0.8428802281710822,0,1,0.9830857408865402,0,0,0,0,0,0,0,0,0,0,0,0,0,0,0,0,0,0,0,0,0,0,0,0,0,0,0,0,0.03300787622563968,0.028668465903735993,0.0290764332164646,0.2186910889319364,0.2056919521729969,0.15273414282232808,0,0,0,0,0,0.020361412022402745,0,0,0,0,0,0,0,0,0,0,0,0,0,0,0,0,0,0.40817410421987177,0.4109468035236418,0.368490779108208,0,0,0,0,0,0,0,0,0,0,0,0,0,0,0,0,0,0,0.034466912026449956,0.02203862217049227,0.023448660538059295,0.03153817029100979,0.012251359066522761,0,0,0.00846625655838847,0.0025834097138369622,0,0,0,Eukaryota;Annelida;Polychaeta;Phyllodocida;Phyllodocidae;Eumida;Eumida alkyone
0,0,0,0,0,0,0,0,0,0,0,0,0,0,0,0,0,0,0,0,0,0,0,0,0,0,0,0,0,0,0,0,0,0,0,0,0,0,0,0,0,0,0,0,0,0,0,0,0,0,0,0,0,0,0,0,0,0,0,0,0,0,0,0,0,0,0,0,0,0,0,0,0,0,0,0,0,0,0,0,0,0,0,0,0,0,0,0,0,0,0,0,0,0,0,0,0,0,0,0,0,0,0,0,0,0,0,0,0,0,0,0,0,0,0,0,0,0,0,0,0,0,0,0,0,0,0,0,0,0,0,0,0,0,0,0,0,0,0,0,0,0,0,0,0,0,0,0,0,0,0,0,0,0,0,0,0,0,0,0,0,0,0,0,0,0,0,0,1,0,0,0,0,0,0,0,0,0,0,0,0,0,0,0,0,0,0,0,0,0,0,0,0,0,0,0,0,0,0,0,0,0,0,0,0,0,0,0,0,0,0,Eukaryota;Arthropoda;Insecta;Diptera;Pipunculidae;Clistoabdominalis;Clistoabdominalis ancylus
0,0,0,0,0,0,0,0,0,0,0,0,0,0,0,0,0,0,0,0,0,0,0,0,0,0,0,0,0,0,0,0,0,0,0,0,0,0,0,0,0,0,0,0,0,0,0,0,0,0,0,0,0,0,0,0,0,0,0,0,0,0,0,0,0,0,0,0,0,0,0,0,0,0,0,0,0,0,0,0,0,0,0,0,0,0,0,0,0,0,0,0,0,0,0,0,0,0,0,0,0,0,0.10653282510334201,0,0,0,0,0,0,0,0,0,0,0,0,0,0,0,0,0,0,0,0,0,0,0,0,0,0,0,0,0,0,0,0,0,0,0,0,0,0,0,0,0,0,0,0,0,0.18619185900463217,0,0,0,0,0,0,0,0,0,0,0,0,0,0,0,0,0,0,0,0,0,0,0,0,0,0,0,0,0,0,0,0,0,0,0,0,0.057541401550792,0,0,0,0,0,0,0,0,0,0,0,0,0,0,0,1,0,0.6202909746362817,0,0,0,0,0,0,0,Eukaryota;NA;Dinophyceae;Gymnodiniales;Gymnodiniaceae;Margalefidinium;Margalefidinium polykrikoides
0,0,0,0,0,0,0,0,0,0,0,0,0,0,0,0,0,0,0,0,0,0,0,0,0,0,0,0,0,0,0,0,0,0,0,0,0,0,0,0,0,0,0,0,0,0,0,0,0,0,0,0,0,0,0,0,0,0,0,0,0,0,0,0,0,0,0,0,0,0,0,0,0,0,0,0,0,0,0,0,0,0,0,0,0,0,0,0,0,0,0,0,0,0,0,0,0,0,0,0,0,0,0,0,0,0,0,0,0,0,0,0,0,0,0,0,0,0,0,0,0,0,0,0,0,0,0,0,0,0,0,0,0,0,0,0,0,0,0,0,0,0,0,0,0,0,0,0,0,0,0,0,0,0,0,0,0,0,0,0,0,0,0,0,0,0,0,0,0,0,0,0,0,0,0,0,0,0,0,0,0,0,0,0,0,0,0,0,0,0,0,1,0,0,0,0,0,0,0,0,0,0,0,0,0,0,0,0,0,0,0,Eukaryota;NA;Oomycetes;Saprolegniales;Saprolegniaceae;Achlya;Achlya racemosa
0,0,0,0,0,0,0,0,0,0,0,0,0,0,0,0,0,0,0,0,0,0,0,0,0,0,0,0,0,0,0,0,0,0,0,0,0,0,0,0,0,0,0,0,0,0,0,0,0,0,0,0,0,0,0,0,0,0,0,0,0,0,0,0,0,0,0,0,0,0,0,0,0,0,0,0,0,0,0,0,0,0,0,0,0,0,0,0,0,0,0,0,0,0,0,0,0,0,0,0,0,0,0,0,0,0,0,0,0,0,0,0,0,0,0,1,0.7440566921013709,0,0,0,0,0,0,0,0,0,0,0,0,0,0,0,0,0,0,0,0,0,0,0,0,0,0,0,0,0,0,0,0,0,0,0,0,0,0,0,0,0,0,0,0,0,0,0,0,0,0,0,0,0,0,0,0,0,0,0,0,0,0,0,0,0,0,0,0,0,0,0,0,0,0,0,0,0,0,0,0,0,0,0,0,0,0,0,0,0,0,0,0,0,0,Eukaryota;Annelida;Polychaeta;;Chaetopteridae;;
0,0,0,0,0,0,0,0,0,0,0,0,0,0,0,0,0,0,0,0,0,0,0,0,0,0,0,0,0,0,0,0,0,0,0,0,0,0,0,0,0,0,0,0,0,0,0,0,0,0,0,0,0,0,0,0,0,0,0,0,0,0,0,0,0,0,0,0,0,0,0,0,0.6929152468929113,0.4065088666231852,0,0,0,0,0,0,0,0,0,0,0,0,0,0,0,0,0,0,0,0,0,0,0,0,0,0,0,0,0,0,0,0,0,0,0,0,0,0,0,0,0,0,0,0,0,0,0,0,0,0,0,0,0,0,0,0,0,0,0,0,0,0,0,0,0,0,0,0,0,0,0.14739894080579205,0,0,0,0,0,0,0,0,0,0,0,0,0,0,0,0,0,0,0,0,0,0,0,0,0,0,0,0,0,0,0,0,0,0,0,0,0,0,0,0,0,0,0,0,0,0,0,0,0,0,0,0,0,0,0,0,0,0,0,0.4943649700682949,1,0,0,0,0,0,Eukaryota;NA;NA;Bicosoecida;Cafeteriaceae;Cafeteria;Cafeteria roenbergensis
0,0.18799995278592546,0,0,0,0,0,0,0,0,0,0,0,0,0,0,0,0,0,0,0,0,0,0,0,0,0,0,0,0,1,0,0,0,0,0,0,0,0,0,0,0,0,0,0,0,0,0,0,0,0,0,0,0,0,0,0,0,0,0,0,0,0,0,0,0,0,0,0,0,0,0,0,0,0,0,0,0,0,0,0,0,0,0,0,0,0,0,0,0,0,0,0,0,0,0,0,0,0,0,0,0,0,0,0,0,0,0,0,0,0,0,0,0,0,0,0,0,0,0,0,0,0,0,0,0,0,0,0,0,0,0,0,0,0,0,0,0,0,0,0,0,0,0,0,0,0,0,0,0,0,0,0,0,0,0,0,0,0,0,0,0,0,0,0,0,0,0,0,0,0,0,0.20037118004874213,0,0,0.07549902571466256,0,0,0,0,0,0,0,0,0,0,0,0,0,0,0,0,0,0,0,0,0,0.3512453785534004,0,0,0,0,0,0,0,0,0,0,0,0.10265462371024718,0,Eukaryota;Arthropoda;Hexanauplia;Calanoida;Heterorhabdidae;Heterorhabdus;Heterorhabdus spinifrons
0,0,0,0,0,0,0,0,0,0,0,0,0,0,0,0,0,0,0,0,0,0,0,0,0,0,0,0,0,0,0,0,0,0,0,0,0,0,0,0,0,0,0,0,0,0,0,0,0,0,0,0,0,0,0,0,0,0,0,0,0,0,0,0,0,0,0,0,0,0,0,0,0,0,0,0,0,0,0,0,0,0,0,0,0,0,0,0,0,0,0,0,0,0,0,0,0,0,0,0,0,0,0,0,0,0,0,0,0,0,0,0,0,0,0,0,0,0,0,0,0,0,0,0,0,0,0,0,0,0,0,0,0,0,0,0.2615376372385719,0,0,0,0,0,0,0,0,0,0,0,0,0,0,0,0,0,0,0,0,0.7484851630227451,1,0.6990657476694052,0,0,0,0,0,0,0,0,0,0,0,0,0,0,0,0,0,0,0,0,0,0,0,0,0,0,0,0,0,0,0,0,0,0,0,0,0,0,0,0,0,0,0,0,0,0,0,0,0,0,0,0,Eukaryota;Arthropoda;Malacostraca;Decapoda;Panopeidae;Lophopanopeus;NA
0,0,0,0,0,0,0,0,0,0,0,0,0,0,0,0,0,0,0,0,0,0,0,0,0,1,0.7093600260906651,0,0,0,0,0,0,0,0,0,0,0,0,0,0,0,0,0,0,0,0,0,0,0,0,0,0,0,0,0,0,0,0,0,0,0,0,0,0,0,0,0,0,0,0,0,0,0,0,0,0,0,0,0,0,0,0,0,0,0,0,0,0,0,0,0,0,0,0,0,0,0,0,0,0,0,0,0,0,0,0,0,0,0,0,0,0,0,0,0,0,0,0,0,0,0,0,0,0,0,0,0,0,0,0,0,0,0,0,0,0,0,0,0,0,0,0,0,0,0,0,0,0,0,0,0,0,0,0,0,0,0,0,0,0,0,0.6916927462584823,0.6160788209968538,0.30113923794492,0,0,0,0,0,0,0,0,0,0,0,0,0,0,0,0,0,0,0,0,0,0,0,0,0,0,0,0,0,0,0,0,0.5137088979624042,0.07854251439488699,0,0,0,0,0,0,0,0,0,0,0,0,Eukaryota;Annelida;Polychaeta;Phyllodocida;Alciopidae;Rhynchonereella;Rhynchonereella gracilis
0,0,0,0,0,0,0,0,0,0,0,0,0,0,0,0,0,0,0,0,0,0,0,0,0,0,0,0,0,0,0,0,0,0,0,0,0,0,0,0,0,0,0,0,0,0,0,0,0,0,0,0,0,0,0,0,0,0,0,0,0,0,0,0,0,0,0,0,0,0,0,0,0,0,0,0,0,0,0,0,0,0,0,0,0,0,0,0,0,0,0,0,0,0,0,0,0,0,0,0,0,0,0,0,0,0,0,0,0,0,0,0,0,0,0,0,0,0,0,0,0,0,0,0,0,0,0,0,0,0,0,0,0,0,0,0,0,0,0,0,0,0,0,0,0,0,0,0,0,0,0,0,0,0,0,0,0,0,0,0,0,0,0,0,0,0,0,0,0,0,0,0,0,0,0,1,0.8036882196154834,0.1621626638821209,0,0,0,0,0,0,0,0,0,0,0,0,0,0,0,0,0,0,0,0,0,0,0,0,0,0,0,0,0,0,0,0,0,Eukaryota;Arthropoda;Hexanauplia;Pedunculata;Lepadidae;Dosima;Dosima fascicularis
0,0.35384824216098815,0.3393907103305235,0,0,0,0,0,0,0,0,0,0,0,0,0,0,0,0,0,0,0,0,0,0,0,0,0,0,0,0,0,0.23123595505617978,0,0,0,0,0,0,0,0,0,0,0,0,0,0,0,0,0,0,0,0,0,0,0,0.4048391856004721,0,0,0,0,0,0,0,0,0,0,0,0,0,0,0,0,0,0,0,0,0,0,0,0,0,0,0,0,0,0,0,0,0,0,0,0,0,0,0,0,0,0,0,0,0,0,0,0,0,0,0,0,0,0,0,0,0,0,0,0,0,1,0.24939065198172372,0,0,0,0,0,0,0,0,0,0,0,0,0,0,0,0,0,0,0,0,0,0,0,0,0,0,0,0,0,0,0,0,0,0,0,0,0,0,0,0,0,0,0,0,0,0,0,0,0,0,0,0,0,0,0,0,0,0,0,0,0,0,0,0,0,0,0,0,0,0,0,0,0,0,0,0,0,0,0,0,0,0,0,0,0,0,0,0,0,0,0,Eukaryota;Arthropoda;Malacostraca;Decapoda;Epialtidae;Pugettia;Pugettia producta
0.16358967052351037,0.16704500401173553,0.2517013352668207,0.005705984861389199,0.0017300368586936,0.003989914641226405,0.0270774220599295,0.013193429260389683,0.05687128469767977,0.08731055173286999,0.108527745919872,0.11883664530461768,0.03359892747826221,0.028401417030525972,0,0,0,0,0,0,0.028003986093032292,0.027190801892174727,0.05620148777079752,0.029607296493758442,0.039952138810258775,0.16917323871884568,0.13278839511858165,0.07266400536423168,0.06466690013387885,0.05822792999900172,0.29443513151170086,0.032876091437604955,0.009335055345422184,0,0.015394764723414958,0.010311841649043052,0,0,0.007848876465910285,0.04227965713024164,0.023160982356860215,0.025795727552903644,0.06852051950997635,0.047437925777294575,0.01594817018413618,0.026360419576973146,0.008175874505911587,0.03049457701720956,0.005900325564097325,0.002224223931632654,0,0.015468215011963457,0,0,0.00793316644192824,0.017332460221467724,0.0017829232023231832,0.028990655141031278,0.04209972496456796,0.02178933094290293,0.004527540904379455,0.013235043441260936,0.02924649919009326,0.02442590751702987,0.17760707494408695,0.006262776464213585,0.013042176004531393,0,0.01896240979528642,0.01531820970080393,0,0.001364868339268059,0.09163876197353638,0.08471465024059295,0,0.05991875143961115,0.0037531145269562825,0.0071760747885099545,0,0.06585303656830828,0.13523253778718006,0,8.585655445206911e-4,0.01690898614047187,0,0.013537952686211321,0.011005013766925227,0.004047104308555437,0.0021686622398511476,0.02518978217172191,0.014527879620529,0,0.01707013092164186,0.0063856969252192326,0.006690820577984919,0.029237493537767098,0.040306772180508196,0.1355123171071265,0.0025443518328588798,0.03188951263590146,0.12241015111200931,0.10528884477587268,0.04370115058729868,0.04338706506126883,0.01767896924567216,0.11834701176934581,0.09419865952531993,0.002079714448493568,0.0021037277113965837,0,0.004807962494833113,0,0.0030278245804135438,0.03927669483016945,0.02028356881178391,0.0069329489676742745,0.006419665262150376,0,0,0.04518103372746906,0.04236817635698311,0.02158097152934906,0,0,0.10789270825269186,0.010272397158622375,0.0064009115286688765,0.029625199231744774,0.06803443927833923,0.046450851265938405,0.0015582645792947358,0,0.005951356005165734,9.68740758448891e-4,0.017553748260634165,0.00590923204275661,7.194194795353278e-4,0.014854121986905056,0.03325188471380112,0.0019783664241612427,0.5538618372808942,0.6344650495559341,0.607081063089405,0,0.009746831601860328,0,0.0057485198815283535,0.010371483065751589,0.011586271756565434,0,0.005111173199236383,0,0.05371881290340167,0.03877442516075126,0.02313684821590646,0,0.0362867528690027,0.04708370613377507,0.01959534820135293,0.012342149682942236,0.014362749716018036,0,0.13573844641614102,0.061105071279961724,0.1384676951122539,0.0023444951702880864,0,0,0.004434897965190111,2.86288178940491e-4,0.05084623030167584,0.019083746402809295,0.9744701323390732,0.9983672780753439,1,0.025362255188371565,0.1106368764895323,0.09429086269225599,0.006089389010598033,0,0,0.007430523325770077,0.0191346999100572,0.011892790954638731,0.03156674910718178,0.023735574488110336,0.014306472965083222,0.236237021233911,0.345959840356396,0.4377457609181346,0.3207268421142633,0.2804738499226608,0.2548434237483879,0.008584904277398308,0.03674062307546544,0.011632467720152253,0.01969566409025437,0.017877764165552007,0.02009038480440454,0.002556300178818491,0.001135092938960262,0.028105289713305615,0.043857840179797464,0.022015945221405108,0.03130328624048712,0.01316785245892412,0,0.0017962800204153837,0,0.014629825024631758,0.020658132657715426,Eukaryota;Arthropoda;Hexanauplia;Calanoida;;;
0,0,0,0,0,0,0,0,0,0,0,1,0.45456724540036275,0,0,0,0,0,0,0,0,0,0,0,0,0,0,0,0,0,0,0,0,0,0,0,0,0,0,0,0,0,0,0,0,0,0,0,0,0,0,0,0,0,0,0,0,0,0,0,0,0,0,0,0,0,0,0,0,0,0,0,0,0,0,0,0,0,0,0,0,0,0,0,0,0,0,0,0,0,0,0,0,0,0,0,0,0,0,0,0,0,0.5163579916866452,0.5117081790642881,0,0,0,0,0,0,0,0,0,0,0,0,0,0,0,0,0,0,0,0,0,0,0,0,0,0,0,0,0,0,0,0,0,0,0,0,0,0,0,0,0,0,0,0,0,0,0,0,0,0,0,0,0,0,0,0,0,0,0,0,0,0,0,0,0,0,0,0,0,0,0,0,0,0,0,0,0,0,0,0,0,0,0,0,0,0,0,0,0,0,0,0,0,0,0,0,0,0,0,0,0,0,0,0,0,0,0,Eukaryota;Arthropoda;Hexanauplia;Calanoida;Calocalanidae;Calocalanus;Calocalanus styliremis
0,0,0,0,0,0,0,0,0,0,0,0,0,0,0,0,0,0,0,0,0,0,0,0,0,0,0,0,0,0,0,0,0,0,0,0,0,0,0,0,0,0,0,0,0,0,0,0,0,0,0,0,0,0,0,1,0,0,0,0,0,0,0,0,0,0,0,0,0,0,0,0,0,0,0,0,0,0,0,0,0,0,0,0,0,0,0,0,0,0,0,0,0,0,0,0,0,0,0,0,0,0,0,0,0,0,0,0,0,0,0,0,0,0,0,0,0,0,0,0,0,0,0,0,0,0,0,0,0,0,0,0,0,0,0,0,0,0,0,0,0,0,0,0,0,0,0,0,0,0,0,0,0,0,0,0,0,0,0,0,0,0,0,0,0,0,0,0,0,0,0,0,0,0,0,0,0,0,0,0,0,0,0,0,0,0,0,0,0,0,0,0,0,0,0,0,0,0,0,0,0,0,0,0,0,0,0,0,0,0,0,Eukaryota;Arthropoda;Hexanauplia;Calanoida;Euchaetidae;Paraeuchaeta;Paraeuchaeta biloba
0,0,0,0,0,0,0,0,0,0,0,0,0,0,0,0,0,0,0,0,0,0,0,0,0,0,0,0,0,0,0,0,0,0,0,0,0,0,0,0,0,0,0,0,0,0,0,0,0,0,0,0,0.14619272862177704,0,0,0,0,0,0,0,0,0,0,0,0,0.39606261621187,0,0,0,0,0,0,0,0,0,0,0,0,0,0,0,0,0,0,0,0,0,0,0,0,0,0,0,0,0,0,0,0,0,0,0,0.0984084301029236,0.03866534051601059,0.035369684730169416,0,0,0,0,0,0,0,0,0,0,0,0,0,0,0,0,0,0,0,0,0,0,0,0,0,0,0,0,0,0,0,0,0,0,0,0,0,0,0,0,0,0,0,0,0,0,0,0,0,0,0,0,0,0,0,0,0,0,0,0,0,0,0,0,0,0,0,0,0,0,0,0,0,0,0,0,0,0,0.0071564614731527715,0.00819128501839304,0,0,0,0,0,0,0.300065246593744,1,0.09052664828853664,0,0,0,0,0,0,0,0,0,0,0,0,0,0,0,0,0,0,Eukaryota;Echinodermata;Ophiuroidea;Ophiurida;Amphiuridae;Amphipholis;
0,0,0,0,0,0,0,0,0,0,0,0,0,0,0,0,0,0,0,0,0,0,0,0,0,0,0,0,0,0,0,0,0,0,0,0,0,0,0,0,0,0,0,0,0,0,0,0,0,0,0,0,0,0,0,0,0,0,0,0,0,0,0,0,0,0,0,0,0,0,0,0,0,0,0,0,0,0,0,0,0,0,0,0,0,0,0,0,0,0,0,0,0,0,0,0,0,0,0,0,0,0,0,0,0,1,0,0,0,0,0,0,0,0,0,0,0,0,0,0,0,0,0,0,0,0,0,0,0,0,0,0,0,0,0,0,0,0,0,0,0,0,0,0,0,0,0,0,0,0,0,0,0,0,0,0,0,0,0,0,0,0,0,0,0,0,0,0,0,0,0,0,0,0,0,0,0,0,0,0,0,0,0,0,0,0,0,0,0,0,0,0,0,0,0,0,0,0,0,0,0,0,0,0,0,0,0,0,0,0,0,Eukaryota;Echinodermata;Echinoidea;Camarodonta;Strongylocentrotidae;Strongylocentrotus;Strongylocentrotus purpuratus
0,0,0,0,0,0,0,0,0,0,0,0,0,0,0,0,0,0,0,0,0,0,0,0,0,0,0,0,0,0,0,0,0,0,0,0,0,0,0,0,0,0,0,0,0,0,0,0,0,0,0,0,0,0,0,0,0,0,0,0,0,0,0,0,0,0,0,0,0,0,0,0,0,0,0,0,0,0,0,0,0,0,0,0,0,0,0,0,0,0,0,0,0,0,1,0,0,0,0,0,0,0,0,0,0,0,0,0,0,0,0,0,0,0,0,0,0,0,0,0,0,0,0,0,0,0,0,0,0,0,0,0,0,0,0,0,0,0,0,0,0,0,0,0,0,0,0,0,0,0,0,0,0,0,0,0,0,0.4968032302682765,0,0,0,0,0,0,0,0,0,0,0,0,0,0,0,0,0,0,0,0,0,0,0,0,0,0,0,0,0,0,0,0,0,0,0,0,0,0,0,0,0,0,0,0,0,0,0,0,0,0,0,0,0,Eukaryota;Echinodermata;Ophiuroidea;Ophiurida;Ophiactidae;Ophiopholis;
0,0,0,0,0,0,0,0,0,0,0,0,0.5808564394920963,0,0,0,0,0,0,0,0,0,0,0,0,0,0,0,0,0,0,0,0,0,0,0,0,0,0,0,0,0,0,0,0,0,0,0,0,0,0,0,0,0,0,0,0,0,0,0,0,0,0,0,0.9945205479452055,0,0,0,0,0,0,0,0,0,0,0,0,0,0,0,0,0,0,0,0,0,0,0,0,0,0,0,0,0,0,0,0,0,0,0,0,0,0,0,0,0,0,0,0,0,0,0,0,0,0,0,0,0,0,0,0,0,0,0,0,0,0,0,0,0,0,0,0,0,0,0,0,0,0,0,0,0,0,0,0,0,0,0.02455860198855077,0.060061695521548206,0,0,1,0,0,0,0,0,0,0,0,0,0,0,0,0,0,0,0,0,0,0,0,0,0,0,0,0,0,0,0,0,0,0,0,0,0,0,0,0,0,0,0,0,0.268189160086145,0.715,0.6276803528299905,0,0,0,0,0,0,0,0,0,0,0,0,0,0,0,Eukaryota;Annelida;Polychaeta;Spionida;Chaetopteridae;Spiochaetopterus;Spiochaetopterus sp. 1 JM-2017
0,0,0,0,0,0,0,0,0,0,0,0,0,0,0,0,0,0,0,0,0.24426873399529045,0,0,0,0,0,0,0,0,0,0,0,0,0,0,0,0,0.16324934336394767,0,0,0,0,0,0,0,0,0,1,0.8234628032818255,0,0,0,0,0,0,0,0,0,0,0,0,0,0,0,0,0,0,0,0,0,0,0,0,0,0,0,0,0,0,0,0,0,0,0,0,0,0,0,0,0,0,0,0,0,0,0,0,0,0,0,0,0,0,0,0,0,0,0,0,0,0,0,0,0,0,0,0,0,0,0,0,0,0,0,0,0,0,0,0,0,0,0,0,0,0,0,0,0,0,0,0,0,0,0,0,0,0,0,0,0,0,0,0,0,0,0,0,0,0,0,0,0,0,0,0,0,0,0,0,0,0,0,0,0,0,0,0,0,0,0,0,0,0,0,0,0,0,0,0,0,0,0,0,0,0,0,0,0,0,0,0,0,0,0,0,0,0,0,0,0,0,Eukaryota;Arthropoda;Insecta;Hymenoptera;Agaonidae;Agaon;Agaon n. sp. AC-2009
0,0,0,0,0,0,0,0,0,0,0,0,0,0,0,0,0,0,0,0,0,0,0,0,0,0,0,0,0,0,0,0,0,0,0,0,0,0,0,0,0,0,0,0,0,0,0,0,0,0,0,0,0,0,0,0,0,0,0,0,0,0,0,0,0,0,0,0,0,0,0,0,0,0,0,0,0,0,0,0,0,0,0,0,0,0,0,0,0,0,0,0,0,0,0,0,0,0,0,0,0,0,0,0,0,0,0,0,0,0,0,0,0,0,0,0,0,0,0,0,0,0,0,0,0,0,0,0,0,0,0,0,0,0,0,0,0,0,0,0,0,0,0,0,0,0,0,0,0,0,0,0,0,0,0,0,0,0,0,0,0,0,0,0,0,0,0,0,0,0,0,0,0,0,0,0,0,0,0,0,0,0,0,0,0,0,0,0,0,0,0,0,0,0,0,0,0,0,0,0,0,0,0,0,0,0,0,0,0,0.5788068422186924,1,Eukaryota;Arthropoda;Hexanauplia;Calanoida;Pontellidae;Labidocera;Labidocera acuta
0,0,0,0,0,0,0,0,1,0,0,0,0,0,0,0,0,0,0,0,0,0,0,0,0,0,0,0,0,0,0,0,0,0,0,0,0,0,0,0,0,0,0,0,0,0,0,0,0,0,0,0,0,0,0,0,0,0,0,0,0,0,0,0,0,0,0,0,0,0,0,0,0.5490479035494892,0.4294759799163581,0.14222358025230258,0,0,0,0,0,0,0,0,0,0,0,0,0,0,0,0,0,0,0,0,0,0,0,0,0,0,0,0,0,0,0,0,0,0,0,0,0,0,0,0,0,0,0,0,0,0,0,0,0,0,0,0,0,0,0,0,0,0,0,0,0,0,0,0,0,0,0,0,0,0,0,0,0,0,0,0,0,0,0,0,0.07864349505189476,0,0.10171214784504702,0,0,0,0,0,0,0,0,0,0.19044891278933831,0,0.08490624592824231,0,0,0,0,0,0,0,0,0,0,0,0,0,0,0,0,0,0,0,0,0,0,0.2572952561451872,0,0,0,0,0,0,0,0,0,0,0,0.12819988195947274,0,0,0,0,0,0,Eukaryota;Bacillariophyta;Coscinodiscophyceae;Thalassiosirales;Skeletonemataceae;Skeletonema;Skeletonema menzelii
0,0,0,0,0,0,0,0,0,0,0,0,0,0,0,0,0,0,0,0,0,0,0,0,0,0,0,0,0,0,0,0,0,0,0,0,0,0,0,0,0,0,0,0,0,0,0,0,0,0,0,0,0,0,0,0,0,0,0,0,0,0,0,0,0,0,0,0,0,0,0,0,0.4157762305252999,0,0,0,0,0,0,0,0,0,0,0,0,0,0,0,0,0,0,0,0,0,0,0,0,0,0,0,0,0.2723212493979772,0,0,0,0,0,0,0,0,0,0,0,0,0,0,0,0,0,0,0,0,0,0,0,0,0,0,0,0,0,0,0,0,0,0,0,0,0,0,0,0,0,0,0,0,0,0,0,0,0,0,0,0,0,0,0,0,0,0,0,0,0,0,0,0,0,0,0.13407999093827014,0,0,0,0,0,0,0,0,0,0,0,0,0,0,0,0,0,0,0,0,0,1,0,0,0,0,0,0,0,0,0,0,0,0,0,0,0,0,0,0,0,0,Eukaryota;Bacillariophyta;Coscinodiscophyceae;Melosirales;Stephanopyxidaceae;Stephanopyxis;Stephanopyxis turris
0,0,0,0,0,0,0,0,0,0,0,0,0,0,0,0,0,0,0,0,0,0,0,0,0,0,0,0,0,0,0,0.09656006737670683,0,0,0,0,0,0,0,0,0,0,0,0,0,0,0,0,0,0,0,0,0,0,0,0,0,0,0,0,0,0,0,0,0,0,0,0,0,0,0,0,0,0,0,0,0,0,0,0,0,0,0,0,0,0,0,0,0,0,0,0,0,0.010922246056413412,0.01175908595705058,0,0.02942895299059889,0.7419867655940968,0.013700486231506388,0.8519675618368374,0.6777926920439136,0.7160269129039752,1,0.6593514633853651,0,0.694463792520866,0.43099751836347305,0,0,0,0,0,0,0,0,0,0,0,0,0,0,0,0,0,0,0,0,0,0,0,0,0,0,0,0,0,0,0,0,0,0,0,0,0,0,0,0,0,0,0,0,0,0,0,0,0,0,0,0,0,0,0,0,0,0,0,0,0,0,0,0,0,0,0,0,0,0,0,0,0,0,0,0,0,0,0,0,0,0,0,0,0,0,0,0,0,0,0,0,0,0,0,0,0,0,0,0,0,0,0,0,Eukaryota;Bacillariophyta;Bacillariophyceae;Naviculales;Pinnulariaceae;Pinnularia;
0,0,0,0,0,0,0,0,0,0,0,0,0,0,0,0,0,0,1,0.505379505608189,0,0,0,0,0,0,0,0,0,0,0,0,0,0,0,0,0,0,0,0,0,0,0,0,0,0,0,0,0,0,0,0,0,0,0,0,0,0,0,0,0,0,0,0,0,0,0,0,0,0,0,0,0,0,0,0,0,0,0,0,0,0,0,0,0,0,0,0,0,0,0,0,0,0,0,0,0,0,0,0,0,0,0,0,0,0,0,0,0,0,0,0,0,0,0,0,0,0,0,0,0,0,0,0,0,0,0,0,0,0,0,0,0,0,0,0,0,0,0,0,0.1798739624552007,0,0.18750218243575703,0,0,0,0,0,0,0,0,0,0,0,0,0,0,0,0,0,0,0,0,0,0.15366964123110544,0,0,0,0,0,0,0,0,0,0,0,0,0,0,0,0,0,0,0,0,0,0,0,0,0,0,0,0,0,0,0,0.33851862995837717,0,0.18703906014978072,0,0,0,0,0,0,0,0,0,0,0,0,Eukaryota;Cnidaria;Hydrozoa;Siphonophorae;Abylidae;Bassia;Bassia bassensis
0,0,0.056193611347456034,0,0,0,0,0,0,0,0,0,0,0,0,0,0,0,0,0,0,0,0,0,0,0,0,0,0,0,0,0,0,0,0,0,0,0,0,0,0,0,0,0,0,0,0,0,0,0,0,0,0,0,0,0,0,0,0,0,0,0,0,0,0,0,0,0,0,0,0,0,0,0,0,0,0,0.15782642554296097,1,0.7287212479069357,0,0,0,0,0,0,0,0,0,0,0,0,0,0,0,0,0,0,0,0,0,0,0,0,0,0,0,0,0,0,0,0,0,0,0,0.05385580831584014,0,0,0,0,0,0,0,0,0,0,0,0,0,0,0,0,0,0,0,0,0,0,0,0,0,0,0,0,0,0,0,0,0,0,0,0,0,0,0,0,0,0,0,0,0,0,0,0,0,0,0,0,0,0,0,0,0,0,0,0,0,0,0,0,0,0,0,0,0,0,0,0,0,0,0,0,0,0,0,0,0,0,0,0,0,0,0,0,0,0,0,0,0,0,0,Eukaryota;Echinodermata;Ophiuroidea;Ophiurida;Ophiactidae;Ophiopholis;Ophiopholis kennerlyi
0,0,0,0,0,0,0,0,0,0,0,0,0,0,0,0,0,0,0,0,0,0,0,0,0,0,0,0,0,0,0,0,0,0,0,0,0,0,0,0,0,0,0,0,0,0,0,0,0,0,0,0,0,0,0,0,0,0,0,0,0,0.9637396817052487,0,0,0,0,0,0,0,0,0,0,0,0,0,0,0,0.24751996498175285,0,1,0,0,0,0,0,0,0,0,0,0,0,0,0,0,0,0,0,0,0,0,0,0,0,0,0,0,0,0,0,0,0,0,0,0,0,0,0,0,0,0,0,0,0,0,0,0,0,0.09553825117568193,0,0,0,0,0,0,0,0,0,0,0,0,0,0,0,0,0,0,0,0,0,0,0,0,0,0,0,0,0,0,0,0,0,0,0,0,0,0,0,0,0,0,0,0,0,0,0,0,0,0,0,0,0,0,0,0,0,0,0,0,0,0,0,0,0,0,0,0,0,0,0,0,0,0,0,0,0.2733481352407183,0.19747421424510678,0,0,0,0,0,Eukaryota;Annelida;Polychaeta;Terebellida;Trichobranchidae;Terebellides;
0,0,0,0,0,0,0,0,0,0,0,0,0,0,0,0,0,0,0,0,0,0,0,0,0,0,0,0,0,0,0,0,0,0,0,0,0,0,0,0,0,0,0,0,0,0,0,0,0,0,0,0,0,0,0,0,0,0,0,0,0,0,0,0,0,0,0,0,0,0,0,0,0,0,0,0,0,0,0,0,0,0,0,0,0,0,0,0,0,0,0,0,1,0,0,0,0,0,0,0,0,0,0,0.1628273308650286,0,0.15309829736059244,0,0,0,0,0,0,0,0,0,0,0,0,0,0,0,0,0,0,0,0,0,0,0,0,0,0,0,0,0,0,0,0,0,0,0,0,0,0,0,0,0,0,0,0,0,0,0,0,0,0,0,0,0,0,0,0,0,0,0,0,0,0,0,0,0,0,0,0,0,0,0,0,0,0,0,0,0,0,0,0,0,0,0,0,0,0,0,0,0,0,0,0,0,0,0,0,0,0,0,0,0,0,0,0,0,Eukaryota;Cnidaria;Scyphozoa;Semaeostomeae;Cyaneidae;Cyanea;Cyanea nozakii
0,0,0,0,0,0,0,0,0,0,0,0,1,0.7391056610820361,0,0,0,0,0,0,0,0,0,0,0,0,0,0,0,0,0,0,0,0,0,0,0,0,0,0,0,0,0,0,0,0,0,0,0,0,0,0,0,0,0,0,0,0,0,0,0,0,0,0,0.33138626845164515,0,0,0,0,0.5826191819703594,0,0,0,0,0,0,0,0,0,0,0,0,0,0,0,0,0,0,0,0,0,0,0,0,0,0,0,0,0,0,0,0,0,0,0,0,0,0,0,0,0,0,0,0,0,0,0,0,0,0,0,0,0,0,0,0,0,0,0,0,0,0,0,0,0,0,0,0,0,0,0,0,0,0,0,0,0,0,0,0,0,0,0,0,0,0,0,0,0,0,0,0,0,0,0,0,0,0,0,0,0,0,0,0,0,0,0,0,0,0,0,0,0,0,0,0,0,0,0,0,0,0,0,0,0,0,0,0,0,0,0,0,0,0,0,0,0,0,0,0,0,Eukaryota;Nemertea;Palaeonemertea;;Carinomidae;Carinoma;
0,0,0,0,0,0,0,0,0,0,0,0,0,0,0,0,0,0,0,0,0,0,0,0,0,0,0,0,0,0,0,0,0,0,0,0,0,0,0,0,0,0,0,0,0,0,0,0,0,0,0,0,0,0,0,0,0,0,0,0,0,0,0,0,0,0,0,0,0,0,0,0,0,0,0,0,0,0,0,0,0,0,0,0,0,0,0,0,0,0,0,0,0,0,0,0,0,0,0,0,0,0,0,0,0,0,0,0,0,0,0,0,0,0,0,0,0,0,0,0,0,0,0,0,0,0,0,0,0,0,0,0,0,0,0,0,0,0,0,0,0,0,0,0,0,0,0,0,0,0,0,0,0,0,0,0,0,0,0,0,0,0,1,0,0,0,0,0,0,0,0,0,0,0,0,0,0,0,0,0,0,0,0,0,0,0,0,0,0,0,0,0,0,0,0,0,0,0,0,0,0,0,0,0,0,0,0,0,0,0,0,Eukaryota;Arthropoda;Insecta;Coleoptera;Leiodidae;NA;Leiodidae sp. INDOBIOSYS-CCDB24685-C11
0,0,0,0,0,0,0,0,0,0,0,0,0,0,0,0,0,0,0,0,0,0,0,0,0,0,0,0,0,0,0,0,0,0,0,0,0,0,0,0,0,0,0,0,0,0,0,0,0,0,0,0,0,0,0,0,0,0,0,0,0,0,0,0,0,0,0,0,0,0,0,0,0,0,0,0,0,0,0,0,0,0,0,0,0,0,0,0,0,0,0,0,0,0.7506851172758789,1,0,0,0,0,0,0,0,0,0,0,0,0,0,0,0,0,0,0,0,0,0,0,0,0,0,0,0,0,0,0,0,0,0,0,0,0,0,0,0,0,0,0,0,0,0,0,0,0,0,0,0,0,0,0,0,0,0,0,0,0,0,0,0,0,0,0,0,0,0,0,0,0,0,0,0,0,0,0,0,0,0,0,0,0,0,0,0,0,0,0,0,0,0,0,0,0,0,0,0,0,0,0,0,0,0,0,0,0,0,0,0,0,0,0,0,0,Eukaryota;Annelida;Polychaeta;NA;NA;NA;Polychaeta sp. BMOO-04339
0.3509692391126134,0.18886928193294422,0.38768617259854676,0,0,0,0,0,0,0,0,0,0,0,0,0,0,0,0,0,0,0,0,0,0,0,0,0,0,0,0,0,0,0,0,0,0,0,0,0,0,0,0,0,0,0,0,0,0,0,0,0,0,0,0,0,0,0,0,0,0,0,0,0,0,0,0,0,0,0,0,0,0,0,0,0,0,0.4957423308511776,0,0,0,0,0,0,0,0,0,0,0,0,0,0,0,0,0,0,0,0,0,0,0,0,0,0,0,0,0,0,0,0,0,0,0,0,0,0,0,0,0,0,0,0,0,0,0,0,0,0,1,0.687631787032156,0,0,0,0,0,0,0,0,0,0,0,0,0,0,0,0,0,0,0,0,0,0,0.1282616978650705,0,0,0,0,0,0,0,0,0,0,0,0,0,0,0,0,0,0,0,0,0.7793939167615812,0,0,0,0,0,0,0,0,0,0,0,0.027776114218639583,0,0,0,0,0,0,0,0,0,0,0,0,0,0,0,0,0,0,0,0,0,0,0,0,0,Eukaryota;Arthropoda;Ostracoda;Halocyprida;Halocyprididae;Alacia;Alacia belgicae
0,0,0,0,0,0,0,0,0,0,0,0,0,0,0,0,0,0,0,0,0,0,0,0,0,0,0,0,0,0,0,0,0,0,0,0,0,0,0,0,0,0,0,0,0,0,0,0,0,0,0,0,0,0,0,0,0,0,0,0,0,0,0,0,0,0,0,0,0,0,0,0,0,0,0,0,0,0,0,0,0,0,0,0,0,0,0,0,0,0,0,0,0,0,0,0,0,0,0,0,0,0,0,0,0,0,0,0,0,0,0,0,0,0,0,0,0,0,0,0,0,0,0,0,0,0,0,0,0,0,0,0,0,0,0,0,0,0,0,0,0,0,0,0,0,0,0,0,0,0,0,0,0,0,0,1,0,0,0,0,0,0,0,0,0,0,0,0,0,0,0,0,0,0,0,0,0,0,0,0,0,0,0,0,0,0,0,0,0,0,0,0,0,0,0,0,0,0,0,0,0,0,0,0,0,0,0,0,0,0,0,Eukaryota;Arthropoda;Insecta;Lepidoptera;Lycaenidae;Callipsyche;Callipsyche behrii
0,0,0,0,0,0,0,0,0,0,0,0,0,0,0,0,0,0,0,0,0,0,0,0,0,0,0,0.16985236228461045,0,1,0,0,0,0,0,0,0,0,0,0,0,0,0,0,0,0,0,0,0,0,0,0,0,0,0,0,0,0,0,0,0,0,0,0,0.16580175412186948,0,0,0,0,0,0,0,0,0,0.18269675673316163,0,0,0,0,0,0,0,0,0,0,0,0,0,0,0,0,0,0,0,0,0,0,0,0,0,0.1371284411935751,0,0,0,0,0,0,0,0,0,0,0,0,0,0,0,0,0,0,0,0,0,0,0,0,0,0,0,0,0,0,0,0,0,0,0,0,0,0,0,0,0,0,0,0,0,0,0,0,0,0,0,0,0,0,0,0,0,0,0,0,0,0,0,0,0,0,0,0,0,0,0,0,0,0,0,0,0,0,0,0,0,0,0,0,0,0,0,0,0,0,0,0,0,0,0,0,0,0,0,0,0,0,0,0,0,0,0,0,0,0,Eukaryota;Arthropoda;Hexanauplia;Poecilostomatoida;Oncaeidae;Oncaea;Oncaea scottodicarloi
0,0,0,0,0,0,0,0,0,0,0,0,0,0,0,0,0,0,0,0,0,0,0,0,0,0,0,0,0,0,0,0,0.006068309245649698,0,0,0,0,0,0,0,0,0,0,0,0,0,0,0,0,1,0.9954756942678508,0.4207026710422079,0,0,0.013499942625718193,0,0,0,0,0.0019475893939182483,0,0,0,0,0,0,0,0,0,0,0,0,0,0,0.01650249535134559,0,0,0,0,0,0,0,0,0,0,0.8292684658307925,0.6819315493932401,0,0,0,0,0,0,0.11351625567262746,0.102228087882159,0,0,0.018883185615667954,0,0.01096296530656916,0.003870760871386554,0.004606152617127545,0.00544932684031721,0.006703275801267788,0.0011562396122089982,0.016237595630093103,0.009490448495832252,0.14955736341362322,0.09965954568529219,0.1588783328900325,0,0,0,0,0,0,0,0,0,0,0,0,0,0.0019243195427307883,0,0,0,0,0,0.0038924089228466836,0,0,0,0,0,0,0,0,0,0,0,0,0,0,0,0,0,0,0,0,0,0,0,0,0,0,0,0,0,0,0,0,0,0,0,0,0,0,0,0,0,0,0,0.0017647350766658708,0,0,0,0,0,0,0,0,0,0,0,3.773507747567306e-4,0,0,0,0,0,0,0,0.12721722429243632,0.1187076702464638,0.1467453287207345,0,0,0,0,0,0,0,0,0,0,0,0,0,0,0,Eukaryota;Cnidaria;Hydrozoa;Siphonophorae;Apolemiidae;Apolemia;Apolemia sp. BO-2009
0,0,0,0,0,0,0,0,0,0,0,0.10648778729927988,0,0,0,0,0,0,0.4427547150645041,0,0,0,0,0,0,0,0,0,0,0,0,0,0,0,0,0,0,0,0,0,0,0,0,0,0.11952408374809756,0.1425015938404198,0,0,0,0,0,0,0,0,0,0,0,0,0,0,0,0,0,0,0,0,0,0,0,0,0,0,0,0,0,0,0,0,0,0,0,0,0,0,0,0,0,0,0,0,0.18713693213287477,0,0,0,0,0,0,0,0,0,0,0,0,0,0,0,0,0,0,0,0,0,0,0,0,0,0,0,0,0,0,0,0,0,0,0,0,0,0,0,0,0,0,0,0,0,0,0,0,0,0,0,0,0,0,0,0,0,0,0,0,0,1,0,0.2670357946974222,0,0,0,0,0,0,0,0,0,0,0,0,0,0,0,0,0,0,0,0,0,0,0,0,0,0,0,0,0,0,0,0,0,0,0,0,0,0,0,0,0,0,0,0,0,0,0,0,0,0,0,0,0,0,0,0,Eukaryota;Arthropoda;Hexanauplia;Calanoida;Scolecitrichidae;Scaphocalanus;Scaphocalanus polaris
0.3957005385362409,0.15370164245961723,0.2244400890529561,0,0,0,0,0,0,0,0.1667039632530475,0.16137500534439267,0,0,0,1,0,0,0,0,0,0,0,0,0,0.1268109125117592,0,0,0,0,0.06220581449007845,0,0,0,0,0,0,0,0,0,0,0,0,0,0,0,0,0,0,0,0.06780684104627767,0,0.07384181969949917,0,0,0,0,0,0,0,0,0,0.09615325826667345,0,0.18316233154012534,0,0,0,0.05640504513120928,0,0,0,0,0,0,0,0,0,0,0,0,0,0,0,0,0,0,0,0,0,0,0,0,0,0,0,0,0,0,0,0,0,0,0,0,0,0,0,0,0,0,0,0,0,0,0,0,0,0,0,0,0,0,0,0,0,0,0.011848147404069686,0,0,0,0,0,0,0,0,0,0,0,0,0,0,0,0,0,0,0,0.01163055684899614,0.02488871695421067,0,0,0,0,0,0,0,0,0.020393049592254273,0,0,0,0,0,0,0,0,0,0,0,0,0,0,0.19111853764747586,0,0,0,0,0,0,0,0,0,0,0,0,0.01318576898353875,0,0,0,0,0,0,0,0,0,0,0,0,0,0,0,0,0,0,0,0,0,0,0,0,0,Eukaryota;Arthropoda;Hexanauplia;Calanoida;Euchaetidae;Euchaeta;Euchaeta media
0.321367087490068,0,0,1,0.8337914447689401,0,0,0,0,0,0,0,0,0,0,0,0,0,0,0,0,0,0,0,0,0,0,0,0,0,0,0,0,0,0,0,0,0,0,0,0,0,0,0,0,0,0,0,0,0,0,0,0,0,0,0,0,0,0,0,0,0,0,0.3097912810365737,0,0,0,0,0,0,0.5111099410278012,0,0,0,0,0,0,0,0,0,0,0,0,0,0,0,0,0,0,0,0,0,0,0,0,0,0,0,0,0,0,0,0,0.38798594749242676,0,0,0,0,0,0,0,0,0,0,0,0,0.030184959450718942,0,0,0,0,0,0,0,0,0,0.18417432715750728,0,0,0,0,0,0,0,0,0,0,0,0,0,0,0,0,0,0,0,0,0,0,0,0,0,0,0,0,0,0,0,0,0,0,0,0,0,0,0,0,0,0,0,0,0,0,0,0,0,0,0,0,0,0,0,0,0,0,0,0,0,0.6339748334566988,0,0,0,0,0,0,0,0,0,0,0,0,0,0,0,0.47742474916387956,0,0,0,0,0,0,Eukaryota;;Dictyochophyceae;Florenciellales;;Pseudochattonella;Pseudochattonella farcimen
0,0,0,0,0,0,0,0,0,0,0,0,0,0,0,0,0,0,0,0,0.25844276224316387,0,0,0,0,0,0,0,0,0,0,0,0,0,0,0,0,0,0,0,0,0,0,0,0,0,0,0,0,0,0,0,0,0,0,0,0,0,0,0,0,0,0,0,0,0,0,0,1,0,0,0,0,0,0,0,0,0,0,0,0,0,0,0,0,0,0,0,0,0,0,0,0,0,0.007718517937514562,0.44153433334799624,0,0,0,0,0,0,0,0,0.4297752087347463,0,0,0,0,0,0,0,0,0,0,0,0,0,0,0,0,0,0,0,0,0,0,0,0,0,0,0,0,0,0,0,0,0,0,0,0,0,0,0,0,0,0,0,0,0,0,0,0,0,0,0,0,0,0,0,0,0,0,0,0,0,0,0,0,0,0,0,0,0,0,0,0,0,0,0,0,0,0,0,0,0,0,0,0,0,0,0,0,0,0,0,0,0,0,0,0,0.07738339372446225,0,0,0,0,0,0,0,0,0,Eukaryota;Cnidaria;Hydrozoa;Anthoathecata;Hydridae;Hydra;Hydra circumcincta
0,0,0,0,0,0,0,0,0,0,0,0,0,0,0,0,0,0,0,0,0,0,0,0,0,0,0,0,0,0,0,0,0,0,0,0,0,0,0,0,0,0,0,0,0,0,0,0,0,0,0,0,0,0,0,0,0,0,0,0,0,0,0,0,0,0,0,0,0,0,0,0,0,0,0,0,0,0,0,0,0,0,0,0,0,0,0,0,0,0,0,0,0,1,0.4123217610161555,0,0,0,0,0,0,0,0,0,0,0,0,0,0,0,0,0,0,0,0,0,0,0,0,0,0,0,0,0,0,0,0,0,0,0,0,0,0,0,0,0,0,0,0,0,0,0,0,0,0,0,0,0,0,0,0,0,0,0,0,0,0,0,0,0,0,0,0,0,0,0,0,0,0,0,0,0,0,0,0,0,0,0,0,0,0,0,0,0,0,0,0,0,0,0,0,0,0,0,0,0,0,0,0,0,0,0,0,0,0,0,0,0,0,0,0,Eukaryota;Arthropoda;Insecta;Hymenoptera;Crabronidae;Oxybelus;Oxybelus variegatus
0,0,0,0,0,0,0,0,0,0,0,0,0,0,0,0,0,0,0,0,0,0,0,0,0,0,0,0,0,0,0,0,0,0,0,0,0,0,0,0,0,0,0,0,0,0,0,0,0,0,0,0,0,0,0,0,0,0,0,0,0,0,0,0,0,0,0,0,0,0,0,0,0,0,0,0,0,0,0,0,0,0,0,0,0,0,0,0,0,0,0,0,0,0,0,0,0,0,0,0,0,0,0,0,0,0,0,0,0,0,0,0,0,0,0,0,0,0,0,0,0,0,0,0,0,0,0,0,0,0,0,0,0,0,0,0,0,0,0,0,0,0,0,0,0,0,0,0,0,0,0,0,0,0,0,0,0,0,0,0,0,0,0,0,0,0,0,0,0,0,0,0,0,0,0,0,0,0,0,0,0,0,0,0,0,0,0,0,0,0,0,0,0,0,0,0,0,0,0,0,0,0,0,0,1,0.5676216194266223,0,0,0,0,0,Eukaryota;Annelida;Clitellata;Haplotaxida;Hormogastridae;Hormogaster;Hormogaster sp. UCML T00366
0,0,0,0,0,0,0,0,0,0,0,0,0,0,0,0,0,0,0,0,0,0,0,0,0,0,0,0,0,0,0,0,1,0,0,0,0,0,0,0,0,0,0,0,0,0,0,0,0,0,0,0,0,0,0,0,0,0,0,0,0,0,0,0,0,0,0,0,0,0,0,0,0,0,0,0,0,0,0,0,0,0,0,0,0,0,0,0,0,0,0,0,0,0,0,0,0,0,0,0,0,0,0,0,0,0,0,0,0,0,0,0,0,0,0,0,0,0,0,0,0,0,0,0,0,0,0,0,0,0,0,0,0,0,0,0.38735500417743407,0,0,0,0,0,0,0,0,0,0,0,0,0,0,0,0,0,0,0,0,0,0,0,0,0,0,0,0,0,0,0,0,0,0,0,0,0,0,0,0,0,0,0,0,0,0,0,0,0,0,0,0,0,0,0,0,0,0,0,0,0,0,0,0,0,0,0,0,0,0,0,0,0,0,0,Eukaryota;Annelida;Clitellata;Haplotaxida;Lumbricidae;Helodrilus;Helodrilus patriarchalis
0,0,0,0,0,0,0,0,0,0,0,0,0,0,0,0,0,0,0,0,0,0,0,0,0,0,0,0,0,0,0,0,0,0,0,0,0,0,0,0,0,0,0,0,0,0,0,0,0,0,0,0,0,0,0,0,0,0,0,0,0,0,0,0,0,0,0,0,0,0,0,0,0,0,0,0,0,0,0,0,0,0,0,0,0,0,0,0,0,0,0,0,0,0,0,0,0,0,0,0,0,0,0,0,0,0,0,0,0,0,0,0,0,0,0,0,0,0,0,1,0,0,0,0,0,0,0,0,0,0,0,0,0,0,0,0,0,0,0,0,0,0,0,0,0,0,0,0,0,0,0,0,0,0,0,0,0.09445651079611125,0,0,0,0,0,0,0,0,0,0,0,0,0,0,0,0,0,0,0,0,0,0,0,0,0,0,0,0,0,0,0,0,0,0,0,0,0,0,0,0,0,0,0,0,0,0,0,0,0,0,0,0,0,0,Eukaryota;Echinodermata;Ophiuroidea;Ophiurida;Ophiactidae;Ophiopholis;Ophiopholis longispina
0,0,0,0,0,0,0,0,0,0,0,0,0,0,0,0,0,0,0,0,0,0,0,0,0,0,0,0,0,0,0,0,0,0,0,0,0,0,0,0,0,0,0,0,0,0,0,0.2783329591562947,0,0,0,0,0,0,0,0,0,0,0,0,0,0,0,0,0,0,0,0,0,0,0,0,0,0,0,0,0,0,0,0,0,0,0,0,0,0,0,0,0,0,0,0,0,0,0,0,0,0,0,0,0,0,0,0,0,0,0,0,0,0,0,0,0,0,0,0,0,0,0,0.8099518777361644,0.7039132758902433,0,0,0,0,0,0,0,0,0,0,0,0,0,0,0,0,0,0,0,0,0,0,0,0,0,0,0,0,0,0,0.4859255576958927,0,0,0,0,0,0,0,0,0,0,0,0,0,0,0,0,0,0,0,0,0,0,0,0,0,0,0,0,0,0,0,0,0,0,0,0,0,0,0,0,0,0,0,0,0,0,0,0,0,0,0,0,1,0.8256314464387233,0,0,0,0,0,Eukaryota;Annelida;Polychaeta;NA;NA;NA;Polychaeta sp. DNZ120
0,0,0.1849085684927597,0,0,0,0,0,0,0,0,0,0,0,0,0,0,0,0,0,0,0,0,0,0,0,0,0,0,0,0,0,0,0,0,0,0,0,0,0,0,0,0,0,0,0,0,0,0,0,0,0,0,0,0.18118466898954705,0,0,0,0,0,0,0,0,0.23855875406906238,0,0,0,0,0,0,0,0,0.6183648145594927,0,0,0,0,0,0,0,0,0,0,0,0,0,0,0,0,0,0,0,0,0.033457914643152876,0,0,0,0,0,0,0,0,0,0.10063951531470886,0,0,0,0,0,0,0,0,0,0,0,0,0,0,0,0,0,0,0,0,0,0,0,0,0,0,0,0,0,0,0,0,0,0,0,0,0,0,0,0,0,0,0,0,0,0,0,0,0,0,0,0,0,0,0,0,0,0,0,0,0,0,0,0,0,0,0,0,0,0,0,0,0,0,0,0,0,0,0,0,0,0,0,0,0,0,0,0,0,0,0,0,0,0,0,0,0,0.2996684912497109,0,0.034646581691772885,1,0,0,0,0,0,0,Eukaryota;;Oomycetes;Pythiales;Pythiaceae;Phytopythium;
0.03894704798451427,0.013972546435202713,0.013640971406883789,0,0,0,1,0.9889455831866214,0.8913690531870064,0,0,0.007858986641166665,0,0,0,0,0,0,0,0.10658920726125078,0,0,0,0,0,0.0074108522463478205,0,0.17544869539481572,0,0,0,0,0.013424606186254002,0,0.011527992383207722,0.04366660919891187,0.01680353218303749,0,0.007959031762296908,0.4836078039946792,0.49911614295860557,0.45122133375907825,0.003599076578398299,0,0.03175591797585611,0.036283198477992475,0.09602699648936312,0.06904732330838367,0.03829205672552508,0,0,0.008066727847436238,0.4181074374369143,0,0,0,0,0,0.01589855890588846,0,0.08263949067769619,0.04026237318750758,0.014984569301492605,0,0,0,0.0020700339373320997,0,0,0,0,0,0,0.04493418061407342,0,0,0,0,0,0,0,0,0,0.011800685948557803,0,0,0,0,0,0,0,0,0,0.0027424872777901677,0.0022898440474842597,0.019405851076434832,0,0.006947907414206499,0,0.09104128086688108,0,0,0.1394954879561716,0.12806955429115163,0,0.00620507925987711,0,0.002760744782506293,0.005119806101253314,0,0.005850527989504444,0.014666972954338489,0,0,0,0,0,0,0,0.03462712461225334,0.04775403626618025,0,0.05985332572865355,0,0,0.2399976675109056,0.185015304571451,0.23225337204530694,0.04227427651004677,0.3052259311719971,0,0.19113603519254993,0,0,0,0,0,0.010041728410283916,0.0174367798394893,0.006018395604421685,0,0.02366295552912553,0,0,0,0,0,0.001107645908708931,0,0,0.01306092341117322,0,0,0,0,0,0.641613570704313,0.7024842329979115,0.7616641229561596,0,0,0,0.4226129216505542,0.4402609503279285,0.4084008068317273,0,0,0,0,0,0,0,0,0,0,0,0,0,0,0,0,0,0.005508018344293927,0,0,0.002397355896242382,0,0,0,0,0,0,0,0.024741632970690118,0,0.015441674980594107,0,0,0,0,0,0.0034010732597378234,0,0.009939720894953494,0.04194846600792576,0.04179962218311475,0,0,0,0,0,Eukaryota;Arthropoda;Hexanauplia;Calanoida;Clausocalanidae;Clausocalanus;Clausocalanus furcatus
0,0,0,0,0,0,0,0,0,0,0,0,0,0,0,0,0,0,0,0,0,0,0,0,0,0,0,0,0,0,0,0,0,0,0,0,0,0,0,0,0,0,0,0,0,0,0,0,0,0,0,0,0,0,0,0,0,0,0,0,0,0,0,0,0,0,0,0,0,0,1,0,0,0,0,0,0,0,0,0,0,0,0,0,0,0,0,0,0,0,0,0,0,0,0,0,0,0,0,0,0,0,0,0,0,0,0,0,0,0,0,0,0,0,0,0,0,0,0,0,0,0,0,0,0,0,0,0,0,0,0,0,0,0,0,0,0,0,0,0,0,0,0,0,0,0,0,0,0,0,0,0,0,0,0,0,0,0,0,0,0,0,0,0,0,0,0,0,0,0,0,0,0,0,0,0,0,0,0,0,0,0,0,0,0,0,0,0,0,0,0,0,0,0,0,0,0,0,0,0,0,0,0,0,0,0,0,0,0,0,0,Eukaryota;Mollusca;Cephalopoda;Teuthida;Mastigoteuthidae;Mastigoteuthis;Mastigoteuthis psychrophila
0,0,0,0,0,0,0,0,0,0,0,0,0,0,0,0,0,0,0,0,0,0,0,0,0,0,0,0,0,0,0,0,0,0,0,0,0,0,0,0,0,0,0,0,0,0,0,0,0,0,0,0,0,0,0,0,0,0,0,0,0,0,0,0,0,0,0,0,0,0,0,0,0,0,0,0,0,0,0,0,0,0,0,0,0,0,0,0,0,0,0,0,0,0,0,0,0,0,0,0,0,0,0.937009212695237,1,0,0,0,0,0,0,0,0,0,0,0,0,0,0,0,0,0,0,0,0,0,0,0,0,0,0,0,0,0,0,0,0,0,0,0,0,0,0,0,0,0,0,0,0,0,0,0,0,0,0,0,0,0,0,0,0,0,0,0,0,0,0,0,0,0,0,0,0,0,0,0,0,0,0,0,0,0,0,0,0,0,0,0,0,0,0,0,0,0,0,0,0,0,0,0,0,0,0,0,0,0,0,0,0,0,0,0,Eukaryota;Basidiomycota;Agaricomycetes;Agaricales;Tricholomataceae;Lepista;Lepista nuda
0,0,0,0,0,0,0,0,0,0,0,0,0,0,0,0,0,0,0,0,0,0,0,0,0,0,0,0,0,0,0,0,0,0,0,0,0,0,0,0,0,0,0,0,0,0,0,0,0,0,0,0,0,0,0,0,0,0,0,0,0,0,0,0,0,0,0,0,0,0,0,0,0,0,0,0,0,0,0,0,0,0,0,0,0,0,0,0,0,0,0,0,0,0,0,0,0,0,0,0,0,0.2014639458852013,0,0,0,0,0,0,0,0,0,0,0,0,0,0,0,0,0,0,0,0,0,0,0,0,0,0,0,0,0,0,0,0,0,0,0,0,0,0,0,0,0,0,0,0,0,0,0,0,0,0,0,0,0,0,0,0,0,0,0,0,0,0,0,0,0,0,0,0,0,0,0,0,0,0,0,0,0,0,0,0,0,0,0,0,0,0,0,0,0,0,1,0,0,0,0,0,0,0,0,0,0,0,0,0.21402824086166894,0,0,0,0,0,Eukaryota;Porifera;Homoscleromorpha;Homosclerophorida;Plakinidae;Plakinastrella;Plakinastrella cf. onkodes DVL-2011
0,0.6904031491787702,0,0,0,0,0,0.13598847111227566,0,0.37497290658189436,0,0.3550386934028817,0,0,0,0,0,0,0,0,0,0,0,0,0,0,0,0,0,0,0.13685806579207593,0,0,0,0,0,0,0,0,0,0,0,0,0,0.29887705154045496,0,0.21983762795623013,0,0,0,0,0,0.16245826377295491,0,0,0,0,0,0,0,1,0,0,0.09938086423693114,0,0,0,0,0,0,0,0,0,0,0,0,0,0,0,0,0,0,0,0,0,0,0,0,0,0,0,0,0,0,0,0,0,0,0,0,0,0,0,0,0,0,0,0,0,0,0,0,0,0,0,0,0,0,0,0,0,0,0,0,0,0,0,0,0,0,0,0,0,0,0,0,0,0,0.11361438969662696,0,0,0.48105046343975283,0,0,0,0,0,0,0,0,0,0,0,0,0,0,0,0.01121660951502752,0,0,0,0,0,0,0,0,0,0,0,0,0,0,0,0,0,0,0.028087835369566102,0,0,0,0,0,0,0,0,0,0,0,0,0,0,0,0,0,0,0,0,0,0,0,0,0.17605427492097755,0,0,0,0,0,0,0,0,0,Eukaryota;Arthropoda;Hexanauplia;Calanoida;Calanidae;Undinula;Undinula vulgaris
0,0,0,0,0,0,0,0,0,0,0,0,0,0,0,0,0,0,0,0,0,0,0,0,0,0,0,0,0,0,0,0,0,0,0,0,0,0,0,0,0,0,0,0,0,0,0,0,0,0,0,0,0,0,0,0,0,0,0,0,0,0,0,0,0,1,0.7469804893155776,0,0,0,0,0,0,0,0,0,0,0,0,0,0,0,0,0,0,0,0,0,0,0,0,0,0,0,0,0,0,0,0,0,0,0,0,0,0.16830086348390783,0,0,0,0,0,0,0,0,0,0,0,0,0,0,0,0,0,0,0,0,0,0,0,0,0,0,0,0,0,0,0,0,0,0,0,0,0,0,0,0,0,0,0,0,0,0,0,0,0,0,0,0,0,0,0,0.1801919276298364,0,0,0,0,0,0,0,0,0,0,0,0,0,0,0,0,0,0,0,0,0,0,0,0,0,0,0,0,0,0,0,0,0,0,0,0,0,0,0,0,0,0,0,0,0,0,0,0,0,0,Eukaryota;Cnidaria;Anthozoa;Zoantharia;Epizoanthidae;Epizoanthus;Epizoanthus paguricola
0,0,0,0,0,0,0,0,0,0,0,0,0,0,0,0,0,0,0,0,0,0,0,1,0,0,0,0,0,0,0,0,0,0,0,0,0,0,0,0,0,0,0,0,0,0,0,0,0,0,0,0,0,0,0,0,0,0,0,0,0,0,0,0,0,0,0,0,0,0,0,0,0,0,0,0,0,0,0,0,0,0,0,0,0,0,0,0,0,0,0,0,0,0,0,0,0,0,0,0,0,0,0,0,0,0,0,0,0,0,0,0,0,0,0,0,0,0,0,0,0,0,0,0,0,0,0,0.024893091869242028,0,0,0,0,0,0,0,0,0,0,0,0,0,0,0,0,0,0,0,0,0,0,0,0,0,0,0,0,0,0,0,0,0,0,0,0,0,0,0,0,0,0,0,0,0,0,0,0,0,0,0,0,0,0,0,0,0,0,0,0,0,0,0,0,0,0,0,0,0,0,0,0,0,0,0,0,0,0,0,0,0,0,0,Eukaryota;Arthropoda;Malacostraca;Decapoda;Paguridae;Spiropagurus;Spiropagurus elegans
0,0,0,0,0,0,0,0,0,0,0,0,0,0,0,0,0,0,0,0,0,0,0,0,0,0,0,0,0,0,0,0,0,0,0,0,0,0,0,0,0,0,0,0,0,0,0,0,0,0,0,0,0,0,0,0,0,0,0,0,0,0,0,0,0,0,0,0,0,0,0,0,0,0,0,0,0,0,0,0,0,0,0,0,0,0,0,0,0,0,0,0,0,0,0,0,0,0,0,0,0,0,0,0,0,0,0,0,0,0,0,0,0,0,0,0,0,0,0,0,0,0,0,0,0,0,0,1,0,0,0,0,0,0,0,0,0,0,0,0,0,0,0,0,0,0,0,0,0,0,0,0,0,0,0,0,0,0.5163604628665286,0,0,0,0,0,0,0,0,0,0,0,0,0,0,0,0,0,0,0,0,0,0,0,0,0,0,0,0,0,0,0,0,0,0,0,0,0,0,0,0,0,0,0,0,0,0,0,0,0,0,0,0,0,Eukaryota;Chordata;Actinopteri;Perciformes;Sebastidae;Sebastes;Sebastes hopkinsi
0,0,0,0,0,0,1,0,0.7146650724726643,0,0,0.78815385158761,0,0,0,0,0,0,0,0,0,0,0,0,0,0,0.657180441163478,0,0,0,0,0,0,0,0,0,0,0,0,0,0,0,0,0,0,0,0,0,0,0,0,0,0,0,0,0,0,0,0,0,0,0,0,0,0,0,0,0,0,0,0,0,0,0,0,0,0,0,0,0,0,0,0,0,0,0,0,0,0,0,0,0,0,0,0,0,0,0,0,0,0,0,0,0,0,0,0,0,0,0,0,0,0,0,0,0,0,0,0,0,0,0,0,0,0,0,0,0,0,0,0,0,0,0,0,0,0,0,0,0,0,0,0,0,0,0,0,0,0,0,0,0,0,0,0,0,0,0,0,0,0,0,0,0,0,0,0,0,0,0,0,0,0,0,0,0,0,0,0,0,0,0,0,0,0,0,0,0,0,0,0,0,0,0,0,0,0,0,0,0,0,0,0,0,0,0,0,0,0,0,0,Eukaryota;Arthropoda;Hexanauplia;Calanoida;Scolecitrichidae;Lophothrix;Lophothrix humilifrons
0,0,0,0,0,0,0,0,0,0,0,0,0,0,0,0,0,0,0,0,0,0,0,0,0,0,0,0,0,0,0,0,0,0,0,0,0,0,0,0,0,0,0,0,0,0,0,0,0,0,0,0,0,0,0,0,0,0,0,0,0,0,0,0,0,0,0,0,0,0,0,0,1,0,0,0,0,0,0,0,0,0,0,0,0,0,0,0,0,0,0,0,0,0,0,0,0,0,0,0,0,0,0,0,0,0,0,0,0,0,0,0,0,0,0,0,0,0,0,0,0,0,0,0,0,0,0,0,0,0,0,0,0,0,0,0,0,0,0,0,0,0,0,0,0,0,0,0,0,0,0,0,0,0,0,0,0,0,0,0,0,0,0,0,0,0,0,0,0,0,0,0,0,0,0,0,0,0,0,0,0,0,0,0,0,0,0,0,0,0,0,0,0,0,0,0,0,0,0,0,0,0,0,0,0,0,0,0,0,0,0,Eukaryota;Arthropoda;Malacostraca;Decapoda;Pandalidae;Pandalus;Pandalus jordani
0,0,0,0,0.17028983728863475,0,0,0,0,0,0,0,0,0,0,0,0,0,0,0,0,0,0,1,0,0,0,0,0,0,0,0,0,0,0,0,0,0,0,0,0,0,0,0,0,0,0,0,0,0,0,0,0,0,0,0,0,0,0,0,0,0,0,0,0,0,0,0,0,0,0,0,0,0,0,0,0,0,0,0,0,0,0,0,0,0,0,0,0,0,0,0,0,0,0,0,0,0,0,0,0,0,0,0,0,0,0,0,0,0,0,0,0,0,0,0,0,0,0,0,0,0,0,0,0,0,0,0,0,0,0,0,0,0,0,0,0,0,0,0,0,0,0,0,0,0,0,0,0,0,0,0,0,0,0,0,0,0,0,0,0,0,0,0,0,0,0,0,0,0,0,0,0,0,0,0,0,0,0,0,0,0,0,0,0,0,0,0,0,0,0,0,0,0,0,0,0,0,0,0,0,0,0,0,0,0,0,0,0,0,0,Eukaryota;Arthropoda;Malacostraca;Decapoda;Aeglidae;Aegla;
0,0,0.025886163865435907,0,0,0,0,0,0,0,0,0,0,0,0,0,0,0,0,0,0,0,0,0,0,0,0,0,0,0,0.2152382732605055,0.6594389168659287,0.394022187455554,0.4660737102453174,0.7394226990723651,0.7726459921660528,0,0,0,0,0,0,0.8198140394859381,1,0,0,0,0,0,0,0,0.5306789817126012,0,0,0,0,0,0,0,0,0,0,0,0,0,0,0.45279705887488997,0,0,0,0,0,0,0,0.6466103366594634,0,0,0.667803037307203,0,0.845448842590785,0.935244654733549,0,0,0,0,0,0,0,0,0,0,0,0,0,0,0,0.06972759177666013,0,0,0,0,0,0.02106509100523302,0,0,0,0,0,0,0,0,0,0,0,0,0,0,0,0.6918759456766432,0.0029973490419705215,0,0,0,0,0,0,0,0,0,0,0,0,0,0,0,0.045111270758969806,0,0,0,0,0,0,0,0,0,0,0.3244244872418778,0.333204401481029,0.33960945078826316,0,0,0,0,0,0,0,0.057378810780900735,0.061850615184110225,0.04270478822736514,0,0,0,0,0,0,0.10134715795466803,0.05398395117540687,0,0,0,0,0,0,0,0,0,0,0,0.02089129713348791,0.008503203054139048,0,0,4.117628752729605e-4,0.06362600516204145,0,0,0,0,0,0,0,0,0,0,0,0,0,0,0,0,0,0,0,0,0,0,0,0,0,0,0,Eukaryota;Cnidaria;Hydrozoa;Leptothecata;Campanulariidae;Clytia;
0,0,0,0,0,0,0,0,0,1,0.45848669100759676,0.3328728248321861,0,0,0,0,0,0,0,0,0,0,0,0,0,0,0,0,0,0,0,0,0,0,0,0,0,0,0,0,0,0,0,0,0,0,0,0,0,0,0,0,0,0,0,0,0,0,0,0,0,0,0,0,0,0,0,0,0,0,0,0,0,0,0,0,0,0,0,0,0,0,0,0,0,0,0,0,0,0,0,0,0,0,0,0,0,0,0,0,0,0,0,0,0,0,0,0,0,0,0,0,0,0,0,0,0,0,0,0,0,0,0,0,0,0,0,0,0,0,0,0,0,0,0,0,0,0,0,0,0,0,0,0,0,0,0,0,0,0,0,0,0,0,0,0,0,0,0,0,0,0,0,0,0,0,0,0,0,0,0,0,0,0,0,0,0,0,0,0,0,0,0,0,0,0,0,0,0,0,0,0,0,0,0,0,0,0,0,0,0,0,0,0,0,0,0,0,0,0,0,Eukaryota;Chordata;Actinopteri;Myctophiformes;Myctophidae;Loweina;Loweina rara
0,0,0,0,0,0,0,0.21644005718875137,0.3042330654695978,0,0,0,0,0,0,0,0,0,0,0,0,0,0,0,0,0,0,0,1,0,0,0,0,0,0,0,0,0,0,0,0,0,0,0,0,0,0,0,0,0,0,0,0,0,0.10011131383255502,0,0,0,0,0,0,0,0,0,0.18324962082211071,0,0,0,0,0,0,0,0,0,0,0,0,0,0,0,0,0,0,0,0,0,0,0,0,0,0.5213510366807399,0,0,0,0,0,0,0,0,0,0,0,0,0,0,0,0,0,0,0,0,0,0,0,0,0.06402357618839859,0.020549367586966256,0,0,0,0,0,0,0,0,0,0,0,0,0,0,0,0,0,0,0,0,0,0,0,0,0,0,0,0,0,0,0,0,0,0,0,0,0,0,0,0,0,0,0,0,0,0,0,0,0,0,0,0,0,0,0,0,0,0,0,0,0,0,0,0,0,0,0,0,0,0,0,0,0,0,0,0,0,0,0,0,0,0,0,0,0,0,0,0,0,0,0,0,0,0,Eukaryota;Cnidaria;Hydrozoa;Narcomedusae;Aeginidae;Aegina;Aegina citrea
0,0,0,0,0,0,0,0,0,0,0,0,0,0,0,0,0,0,0,0,0,0,0,0,0,0,0,0,0,0,0,0,0,0,0,0,0,0,0,0,0,0,0,0,0,0,0,0,0,0,0,0,0,0,0,0,0,0,0,0,0,0,0,0,0,0,0,0,0,0,1,0.608399948744739,0.7934856631947491,0,0,0,0,0,0,0,0,0,0,0,0,0,0,0,0,0,0,0,0,0,0,0,0,0,0,0,0,0,0,0,0,0,0,0,0,0,0,0,0,0,0,0,0,0,0,0,0,0,0,0,0,0,0,0,0,0,0,0,0,0,0,0,0,0,0,0,0,0,0,0,0,0,0,0,0,0,0,0,0,0,0,0,0,0,0,0,0,0,0,0,0,0,0,0,0,0,0,0,0,0,0,0,0,0,0,0,0,0,0.04115385829803858,0,0,0,0,0,0,0,0,0,0,0,0,0,0,0,0,0,0,0,0,0,0,0,0,0,0,0,0,Eukaryota;Annelida;Polychaeta;Spionida;Magelonidae;Magelona;Magelona sp. 11BIOAK-1637
0,0,0,0,0,0,0,0,0,0.6491991342671269,0.48104915212142474,0,0,0,0,0,0,0,0,0,0,0,0,0,0,0,0,0,0,0,0,0,0,0,0,0,0,0,0,0,0,0,0,0,0,0,0,0,0,0,0,0,0,0,0,0,0,0,0,0,0,0,0,0,0.1359108588349051,0,0,0,0,0,0,0,0,0,0,0,0,0,0,0,0,0,0,0,0,0,0,0,0,0,0,0,0,0,0,0,0,0,0,0,0,0,0,0,0,0,0,0,0,0,0.3033306963302604,0,0,0,0,0,0,0,0,0,0,0,0,0,0,0,0,0,0,0,0,0,0,0,0,0,0,0.08925097680605204,0,0,0,0,0,0,0,0,0,0,0,0,0,0,0,0,0,0,0,0,0,0,0,0,0,1,0,0,0,0,0,0,0,0,0,0,0,0,0,0,0,0,0,0,0,0,0,0,0,0,0,0,0,0,0,0,0,0,0,0,0,0,0,0,0,0,0,0,0,0,0,0,0,Eukaryota;Arthropoda;Ostracoda;Halocyprida;Halocyprididae;Metaconchoecia;Metaconchoecia skogsbergi
0,0,0,0,0,0,0,0,0,0,0,0,0,0,0,0,0,0,0,0,0,0,0,0,0,0,0,0,0,0,0,0,0,0,0,0,0,0,0,0,0,0,0,0,0,0,0,0,0,0,0,0,0,0,0,0,0,0,0,0,0,0,0,0,0,0,0,0,0,0,0,0,0,0,0,0,0,0,0,0,0,0,0,0,0,0,0,0,0,0,0,0,0,0,0,0,0,0,0,0,0,0,0,0,0,0,0,0,0,0,0,0,0,0,0,0,0,0,0,0,0,0,0,0,0,0,0,0,0,0,0,0,0,0,0,0,0,0,0,0,0,0,0,0,0,0,0,0,0,0,0,0,0,0,0,0,0,0,0,0,0,0,0.8316549437610387,1,0,0,0,0,0,0,0,0,0,0,0,0,0,0,0,0,0,0,0,0,0,0,0,0,0,0,0,0,0,0,0,0,0,0,0,0,0,0,0,0,0,0,0,0,0,0,0,Eukaryota;Cnidaria;Hydrozoa;Siphonophorae;Prayidae;Rosacea;Rosacea sp. 1 BO-2009
0,0,0,0,0,0,0,0,0,0,0,0,0,0,0,0,0,0,0,0,0,0,0,0,0,0,0,0,0,0,0.549675615516165,0,0,0,0,0,0,0,0,0,0,0,0,0,0,0,0,0,0,0,0,0,0,0,0,0.22778762694552313,0,0,0,0,0,0,0,0,0,0,0,0,0,0,0,0,0,0,0,0,0,0,0,0,0,0,0,1,0,0,0,0,0,0,0,0,0,0,0,0,0,0,0.24075736408762596,0,0,0,0,0,0,0,0,0,0,0,0,0,0,0,0,0,0,0,0,0,0,0,0,0,0,0,0,0,0,0,0,0,0,0,0,0,0,0,0,0,0,0,0,0,0,0,0,0,0,0,0,0,0,0,0,0,0,0,0,0,0,0,0,0,0,0,0,0,0.02017542592372106,0,0,0,0,0,0,0,0,0,0,0,0,0,0,0,0,0,0,0,0,0,0,0,0,0,0,0,0,0,0,0,0,0,0,0,0,0,0,0,0,0,0,Eukaryota;Arthropoda;Hexanauplia;Calanoida;Calanidae;Neocalanus;Neocalanus plumchrus
0,0,0,0,0,0,0,0,0,0,0,0,0,0,0,0,0,0,0,0,0,0,0,0,0,0,0,0,0.4240532783459192,0,0,0,0,0,0,0,0,0,0,0,0,0,0,0,0,0,0,0,0,0,0,0,0,0,0,0,0,0,0,0,0,1,0,0,0,0,0,0,0,0,0,0,0,0,0,0,0,0,0,0,0,0,0,0,0,0,0,0,0,0,0,0,0,0,0,0,0,0,0,0,0,0,0,0,0,0,0,0,0,0,0,0,0,0,0,0,0,0,0,0,0,0,0,0,0,0,0,0,0,0,0,0,0,0,0,0,0,0,0,0,0,0,0,0,0,0,0,0,0,0,0,0,0,0,0,0,0,0,0,0,0,0,0,0,0,0,0,0,0,0,0,0,0,0,0,0,0,0,0,0,0,0,0,0,0,0,0,0,0,0,0,0,0,0,0,0,0,0,0,0,0,0,0,0,0,0,0,0,0,0,0,Eukaryota;Mollusca;Gastropoda;Pteropoda;;;
0,0,0,0,0,0,0,0,0,0,0,0,0,0,0,0,0,0,0,0,0,0,0,0,0,0,0,0,0,0,0,0,0,0,0,0,0,0,0,0,0,0,0,0,0,0,0,0,0,0,0,0,0,0,0,0,0,0,0,0,0,0,0,0,0,0,0,0,0,0,0,0,0,0,0,0,0,0,0,0,0,0,0,0,0,0,0,0,0,0,0,0,0,0,0,0,0,0,0,0,0,0,0,0,0,0,0,0,0,0,0,0,0,1,0.6742454891172425,0,0,0,0,0,0,0.9049928903500368,0,0,0,0,0,0,0,0,0,0,0,0,0,0,0,0,0,0,0,0,0,0,0,0,0,0,0,0,0,0,0,0,0,0,0,0,0,0,0,0,0,0.2809678267730341,0,0,0,0,0,0,0,0,0,0,0,0,0,0,0,0,0,0,0,0,0,0,0,0,0,0,0,0,0,0,0,0,0,0,0,0,0,0,0,0,0,0,0,0,0,0,0,Eukaryota;Mollusca;Gastropoda;Pteropoda;Pneumodermatidae;Pneumodermopsis;
0,0,0,0,0,0,0,0,0,0,0,0,0,0,0,0,0,0,0,0,0,0,0,0,0,0,0,0,0,0,0,0,0,0,0,0,0,0,0,0,0,0,0,0,0,0,0,0,0,0,0,0,0,0,0,0,0,0,0,0,0,0,0,0,0,0,0,0,0,0,0,0,0,0,0,0,0,0,0,0,0,0,0,0,0,0,0,0,0,0,0,0,0,0,0,0,0,0,0,0,0,0,0,0,0,0,0,0,0,0,0,0,0,0,0,0,0,0,0,0,0,0,0,0,0,0,0,1,0,0,0,0,0,0,0,0,0,0,0,0,0,0,0,0,0,0,0,0,0,0,0,0,0,0,0,0,0,0,0,0,0,0,0,0,0,0,0,0,0,0,0,0,0,0,0,0,0,0,0,0,0,0,0,0,0,0,0,0,0,0,0,0,0,0,0,0,0,0,0,0,0,0,0,0,0,0,0,0,0,0,0,Eukaryota;Arthropoda;Malacostraca;Decapoda;Munididae;Munida;Munida tiresias
0,0,0,0,0,0,0,0,0,0,0,0,0,0,0,0,0,0,0,0,0,0,0,0,0,0,0,0,0,0,0,0,0,0,0,0,0,0,0,0,0,0,0,0,0,0,0,0,0,0,0,0,0,0,0,0,0,0,0,0,0,0,0,0,0,0,0,0,0,0,0,0,0,0,0,0,0,0,0,0,0,0,0,0,0,0,0,0,0,0,0,0,0,0,0,0,0,0,0,0,0,0,0,0,0,0,0,0,0,0,0,0,0,0,0,0,0,0,0,0,0,0,0,0,0,0,0,0,0,0,0,0,0,0,0,0,0,0,0,0,0,0,0,0,0,0,0,0,0,0,0,0,0,0,0,0,0,0,0,0,0,0,0,0,0,0,0,0,0,1,0,0,0,0,0,0,0,0,0,0,0,0,0,0,0,0,0,0,0,0,0,0,0,0,0,0,0,0,0,0,0,0,0,0,0,0,0,0,0,0,0,Eukaryota;Chordata;Actinopteri;Myctophiformes;Myctophidae;Nannobrachium;
0.015285181583699228,0.12071204174165759,0.016921690702924503,0,0,0,0,0,0,0,0,0,0,0,0,0,0,0,0,0,0,0.012438249597885077,0,0,0,0,0,0,0,0,0.07678344370452614,0.019852549478446627,0.04111741168862663,0.0178800679028345,0.8581741756171732,0.8941544663102203,1,0.017063183896122998,0.02317147970300962,0,0,0,0,0,0,0,0,0,0,0,0,0.010361038261257583,0.19050395743505363,0.26905245034741443,0.265147704893198,0.4520927035622324,0.11517890084509554,0.09694318054293259,0.004537860269662315,0,0.05054453546988998,0.06343541804747817,0,0,0,0,0,0,0,0,0,0,0,0,0,0,0,0,0,0,0.005350864642299419,0,0,0,0,0,0,0,0,0,0.0035478244399341223,0,0,0,0,0,0,0,0.1853117445406989,0,0,9.475578952474559e-4,0,0,0.15567716924726116,0.025902194884386182,0,0,0,0,0,0,0,0,0,0.068458801759114285,0.07258377237709311,0,0,0,0,0,0,0,0,0,0,0,0,0,0.07793473082066635,0.008423960426429098,0.010630354306677072,0.010598526133160134,0,0,0,0.0077386569302329246,0.006891103859893278,0,0,0,0,0,0,0,0,0,0,0,0,0,0,0,0,0,0,0,0,0,0,0,0,0,0,0,0,0,0,0,0,0,0,0,0,0,0,0,0,0,0,0,0,0,0,0,0,0,0,0,0,0,0,0,0,0,0,0,0,0,0,0,0,0,0,0,0,0,0,0,0,Eukaryota;Chordata;Actinopteri;Myctophiformes;Myctophidae;Tarletonbeania;Tarletonbeania crenularis
0,0.1337853902127012,0,0,0,0,0,0,0,0,0,0.29173387645318893,0,0,0,0,0,0,0,0,0,0,0,0,0,0,0,0,0,0,0,0,0,0,0,0,0,0,0,0,0,0,0,0,0,0,0,0,0,0,0,0,0,0,0,0,0,0,0,0,0,0,0,0,0,0,0,0,0,0,0,0,0,0,0,0,0,0,0,0,0,0,0,0,0,0,0,0,0,0,0,0,0,0,0,0,0,0,0,0,0,0,0,0,0,0,0,0,0,0,0,0,0,0,0,0,0,0,0,0,0,0,0,0,0,0,0,0,0,0,0,0,0,0,0,0,0,0,0,0,1,0.13663904752988174,0,0,0,0,0,0,0,0,0,0,0,0,0,0,0,0,0,0,0,0,0,0,0,0,0,0,0,0,0,0,0,0,0,0,0,0,0,0,0,0,0,0,0,0,0,0,0,0,0,0,0,0,0,0,0,0,0,0,0,0,0,0,0,0,0,0,0,0,0,Eukaryota;Arthropoda;Hexanauplia;Calanoida;Heterorhabdidae;Heterorhabdus;Heterorhabdus farrani
0,0,0,0,0,0,0,0,0,0,0,0,0,0,0,0,0,0,0,0,0,0,0,0,0,0,0,0,0,0,0,0,0,0,0,0,0,0,0,0,0,0,0,0,0,0,0,0,0,0,0,0,0,0,0,0,0,0,0,0,0,0,0,1,0,0,0,0,0,0,0,0,0,0,0,0,0,0,0,0,0,0,0,0,0,0,0,0,0,0,0,0,0,0.021250031365735327,0,0,0,0,0,0,0,0,0,0,0,0,0,0,0,0,0,0,0,0,0,0,0,0,0,0,0,0,0,0,0,0,0,0,0,0,0,0,0,0,0,0,0,0,0,0,0,0,0,0,0,0,0,0,0,0,0,0,0,0,0,0,0,0,0,0,0,0,0,0,0,0,0,0,0,0,0,0,0,0,0,0,0.09635052477119288,0,0,0,0,0,0,0,0,0,0,0,0,0,0,0,0,0,0,0,0,0,0,0,0,0,0,0,0,0,0,0,0,0,0,Eukaryota;Porifera;Demospongiae;Spongillida;Spongillidae;;
0,0,0,0,0,0,0,0,0,0,0,0,0,0,0,0,0,0,0,0,0,0,0,0,0,0,0,0,0,0,0,0,0,0,0,0,0,0,0,0,0,0,0,0,0,0.3774030209406111,0,0,0,0,0,0,0,0,0,0,0,0,0,0,0,0,0,0,0,0,0,0,0,0,0,0,0,0,0,0,0,0,0,0,0,0,0,0,0,0,0,0,0,0,0,0,0,0,0,0,0,0,0,0,0,0,0,0,0,0,0,0,0,0,0,0,0,0,0,0,0,0,0,0,0,0,0,0,0,0,0,0,0,0,0,0,0,0,0,0,0,0,0,0,0,0,0,0,0,0,0,0,0,0,0,0,0,0,0,0,0,0.26135618678500416,0,0,0,0,0,0,0,0,0,0,0,0,0,0,0,0,0,0,0,0,0,0,0,0,0,0,0,0,0,0,0,0,0,0,0,0,0,0,0,0,0,0,0,0,0,0,0.9516525673814678,1,0,0,0,0,0,Eukaryota;Arthropoda;Hexanauplia;Calanoida;Euchaetidae;Euchaeta;Euchaeta marina
0,0,0,0,0,0,0,0,0,0,0,0,0,0,0,0,0,0,0,0,0,0,0,0,0,0,0,0,0,0,0,0,0,0,0,0,0,0,0,0,0,0,0,0,0,0,0,0,0,0,0,0,0,0,0,0,0,0,0,0,0,0,0,0,0,0,0,0,0,0,0,0,0,0,0,0,0,0,0,0,0,0,0,0,0,0,0,0,0,0,0,0,0,0,0,0,0,0,0,0,0,0,0,0,0,0,0,0,0,0,0,0,0,0,0,0,0,0,0,0,0,0,0,0,0,0,0,0,0,0,0,0,0,0,0,0,0,0,0,0,0,0,0,0,0,0,0,0,0,0,0,0,0,0,0,0,0,0.4010681851934769,0,0,0,0,0,0,0,0,0,0,0,0,0,0,0,0,0,0,0,0,0,0,0,0,0,0,0,0,0,0,0,0,1,0,0,0,0,0,0,0,0,0,0,0,0,0,0,0,0,0,0,0,0,Eukaryota;;Phaeophyceae;Fucales;Sargassaceae;;
0,0,0,0,0,0,0,0,0,0,0,0,0,0,0,0,0,0,0,0,0,0,0,0,0,0,0,0,0,0,0,0,0,0,0,0,0,0,0,0,0,0,0,0,0,0,0,0,0,0,0,0,0,0,0,0,0,0,0,0,0,0,0,0,0,0,0,0,0,0,0,0,0,0,0,0,0,0,0,0,0,0,0,0,0,0,0,0,0,0,0,0,0,0,0,0,0,0,0,0,0,0,0,0,0,0,0,0,0,0,0,0,0,0,0,0,0,0,0,0,0,0,0,0,0,0,0,0,0.6463407492586737,1,0,0,0,0,0,0,0,0,0,0,0,0,0,0,0,0,0,0,0,0,0,0,0,0,0,0,0,0,0,0,0,0,0,0,0,0,0,0,0,0,0,0,0,0,0,0,0,0,0,0,0,0,0,0,0,0,0,0,0,0,0,0,0,0,0,0,0,0,0,0,0,0,0,0,0,0,0,0,0,0,0,Eukaryota;Mollusca;Gastropoda;Pteropoda;Cavoliniidae;Clio;Clio cuspidata
0,0,0,0,0,0,0,0,0,0,0,0,0,0,0,0,0,0,0,0,0,0,0,0,0,0,0,0,0,0,0,0,0,0,0,0,0,0,0,0,0,0,0,0,0,0,0,0,0,0,0,0,0,0,0,0,0,0,0,0,0,0,0,0,0,0,0,0,1,0,0,0,0,0.33678110507962755,0,0,0,0,0,0,0,0,0,0,0,0,0,0,0,0,0,0,0,0,0,0,0,0,0,0,0,0,0,0,0,0,0,0,0,0,0,0,0,0,0,0,0,0,0,0,0,0,0,0,0,0,0,0,0,0,0,0,0,0,0,0,0,0,0,0,0,0,0,0,0,0,0,0,0,0,0,0,0,0,0,0,0,0,0,0,0,0,0,0,0,0,0,0,0,0,0,0,0,0,0,0,0,0,0,0,0,0,0,0,0,0,0,0,0,0,0,0,0,0,0,0,0,0,0,0,0,0,0,0,0,0,0,0,0,0,0,Eukaryota;Bacillariophyta;Bacillariophyceae;Naviculales;Sellaphoraceae;Sellaphora;Sellaphora bacillum
0,0,0,0,0,0,0,0,0,0,0,0,0,0,0,0,0,0,0,0,0,0,0,0,0,0,0,0,0,0,0,0,0,0,0,0,0,0,0,0,0,0,0,0,0,0,0,0,0,0,0,0,0,0,0,0,0,0,0,0,0,0,0,0,0,0,0,0,0,0,0,0,0,0,0,0,0,0,0,0,1,0,0,0,0,0,0,0,0,0,0,0,0,0,0,0,0,0,0,0,0,0,0.24352265475430762,0,0,0,0,0,0,0,0,0,0,0,0,0,0,0,0,0,0,0,0,0,0,0,0,0,0,0,0,0,0,0,0,0,0,0,0,0,0,0,0,0,0,0,0,0,0,0,0,0,0,0,0,0,0,0,0,0,0,0,0,0,0,0,0,0,0,0,0,0,0,0,0,0,0,0,0,0,0,0,0.03756078168309077,0,0,0,0,0,0,0,0,0,0,0,0,0,0,0,0,0,0,0,0,0,0,0,0,0,0,0,0,Eukaryota;NA;Labyrinthulomycetes;NA;Thraustochytriaceae;Aurantiochytrium;Aurantiochytrium mangrovei
0,0,0,0,0,0,0,0,0,0,0,0,0,0,0,0,0,0,0,0,0,0,0,0,0,0,0,0,0,0,0,0,0,0,0,0,0,0,0,0,0,0,0,0,0,0,0,0,0,0,0,0,0,0,0,0,0,0,0,0,0,0,0,0,0,0,0,0,0,0,0,0,0,0,0,0,0,0,0,0,0,0,0,0,0,0,0,0,0,0,0,0,0,0,0,0,0,0,0,0,0,0,0,0,0,0,0,0,0,0,0,0,0,0,0,0,0,0,0,0,0,0,0,0,0,0,0,0,0,0,0,0,0,0,0,0,0,0,0,0,0,0,0,0,0,0,0,0,0,0,0,0,0,0,0,0,0,0.16574012873526786,0,0,1,0.30955774761592414,0,0,0,0,0,0,0,0,0,0,0,0,0,0,0,0,0,0,0,0,0,0,0,0,0,0,0,0,0,0,0,0,0,0,0,0,0,0,0,0,0,0,0,0,0,0,0,0,0,Eukaryota;Arthropoda;Insecta;Diptera;Asilidae;Gonioscelis;Gonioscelis zulu
0,0,0,0,0,0,0.313170513107775,0,0,0,0,0,0,0,0,0,0,0,0,0,0,0,0,0,0,0,0,0,0,0,0,0,0,0,0,0,0,0,0,0,0,0,0,0,0,0,0,0,0,0,0,0,0,0,0,0,0,0,0,0,0,0,0,0,0,0,0,0,0,0,0,0,0,0,0,0,0,0,0,0,0,0,0,0,0,0,0,0,0,0,0,0,0,0,0,0,0,0,0,0,0,0,0,0,0,0,0,0,0,0,0,0,0,0,0,0,0,0,0,0,0,0,0,0,0,0,0,0,0,0,0,0,0,0,0,0,0,0,0,0,0,0,0,0,0,0,0,0,0,0,0,0,0,0,0,0,0,0,0,0,0,0,0,0,0,0,0,0,0,0,0,0,0,0,0,1,0.2600167769344211,0.364865993734772,0,0,0,0,0,0,0,0,0,0,0,0,0,0,0,0,0,0,0,0,0,0,0,0,0,0,0,0,0,0,0,0,0,Eukaryota;Bacillariophyta;Bacillariophyceae;Naviculales;Sellaphoraceae;Sellaphora;Sellaphora capitata
0,0,0,0,0,0,0,0,0,0,0,0,0,0,0,0,0,0,0,0,0,0,0,0,0,0,0,0,0,0,0,0,0,0,0,0,0,0,0,0,0,0,0,0,0,0,0,0,0,0,0,0,0,0,0,0,0,0,0,0,0,0,0,0,0,0,0,0,0,0,0,0,0,0,0,0,0,0,0,0,0,0,0,0,0,0,0,0,0,0,0,0,0,0,0,0,0,0,0,0,0,0,0,0,0,0,0,0,0,0,0,0,0,0,0,0,0,0,0,0,0,0,0,0,0,0,0,0,0,0,0,0,0,0,0,0,0,0,0,0,0,0,0,0,0,0,0,0,0,0,0,0,0,0,0,0,0,0,0,0,0,0,0,0,0,0,0,0,0,0,0,0,0,0,0,0,1,0.7503437173686043,0,0,0,0,0,0,0,0,0,0,0,0,0,0,0,0,0,0,0,0,0,0,0,0,0,0,0,0,0,0,0,0,0,Eukaryota;Mollusca;Cephalopoda;Octopoda;Argonautidae;Argonauta;Argonauta hians
0,0,0,0,0,0,0,0,0,0.19767525871063893,0.23694503336029138,0.2310090698803248,0.042450510097914555,0.07337442918387484,0,0,0,0,0,0,0,0,0,0,0,0,0,0.024819274430294077,0.020572686200130485,0.12414930488937606,0,0,0,0,0,0,0,0,0,0,0,0,0,0.007220284329214952,0.4104494984368372,0.4785023666257632,0,0,0,0,0.005507279885422889,0,0,0,0,0,0,0,0,0,0.6984661301900337,0.6677863118033418,0,0,0,0.11698673032054008,0.12881462375255587,0.16413422382188372,0,0.04304319581707314,0,0,0.483948746085476,0.27441043123989917,0,1,0,0,0,0,0,0,0,0.0034062755227037915,0,0,0,0.079051930745974,0.21620305510027388,0,0,0,0,0,0,0,0,0,0,0,0,0,0,0,0,0,0,0,0,0,0,0.00917286737110053,0,0,0,0.006394266886140833,0.00414673596885567,0,0,0.0020896275559344154,0,0,0,0,0.4957138998020274,0,0,0,0,0,0,0,0,0,0,0,0,0,0,0,0.010108705892413696,0,0,0,0,0,0,0,0,0,0,0,0.0178031599923403,0.027573316243615857,0.030637410738604088,0,0.027615106352685267,0.035942273566038775,0.028020714226259215,0,0,0,0.07052915485082528,0.05996369018615661,0.07327560756676577,0.019269556138284797,0.0037324337768934214,0.010751364070920495,0.010125197430656601,0.010621274896187954,0,0,0,0,0,0.03816392707367871,0.06314802653637057,0.029610035030614292,0,0,0,0,0,0,0,0,0,0,0,0,0,0,0,0,0,0,0,0,0,0,0,0,0,0.0074596776111075,0,0,0,0,0,0.0059644578358574955,0,Eukaryota;Chordata;Actinopteri;Carangiformes;Carangidae;Trachurus;Trachurus symmetricus
1,0,0.07496862380751854,0,0,0,0,0,0,0,0,0,0,0,0,0,0,0,0,0,0,0,0,0,0,0,0,0,0,0,0,0,0,0,0,0,0,0,0,0,0,0,0,0,0,0,0,0,0,0,0,0,0,0,0,0,0,0,0,0,0,0,0,0,0,0,0,0,0,0,0,0,0,0,0,0,0,0,0,0,0,0,0,0,0,0,0,0,0,0,0,0,0,0,0,0,0,0,0,0,0,0,0,0,0,0,0,0,0,0,0,0,0,0,0,0,0,0,0,0,0,0,0,0,0.32771802420200646,0,0.12614350535976568,0.06713749502426412,0.47192588842850386,0.7950525429167336,0,0,0,0,0,0,0,0,0,0,0,0,0,0,0,0,0,0,0,0,0,0,0,0,0,0,0,0,0,0,0,0,0,0,0,0,0,0,0,0,0,0,0,0,0,0,0,0,0,0,0,0,0,0,0,0,0,0,0,0,0,0,0,0,0,0,0,0,0,0,0,0,0,0,0,0,0,0,0,0,0,Eukaryota;Arthropoda;Malacostraca;Amphipoda;;;
0,0,0,0,0,0,0,0,0,0,0,0,0,0,0,0,0,0,0,0,0,0,0,0,0,0,0,0,0,0,0.5045553431340233,0,0,0,1,0,0,0,0,0,0,0,0,0,0,0,0,0,0,0,0,0,0,0,0,0,0,0,0,0,0,0,0,0,0,0,0,0,0,0,0,0,0,0,0,0,0,0,0,0,0,0,0,0,0,0,0,0,0,0,0,0,0,0.13322292594499027,0,0,0,0,0,0,0,0,0,0,0,0,0,0,0,0,0,0,0,0,0,0,0,0,0,0,0,0,0,0,0,0,0.24202407718359564,0,0,0,0,0,0,0,0,0.5155241222530943,0,0,0.4654030683911925,0,0,0,0,0,0,0,0,0.09783012407899422,0,0,0,0,0,0,0,0,0,0,0,0,0,0,0,0,0,0,0,0,0,0,0,0,0,0,0,0,0,0,0,0,0,0,0,0,0,0,0,0,0,0,0,0,0,0,0,0,0,0,0,0,0,0,0,0,0,0,0.3615261983207567,0,0,0,0,Eukaryota;Ctenophora;Tentaculata;Cestida;Cestidae;Cestum;NA
0,0,1,0,0,0,0,0,0,0,0,0,0,0,0,0,0,0,0,0,0,0,0,0,0,0,0,0,0,0,0,0,0,0,0,0,0,0,0,0,0,0,0,0,0,0,0,0,0,0,0,0,0,0,0,0,0,0,0,0,0,0,0,0,0,0,0,0,0,0,0,0,0,0,0,0,0,0,0,0,0,0,0,0,0,0,0,0,0,0,0,0,0,0,0,0,0,0,0,0,0,0,0,0,0,0,0,0,0,0,0,0,0,0,0,0,0,0,0,0,0,0,0,0,0,0,0,0,0,0,0,0,0,0,0,0,0,0,0,0,0,0,0,0,0,0,0,0,0,0,0,0,0,0,0,0,0,0,0,0,0,0,0,0,0,0,0,0,0,0,0,0,0,0,0,0,0,0,0,0,0,0,0,0,0,0,0,0,0,0,0,0,0,0,0,0,0,0,0,0,0,0,0,0,0,0,0,0,0,0,0,Eukaryota;Arthropoda;Malacostraca;Euphausiacea;Euphausiidae;Thysanoessa;Thysanoessa raschii
0,0,0,0,0,0,0,0,0,0,0,0,0,0,0,0,0,0,0,0,0,0,0,0,0,0,0,0,0,0,0,0,0,0,0,0,0,0,0,0,0,0,0,0,0,0,0,0,0,0,0,0,0,0,0,0,0,0,0,0,0,0,0,0,0,0,0,0,0,0,0,0,0,0,0,0,0,0,0,0,0,0,0,0,0,0,0,0,0,0,0,0,0,0,0,0,0,0,0,0,0,0,0,0,0,0,0,0,0,0,0,0,0,0,0,0,0,0,0,0,0,0,0,0,0,0,0,0,0,0,0,0,0,0,0,0,0,0,0,0,0,0,0,0,0,0,0,0,0,0,0,0,0,0,0,0,0,0,0,0,0,0,0,0,0,0,0,0.32866550875669415,1,0.3596552056734708,0,0,0,0,0,0,0,0,0,0,0,0,0,0,0,0,0,0,0,0,0,0,0,0,0,0,0,0,0,0,0,0,0,0,0,0,0,0,0,0,0,Eukaryota;Arthropoda;Hexanauplia;Sessilia;Balanidae;NA;Balanidae sp. 142706A
0,0.03144563594407493,0,0,0,0,0,0,0,0,0,0,0,0,0,0,0,0,0,0,0,0,0,0,0,0,0.26152630390607357,0,0,0,0,0,0,0,0,0,0,0,0,0,0,0,0,0,0,0,0,0,0,0,0,0,0.7855749165275459,1,0,0,0,0,0,0,0,0,0,0,0.44967555875991344,0,0,0,0,0,0,0,0,0,0,0,0,0,0,0,0,0,0,0,0,0,0,0,0,0,0,0,0,0,0,0,0,0,0,0,0,0,0,0,0,0,0,0,0,0,0,0,0,0,0,0,0,0,0,0,0,0,0,0,0,0,0,0,0,0.13356780442804428,0,0,0,0,0,0.013503409952008083,0,0,0,0,0,0,0,0,0,0,0,0,0,0,0,0,0,0,0,0,0.06870208632986848,0,0,0,0,0,0.9331577479626932,0,0,0,0,0,0,0,0,0,0,0,0.1423497603539388,0,0,0,0,0,0,0,0,0.12866313161725587,0,0,0,0,0,0,0,0,0,0,0,0,0,0,0,0,0,0,0,0,0,0,0,0,0,0,0,Eukaryota;;Dinophyceae;Gonyaulacales;;;
0,0,0,1,0,0,0,0,0,0,0,0,0,0,0,0,0,0,0,0,0,0,0,0,0,0,0,0,0,0,0,0,0,0,0,0,0,0,0,0,0,0,0,0,0,0,0,0,0,0,0,0,0,0,0,0,0,0,0,0,0,0,0,0,0,0,0,0,0,0,0,0,0,0,0,0,0,0,0,0,0,0,0,0,0,0,0,0,0,0,0,0,0,0,0,0,0,0,0,0,0,0,0,0,0,0,0,0,0,0,0,0,0,0,0,0,0,0,0,0,0,0,0,0,0,0,0,0,0,0,0,0,0,0,0,0,0,0,0,0,0,0,0,0,0,0,0,0,0,0,0,0,0,0,0,0,0,0,0,0,0,0,0,0,0,0,0,0,0,0,0,0,0,0,0,0,0,0,0,0,0,0,0,0,0,0,0,0,0,0,0,0,0,0,0,0,0,0,0,0,0,0,0,0,0,0,0,0,0,0,0,Eukaryota;Arthropoda;Malacostraca;Decapoda;Paguridae;;
0,0,0,0,0,0,0,0,0,0,0,0,0,0,0,0,0,0,0,0,0,0,0,0,0,0,0,0,0,0,0,0,0,0,0,0,0,0,0,0,0,0,0,0,0,0,0,0,0,0,0,0,0,0,0,0,0,0,0,0,0,0,0,0,0,0,0,0,0,0,0,0,0,0,0,0,0,0,0,0,0,0,0,0,0,0,0,0,0,0,0,0,0,0,0,0,0,0,0,0,0,0,0,0,0,0,0,0,0,0,0,0,0,0,0,0,0,0,0,0,0,0,0,0,0,0,0,0,0,0,0,0,0,0,0,0,0,0,0,0,0,0,0,0,0,0,0,0,0,0,0,0,0,0,0,0,0,0,0,0,0,0,0,0,0,0,0,0,0,0,0,0,0,0,0,0,1,0,0,0,0,0,0,0,0,0,0,0,0,0,0,0,0,0,0,0,0,0,0,0,0,0,0,0,0,0,0,0,0,0,0,Eukaryota;Arthropoda;Malacostraca;Amphipoda;Lestrigonidae;Phronimopsis;Phronimopsis spinifera
0,0,0.3471724648536629,0,0,0,0,0,0,1,0,0,0,0,0,0,0,0,0,0,0,0,0,0,0,0,0,0,0,0.9620281758667576,0,0,0,0,0,0,0,0,0,0,0,0,0,0,0,0,0,0,0,0,0,0,0,0,0,0,0,0,0,0,0,0,0,0,0,0,0,0,0,0,0,0,0,0,0,0,0,0,0,0,0,0,0,0,0,0,0,0,0,0,0,0,0,0,0,0,0,0,0,0,0,0,0,0,0,0,0,0,0,0,0,0,0,0,0,0,0,0,0,0,0,0,0,0,0,0,0,0,0,0,0,0,0,0,0,0,0,0,0,0,0,0,0,0,0,0,0,0,0,0.28965762598359285,0,0,0,0,0,0,0,0,0,0,0,0,0,0,0,0,0,0,0,0,0,0,0,0,0,0,0,0,0,0,0,0,0,0,0,0,0,0,0,0,0,0,0,0,0,0,0,0,0,0,0,0,0,0,0,0,0,0,0,0.39170054807701377,0.589976662652785,Eukaryota;Arthropoda;Malacostraca;Euphausiacea;Euphausiidae;Thysanopoda;Thysanopoda aequalis
0,0,0,0,0,0,0,0,0,0,0,0,0,0,0,0,0,0,0,0,0,0,0,0,0,0,0,0,0,0,0,0,0,0,0,0,0,0,0,0,0,0,0,0,0,0,0,0,0,0,0,0,0,0,0,0,0,0,0,1,0,0,0,0,0,0,0,0,0,0,0,0,0,0,0,0,0,0,0,0,0,0,0,0,0,0,0,0,0,0,0,0,0,0,0,0,0,0,0,0,0,0,0,0,0,0,0,0,0,0,0,0,0,0,0,0,0,0,0,0,0,0,0,0,0,0,0,0,0,0,0,0,0,0,0,0,0,0,0,0,0,0,0,0,0,0,0,0,0,0,0,0,0,0,0,0,0,0,0,0,0,0,0,0,0,0,0,0,0,0,0,0,0,0,0,0,0,0,0,0,0,0,0,0,0,0,0,0,0,0,0,0,0,0,0,0,0,0,0,0,0,0,0,0,0,0,0,0,0,0,0,Eukaryota;Arthropoda;Malacostraca;Decapoda;Palaemonidae;Cuapetes;Cuapetes americanus
0,0,0,0,0,0,0,0,0,0,0,0,0,0,0,0,0,0,0,0,0,0,0,0,0,0,0,0,0,0,0,0,0,0,0,0,0,0,0.0011268989733001305,0,0,0,0,0,0,0,0,0,0,0,0,0,0,0,0,0,0,0,0,0,0,0,0,0,0,0,0,0,0,0,0,0,0,0,0,0.004645516473201616,0,0,0,8.40994828800657e-4,0,0,0,0,0,0,0,0,0,0,0,0,0,0,0,0,0,0,0,0,0,0,0,0,0,0,0,0,0,0,0,0,0,0,0,0,0,0,0,0,0,0,0,0,0,0,0,0,5.344202506902916e-4,0,0,0.256126881055981,0.07407673764764515,0.07296081800266281,0.9223691883092318,1,0.8499523234836582,0.009546255075141266,0.0062398977494721895,0.005477973799435406,7.430276358072582e-4,0.00105297576015901,0,0.19056872678041287,0.19638810983629454,0.1976441984901084,0.22390327805892277,0.23419421197006796,0.2637981626140686,0,0,0,0,0,0,0,0,0,0,0,0,0,0.4676108968973608,0.48146693513409566,0.4275892922016144,0,0,0,0,0,0,0,0,0,0,0,0,0,0,0,0,0.003227397295184339,0.0032536627444086173,0.0016736902856610192,0,0,0,0,0,0,0,0,0,0,0,0,0,0,0,0,0,0,0,0,0,0,0,0,0,0,0,Eukaryota;Cnidaria;Hydrozoa;Siphonophorae;Prayidae;Rosacea;Rosacea cymbiformis
0,0,0,0.19626062139196992,0.1844965599224604,0.19345578740388567,0.06654083783537067,0.03792752149940237,0.04643284635688417,0.03643462659249091,0,0,0.09347204526695652,0.022872067740889176,0,0,0,0,0,0.06406841748641814,0,0,0.37365538424349437,0.39730132651819405,0.6137227891971316,0,0,0,0,0,0.08311221350561453,0.024943941567327828,0.5752765423429047,0.7297307196436944,0,0,0,0,0,0.06665234822451317,0,0.03737686603301097,0.009599756518964508,0,0,0,0,0,0,0,0,0,0,0,0,0,0,0,0.21674156918438792,0.19532404736210393,0,0,0.0314034993367036,0.03934106602932798,0.06681253170979198,0,0,0,0,0,0,0,0,0,0,0,0,0,0,0.03283823999817214,0.02857338470546018,1,0,0,0,0.09415628870342364,0.09983443140484524,0,0,0.025273977179705642,0.016419197914892623,0,0,0.009927486784130624,0.003490092899969318,0.0024648047951175566,0.0038011266133510216,0,0,0,0,0,0,0,0.01319538603043206,0,0,0,0,0,0,0.14158065572720804,0.08760328277766642,0,0.015139430179835957,0,0,0.025019431765561952,0.8127149470899472,0.020601681632223395,0.008690731872646993,0.022814498130051878,0.10914557786650472,0.10780838024656168,0,0.06429995239795312,0.056744167978111784,0.06321998726297115,0,0,0,0,0,0,0.048834438333911365,0.04648772604380081,0.03079109740152955,0.0734650520501381,0.05519729281062444,0.04403044259635184,0,0,0,0.08093624461369361,0.0410842968437701,0.02120030548899259,0.02558776489192906,0.013812804148748711,0.01928346734562257,0,0,0,0,0,0,0,0.025341248030456055,0.016650842906633115,0.007372021499039151,0,0,0,0,0,0,0,0,0,0,0,0,0,0,0.003661770187387754,0,0,0,0,0.20086769813047187,0.19897592110780354,0.24406935644726038,0,0,0,0,0,0,0,0,0,0,0,0,0.01005606737390657,0.038539036195286196,0.013238781546431447,0,0,0,0,0,0,0,0,0,0,0.5478777214880945,0.516381660511811,0.39055373892091905,0,0,Eukaryota;Cnidaria;Hydrozoa;Anthoathecata;;;
0,0,0,0,0,0,0,0,0,0,0,0,0,0,0,0,0,0,0,0,0,0,0,0,0,0,0,0,0,0,0,0,0,0,0,0,0,0,0,0,0,0,0,0,0,0,0,0,0,0,0,0,0,0,0,0,0,0,0,0,0,0,0,0,0,0,0,0,0.6001041817886817,0,0,0,0,0,0,0,0,0,0,0,0,0,0,0,0,0,0,0,0,0,0,0,0,0,0,0,0,0,0,0,0,0,0,0,0,0,0,0,0,0,0,0,0,0,0,0,0,0,0,0,0,0,0,0,0,0,1,0.9364065747987913,0,0,0,0,0,0,0,0,0,0,0,0,0,0,0,0,0,0,0,0,0.17653058148531467,0,0,0,0,0,0,0,0,0,0,0,0,0,0,0,0,0,0,0,0,0,0,0,0,0,0,0,0,0,0,0,0,0,0,0,0,0,0,0,0,0,0,0,0,0,0,0,0,0,0,0,0,0,0,0,0,0,0,0,0,0,0,Eukaryota;Arthropoda;Malacostraca;Decapoda;Epialtidae;Pugettia;Pugettia richii
0,0,0,0,0,0,0,0,0,0,0,0,0,0,0,0,0,0,0,0,0,0,0,0,0,0.3569328719258164,0,0,0,0,0,0,0,0,0,0,0,0,0,0,0,0,0,0,0,0,1,0.6108177776074207,0,0,0,0,0,0,0,0,0,0,0,0,0,0,0,0,0,0,0,0,0,0,0,0,0,0,0,0,0,0,0,0,0,0,0,0,0,0,0,0,0,0,0,0,0,0,0,0,0,0,0,0,0,0,0,0,0,0,0,0,0,0,0,0,0,0,0,0,0,0,0,0,0,0,0,0,0,0,0,0,0,0,0,0,0,0,0,0,0,0,0,0,0,0,0,0,0,0,0,0,0,0,0,0,0,0,0,0,0,0,0,0,0,0,0,0,0,0,0,0,0,0,0,0,0,0,0,0,0,0,0,0,0,0,0,0,0,0,0,0,0,0,0,0,0,0,0,0,0,0,0,0,0,0,0,0,0,0,0,0,0,0,0,Eukaryota;Chordata;Actinopteri;Scombriformes;Stromateidae;Peprilus;Peprilus simillimus
0,0,0,0,0,0,0,0,0,0,0,0,0,0,0,0,0,0,0,0,0,0,0,0,0,0,0,0,0,0,0,0,0,0,0,0,0,0,0,0,0,0,0,0,0,0,0,0,0,0,0,0,0,0,0,0,0,0,0,0,0,0,1,0.6263802897810685,0,0,0,0,0,0,0,0,0,0,0,0,0,0,0,0,0,0,0,0,0,0,0,0,0,0,0,0,0,0,0,0,0,0,0,0,0,0,0,0,0,0,0,0,0,0,0,0,0,0,0,0,0,0,0,0,0,0,0,0,0,0,0,0,0,0,0,0,0,0,0,0,0,0,0,0,0,0,0,0,0,0,0,0,0,0,0,0,0,0,0,0,0,0,0,0,0,0,0,0,0,0,0,0,0,0,0,0,0,0,0,0,0,0,0,0,0,0,0,0,0,0,0,0,0,0,0,0,0,0,0,0,0,0,0,0,0,0,0,0,0,0,0,0,0,0,0,Eukaryota;Arthropoda;Insecta;Lepidoptera;Nymphalidae;Euptera;Euptera kinugnana
0,0,0,0,0,0,0,0,0,0,0,0,0,0,0,0,0,0,0,0,0,0,0,0,0,0,0,0,0,0,0,0,0,0,0,0,0,0,0,0,0,0,0,0,0,0,0,0,0,0,0,0,0,0,0,0,0,0,0,0,0,0,0,1,0,0,0,0,0,0,0,0,0,0,0,0,0,0,0,0,0,0,0,0,0,0,0,0,0,0,0,0,0,0,0,0,0,0,0,0,0,0.25151709744742334,0.0864699287673123,0.15819925950858296,0,0,0,0,0,0,0,0,0,0,0,0,0,0,0,0,0,0,0,0,0,0,0,0,0,0,0,0,0,0,0,0,0,0,0,0,0,0,0,0,0,0,0,0,0,0,0,0,0,0,0,0,0,0,0,0,0,0,0,0,0,0,0,0,0,0,0,0,0,0,0,0,0,0,0,0,0,0,0,0,0,0,0,0,0,0,0,0,0,0,0,0,0,0,0,0,0,0,0,0,0,0,0,0,0,0,0,Eukaryota;Cryptophyta;NA;Cryptomonadales;Cryptomonadaceae;Cryptomonas;Cryptomonas curvata
0,0,0,0,0,0,0,0,0,0,0,0,0,0,0,0,0,0,0,0,0,0,0,0,0,0,0,0,0,0,0,0,0,0,0,0,0,0,0,0,0,0,0,0,0,0,0,0,0,0,0,0,0,0,0,0,0,0,0,0,0,0,0,0,0,0,0,0,0,0,0,0,0,0,0,0,0,0,0,1,0.393628129477186,0,0,0,0,0,0,0,0,0,0,0,0,0,0,0,0,0,0,0,0,0,0,0,0,0,0,0,0,0,0,0,0,0,0,0,0,0,0,0,0,0,0,0,0,0,0,0,0,0,0,0,0,0,0,0,0,0,0,0,0,0,0,0,0,0,0,0,0,0,0,0,0,0,0,0,0,0,0,0,0,0,0,0,0,0,0,0,0,0,0,0,0,0,0,0,0,0,0,0,0,0,0,0,0,0,0,0,0,0,0,0,0,0,0,0,0,0,0,0,0,0,0,0,0,0,0,0,0,0,0,Eukaryota;Echinodermata;Asteroidea;Velatida;Solasteridae;Lophaster;Lophaster furcilliger
0,0,0,0,0,0,0,0,0,0,0,0,0,0,0,0,0,0,0,0,0,0,0,0,0,0,0,0,0,0,0,0,0,0,0,0,0,0,0,0,0,0,0,0,0,0,0,0,0,0,0,0,0,0,0,0,0,0,0,0,0,0,0,0,0,0,0,0,0,0,0,0,0,0,0,0,0,0,0,0,0,0,0,0,0,0,0,0,0,0,0,0,0,1,0.13253199461233567,0,0,0,0,0,0,0,0,0,0,0,0,0,0,0,0,0,0,0,0,0,0,0,0,0.7120023559489481,0,0,0,0,0,0,0,0,0,0,0,0,0,0,0,0,0,0,0,0,0,0,0,0,0,0,0,0,0,0,0,0,0,0,0,0,0,0,0,0,0,0,0,0,0,0,0,0,0,0,0,0,0,0,0,0,0,0,0,0,0,0,0,0,0,0,0,0,0,0,0,0,0,0,0,0,0,0,0,0,0,0,0,0,0,0,0,0,0,0,0,Eukaryota;Arthropoda;Malacostraca;Decapoda;Pinnotheridae;Austinixa;
0,0,0,0,0,0,0,0,0,0,0,0,0,0,0,0,0,0,0,0,0,0,0,0,0,0,0,0,0,0,0,0,0,0,0,0,0,0,0,0,0,0,0,0,0,0,0,0,0,0,0,0,0,0,0,0,0,0,0,0,0,0,0,0,0,0,0,0,0,0,0,0,0,0,0,0,0,0,0,0,0,0,0,0,0,0,0,0,0,0,0,0,0,0,0,0,0,0,0,0,0,0,0,0,0,0,0,0,0,0,0,0,0,0,0,0,0,0,0,0,0,0,0,0,0,0,1,0,0,0,0,0,0,0,0,0,0,0,0,0,0,0,0,0,0,0,0,0,0,0,0,0,0,0,0,0,0,0,0,0,0,0,0,0,0,0,0,0,0,0,0,0,0,0,0,0,0,0,0,0,0,0,0,0,0,0,0,0,0,0,0,0,0,0,0,0,0,0,0,0,0,0,0,0,0,0,0,0,0,0,0,Eukaryota;Annelida;Polychaeta;Phyllodocida;Syllidae;NA;Syllidae sp. BCPOL587-10
0,0,0,0,0,0,0,0,0,0,0,0,0,0,0,0,0,0,0,0,0,0,0,0,0,0,0,0,0,0,0,0,0,0,0,0,0,0,0,0,0,0,0,0,0,0,0,0,0,0,0,0,0,0,0,0,0,0,0,0,0,0,0,0,0,0,0,0,0,0,0,0,0,0,0,0,0,0,0,0,0,0,0,0,0,0,0,0,0,0,0,0,0,0,0,0,0,0,0,0,0,0,0,0,0,0,0,0,0,0,0,0,0,0,0,0,0,0,0,0,0,0,0,0,0,0,0,0,0,0,0,0,0,0,0,0,0,0,0,0,1,0,0,0,0,0,0,0,0,0,0,0,0,0,0,0,0,0,0,0,0,0,0,0,0,0,0,0,0,0,0,0,0,0,0,0,0,0,0,0,0,0,0,0,0,0,0,0,0,0,0,0,0,0,0,0,0,0,0,0,0,0,0,0,0,0,0,0,0,0,0,Eukaryota;Annelida;Polychaeta;Phyllodocida;Phyllodocidae;Eumida;Eumida longicornuta
0.10973277916448901,0.19523046473131056,0.05617167574241046,0,0.13980962898656996,0,0.021882102182321048,0,0.05177249621247309,0,0,0,0.20274380591411953,0.4381757570566865,0,0,0,0,0.2183241728246408,0.01812758420445243,0.40689878055387163,0.3069500797488065,0,0,0,0.17300551240371323,0.14432782255092091,0,0,0,0.21070206542225223,0,0,0,0.08177990457014606,0.07454531870548382,0.03652230128885346,0,0,0.12217469159826112,0.1416132956891545,0.17056084264849478,0,0.05111473989306963,0.07988559638616309,0.07619434981095626,0.01880303347682165,0,0,0.03268116631072893,0,0,0.018527056844684104,0,0.2501649460740657,0.3378633370983232,0,0,0,0,0.017106292177211217,0.06028456101089747,0,0,0.09847668615132407,0,0.019996431521096026,0,0.12338893605676578,0.054537377417488174,0.025710778759398388,0.008422850411987471,0,0,0,0.018488474885407377,0,0,0,0,0,0,0,0,0,0,0,0,0,0.17110500884844929,0.15809554719092894,0.0486975146518896,0,0.04056633361295669,0.036763905175478416,0.09372980924618085,0,0,0.37235358671941765,0,0,0,0.008421999520490078,0,0.4656712870463054,0,0,0,0.013909806204260427,0,0.17896678919896009,0,0,0,0,0,0.03285305584720453,0.09249924510787115,0,0.052448450666196474,0.04303188138570262,0,0.09292184063234515,0,0.019200824042529378,0.010188133161594533,0.0023161677158858858,0,0.5487438874785436,0.5656349764858019,0.05266087521130862,0.4378329258951251,0,0,0,0.0156976912048013,0,0,0,0,0.07451995620905115,0.03428745741493031,0,0,0,0,0,0.016536066819637305,0.027877802297921486,0,0,0,0.698917797519999,0.39787272640160076,0.3508350158698918,0,0,0,0.0015369401715864608,0,0,0,0.22282757005477716,0.16539056706357344,0.16977005867731293,0,0,0,0,0,0,0,0.2629868296817046,0.17986089062812133,0.1472965910527595,0,0,0,0,0,0.023437607286094567,0,0,0,0,0,0,0,0,0,0,0,0,0.03784214536061554,0.04247926143527571,0.06292934796788323,0.14247093951111975,0.08668544473610762,0.04849613112605575,0.09577916986897739,0.1184155696644981,1,0.9273302637085025,0.9107921181833636,0,0,0,0,0,0.09673211499399453,0.11187466959290315,Eukaryota;Arthropoda;Hexanauplia;Calanoida;Aetideidae;Euchirella;Euchirella splendens
0,0,0,0,0,0,0,0,0,0,0,0,0,0,0,0,0,0,0,0,0,0,0,0,0,0,0,0,0,0,0,0,0,0,0,0,0,0,0,0,0,0,0.8684363265106326,1,0,0,0,0,0,0,0,0,0,0,0,0,0,0,0,0,0,0,0,0,0,0,0,0,0,0,0,0,0,0,0,0,0,0,0,0,0,0,0,0,0,0,0,0,0,0,0,0,0,0,0,0,0,0,0,0,0,0,0,0,0,0,0,0,0,0,0,0,0,0,0,0,0,0,0,0,0,0,0,0,0,0,0,0,0,0,0,0,0,0,0,0,0,0,0,0,0,0,0,0,0,0,0,0,0,0,0,0,0,0,0,0,0,0,0,0,0,0,0,0,0,0,0,0,0,0,0,0,0,0,0,0,0,0,0,0,0,0,0,0,0,0,0,0,0,0,0,0,0,0,0,0,0,0,0,0,0,0,0,0,0,0,0,0,0,0,0,Eukaryota;Arthropoda;Hexanauplia;Calanoida;Centropagidae;Sinocalanus;Sinocalanus tenellus
0,0,0,0,0,0,0,0,0,0,0,0,0,0,0,0,0,0,0,0,0,0,0,0,0,0,0,0,0,0,0,0,0,0,0,0,0,0,0,0,0,0,0,0,0,0,0,0,0,0,0,0,0,0,0,0,0,0,0,0,0,0,0,0,0,0,0,0,0,0,0,0,0,0,0,0,0,0,0,0,0,0,0,0,0,0,0,0,0,0,0,0,0,0,0,0,0,0,0,0,0,0,0,1,0,0,0,0,0,0,0,0,0,0,0,0,0,0,0,0,0,0,0,0,0,0,0,0,0,0,0,0,0,0,0,0,0,0,0,0,0,0,0,0,0,0,0,0,0,0,0,0,0,0,0,0,0,0,0,0,0,0,0,0,0,0,0,0,0,0,0,0,0,0,0,0,0,0,0,0,0,0,0,0,0,0,0,0,0,0,0,0,0,0,0,0,0,0,0,0,0,0,0,0,0,0,0,0,0,0,0,Eukaryota;Echinodermata;Ophiuroidea;Ophiurida;Ophiochitonidae;Ophiochiton;Ophiochiton fastigatus
0,0,0,0,0,0,0,0,0,0,0,0,0,0,0,0,0,0,0,0,0,0,0,0,0,0,0,0,0,0,0,0,0,0,0,0,0,0,0,0,0,0,0,0,0,0,0,0,0,0,0,0,0,0,0,0,0,0,0,0,0,0,0,0,0,0,0,0,0,0,0,0,0,0,0,0,0,0,0,0,0,0,0,0,0,0,0,0,0,0,0,0,0,0,0,0,0,0,0,0,0,0,0,0,0,0,0,0,0,0,0,0,0,0,0,0,0,0,0,0,0,0,0,0,0,0,0,0,0,0,0,0,0,0,0,0,0,0,0,0,0,0,0,0,0,0,0,0,0,0,0,0.09586411848264828,0,0,0,0,0,0,0,0,0,0,0,0,0,0,0,0,0,0,0,0,0,0,0,0,0,0,0,0,0,0,0,0,0,0,0,0,0,0,0,0,0,0,0,0,0,0,0,1,0.1345567942727546,0,0,0,0,0,0,0,0,0,0,Eukaryota;Arthropoda;Hexanauplia;Cyclopoida;Cyclopidae;Acanthocyclops;Acanthocyclops americanus
0,0,0,0,0,0,0,0,0,0,0,0,0,0,0,0,0,0,0,0,0,0,0,0,0,0,0,0,0,0,0,0,0,0,0,0,0,0,0,0,0,0,0,0,0,0,0,0,0,0,1,0,0,0,0,0,0,0,0,0,0,0,0,0,0,0,0,0,0,0,0,0,0,0,0,0,0,0,0,0,0,0,0,0,0,0,0,0,0,0,0,0,0,0,0,0,0,0,0,0,0,0,0,0,0,0,0,0,0,0,0,0,0,0,0,0,0,0,0,0,0,0,0,0,0,0,0,0.314520850673019,0,0,0,0,0,0,0,0,0,0,0,0,0,0,0,0,0,0,0,0,0,0,0,0,0,0,0,0,0,0,0,0,0,0,0,0,0,0,0,0,0,0,0,0,0,0,0,0,0,0,0,0,0,0,0,0,0,0,0,0,0,0,0,0,0,0,0,0,0,0,0,0,0,0,0,0,0,0,0,0,0,0,0,Eukaryota;Arthropoda;Malacostraca;Euphausiacea;Euphausiidae;Stylocheiron;Stylocheiron elongatum
0,0,0,0,0,0,0,0,0,0,0,0,0,0,0,0,0,0,0,0,0,0,0,0,0,0,0,0,0,0,0,0,0,0,0,0,0,0,0,0,0,0,0,0,0,0,0,0,0,0,0,0,0,0,0,0,0,0,0,0,0,0,0,0,0,0,0,0,0,0,0,0,0,0,0,0,0,0,0,0,0,0,0,0,0,0,0,0,0,0,0,0,0,0,0,0,0,0,0,0,0,0,0,0,0,0,0,0,0,0,0,0,0,0,0,0,0,0,0,0,0,0,0,0,0,0,0.44072566746670966,1,0,0,0,0,0,0,0,0,0,0,0,0,0,0,0,0,0,0,0,0,0,0,0,0,0,0,0,0,0,0,0,0,0,0,0,0,0,0,0,0,0,0,0,0,0,0,0,0,0,0,0,0,0,0,0,0,0,0,0,0,0,0,0,0,0,0,0,0,0,0,0,0,0,0,0,0,0,0,0,0,0,0,0,Eukaryota;Arthropoda;Insecta;Ephemeroptera;Polymitarcyidae;Ephoron;Ephoron shigae
0,0,0,0,0,0,0,0,0,0,0,0,0,0,0,0,0,0,0,0,0,0,0,0,0,0,0,0,0,0,0,0,0,0,0,0,0,0,0,0,0,0,0,0,0,0,0,0,0,0,0,0,0,0,0,0,0,0,0,0,0,0,0,0,0,0,0,0,0,0,0,0,0,0,0,0,0,0,0,0,0,0,0,0,0,0,0,0.7808885912033935,0,0,0,0,0,0,0,0,0,0,0,0,0,0,0,0,0,0,0,0,0,0,0,0,0,0,0,0,0,0,0,0,0,0,0,0,0,0,0,0,0,0,0,0,0,0.6308498869703236,0,0,0,0,0,0,0,0,0,0,0,0,0,0,0,0,0,0,0,0,0,0.5144460535843591,0,0,0,0,0,0,0,0,0,0,0,0,0,0,0,0,0,1,0,0,0,0,0,0,0,0,0,0,0,0,0,0,0,0,0,0,0,0,0,0,0,0,0,0,0,0,0,0,0,0,0,0,0,0,0,Eukaryota;Chordata;Actinopteri;Stomiiformes;Sternoptychidae;Argyropelecus;Argyropelecus hemigymnus
0,0,0,0,0,0,0,0,0,0,0,0,0,0,0,0,0,0,0,0,0,0,0,0,0,0,0,0,0,0,0,0,0,0,0,0,0,0,0,0,0,0,0,0,0,0,0,0,0,0,0,0,0,0,0,0,0,0,0,0,0,0,0,0,0,0,0,0,0,0,0,0,0.1523507514132083,0,0,0,0,0,0,0,0,0,0,0,0,0,0,0,0,0,0,0,0,0,0,0,0,0,0,0,0,0,0,0,0,0,0,0,0,0,0,0,0,0,0,0,0,0,0,0,0,0,0,0,0,0,0,0,0,0,0,0,0,0,0,0,0,0,0,0,0,0,0,0,0,0,0,0,0,0,0,0,0,0,0,0,0,0,0,0,0,0,0,0,0,0,0,0,0,0,0,0,0,0,0,0,0,0,0,0,0,0,0,0,0,0,0,0,0,0,0,0,0.2617806685044797,0,0,0,0,0,0,0,0,0,0,0,1,0.2512791358726549,0,0,0,0,0,Eukaryota;Porifera;Demospongiae;Desmacellida;Desmacellidae;Desmacella;Desmacella cf. annexa BELUM<GBR> Mc4240
0,0,0,0,0,0,0,0,0,0,0,0,0,0,0,0,0,0,0,0,0,0,0,1,0,0,0,0,0,0,0,0,0,0,0,0,0,0,0,0,0,0,0,0,0,0,0,0,0,0,0,0,0,0,0,0,0,0,0,0,0,0,0,0,0,0,0,0,0,0,0,0,0,0,0,0,0,0,0,0,0,0,0,0,0,0,0,0,0,0,0,0,0,0,0,0,0,0,0,0,0,0,0,0,0,0,0,0,0,0,0,0,0,0,0,0,0,0,0,0,0,0,0,0,0,0,0,0,0,0,0,0,0,0,0,0,0,0,0,0,0,0,0,0,0,0,0,0,0,0,0,0,0,0,0,0,0,0,0,0,0,0,0,0,0,0,0,0,0,0,0,0,0,0,0,0,0,0,0,0,0,0,0,0,0,0,0,0,0,0,0,0,0,0,0,0,0,0,0,0,0,0,0,0,0,0,0,0,0,0,0,Eukaryota;Arthropoda;Malacostraca;Decapoda;Paguridae;Pagurus;Pagurus samuelis
0,0,0,0,0,0,0,0,0,0,0,0,0,0,0,0,0,0,0,0,0,0,0,0,0,0,0,0,0,0,0,0,0,0,0,0,0,0,0,0,0,0,0,0,0,0,0,0,0,0,0,0,0,0,0,0,0,0,0,0,0,0,0,1,0,0,0,0,0,0,0,0,0,0,0,0,0,0,0,0,0,0,0,0,0,0,0,0,0,0,0,0,0,0,0,0,0,0,0,0,0,0,0,0,0,0,0,0,0,0,0,0,0,0,0,0,0,0,0,0,0,0,0,0,0,0,0,0,0,0,0,0,0,0,0,0,0,0,0,0,0,0,0,0,0,0,0,0,0,0,0,0,0,0,0,0,0,0,0,0,0,0,0,0,0,0,0,0,0,0,0,0,0,0,0,0,0,0,0,0,0,0,0,0,0,0,0,0,0,0,0,0,0,0,0,0,0,0,0,0,0,0,0,0,0,0,0,0,0,0,0,Eukaryota;Basidiomycota;Tremellomycetes;Tremellales;Cryptococcaceae;Cryptococcus;Cryptococcus neoformans
0,0,0,0,0,0,0,0,0,0,0,0,0,0,0,0,0,0,0,0,0,0,0,0,0,0,0,0,0,0,0,0,0,0,0,0,0,0,0,0,0,0,0,0,0,0,0,0,0,0,0,0,0,0,0,0,0,0,0,0,0,0,0,0,0,0,0,0,0,0,0,0,0,0,0,0,0,0,0,0,0,0,0,0,0,0,0,0,0,0,0,0,0,0,0,0,0,0,0,0,0,0,0,0,0,0,0,0,0,0,0,0,0,0,0,0,0,0,0,0,0,0,0,0,0,0,0,0,0,0,0,0,0,0,0,0,0,0,0,0,0,0,0,0,0,0,0,0,0,0,0,0,0,0,0,0,0,0,0,0,0,0,0,0,0,0,0,0,0,0,0,0,0,0,0,0,0,0,0,0,0,0,0,0,0,0,0,0,0,0,0,0,0,0.37979580441892,0,1,0,0,0,0,0,0,0,0,0,0,0,0,0,0,0,Eukaryota;Arthropoda;Hexanauplia;Calanoida;Scolecitrichidae;Scaphocalanus;Scaphocalanus major
0,0,0,0,0,0,0,0,0,0,0,0,0,0,0,0,0,0,0,0,0,0,0,0,0,0,0,0,0,0,0,0,0,0,0,0,0,0,0,0,0,0,0,0,0,0,0,0,0,0,0,0,0,0,0,0,0,0,0,0,0,0,0,0,0,0,0,0,0,0,0,0,0,0,0,0,0,0,0,0,0,0,0,0,0,0,0,0,0,0,0,0,0,0,0,0,0,0,0,0,0,0,0,0,0,0,0,0,0,0,0,0,0,0,0,0,0,0,0,0,0,0,0,0,0,0.009696714122945175,0.008355637390310124,0.008936535006966544,0,0,0,0,0,0,0,0,0,0,0,0,0,0,0,0.01154884096977978,0.009103873519598257,0,0.01727576731661481,0.010904031162995834,0.011501300366209836,0.93643331614294,1,0.954730864752706,0.4773725697750556,0.5059790738567845,0.4439358786100912,0,0,0,0,0,0,0,0,0,0,0,0,0,0,0,0,0,0,0,0,0,0,0,0,0,0,0,0,0,0,0,0,0,0,0,0,0,0,0,0,0,0,0,0,0,0,0,0,0,0,0,0,0,0,0,0,Eukaryota;Mollusca;Gastropoda;Pteropoda;Cavoliniidae;Hyalocylis;Hyalocylis striata
0,0,0,0,0,0,0,0.4207849930370564,0,0,0.6809178886206151,0,0,0,0,0,0,0,0,0,0,0,0,0,0,0,0,0,0,0,0,0,0,0,0,0,0,0,0,0,0,0,0,0,0.5548837060498448,0,0,0,0,0,0,0,0,0,0,0,0,0,0,0,0,0,0,0,0,0,0,0,0,0,0,0,0,0,0,0,0,0,0,0,0,0,0,0,0,0,0,0,0,0,0,0,0,0,0,0,0,0,0,0,0,0,0,0,0,0,0,0.21707813135579962,0.2683811867016379,0,0,0,0,0,0,0.061502517941696005,0,0,0,0,0,0,0,0,0,0,0,0,0,1,0,0,0,0,0,0,0,0,0,0,0,0,0,0,0,0,0,0,0,0,0,0,0.3316030475971971,0,0.4427494166960233,0,0,0,0,0,0,0,0,0,0,0,0,0,0,0,0,0,0,0,0,0,0,0,0,0,0,0,0,0,0,0,0,0,0,0,0,0,0,0,0,0,0.4832032272983077,0,0,0,0,0,0,0,0,0,0,0,0,0,0,Eukaryota;Arthropoda;Hexanauplia;Calanoida;Spinocalanidae;Mimocalanus;Mimocalanus aff. cultrifer 2 MB-2017
0,0,0,0,0,0,0,0,0,0,0,0,0,0,0,0,0,0,0,0,0,0,0,0,0,0,0,0,0,0,0,0,0,0,0,0,0,0,0,0,0,0,0,0,0,0,0,0,0,0,0,0,0,0,0,0,0,0,0,0,0,0,0,0,1,0,0,0,0,0,0,0,0,0,0,0,0,0,0,0,0,0,0,0,0,0,0,0,0,0,0,0,0,0,0,0,0,0,0,0,0,0,0,0,0,0,0,0,0,0,0,0,0,0,0,0,0,0,0,0,0,0,0,0,0,0,0,0,0,0,0,0,0,0,0,0,0,0,0,0,0,0,0,0,0,0,0,0,0,0,0,0,0,0,0,0,0,0,0,0,0,0,0,0,0,0,0,0,0,0,0,0,0,0,0,0,0,0,0,0,0,0,0,0,0,0,0,0,0,0,0,0,0,0,0,0,0,0,0,0,0,0,0,0,0,0,0,0,0,0,0,Eukaryota;Echinodermata;Ophiuroidea;Ophiurida;Amphiuridae;Amphiodia;Amphiodia cf. urtica EAC-2010
0,0,0,0,0,0,0,0,0,0,0,0,0,0,0,0,0,0,0,0,0,0,0,0,0,0,0,0,0,0,0,0,0,0,0,1,0,0,0,0,0,0,0,0,0,0,0,0,0,0,0,0,0,0,0,0,0,0,0,0,0,0,0,0,0,0,0.2291261953696144,0,0,0,0,0,0,0,0,0,0,0,0,0,0,0,0,0,0,0,0,0,0,0,0,0,0,0,0,0,0,0,0,0,0,0,0,0,0,0,0,0,0,0,0,0,0,0,0,0,0,0,0,0.2185356093342477,0,0,0,0,0,0,0,0,0,0,0,0,0,0,0,0,0,0,0,0,0,0,0,0,0,0,0,0,0,0,0,0,0,0,0,0,0,0,0,0,0,0,0,0,0,0,0,0,0,0,0,0,0,0,0,0,0,0.21245214061956147,0,0,0,0,0,0,0,0,0,0,0,0,0,0,0,0,0,0,0,0,0,0,0,0,0,0,0,0,0,0,0,0,0,Eukaryota;Echinodermata;Asteroidea;Forcipulatida;Asteriidae;Coscinasterias;
0,0,0,0,0,0,0,0,0,0,0,0,0,0,0,0,0,0,0,0,0,0,0,0,0,0,0,0,0,0,0,0,0,0,0,0,0,0,0,0,0,0,0,0,0,0,0,0,0,0,0,0,0,0,0,0,0,0,0,0,0,0,0,0,0,0,0,0,0,0,0,0,0,0,0,0,0,0,0,0,0,0,0,0,0,0,0,0,0,0,0,0,0,0,0,0,0,0,0,0,0,1,0.35811816922218964,0,0,0,0,0,0,0,0,0,0,0,0,0,0,0,0,0,0,0,0,0,0,0,0,0,0,0,0,0,0,0,0,0,0,0,0,0,0,0,0,0,0,0,0,0,0,0,0,0,0,0,0,0,0,0,0,0,0,0,0,0,0,0,0,0,0,0,0,0,0,0,0,0,0,0,0,0,0,0,0.11312316832042786,0,0,0,0,0,0,0,0,0,0,0,0,0,0,0,0,0,0,0,0,0,0,0,0,0,0,0,0,Eukaryota;;Oomycetes;Pythiales;Pythiaceae;Pythium;
0,0,0.3230004539634818,0,0,0,0,0,0,0.6540815589294745,0,0,0,0,0,0,0,0,0,0,0,0,0,0,0,0,0,0,0,0,0,0,0,0,0,0,0,0,0,0,0,0,0,0,0,0.29136015889362954,0,0,0,0,0,0,0,0,0,0,0,0,0,0,0,0,0,0,0,0,0,0,0,0,0,0,0,0,0,0,0,0,0,0,0,0,0,0,0,0,0,0,0,0,0,0,0,0,0,0,0,0,0,0,0,0,0,0,0,0,0,0,0,0,0,0,0,0,0,0,0,0,0,0,0,0,0,0,0,0,0,0,0,0,0,0,0,0,0,0,0,0,0,0,0,0,0,0,0,0,0,0,0,0,0,0,0,1,0,0,0,0.25272259294173827,0.07836156420425151,0,0,0,0,0,0,0,0,0,0,0,0,0,0,0,0,0,0,0.15755556660534037,0,0,0,0,0,0,0,0,0,0,0,0,0,0,0,0,0,0,0,0,0,0,0,0,0,0,0,0,0,0,0,0,0,Eukaryota;Arthropoda;Hexanauplia;Calanoida;Metridinidae;Pleuromamma;Pleuromamma gracilis
0,0,0,0,0,0,0,0,0,0,0,0,0,0,0,0,0,0,0,0,0,0,0,0,0,0,0,0,0,0,0,0,0,0,0,0,0,0,0,0,0,0,0,0,0,0,0,0,0,0,0,0,0,0,0,0,0,0,0,0,0,0,0,0,0,0,0,0,0,0,0,0,0,0,0,0,0,0,1,0,0,0,0,0,0,0,0,0,0,0,0,0,0,0,0,0.2841683895658294,0,0,0,0,0,0,0,0,0,0,0,0,0,0,0,0,0,0,0,0,0,0,0,0,0,0,0,0,0,0,0,0,0,0,0,0,0,0,0,0,0,0,0,0,0,0,0,0,0,0,0,0,0,0,0,0,0,0,0,0,0,0,0,0,0,0,0,0,0,0,0,0,0,0,0,0,0,0,0,0,0,0,0,0,0,0,0,0,0,0,0,0,0,0,0,0,0,0,0,0.8140291924813609,0,0,0,0,0,0,0,0,0,0,0,0,0,0,0,Eukaryota;Arthropoda;Insecta;Lepidoptera;Nymphalidae;Chlosyne;Chlosyne hippodrome
0,0,0,0,0,0,0,0,0,0,0,0,0,0,0,0,0,0,0,0,0,0,0,0,0,0,0,0,0,0,0,0,0,0,0,0,0,0,0,0,0,0,0,0,0,0,0,0,0,0,0,0,0,0,0,0,0,0,0,0,0,0,0,0,0,0,0,0,0,0,0,0,0,0,0,0,0,0,0,0,0,0,0,0,0,0,0,0,0,0,0,0,0,0,0,0,0,0,0,0,0,0,0,0,0,0,0,0,0,0,0,0,0,0,0,0,0,0,0,0,0,0,0,0,0,0,0,0,0,0,0,0,0,0,0,0,0,0,0,0,0.5821575602542068,1,0.2311794676443979,0,0,0,0,0,0,0,0,0,0,0,0,0,0,0,0,0,0,0,0,0,0,0,0,0,0,0,0,0,0,0,0,0,0,0,0,0,0,0,0,0,0,0,0,0,0,0,0,0,0,0,0,0,0,0,0,0,0,0,0,0,0,0,0,0,0,0,0,Eukaryota;Arthropoda;Malacostraca;Amphipoda;Paraphronimidae;Paraphronima;Paraphronima sp. RW-2010
0,0,0,0,0,0,0,0,0,0,0,0,0,0,0,0,0,0,0,0,0,0,0,0,0,0,0,0,0,0,0,0,0,0,0,0,0,0,0,0,0,0,0,0,0,0,0,0,0,0,0,0,0,0,0,0,0,0,0,0,0,0,0,0,0,0,0,0,0,0,0,0,0,0,0,0,0,0,0,0,0,0,0,0,0,0,0,0,0,0,0,0,0,0,0,0,0,0,0,0,0,0,0,0,0,0,0,0,0,0,0,0,0,0,0,0,0,0,0,0,0,0,0,0,0,0,0,0,0,0,0,0,0,0,0,0,0,0,0,0,0,0,0,0,0,0,0,0,0,0,0,0,0,0,0,0,0,0,0,0,0,0,0,0,0,0,0,0,0,0,0,0,0.17658036934962348,0.5317605541759247,1,0,0,0,0,0,0,0,0,0,0,0,0,0,0,0,0,0,0,0,0,0,0,0,0,0,0,0,0,0,0,0,0,0,0,0,0,Eukaryota;Chordata;Actinopteri;Stomiiformes;Phosichthyidae;Ichthyococcus;Ichthyococcus ovatus
0,0,0,0,0,0,0,0,0,0.4873965432812337,0,0,0,0,0,0,0,0,0,0,0,0,0,1,0,0,0,0,0,0,0,0,0,0,0,0,0,0,0,0,0,0,0,0,0,0,0,0,0,0,0,0,0,0,0,0,0,0,0,0,0,0,0.29461116489190065,0,0,0,0,0,0,0,0,0,0,0,0,0,0,0,0,0,0,0,0,0,0,0,0,0,0,0,0,0,0,0,0,0,0,0,0,0,0.22102453350661597,0,0.013297534931229892,0.03243763790717678,0,0,0,0,0,0,0,0,0,0,0,0,0,0,0,0,0,0,0,0,0,0,0,0,0,0,0,0,0,0,0,0,0,0,0,0,0,0,0,0,0,0,0,0,0,0,0,0,0,0,0,0,0,0,0,0,0,0,0,0,0,0,0,0,0,0,0,0,0,0,0,0,0,0,0,0,0,0,0.01640802764668003,0,0,0,0,0,0,0,0,0,0,0,0,0,0,0,0,0,0,0.11887715330780632,0,0,0,0,0,0,0,0,0,Eukaryota;Cnidaria;Hydrozoa;Leptothecata;Halopterididae;Halopteris;Halopteris diaphana
0,0,0,0,1,0,0,0,0,0,0,0,0,0,0,0,0,0,0,0,0,0,0,0,0,0,0,0,0,0,0,0,0,0,0,0,0,0,0,0,0,0,0,0,0,0,0,0,0,0,0,0,0,0,0,0,0,0,0,0,0,0,0,0,0,0,0,0,0,0,0,0,0,0,0,0,0,0,0,0,0,0,0,0,0,0,0,0,0,0,0,0,0,0.008142078642884317,0,0,0,0,0,0,0,0,0,0,0,0,0,0,0,0,0,0,0,0,0,0,0,0,0,0,0,0,0,0,0,0,0,0,0,0,0,0,0,0,0,0,0,0,0,0,0,0,0,0,0,0,0,0,0,0,0,0,0,0,0,0,0,0,0,0,0,0,0,0,0,0,0,0,0,0,0,0,0,0,0,0,0,0,0,0,0,0,0,0,0,0,0,0,0,0,0,0,0,0,0,0,0,0,0,0,0,0,0,0,0,0,0,0,0,0,0,Eukaryota;Arthropoda;Malacostraca;Decapoda;Hippolytidae;Spirontocaris;Spirontocaris liljeborgii
0,0,0,0,0,0,0,5.038640822938208e-4,0,0,0,0,0,0,1,0.6918388228538004,0.015818074170749166,0.02245106210219535,0,0.007774286578624727,0,0,0,0,0,0,0,0,0,0,0,0.0010700756436828722,0,0,0,0,0,0,0,0,0,0,0,0,0,0,0,0,0,0,0,0,0,0,0,0,0,0,0,0,0,0,0,7.364513704248549e-4,0,0,0,0,0,0,0,0,0,0,0,0,0,5.138589633932288e-4,0,8.304121462381597e-4,0,0,0,4.273432783690783e-4,0,0,0,0,0,0,0,0,0,0,0,0,0,0,0,0,0,0,0,0,0,0,0,0,0,0,0,0,0,0,0,0,0,0,0,0,0,0,0,0,0,0,0,0,0,0,0,0,0,0,0,4.483643352224222e-5,0,0,0,0,0,0,0,0,0,0,4.116356858623099e-4,0,5.796758282395776e-5,0,0,0,0,0,0,0,0,0,0,0,0,0,0,0,0,0,0,0,0,0,0,0,0,0,0,4.95305804781332e-4,5.463725652685216e-4,0,0,0,0,0,0,0,0,0,0,0,0,0,0,0,0,0,0,0,0,0.0012801774831846043,0,0,0,0,0,0,0,0,0,0,0,0,0,Eukaryota;Ascomycota;;;;;
0,0,0,0,0,0,0,0,0,0,0,0,0,0,0,0,0,0,0,0,0,0,0,0,0,0,0,0,0,0,1,0,0,0,0,0,0,0,0,0,0,0,0,0,0,0,0,0,0,0,0,0,0,0,0,0,0,0,0,0,0,0,0,0,0,0,0,0,0,0,0,0,0,0,0,0,0,0,0,0,0,0,0,0,0,0,0,0,0,0,0,0,0,0,0,0,0,0,0,0,0,0,0,0,0,0,0,0,0,0,0,0,0,0,0,0,0,0,0,0,0,0,0,0,0,0,0,0,0,0,0,0,0,0,0,0,0,0,0,0,0,0,0,0,0,0,0,0,0,0,0,0,0,0,0,0,0,0,0,0,0,0,0,0,0,0,0,0,0,0,0,0,0,0,0,0,0,0,0,0,0,0,0,0,0,0,0,0,0,0,0,0,0,0,0,0,0,0,0,0,0,0,0,0,0,0,0,0,0,0,0,Eukaryota;Arthropoda;Malacostraca;Decapoda;Xanthidae;Pseudoliomera;Pseudoliomera aff. granosimana LP-2009
0,0,0,0,0,0,0,0,0,0,0,0,0,0,0,0,0,0,0,0,0,0,0,0,0,0,0,0,0,0,0,0,0,0,0,0,0,0,0,0,0,0,0,0,0,0,0,0,0,0,0,0,0,0,0,0,0,0,0,0,0,0,0,0,0,0,0,0,0,0,0,0.7607882467743684,0,0,0,0,0,1,0,0,0,0,0,0,0,0,0,0,0,0,0,0,0,0,0,0,0,0,0,0,0,0,0,0,0,0,0,0,0,0,0,0,0,0,0,0,0,0,0,0,0,0,0,0,0,0,0,0,0,0,0,0,0,0,0,0,0,0,0,0,0,0,0,0,0,0,0,0,0,0,0,0,0,0,0,0,0,0,0,0,0,0,0,0,0,0,0,0,0,0,0,0,0,0,0,0,0,0,0,0,0,0,0,0,0,0,0,0,0,0,0,0,0,0,0,0,0,0,0,0,0,0,0,0,0,0,0,0,0,0,0,Eukaryota;Cnidaria;Hydrozoa;Leptothecata;Mitrocomidae;Cyclocanna;Cyclocanna welshi
0,0,0,0,0,0,0,0,0,0,0,0,0,0,0,0,0,0,0,0,0,0,0,0,0,0,0,0,0,0,0,0,0,0,0,0,0,0,0,0,0,0,0,0,0,0,0,0,0,0,0,0,0,0,0,0,0,0,0,0,0,0,0,0,0,0,0,0,0,0,0,0,0,0,0,0,0,0,0,0,0,0,0,0,0,0,0,0,0,0,0,0,1,0,0,0,0,0,0,0,0,0,0,0,0,0,0,0,0,0,0,0,0,0,0,0,0,0,0,0,0,0,0,0,0,0,0,0,0,0,0,0,0,0,0,0,0,0,0,0,0,0,0,0,0,0,0,0,0,0,0,0,0,0,0,0,0,0,0,0,0,0,0,0,0,0,0,0,0,0,0,0,0,0,0,0,0,0,0,0,0,0,0,0,0,0,0,0,0,0,0,0,0,0,0,0,0,0,0,0,0,0,0,0,0,0,0,0,0,0,0,Eukaryota;;Oomycetes;Pythiales;Pythiaceae;Pythium;Pythium tracheiphilum
0,0,0,0,0,0,0,0,0,0,0,0,0,0,0,0,0,0,0,0,0,0,0,0,0,0,0,0,0,0,0,0,0,0,0,0,0,0,0,0,0,0,0,0,0,0,0,0,0,0,0,0,0,0,0,0,0,0,0,0,0,0,0,0,0,0,0,0,0,0,0,0,0,0,0,0,0,0,0,0,0,0,0,0,0,0,0,0,0,0,0,0,0,0,0,0,0,0,0,0,0,0,1,0,0,0,0,0,0,0,0,0,0,0,0,0,0,0,0,0,0,0,0,0,0,0,0,0,0,0,0,0,0,0,0,0,0,0,0,0,0,0,0,0,0,0,0,0,0,0,0,0,0,0,0,0,0,0,0,0,0,0,0,0,0,0,0,0,0,0,0,0,0,0,0,0,0,0,0,0,0,0,0,0,0,0,0,0,0,0,0,0,0,0,0,0,0,0,0,0,0,0,0,0,0,0,0,0,0,0,0,Eukaryota;Annelida;Polychaeta;Phyllodocida;Glyceridae;Glycera;Glycera americana
0,0,0,0,0,0,0,0,0,0,0,0,0,0,0,0,0,0,0,0,0,0,0,0,0,0,0,0,0,0,0,0,0,0,0,0,0,0,0,0,0,0,0,0,0,0,0,0,0,0,0,0,0,0,0,0,0,0,0,0,0,0,0,0,0,0,0,0,0,0,0,0,0,0,0,0,0,0,0,0,0,0,0,0,0,0,0,0,0,0,0,0,0,0,0,0,0,0,0,0,0,0,0,0,0,0,0,0,0,0,0,0,0,0,0,0,0,0,0,0,0,0,0,0,0,0,0,0,0,0,0,0,0,0,0,0,0,0,0,0,0,0,0,0,0,0,0,0,0,0,0,0,0,0,0,0,0,0.10512329625680777,0,0,0,0,0,0,0,0,0,0,0,0,0,0,0,0,0,0,0,0,0,0,0,0,0,0,0,0,0,0,0,0,0,0,0,0,0,0,0.48785166240409206,0,0,0.8231374539916233,0,1,0,0,0,0,0,0,0,0,0,Eukaryota;Bacillariophyta;Coscinodiscophyceae;Thalassiosirales;Stephanodiscaceae;Cyclotella;Cyclotella cryptica
0,0,0,0,0,0,0,0,0,0,0,0,0,0,0,0,0,0,0,0,0,0,0,0,0,0,0,0,0,0,0,0,0,0,0,0,0,0,0,0,0,0,0,0,0,0,0,0,0,0,0,0,0,0,0,0,0,0,0,0,0,0,0,0,0,0,0,0,0,0,0,0,0,0,0,0,0,0,0,0,0,0,0,0,0,0,0,0,0,0,0,0,0,0,0,0,0,0,0,0,0,0,0,0,0,0,0,0,0,0,0,0,0,0,0,0,0,0,0,0,0,0,0,0,0,0,0,0,0,0,0,0,0,0,0,0,0,0,0,0,0,0,0,0,0,0,0,0,0,0,0,0,0,0,0,0,0,0,0,0,0,0,0,0,0,0,0,0,0,0,0,0,0,0,0,0,0,0,0,0,0,0,0,0,0,0,0,0,0,0,0,0,0,0,0,0,0,0,0,0,0,1,0,0.9249309207594258,0,0,0,0,0,0,0,Eukaryota;;Dinophyceae;Suessiales;Suessiaceae;;
0,0,0,0,0,0,0,0,0,0,0,0,0,0,0,0,0,0,0,0,0,0,0,0,0,0,0,0,0,0,0,0,0,0,0,0,0,1,0.5391983422509511,0,0,0,0,0,0,0,0,0,0,0,0,0,0,0,0,0,0,0,0,0,0,0,0,0,0,0,0,0,0,0,0,0,0,0,0,0,0,0,0,0.17071472635939014,0,0,0,0,0,0,0,0,0,0,0,0,0,0,0,0,0,0,0,0.2246902983343386,0,0,0,0,0,0,0,0,0,0,0,0,0,0,0,0,0,0,0,0,0,0,0,0,0,0,0,0,0,0,0,0,0,0,0,0,0,0,0,0,0,0,0,0,0,0,0,0,0,0,0,0,0,0,0,0,0,0,0,0,0,0,0,0,0,0,0,0,0,0,0,0,0,0,0,0,0,0,0,0,0,0,0,0,0,0.02577984325280376,0,0,0,0,0,0,0,0,0,0,0,0,0,0,0,0,0,0,0,0,0,0,0,0,0,Eukaryota;Bacillariophyta;Bacillariophyceae;Bacillariales;Bacillariaceae;Nitzschia;Nitzschia cf. promare
0,0,0,0,0,0,0,0,0,0,0,0,0,0,0,0,0,0,0,0,0,0,0,0,0,0,0,0,0,0,1,0,0,0,0,0,0,0,0,0,0,0,0,0,0,0,0,0,0,0,0,0,0,0,0,0,0,0,0,0,0,0,0,0,0,0,0,0,0,0,0,0,0,0,0,0,0,0,0,0,0,0,0,0,0,0,0,0,0,0,0,0,0,0,0,0,0,0,0,0,0,0,0,0,0,0,0,0,0,0,0,0,0,0,0,0,0,0,0,0,0,0,0,0,0,0,0,0,0,0,0,0,0,0,0,0,0,0,0,0,0,0,0,0,0,0,0,0,0,0,0,0,0,0,0,0,0,0,0,0,0,0,0,0,0,0,0,0,0,0,0,0,0,0,0,0,0,0,0,0,0,0,0,0,0,0,0,0,0,0,0,0,0,0,0,0,0,0,0,0,0,0,0,0,0,0,0,0,0,0,0,Eukaryota;Nemertea;Palaeonemertea;NA;Cephalothricidae;Cephalothrix;Cephalothrix sp. 1 AM-2014
0,0.10030677344916519,0,0,0,0,0,0,0,0,0,0,0,0,0,0,0,0,0,0,0,0,0,0,0,0,0,0,0,0,0,0,0,0,0,0,0,0,0,0,0,0,0,0,0,0,0,0,0,0,0,0,0,0,0,0,0,0,0,0,0,0,0,0,0,0,0,0,0,0,0,0,0,0,0,0,0,0,0,0,0,0,0,0,0,0,0,0,0,0,0,0,0,0,0,0,0,0,0,1,0,0,0.07647182600596768,0.290178391114103,0,0,0,0,0,0,0,0,0,0,0,0,0,0,0,0,0,0,0,0,0,0,0,0,0,0,0,0,0,0,0,0,0,0,0,0,0,0,0,0,0,0,0,0,0,0,0,0,0,0,0,0,0,0,0,0,0,0,0,0,0,0,0,0,0,0,0,0,0,0,0,0,0,0,0,0,0,0,0,0,0,0,0,0,0,0,0,0,0,0,0,0,0,0,0,0,0,0,0,0,0,0,0,0,0,0,0,Eukaryota;Arthropoda;Hexanauplia;Calanoida;Calocalanidae;Calocalanus;
0,0,0,0,0,0,0,0,0,0.9656197425867247,0,1,0,0,0,0,0,0,0,0,0,0,0,0,0,0,0,0,0,0,0,0,0,0,0,0,0,0,0,0,0,0,0,0,0,0,0,0,0,0,0,0,0,0,0,0,0,0,0,0,0,0,0,0,0,0,0,0,0,0,0,0,0,0,0,0,0,0,0,0,0,0,0,0,0,0,0,0,0,0,0,0,0,0,0,0,0,0,0,0,0,0,0,0,0,0,0,0,0.5816596536253942,0,0,0,0,0,0,0,0,0,0,0,0,0,0,0,0,0,0,0,0,0,0,0,0,0,0,0,0,0,0,0,0,0,0,0,0,0,0,0,0,0,0,0,0,0,0,0,0,0.15645878701306187,0,0,0,0,0,0,0,0,0,0,0,0,0,0,0,0,0,0,0,0,0,0,0,0,0,0,0,0,0,0,0,0,0,0,0,0,0,0,0,0,0,0,0,0,0,0,0,0,0,0,0,0,0,Eukaryota;Ascomycota;Sordariomycetes;Hypocreales;Nectriaceae;Fusarium;Fusarium oxysporum
0,0,0,0,0,0,0,0,0,0,0,0,0,0,0,0,0,0,0,0,0,0,0,0,0,0,0,0,0,0,0,0,0,0,0.00381408609826776,0,0,0.005023228771824226,0,0,0,0,0,0,0,0,0,0,0,0,0,0,0,0,0.04815374703238244,0.1501045502080606,0,0,0,0,0,0,0,0,0,0,0,0,0,0,0,0,0,0,0,0,0,0,0,0.05936076389040806,0.08637568385996058,0,0,0,0,0,0,0,0,0,0,0,0,0,0,0,0,0.012259974364858267,0,0.011851043099099597,0.02045667507461495,0.013017734861000572,0.004251641286767358,0,0,0.027373030512200375,0,0,0,0,0,0,0,0,0,0.42958388535421993,0.38538636821021993,0,1,0,0,0,0,0,0,0.043010643783923844,0.02738531982421705,0.04549723179064156,0,0,0.4533671238235149,0.5803033285451911,0.07393370036733338,0.05304168140583652,0.09203653056779083,0.07323033451488413,0.08252406650979668,0.4801902101442397,0.4425884517283404,0.5108123015657391,0.010371314018839771,0,0,0.8475745401060322,0.771491536066154,0.9878988075911301,0.1694095623734747,0.18221304543126676,0.18845803312761744,0.02837314803930532,0.026339126573349466,0.031472367825824,0,0,0,0,0,0,0,0,0,0,0,0,0,0,0,0,0,0,0,0,0,0,0,0,0,0,0,0,0,0,0,0,0,0,0,0,0,0,0,0,0,0,0,0,0,0,0,0,0,0,0,0,0,0,0,0,0,0,0,Eukaryota;Cnidaria;Hydrozoa;Anthoathecata;Pandeidae;Leuckartiara;Leuckartiara longicalcar
0,0,0,0,0,0,0,0,0,0,0,0,0,0,0,0,0,0,0,0,0,0,0,0,0,0,0,0,0,0,0,0,0,0,0,0,0,0,0,0,0,0,0,0,0,0,0,0,0,0,0,0,0,0,0,0,0,0,0,0,0,0,1,0,0,0,0,0,0,0,0,0,0,0,0,0,0,0,0,0,0,0,0,0,0,0,0,0,0,0,0,0,0,0,0,0,0,0,0,0,0,0,0,0,0,0,0,0,0,0,0,0,0,0,0,0,0,0,0,0,0,0,0,0,0,0,0,0,0,0,0,0,0,0,0,0,0,0,0,0,0,0,0,0,0,0,0,0,0,0,0,0,0,0,0,0,0,0,0,0,0,0,0,0,0,0,0,0,0,0,0,0,0,0,0,0,0,0,0,0,0,0,0.09721106954093191,0.06258812599685683,0,0,0,0,0,0,0,0,0,0,0,0,0,0,0,0,0,0,0,0,0,0,0,0,0,0,0,Eukaryota;Bacillariophyta;Coscinodiscophyceae;Thalassiosirales;Skeletonemataceae;Skeletonema;Skeletonema ardens
0,0,0,0,0,0,0,0,0,0,0,0,0,0,0,0,0,0,0,0,0,0,0,0,0,0,0,0,0,0,0,0,0,0,0,0,0,0,0,0.5315731367884188,0,0,0,0,0,0,0.4022355571243676,0,0,0,0,0,0,0,0,0,0,0,0,0,0,0,0,0.12122437111267137,0,0,0,0,0.7379367830978806,1,0,0,0.9601288866420536,0.7510315434606336,0,0,0,0,0,0,0,0,0,0,0,0,0,0,0,0,0,0,0,0,0,0,0,0,0,0,0,0,0,0,0,0,0,0,0,0,0,0,0,0,0,0,0,0,0,0,0,0,0,0,0,0,0,0,0,0,0,0,0,0,0,0,0,0,0,0,0,0,0,0,0,0,0,0,0,0,0,0,0,0,0,0,0,0,0,0,0,0,0,0,0,0,0,0,0,0,0,0,0,0,0,0,0,0,0,0,0,0,0,0,0,0,0,0,0,0,0,0,0,0,0,0,0,0,0,0,0,0,0,0,0,0,0,0,0,0,0,Eukaryota;Bacillariophyta;Mediophyceae;Triceratiales;Plagiogrammaceae;Psammoneis;Psammoneis japonica
0,0,0,0,0,0,0,0,0,0,0,0,0,0,0,0,0,0,0,0,0,0,0,0,0,0,0,0,0,0,0,0,0,0,0,0,0,0,0,0,0,0,0,0,0,0,0,0,0,0,0,0,0,0,0,0,0,0,0,0,0,0,0,0,0,0,0,0,0,0,0,0,0,0,0,0,0,0,0,0,0,0,0,0,0,0,0,0,0,0,0,0,0,0,0,0,0,0,0,0,0,0,0,0,0,0,0,0,0,0,0,0,0,0,0,0,0,0,0,0,0,0,0,0,0,0,0,0,0,0,0,0,0,0,1,0.2556356500281734,0,0,0,0,0,0,0,0,0,0,0,0,0,0,0,0,0,0,0,0,0.914493097465858,0,0,0,0,0,0,0,0,0,0,0,0,0,0,0,0,0,0,0,0,0,0,0,0,0,0,0,0,0,0,0,0,0,0,0,0,0,0,0,0,0,0,0,0,0,0,0,0,0,0,0,0,0,0,Eukaryota;Arthropoda;Hexanauplia;Sessilia;Balanidae;Megabalanus;
0,1,0,0,0,0,0,0,0,0,0,0,0,0,0,0,0,0,0,0,0,0,0,0,0,0,0,0,0,0,0,0,0,0,0,0,0,0,0,0,0,0,0,0,0,0,0,0,0,0,0,0,0,0,0,0,0,0,0,0,0,0,0,0,0,0,0,0,0,0,0,0,0,0,0,0,0,0,0,0,0,0,0,0,0,0,0,0,0,0,0,0,0,0,0,0,0,0,0,0,0,0,0,0,0,0,0,0,0,0,0,0,0,0,0,0,0,0,0,0,0,0,0,0,0,0,0,0,0,0,0,0,0,0,0,0,0,0,0,0,0,0,0,0,0,0,0,0,0,0,0,0,0,0,0,0,0,0,0,0,0,0,0,0,0,0,0,0,0,0,0,0,0,0,0,0,0,0,0,0,0,0,0,0,0,0,0,0,0,0,0,0,0,0,0,0,0,0,0,0,0,0,0,0,0,0,0,0,0,0,0,Eukaryota;Arthropoda;Malacostraca;Euphausiacea;Euphausiidae;Thysanopoda;
0,0,0,0,0,0,0,0,0,0,0,0,0,0,0,0,0,0,0,0,0,0,0,0,0,0,0,0,0,0,0,0,0,0,0,0,0,0,0,0,0,0,0,0,0,0,0,0,0,0,0,0,0,0,0,0,0,0,0,0,0,0,0,0,0,0,0,0,0,0,0,0,0,0,0,0,0,0,0,0,0,0,0,0,0,0,0,0,0,0,0,0,0,1,0.6184826415242332,0,0,0,0,0,0,0,0,0,0,0,0,0,0,0,0,0,0,0,0,0,0,0,0,0,0,0,0,0,0,0,0,0,0,0,0,0,0,0,0,0,0,0,0,0,0,0,0,0,0,0,0,0,0,0,0,0,0,0,0,0,0,0,0,0,0,0,0,0,0,0,0,0,0,0,0,0,0,0,0,0,0,0,0,0,0,0,0,0,0,0,0,0,0,0,0,0,0,0,0,0,0,0,0,0,0,0,0,0,0,0,0,0,0,0,0,Eukaryota;Annelida;Polychaeta;Phyllodocida;Phyllodocidae;Phyllodoce;Phyllodoce pettiboneae
0,0,0,0,0,1,0,0,0,0,0,0,0,0,0,0,0,0,0,0,0,0,0,0,0,0,0,0,0,0,0,0,0,0,0,0,0,0,0,0,0,0,0,0,0,0,0,0,0,0,0,0,0,0,0,0,0,0,0,0,0,0,0,0,0,0,0,0,0,0,0,0,0,0,0,0,0,0,0,0,0,0,0,0,0,0,0,0,0,0,0,0,0,0,0,0,0,0,0,0,0,0,0,0,0,0,0,0,0,0,0,0,0,0,0,0,0,0,0,0,0,0,0,0,0,0,0,0,0,0,0,0,0,0,0,0,0,0,0,0,0,0,0,0,0,0,0,0,0,0,0,0,0,0,0,0,0,0,0,0,0,0,0,0,0,0,0,0,0,0,0,0,0,0,0,0,0,0,0,0,0,0,0,0,0,0,0,0,0,0,0,0,0,0,0,0,0,0,0,0,0,0,0,0,0,0,0,0,0,0,0,Eukaryota;Mollusca;Gastropoda;Littorinimorpha;Lacunidae;Lacuna;Lacuna vincta
0,0,0,0.30958758284399573,0,0,0,0,0,0,0,0,0,0,0,0,0,0,0,0,0,0,0,0,0,0,0,0,0,0,0,0,0,0,0,0,0,0,0,0,0,0,0,0,0,0,0,0,0,0,0,0,0,0,0,0,0,0,0,0,0,0,0,0,1,0,0,0,0,0,0,0,0,0,0,0,0,0,0,0,0,0,0,0,0,0,0,0,0,0,0,0,0,0,0,0,0,0,0,0,0,0,0,0,0,0,0,0,0,0,0,0,0,0,0,0,0,0,0,0,0,0,0,0,0,0,0,0,0.2879753405842237,0,0,0,0,0,0,0,0,0,0,0,0,0,0,0,0,0,0,0,0,0,0,0,0,0,0.33140651564582085,0,0,0,0,0,0,0,0,0,0,0,0,0,0,0,0,0,0,0,0,0,0,0,0,0,0,0,0,0,0,0,0,0,0,0,0,0,0,0,0,0,0,0,0,0,0,0,0,0,0,0,0,0,0,0,0,Eukaryota;Mollusca;Gastropoda;NA;Acteonidae;Rictaxis;Rictaxis punctocaelatus
0,0,0,0,0,0,0,0,0,0,0,0,0,0,0,0,0,0,0,0,0,0,0,0,0,0,0,0,0,0,0,0,0,0,0,0,0,0,0,0,0,0,0,0,0,0,0,0,0,0,0,0,0,0,0,0,0,0,0,0,0,0,0,0,0,0,0,0,0,0,0,0,0,0,0,0,0,0,0,0,0,0,0,0,0,0,0,0,0,0,0,0,0,0,0,0,0,0,0,0,0,0,0,0,0,0,0,0,0,0,0,0,0,0,0,0,0,0,0,0,0,0,0.7791880561970107,0,0,0,0,0,0,0,0,0,0,0,0,0,0,0,0,0,0,0,0,0,0,0,0,0,0,0,0,0,0,0,0,0,0,0,0,0,0,0,0,0,0,0,0,0,0,1,0,0,0,0,0,0,0,0,0,0,0,0,0,0,0,0,0,0,0,0,0,0,0,0,0,0,0,0,0,0,0,0,0,0,0,0,0,0,0,0,0,Eukaryota;Annelida;Polychaeta;Eunicida;Amphinomidae;Notopygos;NA
0,0,0,0,0,0,0,0,0,0,0,0,0,0,0,0,0,0,0,0,0,0,0,0,0,0,0,0,0,0,0,0,0,0,0,0,0,0,0,0,0,0,0,0,0,0,0,0,0,0,0,0,0,0,0,0,0,0,0,0,0,0,0,0,0,0,0,0,0,0,0,0,0,0,0,0,0,0,0,0,0,0,0,0,0,0,0,0,0,0,0,0,0,0,0,0,0,0,0,0,0,0,0,0,0,0,0,0,0,0,0,0,0,0,0,0,0,0,0,0,0,0,0,0,0,0,0,0,0,0,0,0,0,0,0,0,0,0,0,0,0,0,0,0,0,0,0,0,0,0,0,0,0,0,0,0,0,0,0,0,0,0,0,0,0,0,0,0,0,0,0,0,0,0,0,0,0,0,0,0,1,0,0,0,0,0,0,0,0,0,0,0,0,0,0,0,0,0,0,0,0,0,0,0,0,0,0,0,0,0,0,Eukaryota;Annelida;Clitellata;Haplotaxida;Megascolecidae;;
0.704193519908184,0,0.30355640971971154,0,0,0,0,0,0,0,0,0,0.3875550660792952,0,0,0,0,0,0,0,0,0,0,0,0,0,0,0,0,0,0,0,0,0,0,0,0,0,0,0,0,0,0,0,0,0,0,0,0,0,0,0,0,0,0,0,0,0,0,0,0,0,0,0,0.6635572070323333,0.6764246947082768,0,0,0,0,0,0,0,0,0.6963551442664455,0,0,0.42628709872804366,0,0,0,0,0,0,0,0,0,0,0,0,0,0,0,0,0,0,0,0,0,0,0,0,0,0,0,0,0,0,0,0,0,0,0,0,0,0.07273191481601371,0.1240173640479626,0,0,0,0,0,0,0,0,0,0,0,0,0,0,0,0,0,0,0,0,0,0,0,0,0,0,0,0,0,0,0,0,0,0,0,0,0,0,0,0,0,0,0,0,0,0,0,0,0,0,0,0,0,0,0,0,0,0,0,0,0,0,0,0,0,0,0,0,0,0,0,0,0,0,0,0,0,0,0,1,0,0,0,0,0,0,0,0,0,0,0,0,0,0,Eukaryota;Cnidaria;Hydrozoa;Narcomedusae;NA;Tetraplatia;Tetraplatia chuni
0,0,0,0,0,0,0,0,0,0,0,0,0,0,0,0,0,0,0,0,0.0019469464033299378,0.0015321902568329704,0,0,0,0,0,0,0,0,0.0033552014666025395,0.0172624343745427,0.001797257019312466,0.0016519003910059698,0,0,0,0.002101907017578604,0,0,0,0,0,0,0,0,0,0,0,0,0,0,0,0,0,0,0,0,0,0,0,0,0,0,0,0,0,0,0,0,0.030320195292107947,0.017106652742640265,0,0,0,1,0,0,0,0.03103849063580735,0.016972844298196014,0,0,4.308682137214867e-4,0,0,0,0,0,0,0,0,0,0,0,0,0,0,0,0,0,0,0,0,0,0,0,0,0,0,0,0,0,0,0,0,0,0,6.35923170098633e-4,0,0,0,0,0,0,0,0,0,0,0,0,0.0028907219364067635,0.21508322844879255,0.16380193291304007,7.073546470268957e-4,4.181579627967048e-4,9.589029205777954e-5,0.0014299151970095457,4.244360152873863e-4,0,0,0,0,0,0,0,0,0,0,0,0,0,0,0,0,0,0,7.332946870140035e-5,0,0,0,0,0,0,0,0,0,0,0,0,0,0,0,0,0,0,2.3609113376231534e-4,0,0.0012561174064920665,0,0,0,0,0,0,0,0,0,0,0,0,0,0,0,0,0,0,0,4.1442387753542223e-4,0,0,0,0,0,0,0,0,0,0,0,0,Eukaryota;Cnidaria;Hydrozoa;Siphonophorae;Prayidae;Praya;Praya reticulata
0,0,0,0,0,0,0,0,0,0,0,0,0,0,0,0,0,0,0,0,0,0,0,0,0,0,0,0,0,0,0,0,0,0,0,0,0,0,0,0,0,0,0,0,0,0,0,0,0,0,0,0,0.8057178631051752,1,0,0,0,0,0,0,0,0,0,0,0,0,0,0,0,0,0,0,0,0,0,0,0,0,0,0,0,0,0,0,0,0,0,0,0,0,0,0,0,0,0,0,0,0,0,0,0,0,0,0,0,0,0,0,0,0,0,0,0,0,0,0,0,0,0,0,0,0,0,0,0,0,0,0,0,0,0,0,0,0,0,0,0,0,0,0,0,0,0,0,0,0,0,0,0,0,0,0,0,0,0,0,0,0,0,0,0,0,0,0,0,0,0,0,0,0,0,0,0,0,0,0,0,0,0,0,0,0,0,0,0,0,0,0,0,0,0,0,0,0,0,0,0,0,0,0,0,0,0,0,0,0,0,0,0,0,0,Eukaryota;Arthropoda;Insecta;Hymenoptera;Ichneumonidae;Poecilocryptus;Poecilocryptus sp. Oz421
0,0,0,0,0,0,0,0,0,0,0,0,0,0,0,0,0,0,0,0,0,0,0,0,0,0,0,0,0,0,0,0,0,0,0,0,0,0,0,0,0,0,0,0,0,0,0,0,0,0,0,0,0,0,0,0,0,0,0,0,0,0,0,0,0,0,0,0,0,0,0,0,0,0,0,0,0,0,0,0,0,0,0,0,0,0,0,0,0,0,0,0,0,0,0,0,0,0,0,0,0,0,0,0,0,0,0,0,0,0,0,0,0,0,0,0,0,0,0,0,0,0,0,0,0,0,0,0,0,0,0,0,0,0,0,0,0,0,0,0,0,0,0,0,0,0,0,0,0,0,0,0,0,0,0,0,0.35876231006645154,0.11619827021953638,0,0,0.41079323683590097,0,0,0,0,0,0,0,0,0,0,0,0,0,0,0,0,0,0,0,0,0,0,0,0,0,0,0,0,0,0,0,0,0,0,0,0,0,0,0,0,0,0,0,0,0,1,0,0.6939899443126359,0.41843193643546445,0,Eukaryota;Echinodermata;Echinoidea;Spatangoida;Loveniidae;Lovenia;Lovenia cordiformis
0,0,0,0,0,0,0,0,0,0,0,0,0,0,0,0,0,0,0,0,0,0,0,0,0,0,0,0,0,0,0,0,0,0,0,0,0,0,0,0,1,0,0,0,0,0,0,0,0,0,0,0,0,0,0,0,0,0,0,0.06172296786778949,0,0,0,0,0,0,0,0,0,0,0,0,0,0,0,0,0,0,0,0,0,0,0,0,0,0,0,0,0,0,0,0,0,0,0,0,0,0,0,0,0,0,0,0,0,0,0,0,0,0,0,0,0,0,0,0,0,0,0.09356518117451063,0,0,0,0,0,0,0,0,0,0,0,0,0,0,0,0,0,0,0,0,0,0,0,0,0,0,0,0,0,0,0,0,0,0,0,0,0,0,0,0,0,0,0,0,0,0,0,0,0,0,0,0,0,0,0,0,0,0,0,0,0,0,0,0,0,0,0,0,0,0,0,0,0,0,0,0,0,0,0,0,0,0,0,0,0,0,0,0,0,0,0,0,Eukaryota;Cnidaria;Hydrozoa;Anthoathecata;Hydridae;Hydra;
0,0,0,0,0,0,0,0,0,0,0,0,0,0,0,0,0,0,0,0,0,0,0,0,0,0,0,0,0,0,0,0,0,0,0,0,0,0,0,0,0,0,0,0,0,0,0,0,0,0,0,0,0,0,0,0,0,0,0,0,0,0,0,0,0,0,0,0,0,0,0,0,0,0,0,0,0,0,0,0.5080937692782234,1,0,0,0,0,0,0,0,0,0,0,0,0,0,0,0,0,0,0,0,0,0,0,0,0,0,0,0,0,0,0,0,0,0,0,0,0,0,0,0,0,0,0,0,0,0,0,0,0,0,0,0,0,0,0,0,0,0,0,0,0,0,0,0,0,0,0,0,0,0,0,0,0,0,0,0,0,0,0,0,0,0,0,0,0,0,0,0,0,0,0,0,0,0,0,0,0,0,0,0,0,0,0,0,0,0,0,0,0,0,0,0,0,0,0,0,0,0,0,0,0,0,0,0,0,0,0,0,0,0,0,Eukaryota;Arthropoda;Hexanauplia;Pedunculata;Lepadidae;Lepas;Lepas anatifera
0,0,0,0,0,0,0,0,0,0,0,0,0,0,0,0,0,0,0,0,0,0,0,0,0,0,0,0,0,0,0,0,0,0,0,0,0,0,0,0,0,0,0,0,0,0,0,0,0,0,0,0,0,0,0,0,0,0,0,0,0,0,0,0,0,0,0,0,0,0,0,0,0,0,0,0,0,0,0,0,0,0,0,0,0,0,0,0,0,0,0,0,0,0,0,0,0,0,0,0,0,0,0.41117202533922376,0.23600038467086595,0,0,0,0,0,0,0,0,0,0,0,0,0,0,0,0,0,0,0,0,0,0,0,0,0,0,0,0,0,0,0,0,0,0,0,0,0,0,0,0,0,0,0,0,0,0,0,0,0,0,0,0,0,0,0,0,1,0,0,0,0,0,0,0,0,0,0,0,0,0,0,0,0,0,0,0,0,0,0,0,0,0,0,0,0,0,0,0,0,0,0,0,0,0,0,0,0,0,0,0,0,0,0,0,0,0,0,Eukaryota;NA;Phaeophyceae;Ectocarpales;Scytosiphonaceae;Scytosiphon;Scytosiphon lomentaria
0,0,1,0,0,0,0,0,0,0,0,0,0,0,0,0,0,0,0,0,0,0,0,0,0,0,0,0,0,0,0,0,0,0,0,0,0,0,0,0,0,0,0,0,0,0,0,0,0,0,0,0,0,0,0,0,0,0,0,0,0,0,0,0,0,0,0,0,0,0,0,0,0,0,0,0,0,0,0,0,0,0,0,0,0,0,0,0,0,0,0,0,0,0,0,0,0,0,0,0,0,0,0,0,0,0,0,0,0,0,0,0,0,0,0,0,0,0,0,0,0,0,0,0,0,0,0,0,0,0,0,0,0,0,0,0,0,0,0,0,0,0,0,0,0,0,0,0,0,0,0,0,0,0,0,0,0,0,0,0,0,0,0,0,0,0,0,0,0,0,0,0,0,0,0,0,0,0,0,0,0,0,0,0,0,0,0,0,0,0,0,0,0,0,0,0,0,0,0,0,0,0,0,0,0,0,0,0,0,0,0,Eukaryota;Arthropoda;Hexanauplia;Calanoida;Paracalanidae;Paracalanus;Paracalanus indicus
0,0,0,0,0,0,0,0,0,0,0,0,0,0,0,0,0,0,0,0,0,0,0,0,0,0,0,0,0,0,0,0,0,0,0,0,0,0,0,0,0,0,0,0,0,0,0,0,0,0,0,0,0,0,0,0,0,0,0,0,0,0,0,0,0,0,0,0,0,0,0,0,0,0,0,0,0,0,0,0,0,0,0,0,0,0,0,0,0,0,0,0,0,0,0,0,0,0,1,0,0,0,0,0,0,0,0,0,0,0,0,0,0,0,0,0,0,0,0,0,0,0,0,0,0,0,0,0,0,0,0,0,0,0,0,0,0,0,0,0,0,0,0,0,0,0,0,0,0,0,0,0,0,0,0,0,0,0,0,0,0,0,0,0,0,0,0,0,0,0,0,0,0,0,0,0,0,0,0,0,0,0,0,0,0,0,0,0,0,0,0,0,0,0,0,0,0,0,0,0,0,0,0,0,0,0,0,0,0,0,0,Eukaryota;Mollusca;Gastropoda;Stylommatophora;Pyramidulidae;Pyramidula;Pyramidula pusilla
0,0,0,0,0,0,0,0,0,0,0,0,0,0,0,0,0,0,0,0,0,0,0,0,0,0,0,0,0,0,0,0,0,0,0,0,0,0,0,0,0,0,0,0,0,0,0,0,0,0,0,0,0,0,0,0,0,0,0,0,0,0,0,0,0,0,0,0,0,0,0,0,0,0,0,0,0,0,0,0,0,0,0,0,0,0,0,0,0,0,0,0,0,0,0,0,0,0,0,0,0,0,0,0,0,0,0,0,0,0,0,0,0,0,0,0,0,0,0,0,0,0,0,0,0,0,0,0,0,0,0,0,0,0,0,0,0,0,0,0,0,0,0,0,0,0,0,0,0,0,0,0,0,0,0,0,0,0,0,0,0,0,0,0,0,0,0,0,0,0,0,0,0,0,0,0,0,0,0,0,0,0,0,0,0,0,0,0,0,0,0,0,0,0,0,0,0,0,0,0,0,0.9979955284866241,0,1,0,0,0,0,0,0,0,Eukaryota;;Dinophyceae;Gymnodiniales;Gymnodiniaceae;;
0,0,0,0,0,0,0,0,0,0,0,0,0,0,0,0,0,0,0,0,0,0,0,0,0,0,0,0,0,0,0,0,0,0,0,0,0,0,0,0,0,0,0,0,0,0,0,0,0,0,0,0,0,0,0,0,0,0,0,0,0,0,0,0,0,0,0,0,0,0,0,0,0,0,0,0,0,0,0,0,0,0,0,0,0,0,0,0,0,0,0,0,0,0,0,0,0,0,0,0,0,0,0,0,0,0,0,0,0,0,0,0,0,0,0,0,0,0,0,0,0,0,0,0,0,0,0,0,0,0,0,0,0,0,0,0,0,0,0,0,0,0,0,0,0,0,0,0,1,0,0,0,0,0,0,0,0,0,0,0,0,0,0,0,0,0,0,0,0,0,0,0,0,0,0,0,0,0,0,0,0,0,0,0,0,0,0,0,0,0,0,0,0,0,0,0,0,0,0,0,0,0,0,0,0,0,0,0,0,0,0,Eukaryota;Annelida;Polychaeta;Phyllodocida;Polynoidae;Austrolaenilla;Austrolaenilla pelagica
0,0,0,0,0,0,0,0,0,0,0,0,0,0,0,0,0,0,0,0,0,0,0,0,0,0,0,0,0,0,0,0,0,0,0,0,0,0,0,0,0,0,0,0,0,0,0,0,0,0,0,0,0,0,0,0,0,0,0,0,0,0,0,0,0,0,0,0,0,0,0,0,0,0,0,0,0,0,0,0,0,0,0,0,0,0,0,0,0,0,0,0,0,0,0,0,0,0,0,0,0,0,0,0,0,0,0,0,0,0,0,0,0,0,0,0,0,0,0,0,0,0,0,0,0,0,0,0,0,0,0,0,0,0,0,0,0,0,0,0,0,0.4505878819086852,1,0,0,0,0.49949577113717886,0.038348535064413346,0.08792532899254094,0,0,0,0,0,0,0.7603548153511949,0,0,0,0,0,0,0,0,0,0,0,0,0,0,0,0,0,0,0,0,0,0,0,0,0,0,0,0,0,0,0,0,0,0,0,0,0,0,0,0,0,0,0,0,0,0,0,0,0,0,0,0,0,0,0,Eukaryota;Annelida;Polychaeta;Phyllodocida;Phyllodocidae;Eumida;Eumida maia
0,0,0,0,0,0,0,0,0,0,0,0,0,0,0,0,0,0,0,0,0.06766539014820477,0.032964716717010546,0,0,0,0,0,0,0,0,0,0,0,0,0,0,0,0,0,0,0,0,0,0,0,0,0,0,0,0,0,0,0,0,0,0,0,0,0,0,0,0,0,0,0,0,0,0,0,0,0,0,0.05463724920497437,0.038239551339615555,0,0,0,0,0,0,0,0,0,0,0,0,0,0,0,0,0,0,0,0,0,0,0,0,0,0,0,0,0,0,0,0,0,0,0,0,0,0,0,0,0,0,0,0,0,0,0,0,0,0,0,0,0,0,0,0,0,0,0,0,0,0,0,0,0,0,0,0,0,0,0,0,0,0,0,0,0,0,0,0,0,0,0,0,0,0,0,0,0,0,0,0,0,0,0,0,0,0,0,0,0,0,0,0,0,0,0,0,0,0,0,0,0,0,0,0,0,0,0,0,0,0,0,0,0,0.39111934017450506,0.2750535351465904,1,0.9138760251698191,0.8437075891788276,0,0,0,0,0,0,0,Eukaryota;Arthropoda;Malacostraca;Amphipoda;Vibiliidae;Vibilia;Vibilia propinqua
0,0,0,0,0,0,0,0,0,0,0,0,0,0,0,0,0,0,0,0,0,0,0,0,0,0,0,0,0,0,0,0,0,0,0,0,0,0,0,0,0,0,0,0,0,0,0,0,0,0,0,0,0,0,0,0,0,0,0,0,0,0,0,0,0,0,0,0,0,0,0,0,0,0,0,0,0,0,0,0,0,0,0,0,0,0,0,0,0,0,0,0,0,0,0,0,0,0,0,0,0,0,0,0,0,0,0,0,0,0,0,0,0,0,0,0,0,0,0,0,0,0,0,0,0,0,0,0,0,0,0,0,0,0,0,0.23118059005909472,0,0,0,0,0,0,0,0,0,0,0,0,0,0,0,0,0,0,0,0,0,1,0.8238989168960847,0,0,0,0,0,0,0,0,0,0,0,0,0,0,0,0,0,0,0,0,0,0,0,0,0,0,0,0,0,0,0,0,0,0,0,0,0,0,0,0,0,0,0,0,0,0,0,0,0,0,0,0,Eukaryota;Arthropoda;Hexanauplia;Sessilia;Balanidae;Megabalanus;Megabalanus rosa
0,0,0,0,0,0,1,0,0,0,0,0,0,0,0,0,0,0,0,0,0,0,0,0,0,0,0,0,0,0,0,0,0,0,0,0,0,0,0,0,0,0,0,0,0,0,0,0,0,0,0,0,0,0,0,0,0,0,0,0,0,0,0,0,0,0,0,0,0,0,0,0,0,0,0,0,0,0,0,0,0,0,0,0,0,0,0,0,0,0,0,0,0,0,0,0,0,0,0,0,0,0,0,0,0,0,0,0,0,0,0,0,0,0,0,0,0,0,0,0,0,0,0,0,0,0,0,0,0,0,0,0,0,0,0,0,0,0,0,0,0,0,0,0,0,0,0,0,0,0,0,0,0,0,0,0,0,0,0,0,0.20459546464008474,0,0,0,0,0,0,0,0,0,0,0,0,0,0,0,0,0,0,0,0,0,0,0,0,0,0,0,0,0,0,0,0,0,0,0,0,0,0,0,0,0,0,0,0,0,0,0,0,0,0,Eukaryota;Rhodophyta;Florideophyceae;Palmariales;Palmariaceae;Halosaccion;Halosaccion americanum
0,0,0,0,0,0,0,0,0,0,0,0,0,0,0,0,0,0,0,0,0,0,1,0,0,0,0,0,0,0,0,0,0,0,0,0,0,0,0,0,0,0,0,0,0,0,0,0,0,0,0,0,0,0,0,0,0,0,0,0,0,0,0,0,0,0,0,0,0,0,0,0,0,0,0,0,0,0,0,0,0,0,0,0,0,0,0,0,0,0,0,0,0,0,0,0,0,0,0,0,0,0,0,0,0,0,0,0,0,0,0,0,0,0,0,0,0,0,0,0,0,0,0,0,0,0,0,0,0,0,0,0,0,0,0,0,0,0,0,0,0,0,0,0,0,0,0,0,0,0,0,0,0,0,0,0,0,0,0,0,0,0,0,0,0,0,0,0,0,0,0,0,0,0,0,0,0,0,0,0,0,0,0,0,0,0,0,0,0,0,0,0,0,0,0,0,0,0,0,0,0,0,0,0,0,0,0,0,0,0,0,Eukaryota;Arthropoda;Malacostraca;Euphausiacea;Euphausiidae;Thysanoessa;Thysanoessa inermis
0,0,0,0,0,0,0,0,0,0,0,0,0,0,0,0,0,0,0,0,0,0,0,0,0,0,0,0,0,0,0,0,0,0,0,0,0,0,0,0,0,0,0,0,0,0,1,0.882292345432941,0.4610702428227329,0,0,0,0,0,0,0,0,0,0,0,0,0,0,0,0,0,0,0,0,0,0,0,0,0,0,0,0,0,0,0,0,0,0,0,0,0,0,0,0,0,0,0,0,0,0,0,0,0,0,0,0,0,0,0,0,0,0,0.265934478550643,0,0,0,0,0,0,0,0,0,0,0,0,0,0,0,0,0,0,0,0,0,0,0,0,0,0,0,0,0,0,0,0,0,0,0,0,0,0,0,0,0,0,0,0,0,0,0,0,0,0,0,0,0,0,0,0,0,0,0,0,0,0,0,0,0,0,0,0,0,0,0,0,0,0,0,0,0,0,0,0,0,0,0,0,0,0,0,0,0,0,0,0,0,0,0,0,0,0,0,0,0,0,0,Eukaryota;Arthropoda;Hexanauplia;Calanoida;Acartiidae;Acartiella;Acartiella sinensis
0,0,0,0,0,0,0,0,0,0,0,0,0,0,0,0,0,0,0,0,0,0,0,0,0,0,0,0,0,0,0,0,0,0,0,0,0,0,0,0,0,0,0,0,0,0,0,0,0,0,0,0,0,0,0,0,0,0,0,0,0,0,0,0,0,0,0,0,0,0,0,0,0,0,0,0,0,0,0,0,0.7320055904961565,0,0,0,0,0,0,0,0,0,0,0,0,0,0,0,0,0,0,0,0,0,0,0,0,0,0,0,0,0,0,0,0,0,0,0,0,0,0,0,0,0,0,0,0,0,0,0,0,0,0,0,0,0,0,0,0,0,0,0,0,0,0,0,0,0,0,0,0,0,0,0,0,0,0,0,0,0,0,1,0.7370197564570133,0,0,0,0,0,0,0,0,0,0,0,0,0,0,0,0,0,0,0,0,0,0,0,0,0,0,0,0,0,0,0,0,0,0,0,0,0,0,0,0,0,0,0,0,0,0,0,0,0,0,Eukaryota;;;Longamoebia;Acanthamoebidae;Acanthamoeba;Acanthamoeba comandoni
0,0,0,0,0,0,0,0,0,0,0,0,0,0,0,0,0,0,0,0,0,0,0,0,0,0,0,0,0,0,0,0,0,0,0,0,0,0,0,0,0,0,0,0,0,0,0,0,0,0,0.37386820925553316,0,0,0,0,0,0,0,1,0,0,0,0,0,0,0,0,0,0,0,0,0.7756458039683399,0,0,0,0,0,0,0,0,0,0,0,0,0,0,0,0.580793703951775,0,0,0,0,0,0,0,0,0,0,0,0,0,0,0,0,0,0,0,0,0,0,0.27599331600445604,0,0,0,0,0,0,0,0,0,0,0,0,0,0,0,0,0,0,0,0,0,0,0,0,0.17185138049624032,0,0,0,0,0,0,0,0,0,0,0,0,0,0,0,0,0,0,0,0,0,0,0,0,0,0,0,0,0,0,0,0,0,0,0,0,0,0,0,0,0,0,0,0,0,0,0,0,0.5824408537950594,0,0,0,0,0,0,0,0,0,0,0,0,0,0,0,0,0,0,0,0,0,0,0,0,0,0,Eukaryota;Chaetognatha;Sagittoidea;Aphragmophora;Sagittidae;Pseudosagitta;Pseudosagitta lyra
0,0,0,0,0,0,0,0,0,0,0,0,0,0,0,0,0,0,0,0,0,0,0,0,0,0,0,0,0,0,0,0,0,0,0,0,0,0,0,0,0,0,0,0,0,0,0,0,0,0,0,0,0,0,0,0,0,0,0,0,0,0,0,1,0,0,0,0,0,0,0,0,0,0,0,0,0,0,0,0,0,0,0,0,0,0,0,0,0,0,0,0,0,0.09934389663481263,0,0,0,0,0,0,0,0,0,0,0,0,0,0,0,0,0,0,0,0,0,0,0,0,0,0,0,0,0,0,0,0,0,0,0,0,0,0,0,0,0,0,0,0,0,0,0,0,0,0,0,0,0,0,0,0,0,0,0,0,0,0,0,0,0,0,0,0,0,0,0,0,0,0,0,0,0,0,0,0,0,0,0,0,0,0,0,0,0,0,0,0,0,0,0,0,0,0,0,0,0,0,0,0,0,0,0,0,0,0,0,0,0,0,0,0,0,Eukaryota;;Dinophyceae;Gymnodiniales;Kareniaceae;Karlodinium;
0,0,0,0,0,0,0,0,0,0,0,0,0,0,0,0,0,0,0,0,0,0,0,0,0,0,0,0,0,0,0,0,0,0,0,0,0,0,0,0,0,0,0,0,0,0,0,0,0,0,0,0,0,0,0,0,0,0,0,0,0,0,0,0,0,0,0,0,0,0,0,0,0,0,0,0,0,0,0,0,0,0,0,0,0,0,0,0,0,0,0,0,0,0,0,0,0,0,0,0,0,0,0.8198830611083324,1,0,0,0,0,0,0,0,0,0,0,0,0,0,0,0,0,0,0,0,0,0,0,0,0,0,0,0,0,0,0,0,0,0,0,0,0,0,0,0,0,0,0,0,0,0,0,0,0,0,0,0,0,0,0,0,0,0,0,0,0,0,0,0,0,0,0,0,0,0,0,0,0,0,0,0,0,0,0,0,0,0,0,0,0,0,0,0,0,0,0,0,0,0,0,0,0,0,0,0,0,0,0,0,0,0,0,0,Eukaryota;Bacillariophyta;Coscinodiscophyceae;Thalassiosirales;Skeletonemataceae;Skeletonema;Skeletonema cf. pseudocostatum
0,0,0,0,0,0,0,0,0,0,0,0,0,0,0,0,0,0,0,0,0,0,0,0,0,0,0,0,0,0,0,0,0,0,0,0,0,0,0,0,0,0,0,0,0,0,0,0,0,0,0,0,0,0,0,0,0,0,0,0,0,0,0,1,0,0,0,0,0,0,0,0,0,0,0,0,0,0,0,0,0,0,0,0,0,0,0,0,0,0,0,0,0,0,0,0,0,0,0,0,0,0,0.23582707845630627,0,0,0,0,0,0,0,0,0,0,0,0,0,0,0,0,0,0,0,0,0,0,0,0,0,0,0,0,0,0,0,0,0,0,0,0,0,0,0,0,0,0,0,0,0,0,0,0,0,0,0,0,0,0,0,0,0,0,0,0,0,0,0,0,0,0,0,0,0,0,0,0,0,0,0,0,0,0,0,0,0,0,0,0,0,0,0,0,0,0,0,0,0,0,0,0,0,0,0,0,0,0,0,0,0,0,0,0,Eukaryota;NA;Haptophyceae;Isochrysidales;Isochrysidaceae;Isochrysis;Isochrysis galbana
0,0,0,0,0,0,0,0,0,0,0,0,0,0,0,0,0,0,0,0,0,0,0,0,0,0,0,0,0,0,0,0,0,0,0,0,0,0,0,0,0,0,0,0,0,0,0,0,0,0,0,0,0,0,0,0,0,0,0,0,0,0,0,0,0,0,0,0,0,0,0,0,0,0,0,0,0,0,0,0,0,0,0,0,0,0,0,0,0,0,0,0,0,0,0,0,0,0,0,0,0,0,0,0,0,0,0,0,0,0,0,0,0,0,0,0,0,0,0,0,0,0,0,0,0,0,0,1,0,0,0,0,0,0,0,0,0,0,0,0,0,0,0,0,0,0,0,0,0,0,0,0,0,0,0,0,0,0,0,0,0,0,0,0,0,0,0,0,0,0,0,0,0,0,0,0,0,0,0,0,0,0,0,0,0,0,0,0,0,0,0,0,0,0,0,0,0,0,0,0,0,0,0,0,0,0,0,0,0,0,0,Eukaryota;Arthropoda;Malacostraca;Decapoda;Calappidae;Calappa;Calappa gallus
0,0,0,0,0,0,0,0.015268123083933884,0.0198103578001446,0,0.017421608111731313,0,0.6899525644228517,1,0,0,0,0,0.8749065036554056,0.5447373792108694,0,0,0,0,0,0.021685965523596005,0.015787976992504043,0,0,0,0,0,0,0,0,0,0,0,0,0,0,0,0,0,0.49753904227249507,0.48701327177433673,0,0,0,0,0,0,0,0,0,0,0,0,0,0,0.6529230556228584,0.4359249258962253,0,0,0,0,0.017415098011415445,0,0,0,0,0,0,0,0,0,0,0,0,0,0,0,0,0,0,0,0.13161513718891862,0.15491642301465391,0.1737476880278636,0,0,0,0,0,0,0,0,0,0,0,0,0,0,0,0,0,0,0,0,0,0,0,0,0.019479872436984735,0.009248353362051688,0,0,0,0,0,0,0,0,0,0,0,0,0,0,0,0,0,0,0,0,0,0,0,0,0,0.019349126998810248,0.024927693531577425,0.03969908856160352,0,0,0,0,0,0,0,0,0,0,0,0,0,0,0,0,0,0,0,0.19750032980239132,0.1245367472421561,0.22775101772415834,0,0,0,0,0,0,0,0,0,0.05288280511607975,0.2108927357351007,0.15282662746107414,0.25649195865144064,0,0,0,0,0,0,0,0,0,0,0,0,0,0,0,0,0,0,0.013486892120177677,0.0214848130828703,0.005109810777912185,0,0,0,0,0,0,0,0,0,0,0.1660481050972663,0.20649054721409368,Eukaryota;Mollusca;Gastropoda;Stylommatophora;Helicarionidae;Mysticarion;Mysticarion hyalinus
0,0,0.1924279616133554,0,0,0,0,0,0,0,0,0,0,0,0,0,0,0,0,0,0,0,0,0,0,0,0,0,0,0,1,0,0,0,0,0,0,0,0,0,0,0,0,0,0,0,0,0,0,0,0,0,0,0,0,0,0,0,0,0,0,0,0,0,0,0,0,0,0,0,0,0,0,0,0,0,0,0,0,0,0,0,0,0,0,0,0,0,0,0,0,0,0,0,0,0,0,0,0,0,0,0,0,0,0,0,0,0,0,0,0,0,0,0,0,0,0,0,0,0,0,0,0,0,0,0.9025943115553969,0,0.34465435429402363,0,0,0,0,0,0,0,0,0,0,0,0,0,0,0,0,0,0,0,0,0,0,0,0,0,0,0,0,0,0,0,0,0,0,0,0,0,0,0,0,0,0,0,0,0,0,0,0,0,0,0,0,0,0,0,0,0,0,0,0,0,0,0,0,0,0,0,0,0,0,0,0,0,0,0,0,0,0,0,0,0,0,0,Eukaryota;Arthropoda;Malacostraca;Amphipoda;Hyperiidae;Parathemisto;Parathemisto pacifica
0,0,0,0,0,0,0,0,0,0,0,0,0,0,0,0,0,0,0,0,0,0,0,0,0,0,0,0,1,0.6602692476444089,0,0,0,0,0,0,0,0,0,0,0,0,0,0,0,0,0,0,0,0,0,0,0,0,0,0,0,0,0,0,0,0,0,0,0,0,0,0,0,0,0,0,0,0,0,0,0,0,0,0,0,0,0,0,0,0,0,0,0,0,0,0,0,0,0,0,0,0,0,0,0,0,0,0,0,0,0,0,0,0,0,0,0,0,0,0,0,0,0,0,0,0,0,0,0,0,0,0,0,0,0,0,0,0,0,0,0,0,0,0,0,0,0,0,0,0,0,0,0,0,0,0,0,0,0,0,0,0,0,0,0,0,0,0,0,0,0,0,0,0,0,0,0,0,0,0,0,0,0,0,0,0,0,0,0,0,0,0,0,0,0,0,0,0,0,0,0,0,0,0,0,0,0,0,0,0,0,0,0,0,0,Eukaryota;Rhodophyta;Florideophyceae;Acrosymphytales;Schimmelmanniaceae;Schimmelmannia;Schimmelmannia schousboei
0,0,0,0,0,0,0,0,0,0,0,0,0,0,0,0,0,0,0,0,0,0,0,0,0,0,0,0,0,0,0,0,0,0,0,0,0,0,0,0,0,0,0,0,0,0,0,0,0,0,0,0,0,0,0,0,0,0,0,0,0,0,0,0,0,0,0,0,0,0,0,0,0,0,0,0,0,0,0,0,0,0,0,0,0,0,0,0,0,0,0,0,0,0,0,0,0,0,0,0,0,0,0,0,0,0,0,0,0,0,0,0,0,0,0,0,0,0,0,0,0,0,0,0,0,0,0,0,0,0,0,0,0,0,0,0,0,0,0,0,0,0,0,0,0,0,0,0,0,0,0,0,0,0,0,0,0,0,0,0,0,0,0,0,0,0,0,0,0,0,0,0,0,0,0,0,0,0,0,0,0,0,0,0,0,0,0,0,0,0,0,0,0,0,0,0,0,0,0,0,0,0,1,0.610895326380842,0,0,0,0,0,0,0,Eukaryota;Platyhelminthes;Cestoda;Cyclophyllidea;Taeniidae;Taenia;Taenia pisiformis
0,0,0,0,0,0,0,0,0,0,0,0,0,0,0,0,0,0,0,0,0,0,0,0,0,0,0,0,0,0,0,0,0,0,0,0,0,0,0,0,0,0,0,0,0,0,0,0,0,0,0,0,0,0,0,0,0,0,0,0,0,0,0,0,0,0,0,0,0,0,0,0,0,0,0,0,0,0,0,0,0,0,0,0,0,0,0,0,0,0,0,0,0,0,0,0,0,0,0,0,0,0,0,0,0,0,0,0,0,0,0,0,0,0,0,0,0,0,0,0,0,0,0,0,0,0,0,0,0,0,0,0,0,0,0,0,0,0,0,1,0,0,0,0,0,0,0,0,0,0,0,0,0,0,0,0,0,0,0,0,0,0,0,0,0,0,0,0,0,0,0,0,0,0,0,0,0,0,0,0,0,0,0,0,0,0,0,0,0,0,0,0,0,0,0,0,0,0,0,0,0,0,0,0,0,0,0,0,0,0,0,Eukaryota;Arthropoda;Insecta;Trichoptera;Hydropsychidae;Leptonema;Leptonema salvini
0,0,0,0,0,0,0,0,0,0,0,0,0,0,0,0,0,0,0,1,0,0,0,0,0,0,0,0,0,0,0,0,0,0,0,0,0,0,0,0,0,0,0,0,0,0,0,0,0,0,0,0,0,0,0,0,0,0,0,0,0,0,0,0,0,0,0,0,0,0,0,0,0,0,0,0,0,0,0,0,0,0,0,0,0,0,0,0,0,0,0,0,0,0,0,0,0,0,0,0,0,0,0,0,0,0,0,0,0,0,0,0,0,0,0,0,0,0,0,0,0,0,0,0,0,0,0,0,0,0,0,0,0,0,0,0,0,0,0,0,0,0,0.33315420354132796,0,0,0,0,0,0,0,0,0,0,0,0,0,0,0,0,0,0,0,0,0,0,0,0,0,0,0,0,0,0,0,0,0,0,0,0,0,0,0,0,0,0,0,0,0,0,0,0,0,0,0,0,0,0,0,0,0,0,0,0,0,0,0,0,0,0,0,0,Eukaryota;Cnidaria;Hydrozoa;Siphonophorae;Diphyidae;Eudoxoides;Eudoxoides spiralis
0,0,0,0,0,0,0,0,0,0,0,0,0,0,0,0,0,0,0,0,0,0,0,0,0,0,0,0,0,0,0,0,0,0,0,0,0,0,0,0,0,0,0,0,0,0,0,0,0,0,0,0,0,0,0,0,0,0,0,0,0,0,0,0,0,0,0,0,0,0,0,0,0,0,0,0,0,0,0,0,0,0,0,0,0,0,0,0,0,0,0,0,0,0,0,0,0,0,0,0,0,0,0,0,0,0,0,0,0,0,0,0,0,0,0,0,0,0,0,0,0,0,0,0,0,1,0,0.10048646787016043,0,0,0,0,0,0,0,0,0,0,0,0,0,0,0,0,0,0,0,0,0,0,0,0,0,0,0,0,0,0,0.34912369385027664,0,0,0,0,0,0,0,0,0,0,0,0,0,0,0,0,0,0,0,0,0,0,0,0,0,0,0,0,0,0,0,0,0,0,0,0,0,0,0,0,0,0,0,0,0,0,0,0,0,0,0,0,Eukaryota;Chordata;Actinopteri;Perciformes;Sebastidae;Sebastes;
0,0,0,0,0,0,0,0,0,1,0,0,0,0,0,0,0,0,0,0,0,0,0,0,0,0,0,0,0,0,0,0,0,0,0,0,0,0,0,0,0,0,0,0,0,0,0,0,0,0,0,0,0,0,0,0,0,0,0,0,0,0,0,0,0,0,0,0,0,0,0,0,0,0,0,0,0,0,0,0,0,0,0,0,0,0,0,0,0,0,0,0,0,0,0,0,0,0,0,0,0,0,0,0,0,0,0,0,0,0,0,0,0,0,0,0,0,0,0,0,0,0,0,0,0,0,0,0,0,0,0,0,0,0,0,0,0,0,0,0,0,0,0,0,0,0,0,0,0,0,0,0,0,0,0,0,0,0,0,0,0,0,0,0,0,0,0,0,0,0,0,0.3544430217669654,0,0,0,0,0,0,0,0,0,0,0,0,0,0,0,0,0,0,0,0,0,0,0,0,0,0,0,0,0,0,0,0,0,0,0,0,0,0,0,Eukaryota;Arthropoda;Hexanauplia;Calanoida;Pontellidae;Pontella;Pontella fera
0,0,0,0,0,0,0,0,0,0,0,0,0,0,0,0,0,0,0,0,0,0,0,0,0,0,0,0,0,0,0,0,0,0,0,0,0,0,0,0,0,0,0,0,0,0,0,0,0,0,0,0,0,0,0,0,0,0,0,0,0,0,0,0,0,0,0,0,0,0,0,0,0,0,0,0,0,0,0,0,0,0,0,0,0,0,0,0,0,0,0,0,0,0,0,0,0,0,0,1,0,0,0,0,0,0,0,0,0,0,0,0,0,0,0,0,0,0,0,0,0,0,0,0,0,0,0,0,0,0,0,0,0,0,0,0,0,0,0,0,0,0,0,0,0,0,0,0,0,0,0,0,0,0,0,0,0,0,0,0,0,0,0,0,0,0,0,0,0,0,0,0,0,0,0,0,0,0,0,0,0,0,0,0,0,0,0,0,0,0,0,0,0,0,0,0,0,0,0,0,0,0,0,0,0,0,0,0,0,0,0,Eukaryota;Porifera;Demospongiae;Tethyida;Hemiasterellidae;Adreus;Adreus fascicularis
0,0,0,0,0,0,0,0,0,0,0,0,0,0,0,0,0,0,0,0,0,0,0,0,0,0,0,0,0,0,0,0,0,0,0,0,0,0,0,0,0,0,0,0,0,0,0,0,0,0,0,0,0,0,0,0,0,0,0,0,0,0,0,0,0,0,0,0,0,0,0,0,0,0,0,0,0,0,0,0,0,0,0,0,0,0,0,0,0,0,0,0,0,0,0,0,0,0,0,0,0,0,0,0,0,0,0,0,0,0,0,0,0,0,0,0,0,0,0,0,0,0,0,0,0,0,0,0,0,0,0,0,0,0,0,0,0,0,0,0,0,0,0,0,0,0,0,0,0,0,0,0,0,0,0,0,0,0.066218158372475,0,0,0,0,0,0,0,0,0,0,0,0,0,0,0,0,0,0,0,0,0,0,0,0,0,0,0,0,0,1,0,0,0,0,0,0,0,0,0,0,0,0,0,0,0,0,0,0,0,0,0,0,0,Eukaryota;Mollusca;Gastropoda;Littorinimorpha;Littorinidae;Echinolittorina;Echinolittorina vidua
0,0,0,0,0.009225077426035537,0,0,0,0,0,0,0,0,0,0,0,0,0,0,0,0,0,0,0,0,0,0,0,0,0,0,0,0,0,0,0,0,0,0,0,0,0,0,0,0,0,0.014216160173919747,0,0,0,0,0,0,0,0,0,0,0,0,0,0,0,0,0.020565204198743674,0,0,0,0,0,0,0,0,0,0,0,0.019170289414036836,0,0,0,0,0,0,0,0,0,0,0,0,0,0,0,0,0,0.015022261177895636,0.01598053337295155,0.021259516177916493,0,0.7611578048970865,0,0.9777557770413834,0.5819129755589754,0.743546942344226,1,0.7747158930698895,0,0.7545551620180729,0.6402091506449367,0,0,0.05575411300484574,0,0,0,0,0,0,0,0,0,0,0,0,0,0,0,0,0,0,0,0,0,0,0,0,0,0,0,0,0,0,0,0,0,0,0,0,0,0,0.0014163878598939044,0,0,0,0,0,0,0,0,0,0,0,0,0,0,0,0,0,0,0,0,0.00343479322890143,0,0,0,0,0,0,0.0021796150382332614,0,0,0,0,0,0,0,0,0,0,0,0,0,0,0.017885530366947025,0,0,0,0,0,0,0,0,0,0.004967929291214512,0,0,0,0,0,0,0,0,0,Eukaryota;Bacillariophyta;Bacillariophyceae;Naviculales;;;
0,0,0,0,0,0,0,0,0,0,0,0,0,0,0,0,0,0,0,1,0,0,0,0,0,0,0,0,0,0,0,0,0,0,0,0,0,0,0,0,0,0,0,0,0,0,0,0,0,0,0,0,0,0,0,0,0,0,0,0,0,0,0,0,0,0,0,0,0,0,0,0,0,0,0,0,0,0,0,0,0,0,0,0,0,0,0,0,0,0,0,0,0,0,0,0,0,0,0,0,0,0,0,0,0,0,0,0,0,0,0,0,0,0,0,0,0,0,0,0,0,0,0,0,0,0,0,0,0,0,0,0,0,0,0,0,0,0,0,0,0,0,0,0,0,0,0,0,0,0,0,0,0,0,0,0,0,0,0,0,0,0,0,0,0,0,0,0,0,0,0,0,0,0,0,0,0,0,0,0,0,0,0,0,0,0,0,0,0,0,0,0,0,0,0,0,0,0,0,0,0,0,0,0,0,0,0,0,0,0,0,Eukaryota;Mollusca;Gastropoda;Neogastropoda;Turridae;Pleurotomoides;Pleurotomoides maculosa
0,0,0,0,0,0,0,0,0,0,0,0,0,0,0,0,0,0,0,0,0,0,0,0,0,0,0,0,0,0,0,0,0,0,0,0,0,0,0,0,0,0,0,0,0,0,0,0,0,0,0,0,0,0,0,0,0,0,0,0,0,0,0,0,0,0,0,0,0,0,0,0,0,0,0,0,0,0,0,1,0,0,0,0,0,0,0,0,0,0,0,0,0,0,0,0,0,0,0,0,0,0,0,0,0,0,0,0,0,0,0,0,0,0,0,0,0,0,0,0,0,0,0,0,0,0,0,0,0,0,0,0,0,0,0,0,0,0,0,0,0,0,0,0,0,0,0,0,0,0,0,0,0,0,0,0,0,0,0,0,0,0,0,0,0,0,0,0,0,0,0,0,0,0,0,0,0,0,0,0,0,0,0,0,0,0,0,0,0,0,0,0,0,0,0,0,0,0,0,0,0,0,0,0,0,0,0,0,0,0,0,Eukaryota;;Oomycetes;Pythiales;Pythiaceae;Pythium;Pythium nodosum
0,0,0,0,0,0,0,0,0,0,0,0,0,0,0,0,0,0,0,0,0,0,0,0,0,0,0,0,0,0,0,0,0,0,0,0,0,0,0,0,0,0,0,0,0,0,0,0,0,0,0,0,0,0,0,0,0,0,0,0,0,0,0,0,0,0,0,0,0,0,0,0,0,0,0,0,0,0,0,0,0,0,0,0,0,0,0,0,0,0,0,0,0,0,0,0,0,0,0,0,0,0,0,0,0,0,0,0,0,0,0,0,0,0,0,0,0,0,0,0,0,0,0,0,0,0,1,0,0,0,0,0,0,0,0,0,0,0,0,0,0,0,0,0,0,0,0,0,0,0,0,0,0,0,0,0,0,0,0,0,0,0,0,0,0,0,0,0,0,0,0,0,0,0,0,0,0,0,0,0,0,0,0,0,0,0,0,0,0,0,0,0,0,0,0,0,0,0,0,0,0,0,0,0,0,0,0,0,0,0,0,Eukaryota;Arthropoda;Insecta;Coleoptera;Carabidae;Notiophilus;Notiophilus rufipes
0,0,0,0,0,0,0,0,0,0,0,0,0,0,0,0,0,0,0,0,0,0,0,0,0,0,0,0,0,0,0,0,0,0,0,0,0,0,0,0,0,0,0,0,0,0,0,0,0,0,0,0,0,0,0,0,0,0,0,0,0,0,0,0,0,0,0,0,0,0,0,0,0,0,0,0,0,0,0,0,0,0,0,0,0,0,0,0,0,0,0,0,0,0,0,0,0,0,0,0,0,0,0,0,0,0,0,0,0,0,0,0,0,0,0,0,0,0,0,0,0,0,0,0,0,0,0,0,0,0,0,0,0,0,0,0,0,0,0,0,0,0,0,0,0,0,0,0,0,0,0,0,0,0,0,0,0,0,0,0,0,0,0,0,0,0,0,0,1,0,0,0,0,0,0,0,0,0,0,0,0,0,0,0,0,0,0,0,0,0,0,0,0,0,0,0,0,0,0,0,0,0,0,0,0,0,0,0,0,0,0,Eukaryota;Mollusca;Gastropoda;NA;Semisulcospiridae;Semisulcospira;Semisulcospira reiniana
0,0,0,0,0,0,0,0,0,0,0,0,0,0,0,0,0,0,0,0,0,0,0,0,0,0,0,0,0,0,0,0,0,0,0,0,0,0,0,0,0,0,0,0,0,0,0,0,0,0,0,0,0,0,0,0,0,0,0,0,0,0,0,0,0,0,0,0,0,0,0,0,0,0,0,0,0,0,0,0,0,0,0,0,0,0,0,0,0,0,0,0,0,0,0,0,0,0,0,0,0,0,0,0,0,0,0,0,0,0,0,0,0,0,0,0,0,0,0,0,0,0,0,0,0,0,0,0,0,0,0,0,0,0,0,0,0,0,0,0,0,0,0,0,0,0,0,0,0,0,0,0,0,0,0,0,0,0,0,0,0,0,0,0,0,0,0,0,1,0,0,0,0,0,0,0,0,0,0,0,0,0,0,0,0,0,0,0,0,0,0,0,0,0,0,0,0,0,0,0,0,0,0,0,0,0,0,0,0,0,0,Eukaryota;Mollusca;Gastropoda;Littorinimorpha;Calyptraeidae;Crepipatella;Crepipatella fecunda
0,0,0,0,0,0,0,0,0,0,0,0,0,0,0,0,0,0,0,0,0,0,0,0,0,0,0,0,0,0,0,0,0,0,0,0,0,0,0,0,0,0,0,0,0,0,0,0,0,0,0,0,0,0,0,0,0,0,0,0,0,0,0,0,0,0,0,0,0,0,0,0,0,0,0,1,0,0,0,0,0,0,0,0,0,0,0,0,0,0,0,0,0,0,0,0,0,0,0,0,0,0,0,0,0,0,0,0,0,0,0,0,0,0,0,0,0,0,0,0,0,0,0,0,0,0,0,0,0,0,0,0,0,0,0,0,0,0,0,0,0,0,0,0,0,0,0,0,0,0,0,0,0,0,0,0,0,0,0,0,0,0,0,0,0,0,0,0,0,0,0,0,0,0,0,0,0,0,0,0,0,0,0,0,0,0,0,0,0,0,0,0,0,0,0,0,0,0,0,0,0,0,0,0,0,0,0,0,0,0,0,Eukaryota;Chordata;Thaliacea;Salpida;Salpidae;Salpa;Salpa fusiformis
0,0,0,0,0,0,0,0,0,0,0,0,0,0,0,0,0,0,0,0,0,0,0,0,0,0,0,0,0,0,0,0,0,0,0,0,0,0,0,0,0,0,0,0,0,0,0,0,0,0,0,0,0,0,0,0,0,0,0,0,0,0,0,0,0,0,0,0,0,0,0,0,0,0,0,0,0,0,0,0,0,0,0,0,0,0,0,0.8844236064597751,0,0,0,0,0,0,0,0,0,0,0,0,0,0,0,1,0,0,0,0,0,0,0,0,0,0,0,0,0,0,0,0,0,0,0,0,0,0,0,0,0,0,0,0,0,0,0,0,0,0,0,0,0,0,0,0,0,0,0,0,0,0,0,0,0,0,0,0,0,0,0,0,0,0,0,0,0,0,0,0,0,0,0,0,0,0,0,0,0,0,0,0,0,0,0.3597034655963945,0,0,0,0,0,0,0,0,0,0,0,0,0,0,0,0,0,0,0,0,0,0,0,0,0,0,0,0,Eukaryota;Arthropoda;Insecta;Coleoptera;Nitidulidae;Brassicogethes;Brassicogethes aeneus
0,0,0,0,0,0,0.956659517941167,0,0,0,0,0,0,0,0,0,0,0,0,0,0,0,0,0,0,0,0,0,0,0,0,0,0,0,0,0,0,0,0,0,0,0,0,0,0,0,0,0,0,0,0,0,0,0,0,0,0,0,0,0,0,0,0,0,0,0,0,0,0,0,0,0,0,0,0,0,0,0,0,0,0,0,0,0,0,0,0,0,0,0,0,0,0,0,0,0,0,0,0,0,0,0,0,0,0,0,0,0,0,0,0,0,0,0,0,0,0,0,0,0,0.8277732078115956,0,0,0,0,0,0,0,0,0,0,0,0,0,0,0,0,0,0,0,0,0,0,0,0,0,0,0,0,0,0,1,0,0,0,0,0,0,0,0,0,0,0,0,0,0,0,0,0,0,0,0.6560160965794768,0,0,0,0,0,0,0,0,0,0.9265562996031745,0,0,0,0,0,0,0,0,0,0,0,0,0,0,0,0,0,0,0,0,0,0,0,0,0,0,0,0,0,Eukaryota;Echinodermata;Ophiuroidea;Ophiurida;Amphiuridae;Amphiodia;Amphiodia urtica
0,0,0,0,0.32623781189319756,0,0,0,0,0,0,0,0,0,0,0,0,0,0,0,0,0,0,0,0,0,0,0,0,0,0,0,0,0,0,0,0,0,0,0,0,0,0,0,0,0,0,0,0,0,0,0,0,0,0,0,0,0,0,0,0,0,0.8708041334525259,1,0,0,0,0,0,0,0,0,0,0,0,0,0,0,0,0,0,0,0,0,0,0,0,0,0,0,0,0,0,0,0,0,0,0,0,0,0,0,0,0,0,0,0,0,0,0,0,0,0,0,0,0,0,0,0,0,0,0,0,0,0,0,0,0,0,0,0,0,0,0,0,0,0,0,0,0,0,0,0,0,0,0,0,0,0,0,0,0,0,0,0,0,0,0,0,0,0,0,0,0,0,0,0,0,0,0,0,0,0,0,0,0,0,0,0,0,0,0,0,0,0,0,0,0,0,0,0,0,0,0,0,0,0,0,0,0,0,0,0,0,0,0,0,0,0,0,0,Eukaryota;Cnidaria;Hydrozoa;Anthoathecata;Corynidae;Stauridiosarsia;Stauridiosarsia cliffordi
0,0,0,0,0,0,0,0,0,0,0,0,0,0,0,0,0,0,0,0,0,0,0,0,0,0,0,0,0,0,0,0,0,0,0,0,0,0,0,0,0,0,0,0,0,0,0,0,0,0,0,0,0,0,0,0,0,0,0,0,0,0,1,0,0,0,0,0,0,0,0,0,0,0,0,0,0,0,0,0,0,0,0,0,0,0,0,0,0,0,0,0,0,0,0,0,0,0,0,0,0,0,0,0,0,0,0,0,0,0,0,0,0,0,0,0,0,0,0,0,0,0,0,0,0,0,0,0,0,0,0,0,0,0,0,0,0,0,0,0,0,0,0,0,0,0,0,0,0,0,0,0,0,0,0,0,0,0,0,0,0,0,0,0,0,0,0,0,0,0,0,0,0,0,0,0,0,0,0,0,0,0,0,0,0,0,0,0,0,0,0,0,0,0,0,0,0,0,0,0,0,0,0,0,0,0,0,0,0,0,0,Eukaryota;Arthropoda;Malacostraca;Decapoda;Hippolytidae;Eualus;Eualus gaimardii
0,0.003912801650074326,0,0.006599043017317986,0.033013353669011695,0.01268956231559146,0.002870576319475944,0,0,0,0,0,0,0,0,0,0,0,0,0,0,0,0.006059109966809089,0,0,0,0,0,0,0,0,0,0,0,0.006277135325445446,0,0,0.0033068458298025757,0,0,0.004752348881156294,0,0,0,0,0,0.013566588895680697,0,0,0,0,0,0.005012800806221751,0,0,0.015924803744327507,0,0,0,0.00923986593457626,0,0,0.7033303218852742,0.4579290217488886,0.015986695000886005,0,0,0,0.13784737763690627,0.10680523905806541,0,0,0.013247672115491318,0,0,0,0,0,0,0,0,0,0,0,0,0.013455072796400961,0,0,0,0,0,0,0.0066207324467820496,0.007645790487849153,0.010418112599104338,0,0,0.02300199011212973,0.011328912935415358,0.0078016698484620435,0.02387305307603847,0.048204650552686294,0.023974800520008856,0.024255814335322753,0.031541617278728985,0.014190720108353054,0.015585623009514767,0,0,0.015835288877955527,0,0,0,0,0,0,0.0013943429212390536,0,0,0,0,0,0.04283372901178715,0,0,0,0.0024307486151959735,0.0012639303738558724,0,0,0,0.029386150578380163,0,0,0,2.489242060703196e-4,0,0,0,0,0,0,0,0.15841790454147212,0.13338927294716402,0.1151230893693727,0.10421108834771883,0.09579849672883865,0.10201887365684882,0,0,0,0,0,0,0.016234553728593042,0.008073722027868123,0,0,0,0,0,0,0,0,0.026843236724028087,0,0.039314797812462575,0.03417699477344539,0.025722010213954524,0,0,0,0,0,0,0,0,0,0,0,0,0.005344001542332958,0.00393219230147858,0,0.014918744251862183,0.003084775737117126,0.006533308346614438,0,0,0.003982813092379629,0,0,0,0,0,0,0,0,1,0.8483641785245625,0.674101325470891,0.5704179091502348,0.5881161700377143,0.0957766123008466,0.03641666320017378,0.007942721046936264,0,0,0,0,Eukaryota;Bacillariophyta;Coscinodiscophyceae;Thalassiosirales;Skeletonemataceae;Skeletonema;
0,0.6845335052712547,0,0,0,0,0,0,0,0,0,0,0,0,0,0,0,0,0,0,0,0,0,0,0,0,0,0,0,0,0,0,0,0,0,0,0,0,0,0,0,0,0,0,0,0,0,0,0,0,0,0,0,0,0,0,0,0,0,0,0,0,0,0,0,0,0,0,0,0,0,0,0,0,0,0,0,0,0,0,0,0,0,0,0,0,0,0,0,0,0,0,0,0,0,0,0,0,0,0,0,0,0,0,0,0,0,0,0,0,0,0,0,0,0,0,0,0,0,1,0,0,0,0,0,0,0,0,0,0,0,0,0,0,0,0,0,0,0,0,0,0,0,0,0,0,0,0,0,0,0,0,0,0,0,0,0,0,0,0,0,0,0,0,0,0,0,0,0,0,0,0,0,0,0,0,0,0,0,0,0,0,0,0,0,0,0,0,0,0,0,0,0,0,0,0,0,0,0,0,0,0,0,0,0,0,0,0,0,0,0,Eukaryota;Ascomycota;Eurotiomycetes;Eurotiales;Aspergillaceae;Penicillium;Penicillium sp. ShG4C
0,0,0,0,1,0,0,0,0,0,0,0,0,0,0,0,0,0,0,0,0,0,0,0,0,0,0,0,0,0,0,0,0,0,0,0,0,0,0,0,0,0,0,0,0,0,0,0,0,0,0,0,0,0,0,0,0,0,0,0,0,0,0,0,0,0,0,0,0,0,0,0,0,0,0,0,0,0,0,0,0,0,0,0,0,0,0,0,0,0,0,0,0,0,0,0,0,0,0,0,0,0,0,0,0,0,0,0,0,0,0,0,0,0,0,0,0,0,0,0,0,0,0,0,0,0,0,0,0,0,0,0,0,0,0,0,0,0,0,0,0,0,0,0,0,0,0,0,0,0,0,0,0,0,0,0,0,0,0,0,0,0,0,0,0,0,0,0,0,0,0,0,0,0,0,0,0,0,0,0,0,0,0,0,0,0,0,0,0,0,0,0,0,0,0,0,0,0,0,0,0,0,0,0,0,0,0,0,0,0,0,Eukaryota;Annelida;Clitellata;Haplotaxida;Hormogastridae;Hormogaster;Hormogaster praetiosa
0,0,0,0,0,0,0,0,0,0,0,0,0,0,0,0,0,0,0,0,0,0,0,0,0,0,0,0,0,0,0,0,0,0,0,0,0,0,0,0,0,0,0,0,0,0,0,0.8411317303954048,1,0,0,0,0,0,0,0,0,0,0,0,0,0,0,0,0,0,0,0,0,0,0,0,0,0,0,0,0,0,0,0,0,0,0,0,0,0,0,0,0,0,0,0,0,0,0,0,0,0,0,0,0,0,0,0,0,0,0,0,0,0,0,0,0,0,0,0,0,0,0,0.054393384457582884,0,0,0,0,0,0,0,0,0,0,0,0,0,0,0,0,0,0,0,0,0,0,0,0,0,0,0,0,0,0,0,0,0,0,0,0,0,0,0,0,0,0,0,0,0,0,0,0,0,0,0,0,0,0,0,0,0,0,0,0,0,0,0,0,0,0,0,0,0,0,0,0,0,0,0,0,0,0,0,0,0,0,0,0,0,0,0,0,0,0,0,Eukaryota;Echinodermata;Asteroidea;Forcipulatida;Asteriidae;Pisaster;Pisaster brevispinus
0,0,0,0,0,0,0,0,0,0,0,0,0,0,0,0,0,0,0,0,0,0,0,0,0,0,0,0,0,0,0,0,0,0,0,0,0,0,0,0,0,0,0,0,0,0,0.15981880221202496,0,0,1,0.7374756475360097,0,0,0,0,0,0,0,0,0,0,0,0,0,0,0,0,0,0,0,0,0,0,0,0,0,0,0,0,0,0,0,0,0,0,0,0,0,0,0,0,0,0,0,0,0,0,0,0,0,0,0,0,0,0,0,0,0,0,0,0,0,0,0,0,0,0,0,0,0,0,0,0,0,0,0,0,0,0,0,0,0,0,0,0,0,0,0,0,0,0,0,0,0,0,0,0,0,0,0,0,0,0,0,0,0,0,0,0,0,0,0,0,0,0,0,0,0,0,0,0,0,0,0,0,0,0,0,0,0,0,0,0,0,0,0,0,0,0,0,0,0,0,0,0,0,0,0,0,0,0,0,0,0,0,0,0,0,0,0,0,Eukaryota;Mollusca;Gastropoda;Pteropoda;Limacinidae;Heliconoides;Heliconoides inflatus
0,0,0,0,0,0,0,0,0,0,0,0,0,0,0,0,0,0,0,0,0,0,0,0,0,0,0,0,0,0,0,0,0,0,0,0,0,0,0,0,0,0,0,0,0,0,0,0,0,0,0,0,0,0,0,0,0,0,0,0,0,0,0,0,0,0,0,0,1,0,0,0,0,0,0,0,0,0,0,0,0,0,0,0,0,0,0,0,0,0,0,0,0,0,0,0,0,0,0,0,0,0,0,0,0,0,0,0,0,0,0,0,0,0,0,0,0,0,0,0,0,0,0,0,0,0,0,0,0,0,0,0,0,0,0,0,0,0,0,0,0,0,0,0,0,0,0,0,0,0,0,0,0,0,0,0,0,0,0,0,0,0,0,0,0,0,0,0,0,0,0,0,0,0,0,0,0,0,0,0,0,0,0,0,0,0,0,0,0,0,0,0,0,0,0,0,0,0,0,0,0,0,0,0,0,0,0.5577971862567963,0,0,0,0,Eukaryota;Nemertea;Palaeonemertea;;Carinomidae;Carinoma;Carinoma sp. SA-2011
0,0,0,0,0,0,0,0,0,0,0,0,0,0,0,0,0,0,0,0,0,0,0,0,0,0,0,0,0,0,0,0,0,0,0,0,0,0,0,0,0,0,0,0,0,0,0,0,0,0,0,0,0,0,0,0,0,0,0,0,0,0,0,0,0,0,0,0,0,0,0,0,0,0,0,0,0,0,0,0,0,0,0,0,0,0,0,0,0,0,0,0,0,0,0,0,0,0,0,0,0,0,0.22360447121136334,1,0,0,0,0,0,0,0,0,0,0,0,0,0,0,0,0,0,0,0,0,0,0,0,0,0,0,0,0,0,0,0,0,0,0,0,0,0,0,0,0,0,0,0,0,0,0,0,0,0,0,0,0,0,0,0,0,0,0,0,0,0,0,0,0,0,0,0,0,0,0,0,0,0,0,0,0,0,0,0,0,0,0,0,0,0,0,0,0,0,0,0,0,0,0,0,0,0,0,0,0,0,0,0,0,0,0,0,Eukaryota;;Phaeophyceae;Dictyotales;Dictyotaceae;Padina;Padina durvillei
0,0,0,0,0,0,0,0,0,0,0,0,0,0,0,0,0,0,0,0,0,0,0,0,0,0,0,0,0,0,0,0,0,0,0,0,0,0,0,0,0,0,0,0,0,0,0,0,0,0,0,0,0,0,0,0,0,0,0,0,0,0,0,0,0,0,0,0,0,0,0,0,0,0,0,0,0,0,0,0,0,0,0,0,0,0,0,0,0,0,0,0,0,0,0,0,0,0,0,0,0,0,0,0,0,0,0,0,0,0,0,0,0,0,0,0,0,0,0,1,0,0,0,0,0,0,0,0,0,0,0,0,0,0,0,0,0,0,0,0,0,0,0,0,0,0,0,0,0,0,0,0,0,0,0,0,0.4222761659120268,0,0,0,0,0,0,0,0,0,0,0,0,0,0,0,0,0,0,0,0,0,0,0,0,0,0,0,0,0,0,0,0,0,0,0,0,0,0,0,0,0,0,0,0,0,0,0,0,0,0,0,0,0,0,Eukaryota;Arthropoda;Malacostraca;Decapoda;Hippolytidae;Spirontocaris;Spirontocaris phippsi
0,0,1,0,0,0,0,0,0,0,0,0,0,0,0,0,0,0,0,0,0,0,0,0,0,0,0,0,0,0,0,0,0,0,0,0,0,0,0,0,0,0,0,0,0,0,0,0,0,0,0,0,0,0,0,0,0,0,0,0,0,0,0,0,0,0,0,0,0,0,0,0,0,0,0,0,0,0,0,0,0,0,0,0,0,0,0,0,0,0,0,0,0,0,0,0,0,0,0,0,0,0,0,0,0,0,0,0,0,0,0,0,0,0,0,0,0,0,0,0,0,0,0,0,0,0,0,0,0,0,0,0,0,0,0,0,0,0,0,0,0,0,0,0,0,0,0,0,0,0,0,0,0,0,0,0,0,0,0,0,0,0,0,0,0,0,0,0,0,0,0,0,0,0,0,0,0,0,0,0,0,0,0,0,0,0,0,0,0,0,0,0,0,0,0,0,0,0,0,0,0,0,0,0,0,0,0,0,0,0,0,Eukaryota;Arthropoda;Insecta;Orthoptera;Gryllidae;Cardiodactylus;Cardiodactylus contrarius
0,0,0,0,0,0,0,0,0,0,0,0,0,0,0,0,0,0,0,0,0,0,0,0,0,0,0,0,0,0,0,0,0,0,0,0,0,0,0,0,0,0,0,0,0,0,0,0,0,0,0,0,0,0,0,0,0,0,0,0,0,0,0,0,0,0,0,0,0,0,0,0,0,0,0,0,0,0,0,0,0,0,0,0,0,0,0,0,0,0,0,0,0,0,1,0,0,0,0,0,0,0,0,0,0,0,0,0,0,0,0,0,0,0,0,0,0,0,0,0,0,0,0,0,0,0,0,0,0,0,0,0,0,0,0,0,0,0,0,0,0,0,0,0,0,0,0,0,0,0,0,0,0,0,0,0,0,0,0,0,0,0,0,0,0,0,0,0,0,0,0,0,0,0,0,0,0,0,0,0,0,0,0,0,0,0,0,0,0,0,0,0,0,0,0,0,0,0,0,0,0,0,0,0,0,0,0,0,0,0,0,Eukaryota;Cnidaria;Hydrozoa;Leptothecata;Aequoreidae;Aequorea;Aequorea sp. FRPRVSM
0,0,0,0,0,0,0,0,0,0,0,0,0,0,0,0,0,0,0,0,0,0,0,0,0,0,0,0,0,0,0,0,0,0,0,0,0,0,0,0,0,0,0,0,0,0,0,0,0,0,0,0,0,0,0,0,0,0,0,0,0,0,0,0,0,0,0,0,0,0,0,0,0,0,0,0,0,0,0,0,0,0,0,0,0,0,0,0,0,0,0,0,0,0,1,0,0,0,0,0,0,0,0,0,0,0,0,0,0,0,0,0,0,0,0,0,0,0,0,0,0,0,0,0,0,0,0,0,0,0,0,0,0,0,0,0,0,0,0,0,0,0,0,0,0,0,0,0,0,0,0,0,0,0,0,0,0,0,0,0,0,0,0,0,0,0,0,0,0,0,0,0,0,0,0,0,0,0,0,0,0,0,0,0,0,0,0,0,0,0,0,0,0,0,0,0,0,0,0,0,0,0,0,0,0,0,0,0,0,0,0,Eukaryota;Cnidaria;Hydrozoa;Leptothecata;Campanulariidae;Hartlaubella;Hartlaubella gelatinosa
0,0,0,0,0,0,7.442303789854264e-4,3.6262502526441745e-4,5.097139803283957e-4,3.9995908067961823e-4,0,0,0,0,0,0,0,0,0,0,0,0,0.006545395426228004,0.011009757331595526,0.008355074482493785,0,0,0,0,0,0,0,0,0,0,0,0,0,0,0,0,8.862533169891557e-4,0,0,0,0,0.0067414846604725584,0.006047424532065928,0.001982103052944228,0,0,0,0,0,0,0,0,0,0,0,0,0,0.001692311703985305,0.004416794564759205,0,0,0,0,9.100091157952143e-4,0.003400588145715162,0,0,0.015010532860219182,0.013731621701203406,0,0,0,0,0,2.8458943222735945e-4,0,0,0,0,0,0,0,0,0,0,0,0,0,0.001135669978749423,8.300998353306605e-4,0,0.0013143896428263406,0.7960794930061104,0.009650644791874056,0.9576237058160355,0.8139811569702584,0.8363405748568499,1,0.6774921272082284,0.014932884566399298,0.7710946613246178,0.5945895386478196,0.005716152256880931,0.0013491691194835378,0.0013684944219535737,0,0,0,0,0,0,0,0,0,6.860845943212809e-5,0,0,0,0,0,0,0,5.957976102466704e-5,0,0,0,0,0,0,0,0,0,0,0,0,0,0,0,0,0,0,0,3.0325857381394158e-5,0,0,0,0,0,0,0,0,2.87302862214788e-4,2.1934043884013111e-4,0,0,2.255794965745032e-4,0,0,0,0,0,0,0,8.204429968454631e-4,8.065426923817578e-4,0.010960961559621021,0.0079387114877964,0,0,0,6.337168605903035e-4,3.744932172265695e-4,1.9268477673813422e-4,0,0,0,6.006763927611324e-4,9.330882712343841e-4,4.5309631099633643e-4,0,1.2892861285054909e-4,0,0,0,0,0,0,0,0,0,0,0,0,0,0,0,0,0,0,0,0,0,0,0,0,0,Eukaryota;Bacillariophyta;Mediophyceae;Lithodesmiales;Lithodesmiaceae;Ditylum;Ditylum brightwellii
0.005198735939157835,0.005937823620988814,0,0.2530535539741499,0.19654225218215693,0.19616631987556526,0,0,0,0,0,0,0,0,0,0,0,0,0,0,0,0,0,0,0,0,0.0045584813327361196,0,0,0,0.007764003162085938,0,0.017958837201829458,0,0,0.015849505697379696,0.01691841515446042,0,0.003642475612089246,0,0,0,0.016471285772421778,0.021134213150516355,0,0,0.01068982376774882,0.0064489228610679706,0,0.003715952628780143,0.0024180216804024473,0.020919990673499405,0.08514115717170816,0.09877168695090525,0,0.012226241191484907,0,0,0,0,0,0,0.041146408157514185,0.11651678952371639,0.21181204766560546,0,0.006631502236306292,0.007135112320712565,0,0,0.030119851778441856,0.026450897252248,0,0,0.09694209788710595,0,0.01724313270983346,0.022778872141131175,0.02278873141750805,0.6791420870850826,1,0,0.05307216927685651,0.08350190289390567,0.0576285964550649,0,0,0,0,0,0,0,0.011129217696206535,5.647985202059025e-4,0,0,0.010272122221705588,0,0,0,0,0,0,0,0,0,0,0,0,0,0,0,0.003035104302869554,0,0,0.002914850683583384,0.0021973511859858996,0.013355502958714212,0.044146167250776115,0.026551029213820288,0.04990719115129714,0,0,0,0,0.01415850538389166,0.011491882529919045,0.013520324193172988,0,0,0.007810055378077267,0,0,0,0,0,0,0,0,0,0,0,0,0,0,0,0.015846437483914934,0.023548626282546104,0.02476666377802869,0,0,0,0,0,0,0,0,0,0,0,0,0,0,0,0,0,0,0.003442020223453402,0.00541446492928572,0.0025110443260512763,0,0,0,0,0,0,0,0,0,0,0,0.0963909080076263,0.1087364936274643,0.12236140518907941,0,4.702103030166912e-4,0,0.12011847824064895,0.09156939768058643,0.15718940558704253,0.19131801814706334,0.24176182293623547,0.10725534278650731,0.005284106423442283,0.005031278364904374,0,0,0,0,0,0,0,0,0,0.19396444193218126,0.22381780531121168,0.0029802307812095206,0,0,0,0,Eukaryota;Arthropoda;Hexanauplia;Poecilostomatoida;Corycaeidae;Corycaeus;Corycaeus affinis
0,0,0,0,0,0,0,0,0.3800598830983706,0,0,0,0,0,0,0,0,0,0,0,0,0,0,0,0,0,0,0,0,0,0,0,0,0,0,0,0,0,0,0,0,0,0,0,0,0,0,0,0,0,0,0,0,0,0,0,0,0,0,0,0,0,0,0,0,0,0,0,0,0,0,0,0,0,0,0,0,0,0,0,0,0,0,0,0,0,0,0.829411326933095,1,0,0,0,0,0,0,0,0,0,0,0,0,0,0,0,0,0,0,0,0,0,0,0,0,0,0,0,0,0,0,0,0,0,0,0,0,0,0,0,0,0,0,0,0,0,0,0,0,0,0,0,0,0,0,0,0,0,0,0,0.06221355850077426,0,0,0,0,0,0,0,0,0,0,0,0,0,0,0,0,0,0,0,0,0,0,0,0,0,0,0,0,0,0,0,0,0,0,0,0,0,0,0,0,0,0,0,0,0,0,0,0,0,0,0,0,0,0,0,0,0,0,0,0,0,0,Eukaryota;;Dinophyceae;Thoracosphaerales;Thoracosphaeraceae;;
0,0,0,0,0,0,0,0,0,0,0,0,0,0,0,0,0,0,0,0,0,0,0,0,0,0,0,0,0,0,0,0,0,0,0,0,0,0,0,0,0,0,0,0,0,0,0,0,0,0,0,0,0,0,0,0,0,0,0,0,0,0,0,0,0,0,0,0,0,0,0,0,0,0,0,0,0,0,0,0,0,0,0,0,0,0,0,0,0,0,0,0,0,0,0,0,0,0,0,0,0,0,0,0,0,0,0,0,0,0,0,0,0,0,0,0,0,0,0,0,0,0,0,0,0,0,0,0,0,0,0,0,0,0,0,0,0,0,0,0,0,0,0,0,0,0,0,0,0.046454660681808715,0,0,0,0,0,0,0,0,0,0,0,0,0,0,0,0,0,0,0,0,0,0,0,0,0,0,0,0,0,0,0,0,0,0,0,0,0,0,0,0,0,0,0,0,0,0,0,0,0,0,0,0,0,0,1,0,0,0,0,0,0,0,Eukaryota;Bacillariophyta;Bacillariophyceae;Naviculales;Pinnulariaceae;Pinnularia;Pinnularia acidicola
0,0,0,0,0,0,0,0,0,0,0,0,0,0,0,0,0,0,0,0,0,0,0,0,0,0,0,0,0,0,0,0,0,0,0,0,0,0,0,0,0,0,0,0,0,0,0,0,0,0,0,0,0,0,0,0,0,0,0,0,0,0,0,0,0,0,0,0,0,0,0,0,0,0,0,0,0,0,0,0,0,0,0,0,0,0,0,0,0,0,0,0,0,0,0,0,0,0,0,0,0,0,0,0,0,0,0,0,0,0,0,0,0,0,0,0,0,0,0,0,0,0,0,0,0,0,0,0,0,0,0,0,0,0,0,0,0,0,0,0,0,0,0,0,0,0,0,0,0,0,0,0,0,0,0,0,0,0,0,0,0,0,0,0,0,0,0,0,0,1,0,0,0,0,0,0,0,0,0,0,0,0,0,0,0,0,0,0,0,0,0,0,0,0,0,0,0,0,0,0,0,0,0,0,0,0,0,0,0,0,0,Eukaryota;Arthropoda;Hexanauplia;Calanoida;Calanidae;Calanus;Calanus sinicus
0,0,0.17828668201625028,0,0,0,0,0,0,0,0,0,0,0,0,0,0,0,0,0,0,0,0,0,0,0,0,0,0,0,0,0,0,0,0,0,0,0,0.24965776808166937,0,0,1,0,0,0,0,0,0,0,0,0,0,0,0,0.6987845664409822,0,0,0,0,0,0,0,0,0,0,0,0.12174848997394679,0,0,0,0,0,0,0,0,0,0,0,0,0,0,0,0,0,0,0,0,0.19309598639806275,0,0,0,0,0,0,0,0,0,0,0,0,0,0,0,0,0,0,0,0,0,0,0,0,0,0,0,0,0,0,0,0,0,0,0,0,0.23980394917011125,0,0,0,0,0,0,0,0,0,0,0,0,0,0,0,0,0,0,0,0,0,0,0,0,0,0,0,0,0,0,0,0,0,0.019963044025974652,0,0,0,0,0,0,0,0,0,0,0,0,0,0,0,0,0,0,0,0,0,0,0,0.024541865103167772,0,0,0,0,0,0,0,0,0,0,0,0,0,0,0,0,0,0,0,0.1531135012351597,0,0,0.3277911400708445,0,0,0,0,0,Eukaryota;Arthropoda;Hexanauplia;Cyclopoida;Cyclopidae;Cyclops;Cyclops abyssorum
0,0,0,0,0,0,0,0,0,0,0,0,0,0,0,0,0,0,0,0,0,0,0,0,0,0,0,0,0,0,0,0,0,0,0,0,0,0,0,0,0,0,0,0,0,0,0,0,0,0,0,0,0,0,0,0,0,0,0,0,0,0,0,0,0,0,0,0,0,0,0,0,1,0,0,0,0,0,0,0,0,0,0,0,0,0,0,0,0,0,0,0,0,0,0,0,0,0,0,0,0,0,0,0,0,0,0,0,0,0,0,0,0,0,0,0,0,0,0,0,0,0,0,0,0,0,0,0,0,0,0,0,0,0,0,0,0,0,0,0,0,0,0,0,0,0,0,0,0,0,0,0,0,0,0,0,0,0,0,0,0,0,0,0,0,0,0,0,0,0,0,0,0,0,0,0,0,0,0,0,0,0,0,0,0,0,0,0,0,0,0,0,0,0,0,0,0,0,0,0,0,0,0,0,0,0,0,0,0,0,0,Eukaryota;Arthropoda;Hexanauplia;Sessilia;Balanidae;;
0,0,0,0,0,0,0,0,0,0,0,0,0,0,0,0,0,0,0,0,0,0,0,0,0,0,0,0,0,0,0,0,0,0,0,0,0,0,0,0,0,0,0,0,0,0,0,0,0,0,0,0,0,0,0,0,0,0,0,0,0,0,0,0,0,0,0,0,0,0,0,0,0,0,0,0,0,0,0,0,0,0,0,0,0,0,0,0,0,0,0,0,0,0,0,0,0,0,0,1,0,0,0,0,0,0,0,0,0,0,0,0,0,0,0,0,0,0,0,0,0,0,0,0,0,0,0,0,0,0,0,0,0,0,0,0,0,0,0,0,0,0,0,0,0,0,0,0,0,0,0,0,0,0,0,0,0,0,0,0,0,0,0,0,0,0,0,0,0,0,0,0,0,0,0,0,0,0,0,0,0,0,0,0,0,0,0,0,0,0,0,0,0,0,0,0,0,0,0,0,0,0,0,0,0,0,0,0,0,0,0,Eukaryota;Arthropoda;Collembola;Poduromorpha;Onychiuridae;Protaphorura;Protaphorura sp. GHLYST_9
0,0,0,0,0,0,0,0,0,0,0,0,0,0,0,0,0,0,0,0,0,0,0,0,0,0,0,0,0,0,0,0,0,0,0,0,0,0,0,0,0,0,0,0,0,0,0,0,0,0,0,0,0,0,0,0,0,0,0,0,0,0,0,0,0,0,0,0,0,0,0,0,0,0,1,0,0,0,0,0,0,0,0,0,0,0,0,0,0,0,0,0,0,0,0,0,0,0,0,0,0,0,0,0,0,0,0,0,0,0,0,0,0,0,0,0,0,0,0,0,0,0,0,0,0,0,0,0,0,0,0,0,0,0,0,0,0,0,0,0,0,0,0,0,0,0,0,0,0,0,0,0,0,0,0,0,0.13587983214460475,0.14853254761836152,0,0,0,0,0,0,0,0,0,0,0,0,0,0,0,0,0,0,0,0,0,0,0,0,0,0,0,0,0,0,0,0,0,0,0,0,0,0,0,0,0,0,0,0,0,0,0,0,0,0,0,0,0,Eukaryota;Mollusca;Gastropoda;Littorinimorpha;Rissoidae;Merelina;Merelina tokunagai
0,0,0,0,0,0,0,0,0,0,0,0,0,0,0,0,0,0,0,0,0,0,0,0,0,0,0,0,0,0,1,0,0,0,0,0,0,0,0,0,0,0,0,0,0,0,0,0,0,0,0,0,0,0,0,0,0,0,0,0,0,0,0,0,0,0,0,0,0,0,0,0,0,0,0,0,0,0,0,0,0,0,0,0,0,0,0,0,0,0,0,0,0,0,0,0,0,0,0,0,0,0,0,0,0,0,0,0,0,0,0,0,0,0,0,0,0,0,0,0.5514587171881584,0,0,0,0,0,0,0,0,0,0,0,0,0,0,0,0,0,0,0,0,0,0,0,0,0,0,0,0,0,0,0,0,0,0,0,0,0,0,0,0,0,0,0,0,0,0,0,0,0,0,0,0,0,0,0,0,0,0,0,0,0,0,0,0,0,0,0,0,0,0,0,0,0,0,0,0,0,0,0,0,0,0,0,0,0,0,0,0,0,0,0,Eukaryota;Arthropoda;Insecta;Lepidoptera;Hesperiidae;Pyrgus;
0,0,0,0,0,0,0,0,0,0,0,0,0,0,0,0,0,0,0,0,0,0,0,0,0,0,0,0,0,0,0,0,1,0,0,0,0,0,0,0,0,0,0,0,0,0,0,0,0,0,0,0,0,0,0,0,0,0,0,0,0,0,0,0,0,0,0,0,0,0,0,0,0,0,0,0,0,0,0,0,0,0,0,0,0,0,0,0,0,0,0,0,0,0,0,0,0,0,0,0,0,0,0,0,0,0,0,0,0,0,0,0,0,0,0,0,0,0,0,0,0,0,0,0,0,0,0,0,0,0,0,0,0,0,0,0,0,0,0,0,0,0,0,0,0,0,0,0,0,0,0,0,0,0,0,0,0,0,0,0,0,0,0,0,0,0,0,0,0,0,0,0,0,0,0,0,0,0,0,0,0,0,0,0,0,0,0,0,0,0,0,0,0,0,0,0,0,0,0,0,0,0,0,0,0,0,0,0,0,0,0,Eukaryota;Arthropoda;Insecta;Diptera;Chironomidae;NA;Chironomidae sp. BOLD:ACB2548
0,0,0,0,0,0,0,0,0,0,0,0,0,0,0,0,0,0,0,0,0,0,0,0,0,0,0,0,0,0,0,0,0,0,0,0,0,0,0,0,0,0,0,0,0,0,0,0,0,0,0,0,0,0,0,0,0,0,0,0,0,0,0,0,0,0,0,0,0,0,0,0,0,0,0,0,0,0,0,1,0.3444246132925378,0,0,0,0,0,0,0,0,0,0,0,0,0,0,0,0,0,0,0,0,0,0,0,0,0,0,0,0,0,0,0,0,0,0,0,0,0,0,0.15067420743445895,0,0,0,0,0,0,0,0,0,0,0,0,0,0,0,0,0,0.3320813985249932,0,0,0,0,0,0,0,0,0,0,0,0,0,0,0,0,0,0,0,0,0,0,0.5573312483445733,0,0,0,0,0,0,0,0,0,0,0,0,0,0,0,0,0,0,0,0,0,0,0,0,0,0,0,0,0,0,0,0,0,0,0,0,0,0,0,0,0,0,0,0,0,0,0,0,0,0,Eukaryota;Platyhelminthes;Rhabditophora;Polycladida;Notoplanidae;Notocomplana;Notocomplana humilis
0,0,0,0,0,0.025019221415009965,0,0,0,0,0,0,0,0,0,0,0,0,0,0,0,0,0,0,0,0,0,0,0,0,0,0,0,0,1,0.7552474436466788,0.7562350713542878,0,0,0,0,0,0,0.03635683363165166,0,0,0,0,0,0,0.006050446953289752,0,0,0,0,0,0,0,0.13351278907622632,0.08501579074149361,0,0,0,0,0,0,0,0,0.026423552152573138,0,0,0,0,0,0.055129874592068744,0,0,0,0,0,0,0,0,0,0,0,0,0,0,0,0,0,0,0,0,0,0,0,0,0,0,0,0,0,0,0,0,0,0,0,0,0,0,0.010555245406421632,0,0,0,0,0,0,0,0,0,0,0,0,0,0,0,0,0,0,0,0,0,0.004662489681458868,0.009369421797325467,0.048297143289854794,0.05299143848018528,0.018608363357454204,0,0,0,0.055281900421504986,0.03704159716769424,0.023892741146986436,0,0.0032863726264160007,0.0031726226048514957,0.16281385044581803,0.18268615675453756,0.21762963929812193,0,0,0,0.06858998716671087,0,4.5492115128004167e-4,0,0,0,0,0,0,0,0,0,0,0,0,0,0,0,0,0,0,0,0,0.05454888338572552,0.08436971958218253,0,0.35082508250825084,0.22040503320951896,0.17905412895117948,0,0,0,0,0,0,0.02443051351767301,0.03605624955834204,0.01632025711185867,0,0,0,0,0,0,0,0,0,0,0,0,0,0.28635738480852013,0.19523888294650263,0.08151000109906868,0,0,Eukaryota;Cnidaria;Hydrozoa;Leptothecata;Campanulariidae;Clytia;Clytia sp. 701AC
0,0,0,0,0,0,0,0,0,0,0,0,0,0,0,0,0,0,0,0,0,0,0,0,0,0,0,0,0,0,0,0,0,0,0,0,0,0,0,0,0,0,0,0,0,0,0,0,0,0,0,0,0,0,0,0,0,0,0,0,0,0,0,0,0,0,0,0,0,0,0,0,0,0,0,0,0,0,0,0,0,0,0,0,0,0,0,0,0,0,0,0,0,0,0,0,0,0,0,0,0,0,0,0,0,0,0,0,0,0,0,0,0,0,0,0,0,0,0,0,0,0,0,0,0,0,0,0,0,0,0,0,0,0,0,0,0,0,0,0,0,0,0,0,0,0,0,0,0,0,0,0,0,0,0,0,0,0,0,0,1,0,0,0,0,0,0,0,0,0,0,0,0,0,0,0,0,0,0,0,0,0,0,0,0,0,0,0,0,0,0,0,0,0,0,0,0,0,0,0,0,0,0,0,0,0,0,0,0,0,0,Eukaryota;Echinodermata;Echinoidea;Spatangoida;Schizasteridae;Brisaster;Brisaster latifrons
0,0,0,0,0,0,0,0,0,0,0,0,0,0,0,0,0,0,0,0,0,0,0,0,0,0,0,0,0,0,0,0,0,0,0,0,0,0,0,0,0,0,0,0,0,0,0,0,0,0,0,0,0,0,0,0,0,0,0,0,0,0,0,0,0,0,0,0,0,0,0,0,0,0,0,0,0,0,0,0,0,0,0,0,0,0,0,0,0,0,0,0,0,0,0,0,0,0,0,0,0,0,0,0,0,0,0,0,0,0,0,0,0,0,0,0,0,0,0,0,0,0,0,0,0,0,0,0,0,0,0,0,0,0,0,0,0,0,0,0,0,0,0,0,0,0,0,0,0,0,0,0,0,0,0,0,0,0,0,0,1,0,0,0,0,0,0,0,0,0,0,0,0,0,0,0,0,0,0,0,0,0,0,0,0,0,0,0,0,0,0,0,0,0,0,0,0,0,0,0,0,0,0,0,0,0,0,0,0,0,0,Eukaryota;Rhodophyta;Bangiophyceae;Bangiales;Bangiaceae;Pyropia;Pyropia haitanensis
0,0,0,0,0,0,0,0,0,0,0,0,0,0,0,0,0,0,0,0,0,0,0,0,0,0,0,0,0,0,0,0,0,0,0,0,0,0,0,0,0,0,0,0,0,0,0,0,0,0,0,0,0,0,0,0,0,0,0,0,0,0,0,0,0,0,0,0,0,0,0,0,0,0,0,0,0,0,0,0,0,0,0,0,0,0,0,0,0,0,0,0,0,0,0,0,0,0,0,0,0,0,0,1,0,0,0,0,0,0,0,0,0,0,0,0,0,0,0,0.30684287496591783,0,0,0,0,0,0,0,0,0,0,0,0,0,0,0,0,0,0,0,0,0,0,0,0,0,0,0,0,0.26121371368856827,0,0,0,0,0,0,0,0,0,0,0,0,0,0,0,0,0,0,0,0,0.7918162112220604,0,0,0,0,0,0,0,0,0,0,0,0,0,0,0,0,0,0,0,0,0,0,0,0,0,0,0,0,0,0,0,0,0,0,0,0,0,0,0,0,0,Eukaryota;Annelida;Polychaeta;Spionida;Spionidae;;
0,0,0,0,0,0,0,0,0,0,0,0,0,0,0,0,0,0,0,0,0,0,0,0,0,0,0,0,0,0,0,0,0,0,0,0,0,0,0,0,0,0,0,0,0,0,0,0,0,0,0,0,0,0,0,0,0,0,0,0,0,0,1,0.08351737197080913,0,0,0,0,0,0,0,0,0,0,0,0,0,0,0,0,0,0,0,0,0,0,0,0,0,0,0,0,0,0,0,0,0,0,0,0,0,0,0,0,0,0,0,0,0,0,0,0,0,0,0,0,0,0,0,0,0,0,0,0,0,0,0,0,0,0,0,0,0,0,0,0,0,0,0,0,0,0,0,0,0,0,0,0,0,0,0,0,0,0,0,0,0,0,0,0,0,0,0,0,0,0,0,0,0,0,0,0,0,0,0,0,0,0,0,0,0,0,0,0,0,0,0,0,0,0,0,0,0,0,0,0,0,0,0,0,0,0,0,0,0,0,0,0,0,0,0,Eukaryota;Basidiomycota;Microbotryomycetes;Sporidiobolales;Sporidiobolaceae;Rhodotorula;Rhodotorula taiwanensis
0,1,0,0,0,0,0,0,0,0,0,0,0,0,0,0,0,0,0,0,0,0,0,0,0,0,0,0,0,0,0,0,0,0,0,0,0,0,0,0,0,0,0,0,0,0,0,0,0,0,0,0,0,0,0,0,0,0,0,0,0,0,0,0,0,0,0,0,0,0,0,0,0,0,0,0,0,0,0,0,0,0,0,0,0,0,0,0,0,0,0,0,0,0,0,0,0,0,0,0,0,0,0,0,0,0,0,0,0,0,0,0,0,0,0,0,0,0,0,0,0,0,0,0,0,0,0,0,0,0,0,0,0,0,0,0,0,0,0,0,0,0,0,0,0,0,0,0,0,0,0,0,0,0,0,0,0,0,0,0,0,0,0,0,0,0,0,0,0,0,0,0,0,0,0,0,0,0,0,0,0,0,0,0,0,0,0,0,0,0,0,0,0,0,0,0,0,0,0,0,0,0,0,0,0,0,0,0,0,0,0,Eukaryota;Arthropoda;Insecta;Coleoptera;Carabidae;Pterostichus;Pterostichus intectus
0,0,0,0,0,0,0,0,0,0,0,0,0,0,0,0,0,0,0,0,0,0,0,0,0,0,0,0,0,0,0,0,0,0,0,0,0,0,0,0,0,0,0,0,0,0,0,0,0,0,0,0,0,0,0,0,0,0,0,0,0,0,0,1,0,0,0,0,0,0,0,0,0,0,0,0,0,0,0,0,0,0,0,0,0,0,0,0,0,0,0,0,0,0,0,0,0,0,0,0,0,0,0.21617482191828077,0,0,0,0,0,0,0,0,0,0,0,0,0,0,0,0,0,0,0,0,0,0,0,0,0,0,0,0,0,0,0,0,0,0,0,0,0,0,0,0,0,0,0,0,0,0,0,0,0,0,0,0,0,0,0,0,0,0,0,0,0,0,0,0,0,0,0,0,0,0,0,0,0,0,0,0,0,0,0,0,0,0,0,0,0,0,0,0,0,0,0,0,0,0,0,0,0,0,0,0,0,0,0,0,0,0,0,0,Eukaryota;Rhodophyta;Florideophyceae;Corallinales;Corallinaceae;Jania;Jania sp. KZN2252_MR
0,0,0,0,0,0,0,0,0,0,0,0,0,0,0,0,0,0,0,0,0,0,0,0,0,0,0,0,0,0,0,0,0,0,0,0,0,0,0,0,0,0,0,0,0,0,0,0,0,0,0,0,0,0,0,0,0,0,0,0,0,0,0,0,0,0,0,0,0,0,0,0,0,0,0,0,0,0,0,0,0,0,0,0,0,0,0,0,0,0,0,0,0,0,0,1,0,0,0,0,0,0,0.3920902395694993,0,0,0,0,0,0,0,0,0,0,0,0,0,0,0,0,0.4382651276670165,0,0,0,0,0,0,0,0,0,0,0,0,0,0,0,0,0,0,0,0,0,0,0,0,0,0,0,0,0,0,0,0,0,0,0,0,0,0,0,0,0,0,0,0,0,0,0,0,0,0,0,0,0,0,0,0,0,0,0,0,0,0,0,0,0,0,0,0,0,0,0,0,0,0,0,0,0,0,0,0,0,0,0,0,0,0,0,0,0,0,0,Eukaryota;NA;Phaeophyceae;Ectocarpales;Chordariaceae;Hecatonema;Hecatonema maculans
0,0,0,0,0,0,0,0,0,0,0,0,0,0,0,0,0,0,0,0,0,0,0,0,0,0,0,0,0,0,0,0,0,0,0,0,0,0,0,0,0,0,0,0,0,0,0,0,0,0,0,0,0,0,0,0,0,0,0,0,0,0,0,0,0,0,0,0,0,0,0,0,0,0,0,0,0,0,0,0,0,0,0,0,0,0,0,0,0,0,0,0,0,0,0,0,0,0,0,0,0,0,0.8198830611083324,1,0,0,0,0,0,0,0,0,0,0,0,0,0,0,0,0,0,0,0,0,0,0,0,0,0,0,0,0,0,0,0,0,0,0,0,0,0,0,0,0,0,0,0,0,0,0,0,0,0,0,0,0,0,0,0,0,0,0,0,0,0,0,0,0,0,0,0,0,0,0,0,0,0,0,0,0,0,0,0,0,0,0,0,0,0,0,0,0,0,0,0,0,0,0,0,0,0,0,0,0,0,0,0,0,0,0,0,Eukaryota;Bacillariophyta;Coscinodiscophyceae;Chaetocerotales;Chaetocerotaceae;Chaetoceros;Chaetoceros sp. MBTD-CMFRI-S062
0,0,0,0,0,0,0,0,0,0,0,0,0,0,0,0,0,0,0,0,0,0,0,0,0,0,0,0,0,0,0,0,0,0,0,0,0,0,0,0,0,0,0,0,0,0,0,0,0,0,0,0,0,0,0,0,0,0,0,0,0,0,0,0,0,0,0,0,0,0,0,0,0,0,0,0,0,0,0,0,0,0,0,0,0,0,0,0,0,0,0,0,0,0,0,0,0,0,0,0,0,0,0.2630090205074251,0,0,0,0,0,0,0,0,0,0,0,0,0,0,0,0,0,0,0,0,0,0,0,0.048220773923025116,0,0,0,0,0,0,0,0,0,0,0,0,0,0,0,0,0,0,0,0,0,0,0,0,0,0,0,0,0,0.22611545248298465,0.20139829409561136,0,0,0,0,0,0,0,0,0,0,0,0,0,0,0,0,0,0,0,0,0,0,0,0,0.06923323140625319,0,0,0,0,0,0,0,0,0,0,0,0,0,0,0,0,0,0,0,0,0,1,0,0,0,0,0,0,Eukaryota;NA;NA;NA;Paramoebidae;Neoparamoeba;Neoparamoeba longipodia
0,0,0,0,0,0,0,0,0,0,0,0,0,0,0,0,0,0,0,0,0,0,0,0,0,0,0,0,0,0,0,0,0,0,0,0,0,1,0,0,0,0,0,0,0,0,0,0,0,0,0,0,0,0,0,0,0,0,0,0,0,0,0,0,0,0,0,0,0,0,0,0,0,0,0,0,0,0,0,0,0,0,0,0,0,0,0,0,0,0,0,0,0,0,0,0,0,0,0,0,0,0,0.3341037272115766,0,0,0,0,0,0,0,0,0,0,0,0,0,0,0,0,0,0,0,0,0,0,0,0,0.06949387251384784,0,0,0,0,0,0,0,0,0,0,0,0,0,0,0,0,0,0,0,0,0,0,0,0,0,0,0,0,0,0,0,0,0,0,0,0,0,0,0,0,0,0,0,0,0,0,0,0,0,0,0,0,0,0,0,0,0,0,0,0,0,0,0,0,0,0,0,0,0,0,0,0,0,0,0,0,0,0,0,0,0,0,0,Eukaryota;Mollusca;Gastropoda;Neogastropoda;Columbellidae;Mitrella;Mitrella cf. tuberosa BOLD:ABX2571
0,0,0,0,0,0,0,0,0,0,0,0,0,0,0,0,0,0,0,0,0,0,0,0,0.03876383498634469,0,0,0,0,0,0,0,0.015781835205992512,0,0.24664994251071393,0.3313700593897195,0.39034037236798,0,0,0,0,0.029982033904334987,0,0,0,0,0,0,0,0.04136297823259467,0,0,0,0,0,0,0,0.04513623886992033,0,0,0,0.04922533257399863,0,0.0860662539094913,0,0,0,0,0,0,0,0,0.38731099774805827,0.29488322488646035,0,0,0,0,0,0,0,0,0,0,0,0,0,0,0.07259349651855575,0,0,0,0,0.6957480722223466,0.6203176485334477,0,0,0.17838675536740248,0.07949132558531245,0.059303615892605833,0.09019742751753532,0.16911823727725156,0.0876002230692722,0.2656936497251206,0.14433740098479983,0.1730651025732993,0.1579634135351897,0.0675064926937639,0.0391221595524917,1,0,0,0,0,0,0,0,0,0,0,0,0,0,0,0,0,0,0,0,0,0,0,0,0.04323665688679397,0.022774872647182025,0.00960641446622755,0.013584575255345028,0,0,0,0,0,0,0,0,0,0,0,0,0,0,0.0789540602937732,0,0,0,0,0,0.004856928795781344,0,0,0,0,0,0,0,0,0,0.04597654118930715,0.04091977969551459,0.05510323016239651,0,0,0,0,0,0,0,0,0,0,0,0,0.008035100145058807,0.008540047978454517,0,0,0,0,0.09295801222043222,0,0.06210247553252735,0,0,0.03529103852596315,0,0,0,0,0,0,0,0,0,0,0,0,0.13136713076132783,0.08685217115563748,0.21272409144365087,0,0,Eukaryota;Echinodermata;Echinoidea;;Strongylocentrotidae;;
0,0,0,0,0,0,0,0,0,0,0,0,0,0,0,0,0,0,0,0,0,0,0,0,0,0,0,0,0,0,0,0,0,0,0,0,0,0,0,0,0,0,0,0,0,0,0,0,0,0,0,0,0,0,0,0,0,0,0,0,0,0,0,0,0,0,0,0,0,0,0,0,0,0,0,0,1,0,0,0,0,0,0,0,0,0,0,0,0,0,0,0,0,0,0,0,0,0,0,0,0,0,0,0,0,0,0,0,0,0,0,0,0,0,0,0,0,0,0,0,0,0,0,0,0,0,0,0,0,0,0,0,0,0,0,0,0,0,0,0,0,0,0,0,0,0,0,0.0881946917198499,0,0,0,0,0,0,0,0,0,0,0,0,0,0,0,0,0,0,0,0,0,0,0,0,0,0,0.3957109499815657,0,0,0,0,0,0,0,0,0,0,0,0,0,0,0,0,0,0,0,0,0,0,0,0,0,0,0,0,0,0,0,0,0,0,0,0,Eukaryota;Arthropoda;Insecta;Psocoptera;;;
0,0,0,0,0,0,0,0,0,0,0,0,0,0,0,0,0,0,0,0,0,0,0,0,0,0,1,0.6710224797833456,0,0,0,0,0,0,0,0,0,0,0,0,0,0,0,0,0,0,0,0,0,0,0,0,0,0,0,0,0,0,0,0,0,0,0,0,0,0,0,0,0,0,0,0,0,0,0,0,0,0,0,0,0,0,0,0,0,0,0,0,0,0,0,0,0,0,0,0,0,0,0,0,0,0,0,0,0,0,0,0,0,0,0,0,0,0,0,0,0,0,0,0,0,0,0,0,0,0,0,0,0,0,0,0,0,0,0,0,0,0,0,0,0,0,0,0,0,0,0,0,0,0,0,0,0,0,0,0,0,0,0,0,0,0,0,0,0,0,0,0,0,0,0,0,0,0,0,0,0.05992342141223904,0,0,0,0,0,0,0,0,0,0,0,0,0,0,0,0,0,0,0,0,0,0,0,0,0,0,0,0,0,0,0,0,0,0,Eukaryota;Arthropoda;Hexanauplia;Calanoida;Calocalanidae;Calocalanus;Calocalanus sp. 2 AC-2013
0,0,0,0,0,0,0,0,0,0,0,0,0,0,0,0,0,0,0,0,0,0,0,0,0,0,0,0,0,0,0,0,0,0,0,0,0,0,0,0,0,0,0,0,0,0,0,0,0,0,0,0,0,0,0,0,0,0,0,0,0,0,0,0,0,0,0,0,0,0,0,0,0,0,0,0,0,0,0,0,0,0,0,0,0,0,0,0,0,0,0,0,0,0,0,0,0,0,0,0,0,0,0,0,0,0,0,0,0,0,0,0,0,0,0,0,0,0,0,0,0,0,0,0,0,0,0,0,0,0,0,0,0,0,0,0,0,0,0,0,0,0,0,0,0,0,0,0,0,0,0,0,0,0,0,0,0,0,0,0,0,0,0,0,0,0,0,0,0,0,0,0,0,0,0,0,0,0,0,0,0,0,0,0,0,0,0,0,0,0,0,0,0,0,0,0,0,0,0,0,0,0,0,0,0,0,0,1,0,0,0,Eukaryota;Mollusca;Gastropoda;NA;NA;NA;Gastropoda sp. KSA_1252
0,0,0,0,0,0,0,0,0,0,0,0,0,0,0,0,0,0,0,0,0,0,0,0,0,0,0,0,0,0,0,0,0,0,0,0,0,0,0,0,0,0,0,0,0,0,0,0,0,0,0,0,0,0,0,0,0,0,0,0,0,0,0,0,0,1,0,0,0,0,0,0,0,0,0,0,0,0,0,0,0,0,0,0,0,0,0,0,0,0,0,0,0,0,0,0,0,0,0,0,0,0,0,0,0,0,0,0,0,0,0,0,0,0,0,0,0,0,0,0,0.5334470747138693,0,0,0,0,0,0,0,0,0,0,0,0,0,0,0,0,0,0,0,0,0,0,0,0,0,0,0,0,0,0,0,0,0,0,0,0,0,0,0,0,0,0,0,0,0,0,0,0,0,0,0,0.8956402855840803,0.3853091099202719,0,0,0,0,0,0,0,0,0,0,0,0,0,0,0,0,0,0,0,0,0,0,0,0,0,0,0,0,0,0,0,0,0,0,0,0,0.46075098659789787,Eukaryota;Echinodermata;;;;;
0,0,0,0,0,0,0,0,0,0,0,0,0,0,0,0,0,0,0,0,0,0,0,0,0,0,0,0,0,0,0,0,0,0,0,0,0,0,0,0,0,0,0,0,0,0,1,0,0,0,0,0,0,0,0,0,0,0,0,0,0,0,0,0,0,0,0,0,0,0,0,0,0,0,0,0,0,0,0,0,0,0,0,0,0,0,0,0,0,0,0,0,0,0,0,0,0,0,0,0,0,0,0,0,0,0,0,0,0,0,0,0,0,0,0,0,0,0,0,0,0,0,0,0,0,0,0,0,0,0,0,0,0,0,0,0,0,0,0,0,0,0,0,0,0,0,0,0,0,0,0,0,0,0,0,0,0,0,0,0,0,0,0,0,0,0,0,0,0,0,0,0,0,0,0,0,0,0,0,0,0,0,0,0,0,0,0,0,0,0,0,0,0,0,0,0,0,0,0,0,0,0,0,0,0,0,0,0,0,0,0,Eukaryota;Bacillariophyta;Bacillariophyceae;Bacillariales;Bacillariaceae;Pseudo-nitzschia;Pseudo-nitzschia brasiliana
0,0,0,0,0,0,0,0,0,0,0,0,0,0,0,0,0,0,0,0,0,0,0,0,0,0,0,0,0,0,0,0,0,0,0,0,0,0,0,0,0,0,0,0,0,0,0,0,0,0,0,0,0,0,0,0,0,0,0,0,0,0,0,0,0,0,0,0,0,0,0,0,0,0,0,0,0,0,0,0,0,0,0,0,0,0,0,0,0,0,0,0,0,0,0,0,0,0,0,0,0,0,0,0,0,0,0,0,0,0,0,0,0,0,0,0,0,0,0,0,0,0,0,0,0,0,0,0,0,0,0,0,0,0,0,0,0,0,0,0,0,0,0,0,0,0,0,0,0,0,0,0,0,0,0,0,0,0,0,1,0.4211541465468647,0,0,0,0,0,0,0,0,0,0,0,0,0,0,0,0,0,0,0,0,0,0,0,0,0,0,0,0,0,0,0,0,0,0,0,0,0,0,0,0,0,0,0,0,0,0,0,0,0,0,Eukaryota;Porifera;Demospongiae;NA;NA;NA;Demospongiae sp. Unknown2009PCR3B11
0,0,0,0,0,0,0,0,0,0,1,0,0,0,0,0,0,0,0,0,0,0,0,0,0,0,0,0,0,0.75347978346497,0,0,0,0,0,0,0,0,0,0,0,0,0,0,0,0,0,0,0,0,0,0,0,0,0,0,0,0,0,0,0,0,0,0,0,0,0,0,0,0,0,0,0,0,0,0,0,0,0,0,0,0,0,0,0,0,0,0,0,0,0,0,0,0,0,0,0,0,0,0,0,0,0,0,0,0,0,0,0,0,0,0,0,0,0,0,0,0,0,0,0,0,0,0,0,0,0,0,0,0,0,0,0,0,0,0,0,0,0,0,0,0,0,0,0,0,0,0,0,0,0,0,0,0,0,0,0,0,0,0,0,0,0,0,0,0,0,0,0,0,0,0,0,0,0,0,0,0,0,0,0,0,0,0,0,0,0,0,0,0,0,0,0,0,0,0,0,0,0,0,0,0,0,0,0,0,0,0,0,0.1887924517114099,0.6398052480868095,Eukaryota;Arthropoda;Hexanauplia;Calanoida;Aetideidae;Aetideopsis;Aetideopsis multiserrata
0,0,0,0,0,0,0,0,0,0,0,0,0,0,0,0,0,0,0,0,0,0,0,0,0,0,0,0,0,0,0,0,0,0,0,0,0,0,0,0,0,0,0,0,0,0,0,0,0,0,0,0,0,0,0,0,0,0,0,0,0,0,0,1,0,0,0,0,0,0,0,0,0,0,0,0,0,0,0,0,0,0,0,0,0,0,0,0,0,0,0,0,0,0,0,0,0,0,0,0,0,0,0,0,0,0,0,0,0,0,0,0,0,0,0,0,0,0,0,0,0,0,0,0,0,0,0,0,0,0,0,0,0,0,0,0,0,0,0,0,0,0,0,0,0,0,0,0,0,0,0,0,0,0,0,0,0,0,0,0,0,0,0,0,0,0,0,0,0,0,0,0,0,0,0,0,0,0,0,0,0,0,0.14226205475005163,0,0,0,0,0,0,0,0,0,0,0,0,0,0,0,0,0,0,0,0,0,0,0,0,0,0,0,0,Eukaryota;NA;Eustigmatophyceae;Eustigmatales;Eustigmataceae;Eustigmatos;Eustigmatos magnus
0,0,0,0,0,0,0,0,0,0,0,0,0,0,0,0,0,0,0,0,0,0,0,0,0,0,0,0,0,0,0,0,0,0,0,0,0,0,0,0,0,0,0,0,0,0,0,0,0,0,0,0,0,0,0,0,0,0,0,0,0,0,0,1,0,0,0,0,0,0,0,0,0,0,0,0,0,0,0,0,0,0,0,0,0,0,0,0,0,0,0,0,0,0,0,0,0,0,0,0,0,0,0,0,0,0,0,0,0,0,0,0,0,0,0,0,0,0,0,0,0,0,0,0,0,0,0,0,0,0,0,0,0,0,0,0,0,0,0,0,0,0,0,0,0,0,0,0,0,0,0,0,0,0,0,0,0,0,0,0,0,0,0,0,0,0,0,0,0,0,0,0,0,0,0,0,0,0,0,0,0,0,0,0,0,0,0,0,0,0,0,0,0,0,0,0,0,0,0,0,0,0,0,0,0,0,0,0,0,0,0,Eukaryota;Bacillariophyta;Mediophyceae;Triceratiales;Plagiogrammaceae;Plagiogramma;Plagiogramma sp. IAL-2014a
0.29228247494923637,0.4691975193430162,0.15482324094247712,0.011561405429071804,0,0,0.0452627856822765,0,0.04133321312381069,0.10540750758615708,0.22470426506095048,0.14874613867630082,0,0,0,0,0,0,0,0,0.07512978590555643,0,0,0,0,0,0,0,0,0.4826487611697807,0,0,0,0,0.14076708999686421,0,0,0,0,0.06282216494845361,0,0,0.15931128848695483,0.20558618693080707,0.09694203498416357,0.028894583547888774,0,0,0,0,0,0,0.04683913292988314,0,0,0,0,0,0.20492092523184857,0.16188079983652276,0.1441574341682723,0.19665582424322076,0,0,0,0,0,0,0.020125511835734355,0.03939386737260867,0,0,0,0,0,0,0.07319350950340074,0.0359867125984252,0.06514699835526316,0,0,0,0,0,0,0,0,0,0,0,0,0.030778625299965723,0,0.05441835867854293,0.09294457592329006,0,0,0,0.03969610598787267,0,0,0,0,0,0.04805247805609078,0.011838994292887735,0,0,0,0,0,0,0,0,0,0.00409330163173564,0.00977145551395592,0.24498753472911292,0,0.4534275438730574,0.8072288079935633,0,0.18924120900686128,0,0.02987231741806688,0.06296180892028358,0.027681082856627872,0.09864071625756968,0,0,0,0,0,0,0,0,0.016034480508418696,0,0,0,0,0,0,0.16210612634596866,0.12178504260030502,0.1061545237419599,0,0.04303519337697554,0.028755512341616347,0.34101994129834257,0.3474506578947369,0.35297275989560684,0.4682946125139809,0.3329324267815439,0.2990920656619032,0,0.5125488404335771,0.49074664609327723,0.4328571202904171,0,0,0,0.48683787531372974,0.4121584422237599,0.41898461687306504,0,0,0,0,0,0,0,0,0,0,0.3725682917405987,0.4995540455750836,1,0.37807937956204385,0.27620629263061675,0.34811565717397047,0,0,0,0,0,0,0,0,0,0,0,0,0,0,0,0,0,0,0,0,0,0,0,0,0,0.03975858663690793,0,0,0,0,Eukaryota;Annelida;Polychaeta;Terebellida;Terebellidae;Loimia;Loimia medusa
0,0,0,0,0,0,0,0,0,0,0,0,0,0,0,0,0,0,0,0,0,0,0,0,0,0,0,0,0,0,0,0,0,0,0,0,0,0,0,0,0,0,0,0,0,0,0,0,0,0,0,0,0,0,0,0,0,0,0,0,0,0,0,0,0,0,0,0,0,0,0,0,0,0,0,0,0,0,0,1,0,0,0,0,0,0,0,0,0,0,0,0,0,0,0,0,0,0,0,0,0,0,0,0,0,0,0,0,0,0,0,0,0,0,0,0,0,0,0,0,0,0,0,0,0,0,0,0,0,0,0,0,0,0,0,0,0,0,0,0,0,0,0,0,0,0,0,0,0,0,0,0,0,0,0,0,0,0,0,0,0,0,0,0,0,0,0,0,0,0,0,0,0,0,0,0,0,0,0,0,0,0,0,0,0,0,0,0,0,0,0,0,0,0,0,0,0,0,0,0,0,0,0,0,0,0,0,0,0,0,0,Eukaryota;Arthropoda;Malacostraca;Amphipoda;Calliopiidae;Calliopius;Calliopius sp. JMMCC137-10
0,0,0,0,0,0,0,0,0,0,0,0,0,0,0,0,0,0,0,0,0,0,0,0,0,0,0,0,0,0,0,0,0,0,0,0,0,0,0,0,0,0,0,0,0,0,0,0,0,0,0,0,0,0,0,0,0,0,0,0,0,0,0,0,0,0,0,0,0,0,0,0,0,0,0,0,0,0,0,0,0,0,0,0,0,0,0,0,0,0,0,0,0,0,0,0,0,0,0,0,0,0,0,0,0,1,0,0,0,0,0,0,0,0,0,0,0,0,0,0,0,0,0,0,0,0,0,0,0,0,0,0,0,0,0,0,0,0,0,0,0,0,0,0,0,0,0,0,0,0,0,0,0,0,0,0,0,0,0,0,0,0,0,0,0,0,0,0,0,0,0,0,0,0,0,0,0,0,0,0,0,0,0,0,0,0,0,0,0,0,0,0,0,0,0,0,0,0,0,0,0,0,0,0,0,0,0,0,0,0,0,Eukaryota;Bacillariophyta;Bacillariophyceae;Naviculales;Sellaphoraceae;Sellaphora;Sellaphora seminulum
0,0,0,0,0,0,0,0,0,0,0,0,0,0,0,0,0,0,0,0,0,0,0,0,0,0,0,0,0,0,0,0,0,0,0,0,0,0,0,0,0,0,0,0,0,0,0,0,0,0,0,0,0,0,0,0,0,0,0,0,0,0,0,0,0,0,0,0,0,0,0,0,0,0,0,0,0,0,0,0,0,0,0,0,0,0,0,0,0,0,0,0,0,0,0,0,0,0,0,0,0,0,0,0,0,0,0,0,0,0,0,0,0,0,0,0,0,0,0,0,0,0,0,0,0,0,1,0,0,0,0,0,0,0,0,0,0,0,0,0,0,0,0,0,0,0,0,0,0,0,0,0,0,0,0,0,0,0,0,0,0,0,0,0,0,0,0,0,0,0,0,0,0,0,0,0,0,0,0,0,0,0,0,0,0,0,0,0,0,0,0,0,0,0,0,0,0,0,0,0,0,0,0,0,0,0,0,0,0,0,0,Eukaryota;Arthropoda;Hexanauplia;Sessilia;Balanidae;Balanus;Balanus balanus
0,0,0,0,0,0,0,0,0,0,0,0,0,0,0,0,0,0,0,0,0,0,0,0,0,0,0,0,0,0,0,0,0,0,0,0,0,0,0,0,0,0,0,0,0,0,0,0,0,0,0,0,0,0,0,0,0,0,0,0,0,0,0,0,0,0,0,0,0,0,0,0,0,0,0,0,0,0,0,0,0,0,0,0,0,0,0,0,0,0,0,0,0,0,0,0,0,0,0,0,0,0,0,0,0,0,0,0,0,0,0,0,0,0,0,0,0,0,0,0,0,0,0,0,0,0,0,0,0,0,0,0,0,0,0,0.08174058828264436,0,0,0,0,0,0,0,0,0,0,0,0,0,0,0,0,0,0,0,0,0,0,0,0,1,0,0,0,0,0,0,0,0,0,0,0,0,0,0,0,0,0,0,0,0,0,0,0,0,0.13063863369891707,0,0,0,0,0,0,0,0,0,0,0,0,0,0,0,0,0,0,0.6897079902194991,0,0,0,0,0,0,Eukaryota;NA;Oomycetes;NA;NA;Haptoglossa;Haptoglossa sp. DM2 4/12
0,0,0,0,0,0,0,0,0,0,0,0,0,0,0,0,0,0,0,0,0,0,0,0,0,0,0,0,0,0,0,0,0,0,0,0,0,0,0,0,0,0,0,0,0,0,0,0,0,0,0,0,0,0,0,0,0,0,0,0,0,0,0,0,0,0,0,0,0,0,0,0,0,0,0,0,0,0,0,0,0,0,0,0,0,0,0,0,0,0,0,0,0,0,0,0,0,0,0,0,0,0,0,0,0,0,0,0,0,0,0,0,0,0,0,0,0,0,0,0,0,0,0,0,0,0,0,0,0,0,0,0,0,0,0,0,0,0,0,0,0,0,0,0,0,0,0,0,0,0,0,0,0,0,0,0,0,0,0,0,0,0,0,0,0,0,0,0,0,0,0,0,0,0,0,0,0,0,0,0,0,0,1,0,0,0,0,0,0,0,0,0,0,0,0,0,0,0,0,0,0,0,0,0,0,0,0,0,0,0,0,Eukaryota;NA;Phaeophyceae;Ectocarpales;Chordariaceae;Punctaria;Punctaria latifolia
0,0,0,0,0,0,0,0,0,0,0,0,0,0,0,0,0,0,0,0,0,0,0,0,0,0,0,0,0,0,0,0,0,0,0,0,0,0,0,0,0,0,0,0,0,0,0,0,0,0,0,0,0,0,0,0,0,0,0,0,0,0,0,0,0,0,0,0,0,0,0,1,0,0,0,0,0,0,0,0,0,0,0,0,0,0,0,0,0,0,0,0,0,0,0,0,0,0,0,0,0,0,0,0,0,0,0,0,0,0,0,0,0,0,0,0,0,0,0,0,0,0,0,0,0,0,0,0,0,0,0,0,0,0,0,0,0,0,0,0,0,0,0,0,0,0,0,0,0,0,0,0,0,0,0,0,0,0,0,0,0,0,0,0,0,0,0,0,0,0,0,0,0,0,0,0,0,0,0,0,0,0,0,0,0,0,0,0,0,0,0,0,0,0,0,0,0,0,0,0,0,0,0,0,0,0,0,0,0,0,0,Eukaryota;Mollusca;Gastropoda;Trochida;Turbinidae;Pomaulax;Pomaulax gibberosus
0,0,0,0,0,0,0,0,0,0,0,0,0,0,0,0,0,0,0,0,0,0,0,0,0,0,0,0,0,0,0,0,0,0,0,0,0,0,0,0,0,0,0,0,0,0,0,0,0,0,0,0,0,0,0,0,0,0,0,0,0,0,0,0,0,0,0,0,0,0,0,0,0,0,0,0,0,0,0,0,0,0,0,0,0,0,0,0,0,0,0,0,0,0,0,0,0,0,0,0,0,0,0,0,0,0,0,0,0,0,0,0,0,0,0,0,0,0,0,0,0,0,0,0,0,0,0,0,0,0,0,0,0,0,0,0,0,0,0,0,0,0,0,0,0,0,0,0,0,0,0,0,0,0,0,0,0,0,0,0,0,0,0,0,0,0,0,0,0,0,0,0,0,0,0,0,0,0,0,0,0,0,0,0,0,0,0,0,0,0,0,0,0,0,0,0,0,0,0,0,0,0,0,1,0,0,0,0,0,0,0,Eukaryota;Chordata;Aves;Galliformes;Phasianidae;Gallus;Gallus gallus
0,0,0,0,0,0,0,0,0,0,0,0,0,0,0,0,0,0,0,0,0,0,0,0,0,0,0,0,0,0,0,0,0,0,0,0,0,0,0,0,0,0,0,0,0,0,0,0,0,0,0,0,0,0,0,0,0,0,0,0,0,0,0,0,0,0,0,0,0,0,0,0,0,0,0,0,0,0,0,0,0,0,0,0,0,0,0,0,0,0,0,0,0,0,0,0,0,0,0,0,0,0,0,0,0,0,0,0,0,0,0,0,0,0,0,0,0,0,0,0,0,0,0,0,0,0,0,0,0,0,0,0,0,0,0,0,1,0,0,0,0,0,0,0,0,0,0,0,0,0,0,0,0,0,0,0,0,0,0,0,0,0,0,0,0,0,0,0,0,0,0,0,0,0,0,0,0,0,0,0,0,0,0,0,0,0,0,0,0,0,0,0,0,0,0,0,0,0,0,0,0,0,0,0,0,0,0,0,0,0,0,Eukaryota;Annelida;Clitellata;Haplotaxida;Enchytraeidae;Lumbricillus;Lumbricillus lineatus
0,0,0.09968793408558979,0.7196044091892448,1,0.9883971021055015,0,0,0,0,0,0,0,0,0,0,0,0,0,0,0,0,0.8259080590238366,0,0,0,0,0,0,0,0,0,0,0,0,0,0,0,0,0,0,0,0,0,0,0,0,0,0,0,0,0,0,0,0,0,0,0,0,0,0,0,0,0.8917086870492118,0,0,0,0,0,0,0,0,0,0,0,0,0,0,0,0,0,0,0,0,0,0,0,0,0,0,0,0,0,0,0,0,0,0,0,0,0,0,0,0,0,0,0,0,0,0,0,0,0,0,0,0,0,0,0,0,0,0,0,0,0,0,0,0,0,0,0,0,0,0,0,0,0,0,0,0,0,0,0,0,0,0,0,0,0,0,0,0,0,0,0,0,0,0,0,0,0,0,0,0,0,0,0,0,0,0,0,0,0,0,0,0,0,0,0,0,0,0,0,0,0,0,0,0,0,0,0,0,0,0,0,0,0,0,0,0,0,0,0,0,0,0,0,0,0,0,0,Eukaryota;Arthropoda;Malacostraca;Decapoda;Blepharipodidae;Blepharipoda;Blepharipoda occidentalis
0,0,0,0,0,0,0,0,0,0,0,0,0,0,0,0,0,0,0,0,0,0,0,0,0,0,0,0,0,0,0,0,0,0,0,0,0,0,0,0,0,0,0,0,0,0,0,0,0,0,0,0,0,0,0,0,0,0,0,0,0,0,1,0,0,0,0,0,0,0,0,0,0,0,0,0,0,0,0,0,0,0,0,0,0,0,0,0,0,0,0,0,0,0,0,0,0,0,0,0,0,0,0,0,0,0.09556106277417753,0,0,0,0,0,0,0,0,0,0,0,0,0,0,0,0,0,0,0,0,0,0,0,0,0,0,0,0,0,0,0,0,0,0,0,0,0,0,0,0,0,0,0,0,0,0,0,0,0,0,0,0,0,0,0,0,0,0,0,0,0,0,0,0,0,0,0,0,0,0,0,0,0,0,0,0,0,0,0,0,0,0,0,0,0,0,0,0,0,0,0,0,0,0,0,0,0,0,0,0,0,0,0,0,0,Eukaryota;NA;Dinophyceae;Gymnodiniales;Kareniaceae;Karlodinium;Karlodinium sp. RS-24
0,0.053111348893784355,0,0.112086861510859,0.09106073116801791,0.0769772445017764,0,0,0,0,0,0,0,0,0,0,0,0,0,0,0,0,0,0,0,0,0,0,0,0,0,0,0.7205711451517521,1,0,0,0,0,0,0,0,0,0,0,0,0,0,0,0,0,0,0,0,0,0,0,0,0,0,0,0,0,0,0,0.12068406241316713,0,0,0,0,0,0,0,0,0,0,0,0,0,0,0,0,0.24894640190094444,0,0,0,0,0,0,0,0,0,0,0,0.009833618730580756,0.008447114566988557,0,0.0766484202786564,0,0,0,0,0,0,0,0,0,0,0,0,0,0,0,0,0,0,0,0.11802642285711197,0.3799383484542133,0.11437827617100685,0.42908323912411894,0.568737010176191,0,0,0,0,0,0,0,0,0,0.11007876680060094,0,0,0,0,0.0071551741513501506,0.007818639566866147,0,0.05534636885506346,0.07741361807542932,0,0,0,0,0,0,0,0,0,0,0,0,0,0,0,0,0,0,0,0,0,0,0,0,0,0,0,0,0,0,0,0,0,0,0,0,0,0,0,0,0,0,0,0,0,0,0,0,0,0,0,0,0,0,0,0.014281570469992497,0,0,0,0,0,0,0,0,0,0,0.030391737420065786,0,0,0,0,Eukaryota;Chordata;Actinopteri;Pleuronectiformes;Pleuronectidae;Lyopsetta;Lyopsetta exilis
0.8866085799077765,0,0,0,0,0,0,0,0,0,0,0,0,0,0,0,0,0,0,0,0,0,0,0,0,0,0,0,0,0,0,0,0,0,0,0,0,0,0,0,0,0,0,0,0,0,0,0,0,0,0,0,0,0,0,0,0,0,0,0,0,0,0,0,0,0,0,0,0,0,0,0,1,0,0,0,0,0,0,0,0,0,0,0,0,0,0,0,0,0,0.15091238218097835,0,0,0,0,0,0,0,0,0,0,0,0,0,0,0,0,0,0,0,0,0,0,0,0,0,0,0,0,0,0,0,0,0,0,0,0,0,0,0,0,0,0,0,0,0,0,0,0,0,0,0,0,0,0,0,0,0,0,0,0,0,0.21600738588607468,0,0,0,0,0,0,0,0,0,0.15558850098558213,0,0,0,0,0,0,0,0,0.6000709150004925,0,0,0,0,0,0,0,0,0,0,0,0,0,0,0,0,0,0,0,0,0,0,0,0,0.4196803647683744,0,0,0,0,0,0,0,0,0,0,0,0,0,0,Eukaryota;Arthropoda;Malacostraca;Euphausiacea;Euphausiidae;;
0,0,0,0,0,0,0,0,0,0,0,0,0,0,0,0,0,0,0,0,0,0,0,0,0,0,0,0,0,0,0,0,0,0,0,0,0,0,0,0,0,0,0,0,0,0,0,0,0,0,0,0,0,0,0,0,0,0,0,0,0,0,0,0,0,0,0,0,0,0,0,0,0,0,0,0,0,0,0,1,0,0,0,0,0,0,0,0,0,0,0,0,0,0,0,0,0,0,0,0,0,0,0,0,0,0,0,0,0,0,0,0,0,0,0,0,0,0,0,0,0,0,0,0,0,0,0,0,0,0,0,0,0,0,0,0,0,0,0,0,0,0,0,0,0,0,0,0,0,0,0,0,0,0,0,0,0,0,0,0,0,0,0,0,0,0,0,0,0,0,0,0,0,0,0,0,0,0,0,0,0,0,0,0,0,0,0,0,0,0,0,0,0,0,0,0,0,0,0,0,0,0,0,0,0,0,0,0,0,0,0,Eukaryota;Ascomycota;Eurotiomycetes;Eurotiales;Aspergillaceae;Penicillium;Penicillium digitatum
0,0,0,0,0,0,0,0,0,0,0,0,0,0,0,0,0,0,0,0,0,0,0,0,0,0,0,0,0,0,0,0,0,0,0,0,0,0,0,0,0,0,0,0,0,0,0,0,0,0,0,0,0,0,0,0,0,0,0,0,0,0,0,0,0,0,0,0,0,0,0,0,0,0,0,0,0,0,0,0,0,0,1,0.6757903487328906,0,0,0,0,0,0,0,0,0,0,0,0,0,0,0,0,0,0,0,0,0,0,0,0,0,0,0,0,0,0,0,0,0,0,0,0,0,0,0,0,0,0,0,0,0,0,0,0,0,0,0,0,0,0,0,0,0,0,0,0,0,0,0,0,0,0,0,0,0,0,0,0,0,0,0,0,0,0,0,0,0,0,0,0,0,0,0,0,0,0,0,0,0,0,0,0,0,0,0,0,0,0,0,0,0,0,0,0,0,0,0,0,0,0,0,0,0,0,0,0,0,0,0,0,0,0,0,Eukaryota;Brachiopoda;NA;NA;NA;Phoronis;Phoronis australis
0,0,0,0,0,0,0,0,0,0,0,0,0,0,0,0,0,0,0,0,0,0,0,0,0,0,0,0,0,0,0,0,0,0,0,0,0,0,0,0,0,0,0,0,0,0,0,0,0,0,0,0,0,0,0,0,0,0,0,0,0,0,0,0,0,0,0,0,0,0,0,0,0,0,0,0,0,0,0,0,0,0,0,0,0,0,0,0,0,0,0,0,0,0,0,0,0,0,0,0,0,0,0,0,0,0,0,0,0,0,0,0,0,0,0,0,0,0,0,0,0,0,0,0,0,0,0,0,0,0,0,0,0,0,0,0,0,0,0,0,0,0,0,0,0,0,0,0,0,0,0,0,0,0,0,0,0,0,0,0,0,0,1,0,0,0,0,0,0,0,0,0,0,0,0,0,0,0,0,0,0,0,0,0,0,0,0,0,0,0,0,0,0,0,0,0,0,0,0,0,0,0,0,0,0,0,0,0,0,0,0,Eukaryota;Arthropoda;Insecta;Diptera;Culicidae;Aedes;Aedes mcintoshi
0,1,0,0,0,0,0,0,0,0,0,0,0,0,0,0,0,0,0,0,0,0,0,0,0.5776000627229605,0,0,0,0,0,0,0,0,0,0,0,0,0,0,0,0,0,0,0,0,0,0,0,0,0,0,0,0,0,0,0,0,0,0,0,0,0,0,0,0,0,0,0,0,0,0,0,0,0,0,0,0,0,0,0,0,0,0,0,0,0,0,0,0,0,0,0,0,0,0,0,0,0,0,0,0,0,0,0,0,0,0,0,0,0,0,0,0,0,0,0,0,0,0,0,0.6492247549654634,0,0,0,0,0,0,0,0,0,0,0,0,0,0,0,0,0,0,0,0,0,0,0,0,0,0,0,0,0,0,0,0,0,0,0,0,0,0,0,0,0,0,0,0,0,0,0,0,0,0,0,0,0,0,0,0,0,0,0,0,0,0,0,0,0,0,0,0,0,0,0,0,0,0,0,0,0,0,0,0,0,0,0,0,0,0,0,0,0,0,Eukaryota;Basidiomycota;Microbotryomycetes;Sporidiobolales;Sporidiobolaceae;Rhodotorula;Rhodotorula mucilaginosa
0,0,0,0,0,0,0,0,0,0,0,0,0,0,0,0,0,0,0,0,0,0,0,0,0,0,0,0,0,0,0,0,0,0,0,0,0,0,0,0,0,0,0,0,0,0,0,0,0,0,0,0,0,0,0,0,0,0,0,0,0,0,0,0,0,0,0,0,0,0,0,0,0,0,0,0,0,0,0,0,0,0,0,0,0,0,0,0,0,0,0,0,0,1,0,0,0,0,0,0,0,0,0,0,0,0,0,0,0,0,0,0,0,0,0,0,0,0,0,0,0,0,0,0,0,0,0,0,0,0,0,0,0,0,0,0,0,0,0,0,0,0,0,0,0,0,0,0,0,0,0,0,0,0,0,0,0,0,0,0,0,0,0,0,0,0,0,0,0,0,0,0,0,0,0,0,0,0,0,0,0,0,0,0,0,0,0,0,0,0,0,0,0,0,0,0,0,0,0,0,0,0,0,0,0,0,0,0,0,0,0,Eukaryota;Arthropoda;Malacostraca;Decapoda;Cambaridae;Procambarus;Procambarus paeninsulanus
0,0,0,0,0,0,0,0,0,0,0,0,0,0,0,0,0,0,0,0,0,0,0,0,0,0,0,0,0,0,0,0,0,0,0,0,0,0,0,0,0,0,0,0,0,0,0,0,0,0,0,0,0,0,0,0,0,0,0,0,0,0,0,0,0,0,0,0,0,0,0,0,0,0,0,0,0,0,0,0,0,0,0,0,0,0,0,0,0,0,0,0,0,0,0,0,0,0,0,0,0,0,1,0,0,0,0,0,0,0,0,0,0,0,0,0,0,0,0,0,0,0,0,0,0,0,0,0,0,0,0,0,0,0,0,0,0,0,0,0,0,0,0,0,0,0,0,0,0,0,0,0,0,0,0,0,0,0,0,0,0,0,0,0,0,0,0,0,0,0,0,0,0,0,0,0,0,0,0,0,0,0,0,0,0,0,0,0,0,0,0,0,0,0,0,0,0,0,0,0,0,0,0,0,0,0,0,0,0,0,0,Eukaryota;Cnidaria;Hydrozoa;Leptothecata;Aglaopheniidae;Aglaophenia;Aglaophenia tubulifera
0,0,0,0,0,0,0,0,0,0,0,0,0,0,0,0,0,0,0,0,0,0,0,0,0,0,0,0,0,0,0,0,0,0,0,0,0,0,0,0,0,0,0,0,0,0,0,0,0,0,0,0,0,0,0,0,0,0,0,0,0,0,0,0,0,0,0,0,0,0,0,0,0,0,0,0,0,0,0,0,0,0,0,0,0,0,0,0,0,0,0,0,0,0,0,0,0,0,0,0,0,0,1,0,0,0,0,0,0,0,0,0,0,0,0,0,0,0,0,0,0,0,0,0,0,0,0,0,0,0,0,0,0,0,0,0,0,0,0,0,0,0,0,0,0,0,0,0,0,0,0,0,0,0,0,0,0,0,0,0,0,0,0,0,0,0,0,0,0,0,0,0,0,0,0,0,0,0,0,0,0,0,0,0,0,0,0,0,0,0,0,0,0,0,0,0,0,0,0,0,0,0,0,0,0,0,0,0,0,0,0,Eukaryota;NA;Oomycetes;Anisolpidiales;Anisolpidiaceae;Anisolpidium;Anisolpidium ectocarpii
0,0,0,0,0.9267285998088265,0,0,0,0,0,0,0,0,0,0,0,0,0,0,0,0,0,0,0,0,0,0,0,0,0,0,0,0,0,0,0,0,0,0,0,0,0,0,0,0,0,0,0,0,0,0,0,0,0,0,0,0,0,0,0,0,0,0,0,0,0,0,0,0,0,0,0,0,0,0,0,0,0,0,0,0,0,0,0,0,0,0,0,0,0,0,0,0,0,0,0,0,0,0,0,0,0,0,0,0,0,0,0,0,0,0,0,0,0,0,0,0,0,0,0,0,0,0,0,1,0,0,0,0,0,0,0,0,0,0,0,0,0,0,0,0,0,0,0,0,0,0,0,0,0,0,0,0,0,0,0,0,0,0,0,0,0,0,0,0,0,0,0,0,0,0,0,0,0,0,0,0,0,0,0,0,0,0,0,0,0,0,0,0,0,0,0,0,0,0,0,0,0,0,0,0,0,0,0,0,0,0,0,0,0,0,Eukaryota;Arthropoda;Malacostraca;Euphausiacea;Euphausiidae;Nematoscelis;
0,0,0,0,0,0,0,0,0,0,0,0,0,0,0,0,0,0,0,0,0,0,0,0,0,0,0,0,0,0,0,0,0,0,0,0,0,0,0,0,0,0,0,0,0,0,0,0,0,0,0,0,0,0,0,0,0,0,0,0,0,0,0,0,0,0,0,0,0,0,0,0,0,0,0,0,0,0,0,0,0,0,0,0,0,0,0,0,0,0,0,0,0,0,0,0,0,0,0,0,0,0,0,0,0,0,0,0,0,0,0,0,0,0,0,0,0,0,0,0,0,0,0,0,0,0,0,0,0,0,0,0,0,0,0,0,0,0,0,0,0,0,0,0,0,0,0,0,0,0,0,0,0,0,0,0,0,1,0,0,0,0,0,0,0,0,0,0,0,0,0,0,0,0,0,0,0,0,0,0,0,0,0,0,0,0,0,0,0,0,0,0,0,0,0,0,0,0,0,0,0,0,0,0,0,0,0,0,0,0,0,Eukaryota;Nemertea;Pilidiophora;;;;
0,0,0,0,0,0,0,0,0,0,0,0,0,0,0,0,0,0,0,0,0,0,0,0,0,0,0,0,0,0,0,0,0,0,0,0,0,0,0,0,0,0,0,0,0,0,0,0,0,0,0,0,0,0,0,0,0,0,0,0,0,0,0,0,0,0,0,0,0,0,0,0,0,0,0,0,0,0,0,0,0,0,0,0,0,0,0,0,0,0,0,0,0,0,0,0,0,0,0,0,0,0,0,0,0,0,0,0,0,0,0,0,0,0,0,0,0,0,0,0,0,0,0,0,0,0,0,0,0,0,0,0,0,0,0,0,0,0,0,0,0,0,0,0,0,0,0,0,0,0,0,0,0,0,0,0,0,0,0,0,1,0,0,0,0,0,0,0,0,0,0,0,0,0,0,0,0,0,0,0,0,0,0,0,0,0,0,0,0,0,0,0,0,0,0,0,0,0,0,0,0,0,0,0,0,0,0,0,0,0,0,Eukaryota;Arthropoda;Malacostraca;Decapoda;Portunidae;Portunus;Portunus xantusii
0,0,0,0,0,0,0,0,0,0,0,0,0,0,0,0,0,0,0,0,0,0,0,0,0,0,0,0,0,0,0,0,0,0,0,0,0,0,0,0,0,0,0,0,0,0,0,0,0,0,0,0,0,0,0,0,0,0,0,0,0,0,0,0,0,0,0,0,0,0,0,0,0,0,0,0,0,0,0,0,0,0,0,0,0,0,0,0,0,0,0,0,0,0,0,0,0,0,0,0,0,0,0,0,0,0,0,0,0,0,0,0,0,0,0,0,0,0,0,0,0,0,0,0,0,0,0,0,0,0,0,0,0,0,0,0,0,0,0,0,0,0,0,0,0,0,0,0,0,0,0,0,0,0,0,0,0,0,0,0,0,0,0,0,0,0,0,0,0,0,0,0,0,0,0,0,0,0,0,0,0,0,1,0,0,0,0,0,0,0,0,0,0,0,0,0,0,0,0,0,0,0,0,0,0,0,0,0,0,0,0,Eukaryota;NA;Oomycetes;Pythiales;Pythiaceae;Phytopythium;Phytopythium sp. AQ-2017a
0,0,0.2401832435826689,0,0,0,0,0,0,0,0,0,0,0,0,0,0,0,0,0,1,0,0,0,0,0,0,0,0,0,0,0,0,0,0,0,0,0,0,0,0,0,0,0.3049146864859207,0,0,0,0,0,0,0,0,0,0,0,0,0,0,0,0,0,0,0,0,0,0,0,0,0,0,0,0,0,0,0,0,0,0,0,0,0,0,0,0.09589866416454727,0,0,0,0,0,0,0,0,0.24085083512485533,0.007243246872412327,0.008959644917723431,0,0,0,0,0,0,0,0,0,0,0,0,0,0,0,0,0,0,0,0,0,0,0.9634352053978965,0,0,0,0,0,0,0,0,0,0,0,0,0,0,0,0,0,0,0.06402712445597222,0,0,0,0,0,0.27740107613923143,0,0,0,0,0,0,0,0,0,0.250610857781984,0,0,0,0,0,0,0,0,0,0,0,0,0,0,0,0,0,0,0,0,0,0,0,0,0,0,0,0,0,0.05289947356592684,0,0,0,0,0,0,0,0,0,0,0,0.8129964114832536,0,0,0,0,0,0,0,0,0,0,0,0,0,0,0,0,Eukaryota;Arthropoda;Hexanauplia;Calanoida;Calanidae;Calanus;Calanus chilensis
0,0,0,0,0,0,0,0,0,0,0,0,0,0,0,0,0,0,0,0,0,0,0,0,0,0,1,0,0,0,0,0,0,0,0,0,0,0,0,0,0,0,0,0,0,0,0,0,0,0,0,0,0,0,0,0,0,0,0,0,0,0,0,0,0,0,0,0,0,0,0,0,0,0,0,0,0,0,0,0,0,0,0,0,0,0,0,0,0,0,0,0,0,0,0,0,0,0,0,0,0,0,0,0,0,0,0,0,0,0,0,0,0,0,0,0,0,0,0,0,0,0,0,0,0,0,0,0,0,0,0,0,0,0,0,0,0,0,0,0,0,0,0,0,0,0,0,0,0,0,0,0,0,0,0,0,0,0,0,0,0,0,0,0,0,0,0,0,0,0,0,0,0,0,0,0,0,0,0,0,0,0,0,0,0,0,0,0,0,0,0,0,0,0,0,0,0,0,0,0,0,0,0,0,0,0,0,0,0,0,0,Eukaryota;Mollusca;Gastropoda;Neogastropoda;Muricidae;Nucella;Nucella lamellosa
0,0,0,0,0,0,0.1802581912821662,0,0,0,0,0,0,0,0,0,0,0,0,0,0,0,0,0,0,0,0,0,0,0,0,0,0,0,0,0,0,0,0,0,0,0,0,0,0,0,0,0,0,0,0,0,0,0,0,1,0,0,0,0,0,0,0,0,0,0,0,0,0,0,0,0,0,0,0,0,0,0,0,0,0,0,0,0,0,0,0,0,0,0,0,0,0,0,0,0,0,0,0,0,0,0,0,0,0,0,0,0,0,0,0,0,0,0,0,0,0,0,0,0,0,0,0,0,0,0,0,0,0,0,0,0,0,0,0,0,0,0,0,0,0,0,0,0,0,0,0,0,0,0,0,0,0,0,0,0,0,0,0,0,0,0,0,0,0,0,0,0,0,0,0,0,0,0,0,0,0,0,0,0,0,0,0,0,0,0,0,0,0,0,0,0,0,0,0,0,0,0,0,0,0,0,0,0,0,0,0,0,0,0,0,Eukaryota;Arthropoda;Hexanauplia;Calanoida;NA;NA;Calanoida sp. BOLD:AAZ8606
0,0,0,0,0,0,0,0,0,0,0,0,0,0,0,0,0,0,0,0,0,0,0,0,0,0,0,0,0,0,0,0,0,0,0,0,0,0,0,0,0,0,0,0,0,0,0,0,0,0,0,0,0,0,0,0,0,0,0,0,0,0,0,0,0,0,0,0,0,0,0,0,0,0,0,0,0,0,0,0,0,0,0,0,0,0,0,0,0,0,0,0,0,0,0,0,0,0,0,0,0,0,0,0,0,0,0,0,0,0,0,0,0,0,0,0,0,0,0,0,0,0,0,0,0,0,0,0,0,0,0,0,0,0,0,0,0,0,0,0,0,0,0,0,0,0,0,0,0,0,0,0,0,0,0,0,0,0,0,0,0,0,0,0,0,0,0,0,0,0,0,0,0,0,0,0,0,0,0,0,0,0,0,0,0,0,0,0,0,0,0,0,0,0,0,0,0,0,0,0,0,0,0,0,1,0,0,0,0,0,0,Eukaryota;Echinodermata;Echinoidea;NA;Dentrastidae;Dendraster;Dendraster excentricus
0,0,0,0,0,0,0,0,0,0,0,0,0,0,0,0,0,0,0,0,0,0,0,0,0,0,0,0,0,0,0,0,0,0,0,0,0,0,0,0,0,0,0,0,0,0,0,0,0,0,0,0,0,0,0,0,0,0,0,0,0,0,0,0,0,0,0,0,0,0,0,0,0,0,0,0,0,0,0,0,0,0,0,0,0,0,0,0,0,0,0,0,0,0,0,0,0,0,0,0,0,0,0.2404451479116444,0,0.8527246677535695,0,0,0,0,0,0,0,0,0,0,0,0,0,0,0,0,0,0,0,0,0,0,0,0,0,0,0,0,0,0,0,0,0,0,0,0,0,0,0,0,0,0,0,0,0,0,0,0,0,0,0,0,0,0,0,0,0,0,0,0,0,0,0,0,0,0,0,0,0,0,0,0,0,0,0,0,0,0,0,0,0,0,0,0,0,0,0,0,0,0,0,0,0,0,0,0,0,0,1,0,0,0,0,0,0,0,Eukaryota;Bacillariophyta;Mediophyceae;Cymatosirales;Cymatosiraceae;Minutocellus;Minutocellus polymorphus
0,0,0,0,0,0,0,0,0,0,0,0,0,0,0,0,0,0,0,0,0,0,0,0,0,0,0,1,0,0,0,0,0,0,0,0,0,0,0,0,0,0,0,0,0,0,0,0,0,0,0,0,0,0,0,0,0,0,0,0,0,0,0,0,0,0,0,0,0,0,0,0,0,0,0,0,0,0,0,0,0,0,0,0,0,0,0,0,0,0,0,0,0,0,0,0,0,0,0,0,0,0,0,0,0,0,0,0,0,0,0,0,0,0,0,0,0,0,0,0,0,0,0,0,0,0,0,0,0,0,0,0,0,0,0,0,0,0,0,0,0,0,0,0,0,0,0,0,0,0,0,0,0,0,0,0,0,0,0,0,0,0,0,0,0,0,0,0,0,0,0,0,0,0,0,0,0,0,0,0,0,0,0,0,0,0,0,0,0,0,0,0,0,0,0,0,0,0,0,0,0,0,0,0,0,0,0,0,0,0,0,Eukaryota;Arthropoda;Malacostraca;Euphausiacea;Euphausiidae;Thysanopoda;Thysanopoda obtusifrons
0,0,0,0,0,0,0,0,0,0,0,0,0,0,0,0,0,0,0,0,0,0,0,0,0,0,0,0,0,0,0,0,0,0,0,0,0,0,0,0,0,0,0,0,0,0,0,0,0,0,0,0,0,0,0,0,0,0,0,0,0,0,1,0,0,0,0,0,0.14665401398768604,0,0,0,0,0,0,0,0,0,0,0,0,0,0,0,0,0,0,0,0,0,0,0,0,0,0,0,0,0,0,0,0,0,0,0,0,0,0,0,0,0,0,0,0,0,0,0,0,0,0,0,0,0,0,0,0,0,0,0,0,0,0,0,0,0,0,0,0,0,0,0,0,0,0,0,0,0,0,0,0,0,0,0,0,0,0,0,0,0,0,0,0,0,0,0,0,0,0,0,0,0,0,0,0,0,0,0,0,0,0,0,0,0,0,0,0,0,0,0,0,0,0,0,0,0,0,0,0,0,0,0,0,0,0,0,0,0,0,0,0,0,0,Eukaryota;NA;Oomycetes;Peronosporales;Peronosporaceae;Nothophytophthora;Nothophytophthora intricata
0,0,0,0,0,0,0,0,0,0,0,0,0,0,0,0,0,0,0,0,0,0,0,0,0,0,0,0,0,0,0,0,0,0,0,0,0,0,0,0,0,0,0,0,0,0,0,0,0,0,0,0,0,0,0,0,0,0,0,0,0,0,0,0,0,0,0,0,0,0,0,0,0,0,0,0,0,0,0,0,0,0,0,0,0,0,0,0,0,0,0,0,0,0,0,0,0,0,0,0,0,0,0,0,0,0,0,0.14547388841953757,0,0,0,0,0,0,0,0,0,0,0,0,0,0,0,0,0,0,0,0,0,0,0,0,0,0,0,0,0,0,0,0,0,0,0,0,0,0,0,0,0,0,0,0,1,0,0,0,0,0,0,0,0,0,0,0,0,0,0,0,0,0,0,0,0,0,0,0,0,0,0,0,0,0,0,0,0,0,0,0,0,0,0,0,0,0,0,0,0,0,0,0,0,0,0,0,0,0,0,0,0,0,0,Eukaryota;Arthropoda;Hexanauplia;Calanoida;Aetideidae;Gaetanus;Gaetanus tenuispinus
0,0,0,0,0,0,0,0.02032212916038099,0,0,0.024359588069990085,0,0.005024579291305653,0,0,0,0,0,0,0,0,0,0.2396525974958449,0.12518956397859188,0.15161821486158963,0,0,0.04112765120043621,0,0,0,0,0,0,0,0,0,0,0,0.03618015857657044,0,0.03311143857861958,0,0,0,0,0.06570510916252231,0.0990959228545799,0.0437589686968176,0,0,0,0.01618518487908891,0,0.05483167616867732,0.0889918985014083,0.04271984590019934,0.027692988218283567,0,0,0,0,0.8746360548318549,1,0,0,0,0,0.012363266334404377,0.012099987275975593,0,0,0.009505265982271742,0.007435204461597254,0,0,0,0,0,0.01701213921515532,0.008789099205688034,0,0,0,0,0,0,0,0,0,0,0,0,0.042622793935728195,0.035904067479349246,0,0.21045900804719914,0.2951181911357147,0,0.3967394100566276,0.23124185017549972,0.19299579259579513,0.3240838708131321,0.42987037512233217,0,0.3643668246817086,0.3718266554960443,0.0349465078864969,0.012601625736001633,0.020451407347795,0,0,0,0,0,0,6.431448159990883e-4,0,0.01884339308566425,0.007262656680189918,0,0,0,0,0,0,0,5.564920209266859e-4,0,0,0,0,0,0,0.016768015120860257,0.014065086147995374,0.002841378567891519,0,0,0,0,0,0,0,0.0030329816181993608,0,0,0.0014162609391400122,0.0012988783931798993,0.004761166724407247,0,0,0,0,0,0,0.0061336936344919355,0.0035386679174501893,0.0014321777299013995,0,0,0,0,0,0,0.012037591522806422,0,0.027201100984543158,0.035031645340534864,0.025723598620478228,0,0,0,0,0,0.05623142017710442,0.08324939731055542,0.09718547211491076,0,0,0,0.02019776196369637,0.024825432821481783,0.0072549415375097485,0.019294824474611054,0.01926768233683154,0,0,0,0,0.04500856717796132,0,0,0,0,0,0,0,0,0.006562542280373487,0,0.017539710952052725,0.02746146158007083,0.005592026178284109,0.042724048127811005,0,0,0,0,0,0,Eukaryota;Bacillariophyta;Bacillariophyceae;Bacillariales;Bacillariaceae;Pseudo-nitzschia;Pseudo-nitzschia sabit
0,0,0,0,0,0,0,0,0,0,0,0,0,0,0,0,0,0,0,0,0,0,0,0,0,0,0,0,0,0,0,0,0,0,0,0,0,0,0,0,0,0,0,0,0,0,0,0,0,0,0,0,0,0,0,0,0,0,0,0,0,0,0,0,0,0,0,0,0,0,0,0,0,0,0,0,0,0,0,0,0,0,0,0,0,0,0,0,0,0,0,0,0,0,0,0,0,0,0,0,0,0,0,0,0,0,0,0,0,0,0,0,0,0,0,0,0,0,0,0,0,0,0,0,0,0,0,0,0,0,0,0,0,0,0,0,0,0,0,0,0,0,0,0,0,0,0,0.01007080445917445,0,0,0,0,0,0,0,0,0,0,0,0,0,0,0,0,0,0,0,0,0,0,0,0,0,0,0,0,0,0,0,0,0,0,0,0,0,0,0,1,0,0,0,0,0,0,0,0,0,0,0,0,0,0,0,0,0,0,0,0,0,0,0,Eukaryota;Arthropoda;Hexanauplia;Sessilia;;;
0,1,0,0,0,0,0,0,0,0,0,0,0,0,0,0,0,0,0,0,0,0,0,0,0,0,0,0,0,0,0,0,0,0,0,0,0,0,0,0,0,0,0,0,0,0,0,0,0,0,0,0,0,0,0,0,0,0,0,0,0,0,0,0,0,0,0,0,0,0,0,0,0,0,0,0,0,0,0,0,0,0,0,0,0,0,0,0,0,0,0,0,0,0,0,0,0,0,0,0,0,0,0,0,0,0,0,0,0,0,0,0,0,0,0,0,0,0,0,0,0,0,0,0,0,0,0,0,0,0,0,0,0,0,0,0,0,0,0,0,0,0,0,0,0,0,0,0,0,0,0,0,0,0,0,0,0,0,0,0,0,0,0,0,0,0,0,0,0,0,0,0,0,0,0,0,0,0,0,0,0,0,0,0,0,0,0,0,0,0,0,0,0,0,0,0,0,0,0,0,0,0,0,0,0,0,0,0,0,0,0,Eukaryota;Arthropoda;Hexanauplia;Calanoida;Diaptomidae;Nordodiaptomus;Nordodiaptomus alaskaensis
0.464566333287089,1,0,0,0,0,0,0,0,0,0,0,0,0,0,0,0,0,0,0,0.8129372558539869,0,0,0,0,0,0,0,0,0,0,0,0,0,0,0,0,0,0,0,0,0,0,0,0,0,0,0,0,0,0,0,0,0,0,0,0,0,0,0,0,0,0,0,0,0,0,0,0,0,0,0,0,0,0,0,0,0,0,0,0,0,0,0,0,0,0,0,0,0,0,0,0,0,0,0,0,0,0,0,0,0,0,0,0,0,0,0,0,0,0,0,0,0,0,0,0,0,0,0,0,0,0,0,0,0,0,0,0,0,0,0,0,0,0,0,0,0,0,0,0,0,0,0,0,0,0,0,0,0,0,0,0,0,0,0,0,0,0,0,0,0,0,0,0,0,0,0,0,0,0,0,0,0,0,0,0,0,0,0,0,0,0,0,0,0,0,0,0,0,0,0,0,0,0,0,0,0,0,0,0,0,0,0,0,0,0,0,0,0,0,Eukaryota;Arthropoda;Hexanauplia;Calanoida;Euchaetidae;Paraeuchaeta;Paraeuchaeta hebes
0,1,0,0,0,0,0,0,0,0,0,0,0,0,0,0,0,0,0,0,0,0,0,0,0,0,0,0,0,0,0,0,0,0,0,0,0,0,0,0,0,0,0,0,0,0,0,0,0,0,0,0,0,0,0,0,0,0,0,0,0,0,0,0,0,0,0,0,0,0,0,0,0,0,0,0,0,0,0,0,0,0,0,0,0,0,0,0,0,0,0,0,0,0,0,0,0,0,0,0,0,0,0,0,0,0,0,0,0,0,0,0,0,0,0,0,0,0,0,0,0,0,0,0,0,0.6262219275428843,0,0.15417073252398855,0,0,0,0,0,0,0,0,0,0,0,0,0,0,0,0,0,0,0,0,0,0,0,0,0,0,0,0,0,0,0,0,0,0,0,0,0,0,0,0,0,0,0,0,0,0,0,0,0,0,0,0,0,0,0,0,0,0,0,0,0,0,0,0,0,0,0,0,0,0,0,0,0,0,0,0,0,0,0,0,0,0,0,Eukaryota;Arthropoda;Malacostraca;Decapoda;Pinnotheridae;Pinnixa;Pinnixa faba
0,0,0,0,0,0,0,0,0,0,1,0,0,0,0,0,0,0,0,0,0,0,0,0,0,0,0,0,0,0,0,0,0,0,0,0,0,0,0,0,0,0,0,0,0,0,0,0,0,0,0,0,0,0,0,0,0,0,0,0,0,0,0,0,0,0,0,0,0,0,0,0,0,0,0,0,0,0,0,0,0,0,0,0,0,0,0,0,0,0,0,0,0,0,0,0,0,0,0,0,0,0,0,0,0,0,0,0,0,0,0,0,0,0,0,0,0,0,0,0,0,0,0,0,0,0,0,0,0,0,0,0,0,0,0,0,0,0,0,0,0,0,0,0,0,0,0,0,0,0,0,0,0,0,0,0,0,0,0,0,0,0,0,0,0,0,0,0,0,0,0,0,0,0,0,0,0,0,0,0,0,0,0,0,0,0,0,0,0,0,0,0,0,0,0,0,0,0,0,0,0,0,0,0,0,0,0,0,0,0,0,Eukaryota;Cnidaria;Hydrozoa;Siphonophorae;Abylidae;Abylopsis;Abylopsis tetragona
0,0,0,0,0,0,0,0,0,0,0,0,0,0,0,0,0,0,0,0,0,0,0,0,0,0,0,0,0,0,1,0,0,0,0,0,0,0,0,0,0,0,0,0,0,0,0,0,0,0,0,0,0,0,0,0,0,0,0,0,0,0,0,0,0,0,0,0,0,0,0,0,0,0,0,0,0,0,0,0,0,0,0,0,0,0,0,0,0,0,0,0,0,0,0,0,0,0,0,0,0,0,0,0,0,0,0,0,0,0,0,0,0,0,0,0,0,0,0,0,0,0,0,0,0,0,0,0,0,0,0,0,0,0,0,0,0,0,0,0,0,0,0,0,0,0,0,0,0,0,0,0,0,0,0,0,0,0,0,0,0,0,0,0,0,0,0,0,0,0,0,0,0,0,0,0,0,0,0,0,0,0,0,0,0,0,0,0,0,0,0,0,0,0,0,0,0,0,0,0,0,0,0,0,0,0,0,0,0,0,0,Bacteria;Proteobacteria;Alphaproteobacteria;Rhizobiales;Rhizobiaceae;Rhizobium;Rhizobium phaseoli
0,0,0,0,0,0,0,0,0,0,0.3852737373142532,0,0,0,0,0,0,0,0,0,0,0,0,0,0,0,0,0,0,0,0,0,0,0,0,0,0,0,0,0,0,0,0,0,0,0,0,0,0,0,0,0,0,0,0,0,0,0,0,0,0,0,1,0,0,0,0,0,0,0,0,0,0,0,0,0,0,0,0,0,0,0,0,0,0,0,0,0,0,0,0,0,0,0.07320830442599348,0.04527806550289866,0,0,0,0,0,0,0,0,0,0,0,0,0,0,0,0,0,0,0,0,0,0,0,0,0,0,0,0,0,0,0,0,0,0,0,0,0,0,0,0,0,0,0,0,0,0,0,0,0,0,0,0,0,0,0,0,0,0,0,0,0,0,0,0,0,0,0,0,0,0,0,0,0,0,0,0,0,0,0,0,0,0,0,0,0,0,0,0,0,0,0,0,0,0,0,0,0,0,0,0,0,0,0,0.4661330926708782,0,0,0,0,0,0,0,0,0,0,0,0,Eukaryota;Arthropoda;Hexanauplia;Calanoida;Heterorhabdidae;Heterorhabdus;Heterorhabdus habrosomus
0,0,0,0,0,0,0,0,0,0,0,0,0,0,0,0,0,0,0,0,0,0,0,0,0,0,0,0,0,0,0,0,0,0,0,0,0,0,0,0,0,0,0,0,0,0,0,0,0,0,0,0,0,0,0,0,0,0,0,0,0,0,0,0,0,0,0,0,0,0,0,0,0,0,0,0,0,0,0,0,0,0,0,0,0,0,0,0,0,0,0,0,0,0,0,0,0,0,0,0,0,0,0,0,0,0,0,0,0,0,0,0,0,0,0,0,0,0,0,0,0,0,0,0,0,0,0,0,0,0,0,0,0,0,0,0,0,0,0,0,0,0,0,0,0,0,0,0,0,0,0,0,0,0,0,0,0,0,0,0,1,0,0,0,0,0,0,0,0,0,0,0,0,0,0,0,0,0,0,0,0,0,0,0,0,0,0,0,0,0,0,0,0,0,0,0,0,0,0,0,0,0,0,0,0,0,0,0,0,0,0,Eukaryota;NA;Hyphochytriomycetes;NA;Hyphochytriaceae;Hyphochytrium;Hyphochytrium catenoides
0,0,0,0,0,0,0,0,0,0,0,0,0,0,0,0,0,0,0,0,0,0,0,0,0,0,0,0,0,0,0,0,0,0,0,0,0,0,0,0,0,0,0,0,0,0,0,0,0,0,0,0,0,0,0,0,0,0,0,0,0,0,0,0,0,0,0,0,0,0,0,0,0,0,0,0,0,0,0,0,0,0,0,0,0,0,0,0,0,0,0,0,0,0,0,0,0,0,0,0,0,0,0,0,0,0,0,0,0,0,0,0,0,0,0,0,0,0,0,0,0,0,0,0,0,0,0,0,0,0,0,0,0,0,0,0,0,0,0,0,0,0,0,0,0,0,0,0,0,0,0,0,0,0,0,0,0,0,0.34068666486627475,0,0,0,0,0,0,0,0,0,1,0,0,0,0,0,0,0,0,0,0,0,0,0,0,0,0,0,0,0,0,0,0,0,0,0,0,0,0,0,0,0,0,0,0,0,0,0,0,0,0,0,0,Eukaryota;Arthropoda;Malacostraca;Euphausiacea;Euphausiidae;Thysanoessa;
0,0,0,0,0,0,0,0,0,0,0,0,0,0,0,0,0,0,0,0,0,0,0,0,0,0,0,0,0,0,0,0,0,0,0,0,0,0,0,0,0,0,0,0,0,0,0,0,0,0,0,0,0,0,0,0,0,0,0,0,0,0,0,0,0,0,0,0,0,0,0,0,0,0,0,0,0,0,0,0,0,0,0,0,0,0,0,0,0,0,0,0,0,0,0,0,0,0,0,0,0,0,0,0,0,0,0,0,0,0,0,0,0,0,0,0,0,0,0,0,0,0,0,0,0,0,0,0,0,0,0,0,0,0,0,0,0,0,0,0,0,0,0,0,0,0,0,0,0,0,0,0,0,0,0,0,0,0,0,0,0,0,0,0,0,0,0,0,0,0,0,1,0,0,0,0,0,0,0,0,0,0,0,0,0,0,0,0,0,0,0,0,0,0,0,0,0,0,0,0,0,0,0,0,0,0,0,0,0,0,0,Eukaryota;Arthropoda;Hexanauplia;Calanoida;Metridinidae;Pleuromamma;
0,0,0,0,0,0.17065315825220737,0,0,0,0,0,0,0,0,0,0,0,0,0,0,0,0,0,0,0,0,0,0,0,0,0,0,0,0,0,0,0,0,0,0,0,0,0,0,0.27623092427296286,0.19407183316168897,0,0,0,0,0,0,0,0,0,0,0,0,0,0,0,0,0,0,0,0,0,0,0.03686562257158228,0,0,0,0,0,0,0,0,0,0,0,0,0,0,0,0,0,0,0,0,0,0,0,0,0,0,0,0,0,0,0,0,0,0,0,0,0,0,0,0,0,0,0.08201675643327348,0.07417017438364402,0,0,0,0.0021308585004229065,0,0,0,0,0,0,0,0,0,0,0,0,0,0,0,0,0,1,0.7775584355023607,0.775714929441245,0.20963671128107075,0.18000985095864422,0.1794905376203261,0,0,0,0.023995447780793135,0,0,0.4146273938978794,0.2518846037963242,0.2623368434802705,0,0.08346952240775515,0,0,0,0,0,0.03454751701537686,0.012834985447943982,0,0,0,0,0,0,0,0,0,0,0,0,0,0,0,0,0,0,0,0,0,0,0,0,0.029867131581277198,0,0,0,0,0,0,0,0,0,0,0,0,0,0,0,0,0,0,0,0,0,0,0,0,0,0,0,0,Eukaryota;Cnidaria;Anthozoa;Ceriantharia;Arachnactidae;Isarachnanthus;Isarachnanthus nocturnus
0,0,0,0,0,0,0,0,0,0,0,0,0,0,0,0,0,0,0,0,0,0,0,0,0,0,0,0,0,0,0,0,0,0,0,0,0,0,0,0,0,0,0,0,0,0,0,0,0,0,0,0,0,0,0,0,0,0,0,0,0,0,0,0,0,0,0,0,0,0,0,0,0,0,0,0,0,0,0,0,0,0,0,0,0,0,0,0,0,0,0,0,0,0,0,0,0,0,0,0,0,0,0,0,0,0,0,0,0,0,0,0,0,0,0,0,0,0,0,0,0,0,0,0,0,0,0,0,0,0,0,0,0,0,0,0,0,0,0,0,0,0,0,0,0,0,0,0,0,0,0,0,0,0,0,0,0,0,0,0,0,0,0,0,0,0,0,0,0,0,0,0,0,0,0,0,0,0,0,0,0,0,0.17968904295238938,0,0,0,0,0,0,0,0,0,0,0,0,0,0,0,0,0,0,0,0,0,0,1,0,0,0,0,0,Eukaryota;Rhodophyta;Florideophyceae;Ceramiales;Rhodomelaceae;;
0,0,0,0,0,0,0,0,0,0,0,0,0,0,0,0,0,0,0,0,0,0,0,0,0,0,0,0,0,0,0,0,0,0,0,0,0,0,0,0,0,0,0,0,0,0,0,0,0,0,0,0,0,0,0,0,0,0,0,0,0,0,0,0,0,0,0,0,0,0,0,0,0,0,0,0,0,0,0,0,0,0,0,0,0,0,0,0,0,0,0,0,0,0,0,0,0,0,0,0,0,0,0,0,0,0,0,0,0,0,0,0,0,0,0,0,0,0,0,0,0,0,0,0,0,0,0,0,0,0,0,0,0,0,0,0,0,0,0,0,0,0,0,0,0,0,0,0,0,0,0,0,0,0,0,0,0,0,0,0,0,0,0,0,0,0,0,0,0,0,0,0,0,0,0,0,0,0,0,0,0,0,1,0,0,0,0,0,0,0,0,0,0,0,0,0,0,0,0,0,0,0,0,0,0,0,0,0,0,0,0,Eukaryota;Bacillariophyta;Bacillariophyceae;Naviculales;Pinnulariaceae;Pinnularia;Pinnularia sp. 9 CS-2011
0,0,0,0,0,0,0,0,0,0,0,0,0,0,0,0,0,0,0,0,0,0,0,0,0,0,0,0,0,0,0,0,0,0,0,0,0,0,0,0,0,0,0,0,0,0,0,0,0,0,0,0,0,0,0,0,0,0,0,0,0,0,0,0,0,0,0,0,0,0,0,0,0,0,0,0,0,0,0,0,0,0,0,0,0,0,0,0,0,0,0,0,0,0,0,0,0,0,0,0,0,0,0,0,0,0,0,0,0,0,0,0,0,0,0,0,0,0,0,0,0,0,0,0,0,0,0,0,0,0,0,0,0,0,0,0,0,0,0,0,0,0,0,0,0,0,0,0,0,0,0,0,0,0,0,0,0,0,0,0,0,0,0,0,0,0,0,0,0,0,0,0,0,0,0,0,0,0,0,0,0,0,1,0,0,0,0,0,0,0,0,0,0,0,0,0,0,0,0,0,0,0,0,0,0,0,0,0,0,0,0,Eukaryota;Arthropoda;Branchiopoda;Diplostraca;Moinidae;Moina;
0,0,0,0,0,0,0,0,0,0,0,0,0,0,0,0,0,0,0,0,0,0,0,0,0,0,0,0,0,0,0,1,0,0,0,0,0,0,0,0,0,0,0,0,0,0,0,0,0,0,0,0,0,0,0,0,0,0,0,0,0,0,0,0,0,0,0,0,0,0,0,0,0,0,0,0,0,0,0,0,0,0,0,0,0,0,0,0,0,0,0,0,0,0,0,0,0,0,0,0,0,0,0,0,0,0,0,0,0,0,0,0,0,0,0,0,0,0,0,0,0,0,0,0,0,0,0,0,0,0,0,0,0,0,0,0,0,0,0,0,0,0,0,0,0,0,0,0,0,0,0,0,0,0,0,0,0,0,0,0,0,0,0,0,0,0,0,0,0,0,0,0,0,0,0,0,0,0,0,0,0,0,0,0,0,0,0,0,0,0,0,0,0,0,0,0,0,0,0,0,0,0,0,0,0,0,0,0,0,0,0,Eukaryota;Arthropoda;Malacostraca;Decapoda;Parthenopidae;;
0,0,0,0,0,0,0,0,0,0,0,0,0,0,0,0,0,0,0,0,0,0,0,0,0,0,0,0,0,0,0,0,0,0,0,0,0,0,0,0,0,0,0,0,0,0,0,0,0,0,0,0,0,0,0,0,0,0,0,1,0,0,0,0,0,0,0,0,0,0,0,0,0,0,0,0,0,0,0,0,0,0,0,0,0,0,0,0,0,0,0,0,0,0,0,0,0,0,0,0,0,0,0,0,0,0,0,0,0,0,0,0,0,0,0,0,0,0,0,0,0,0,0,0,0,0,0,0,0,0,0,0,0,0,0,0,0,0,0,0,0,0,0,0,0,0,0,0,0,0,0,0,0,0,0,0,0,0,0,0,0,0,0,0,0,0,0,0,0,0,0,0,0,0,0,0,0,0,0,0,0,0,0,0,0,0,0,0,0,0,0,0,0,0,0,0,0,0,0,0,0,0,0,0,0,0,0,0,0,0,0,Eukaryota;Arthropoda;Insecta;Diptera;Chloropidae;Elachiptera;Elachiptera cornuta
0,0,0,0,0,0,0,0,0,0,0,0,0,0,0,0,0,0,0,0,0,0,0,0,0,0,0,0,0,0,0,0,0,0,0,0,0,0,0,0,0,0,0,0,0,0,0,0,0,0,0,0,0,0,0,0,0,0,0,0,0,0,0,0,0,0,0,0,0,0,0,0,0,0,0,0,0,0,0,0,0,0,0,0,0,0,0,0,0,0,0,0,0,0,0,0,0,0,0,0,0,0,0,1,0,0,0,0,0,0,0,0,0,0,0,0,0,0,0,0,0,0,0,0,0,0,0,0,0,0,0,0,0,0,0,0,0,0,0,0,0,0,0,0,0,0,0,0,0,0,0,0,0,0,0,0,0,0,0,0,0,0,0,0,0,0,0,0,0,0,0,0,0,0,0,0,0,0,0,0,0,0,0,0,0,0,0,0,0,0,0,0,0,0,0,0,0,0,0,0,0,0,0,0,0,0,0,0,0,0,0,Eukaryota;Annelida;Polychaeta;Spionida;Spionidae;Polydora;Polydora lingshuiensis
0,0,0,0,0,0,0,0,0,0,0,0,0,0,0,0,0,0,0,0,0,0,0,0,0,0,0,0,0,0,0,0,0,0,0,0,0,0,0,0,0,0,0,0,0,0,0,0,0,0,0,0,0,0,0,0,0,0,0,0,0,0,0,0,0,0,0,0,0,0,0,0,0,0,0,0,0,0,0,0,0,0,0,0,0,0,0,0,0,0,0,0,0,0,0,0,0,0,0,0,0,0,0,0,0,0,0,0,0,0,0,0,0,0,0,0,0,0,0,0,0,0,0,0,0,0,0,0,0,0,0,0,0,0,0,0,0,0,0,0,0,0,0,0,0,0,0,0,0,0,0,0,0,0,0,0,0,0,0,0,0,0,0,0,0,0,0,0,0,0,0,0,0,0,0,0,0,0,0,0,0,0,0,0,0,0,0,0,0,0,0,0,0,0,0,0,0,0,0,0,0,0,0,0,1,0,0,0,0,0,0,Eukaryota;Arthropoda;Malacostraca;Decapoda;Hippolytidae;Eualus;
0,0,0,0,0,0,0,0,0,0,0,0,0,0,0,0,0,0,0,0,0,0,0,0,0,0,0,0,0,0,0,0,0,0,0,0,0,0,0,0,0,0,0,0,0,0,0,0,0,0,0,0,0,0,0,0,0,0,0,0,0,0,0,0,0,0,0,0,0,0,0,0,0,0,0,0,0,0,0,0,0,0,0,0,0,0,0,0,0,0,0,0,0,0,0,0,0,0,0,0,0,0,0,0,0,0,0,0,0,0,0,0,0,0,0,0,0,0,0,0,0,0,0,0,0,0,0,0,0,0,0,0,0,0,0,0,0,0,0,0,0,0,0,0,0,0,0,0,0,0,0,0,0,0,0,0,0,0,0,0,0,0,0,0,0,0,0,0,0,0,0,0,0,0,0,0,0,0,0,0,0,0,0,0,0,0,0,0,0,0,0,1,0,0,0,0,0,0,0,0,0,0,0,0,0,0,0,0,0,0,0,Eukaryota;Arthropoda;Insecta;Coleoptera;Chrysomelidae;Palpoxena;Palpoxena sp. JJG230
0,0,0,0,0,0,0,0,0,0,0,0,0,0,0,0,0,0,0,0,0,0,0,0,0,0,0,0,0,0,0,0,0,0,0,0,0,0,0,0,0,0,0,0,0,0,0,0,0,0,0,0,0,0,0,0,0,0,0,0,0,0,0,0,0,0,0,0,0,0,0,0,0,0,0,0,0,0,0,0,0,0,0,0,0,0,0,0,0,0,0,0,0,0,0,0,0,0,0,0,0,0,0,0,0,0,0,0,0,0,0,0,0,0,0,0,0,0,0,0,0,0,0,0,0,0,0,0,0,0,0,0,0,0,0,0,0,0,0,0,0,0,0,0,0,0,0,0,0,0,0,0,0,0,0,0,0,0,0,0,0,0,0,0,0,0,0,0,0,0,0,0,0,0,0,0,0,0,0,0,0,0,0,0,0,0,0,0,0,0,0,0,0,0,0,1,0,0,0,0,0,0,0,0,0,0,0,0,0,0,0,Eukaryota;NA;Oomycetes;Pythiales;Pythiaceae;Phytopythium;Phytopythium sp. UZ612
0,0,0,0,0,0,0,0,0,0,0,0,0,0,0,0,0,0,0,0,0,0,0,0,0,0,0,0,0,0,0,0,0,0,0,0,0,0,0,0,0,0,0,0,0,0,0,0,0,0,0,0,0,0,0,0,0,0,0,0,0,0,0,0,0,0,0,0,0,0,0,0,0,0,0,0,0,0,0,0,0,0,0,0,0,0,0,0,0,0,0,0,0,0,0,0,0,0,0,0,0,0,0,0,0,0,0,0,0,0,0,0,0,0,1,0,0,0,0,0,0,0,0,0,0,0,0,0,0,0,0,0,0,0,0,0,0,0,0,0,0,0,0,0,0,0,0,0,0,0,0,0,0,0,0,0,0,0,0,0,0,0,0,0,0,0,0,0,0,0,0,0,0,0,0,0,0.20029986925306975,0,0,0,0,0,0,0,0,0,0,0,0,0,0,0,0,0,0,0,0,0,0,0,0,0,0,0,0,0,0,0,0,0,0,Eukaryota;Arthropoda;Insecta;Ephemeroptera;;;
0.19025314351982378,0.20299836829915321,0.20503085995557285,0.01281915554791587,0.013603548286382149,0.005762446159119591,0,0,0,0,0,0,0.06229252247878422,0.033582669087567796,0,0,0,0,0,0,0,0.002979867522462223,0.04226605393916146,0.10238280779945307,0.07317155292462622,0,0.016346548052775384,0.02185210787983667,0,0.008108416458747466,0.05518569675515155,0.05371632388020639,0.004766427843601354,0,0,0.003243344442966639,0,0.015183541073554673,0.02596029748230363,0.002638504007591364,0,0,0.0703247787181309,0.05920821774388786,0.05618703020934047,0.03446510761381961,0.005190970245955304,0.007804890853564715,0,0,0.004335468844360339,0,0.005901670535343914,0,0.07129110719850387,0.108164939973105,0,0.009088027380716781,0.04348593371638927,0,0.003632730276861661,0,0.03976920689194262,0.028159862207425886,0.042661965591814684,0.023023722012511287,0.03853686680198803,0,0.08858354909207274,0.13368566434176196,0,0.013491872807505079,0.9555608248075086,1,0.01728278287464108,0,0,0,0,0,0,0,0,0,0,0,0,0.049502458765368476,0.04222530674550679,0.004638668996656913,0,0.011634201661447253,0,0.031561656250498386,0.03630051886551484,0,0,0.017103601575668603,0.03201061326934027,0.019288629727597557,0,0.013393542359260827,0.017677027555538,0.018847524169178294,0.046983311580744154,0.01957107856480519,0.038533457214126765,0.056917343809545724,0.03820399839733583,0,0.03180484167173107,0,0,0,0,0.03651515263799645,0.03700607875522063,0,0,0.020562590229547695,0.013597858994806554,0,0.07498573772326912,0,0.015431881729097846,0.023943559259912754,0.05972153986505131,0.05941379734904974,0.023306494635251314,0,0.02742310387151429,0,0.022920703247913305,0.026660756193796042,0.004127078468495882,0.0378931029001531,0.024306050985402252,0,0.005159130416726204,0.006296558031448583,0.07324817847667167,0.07485238864860541,0.03716728839903613,0,0.037822756844344864,0,0.06973946313165506,0.10869546102104255,0.10531311390670706,0.007291551986651058,0,0,0,0,0,0.014744518282306288,0.07716111089707318,0.1278230785944148,0.052013197305961024,0,0.08942729300285486,0.014840323635694411,0,0,0,0,0.0018364159224264957,0,0.011975374624348119,0.007316167225581155,0,0.07473954154145918,0,0,0,0.005827422513841505,0.060762158090303796,0.011812379480139799,0,0,0,0,0.023034959189863705,0.0029099390912222657,0,0.0035830836737654552,0,0,0.006895655033311315,0,0,0,0,0,0.004059445723258569,0,0.00113457921690459,0,0,0.065326901223213385,0.0731033738401458,0.0047094702986350285,0,0.026216273655034098,0,0,0.0056106745013661035,0,0,0,0,Eukaryota;Arthropoda;Hexanauplia;Calanoida;Eucalanidae;Eucalanus;Eucalanus bungii
0,0,0,0,0,0,0,0,0,0,0,0,0,0,0,0,0,0,0,0,0,0,0,0,0,0,0,0,0,0,0,0,0,0,0,0,0,0,0,0,0,0,0,0,0,0,0,0,0,0,0,0,0,0,0,0,0,0,0,0,0,0,0,0,0,0,0,0,0,0,0,0,0,0,0,0,0,0,0,0,0,0,0,0,0,0,0,0,0,0,0,0,0,0,0,0,0,0,0,0,0,0,0,0,0,0,0,0,0,0,0,0,0,0,0,0,0,0,0,0,0,0,0,0,0,0,0,0,0,0,0,0,0,0,0,0,0,0,0,0,0,0,0,0,0,0,0,0,1,0,0,0,0,0,0,0,0,0,0,0,0,0,0,0,0,0,0,0,0,0,0,0,0,0,0,0,0,0,0,0,0,0,0,0,0,0,0,0,0,0,0,0,0,0,0,0,0,0,0,0,0,0,0,0,0,0,0,0,0,0,0,Eukaryota;Arthropoda;Insecta;Diptera;Chironomidae;Cricotopus;Cricotopus sp. BOLD-2016
1,0,0.25864175213593893,0,0,0,0,0,0,0,0,0,0,0,0,0,0,0,0,0,0,0,0,0,0,0,0,0,0,0,0,0,0,0,0,0,0,0,0,0,0,0,0,0,0,0,0,0,0,0,0,0,0,0,0,0,0,0,0,0,0,0,0,0,0,0,0,0,0,0,0,0,0,0,0,0,0,0,0,0,0,0,0,0,0,0,0,0,0,0,0,0,0,0,0,0,0,0,0,0,0,0,0,0,0,0,0,0,0,0,0,0,0,0,0,0,0,0,0,0,0,0,0,0,0,0,0,0,0,0,0,0,0,0,0,0,0,0,0,0,0,0,0,0,0,0,0,0,0,0,0,0,0,0,0,0,0,0,0,0,0,0,0,0,0,0,0,0,0,0,0,0,0,0,0,0,0,0,0,0,0,0,0,0,0,0,0,0,0,0,0,0,0,0,0,0,0,0,0,0,0,0,0,0,0,0,0,0,0,0,0,Eukaryota;Arthropoda;Insecta;Lepidoptera;Apatelodidae;NA;Apatelodinae sp. BOLD:AAU7894
0,0,0,0,0,0,1,0,0,0,0,0,0,0,0,0,0,0,0,0,0,0,0,0,0,0,0,0,0,0,0,0,0,0,0,0,0,0,0,0,0,0,0,0,0,0,0,0,0,0,0,0,0,0,0,0,0,0,0,0,0,0,0,0,0,0,0,0,0,0,0,0,0,0,0,0,0,0,0,0,0,0,0,0,0,0,0,0,0,0,0,0,0,0,0,0,0,0,0,0,0,0,0,0,0,0,0,0,0,0,0,0,0,0,0,0,0,0,0,0,0,0,0,0,0,0,0,0,0,0,0,0,0,0,0,0,0,0,0,0,0,0,0,0,0,0,0,0,0,0,0,0,0,0,0,0,0,0,0,0,0,0,0,0,0,0,0,0,0,0,0,0,0,0,0,0,0,0,0,0,0,0,0,0,0,0,0,0,0,0,0,0,0,0,0,0,0,0,0,0,0,0,0,0,0,0,0,0,0,0,0,Eukaryota;Nemertea;Enopla;Monostilifera;;;
0,0,0,0,0,0,0,0,0,1,0,0,0.2853041296614761,0,0,0,0,0,0,0,0,0,0,0,0,0,0,0,0,0,0,0,0,0,0,0,0,0,0,0,0,0,0,0,0,0,0,0,0,0,0,0,0,0,0,0,0,0,0,0,0,0,0,0,0,0,0,0,0,0,0,0,0,0,0,0,0,0,0,0,0,0,0,0,0,0,0,0,0,0,0,0,0,0,0,0,0,0,0,0,0,0,0,0,0,0,0,0,0,0,0,0,0,0,0,0,0,0,0,0,0,0,0,0,0,0,0,0,0,0,0,0,0,0,0,0,0,0,0,0,0,0,0,0,0,0,0,0,0,0,0,0,0,0,0,0,0,0,0,0,0,0,0,0,0,0,0,0,0,0,0,0,0,0,0,0,0,0,0,0,0,0,0,0,0,0,0,0,0,0,0,0,0,0,0,0,0,0,0,0,0,0,0,0,0,0,0,0,0,0,0,Eukaryota;Arthropoda;Malacostraca;Decapoda;Sergestidae;Sergia;Sergia lucens
0,0,0,0,0,0,0,0,0,0,0,0,0,0,0,0,0,0,0,0,0,0,1,0,0,0,0,0,0,0,0,0,0,0,0,0,0,0,0,0,0,0,0,0,0,0,0,0,0,0,0,0,0,0,0,0,0,0,0,0,0,0,0,0,0,0,0,0,0,0,0,0,0,0,0,0,0,0,0,0,0,0,0,0,0,0,0,0,0,0,0,0,0,0,0,0,0,0,0,0,0,0,0,0,0,0,0,0,0,0,0,0,0,0,0,0,0,0,0,0,0,0,0,0,0,0,0,0,0,0,0,0,0,0,0,0,0,0,0,0,0,0,0,0,0,0,0,0,0,0,0,0,0,0,0,0,0,0,0,0,0,0,0,0,0,0,0,0,0,0,0,0,0,0,0,0,0,0,0,0,0,0,0,0,0,0,0,0,0,0,0,0,0,0,0,0,0,0,0,0,0,0,0,0,0,0,0,0,0,0,0,Eukaryota;Arthropoda;Malacostraca;Decapoda;Chirostylidae;Eumunida;Eumunida minor
0,0,0,0,0,0,0,0,0,0,0,0,0,0,0,0,0,0,0,0,0,0,0,0,0,0,0,0,0,0,0,0,0,0,0,0,0,0,0,0,0,0,0,0,0,0,1,0,0,0,0,0,0,0,0,0,0,0,0,0,0,0,0,0,0,0,0,0,0,0,0,0,0,0,0,0,0,0,0,0,0,0,0,0,0,0,0,0,0,0,0,0,0,0,0,0,0,0,0,0,0,0,0,0,0,0,0,0,0,0,0,0,0,0,0,0,0,0,0,0,0,0,0,0,0,0,0,0,0,0,0,0,0,0,0,0,0,0,0,0,0,0,0,0,0,0,0,0,0,0,0,0,0,0,0,0,0,0,0,0,0,0,0,0,0,0,0,0,0,0,0,0,0,0,0,0,0,0,0,0,0,0,0,0,0,0,0,0,0,0,0,0,0,0,0,0,0,0,0,0,0,0,0,0,0,0,0,0,0,0,0,Eukaryota;;Oomycetes;Peronosporales;Peronosporaceae;Phytophthora;Phytophthora sp.
0,0,0,0,0,0,0,0,0,0,0,0,0,0,0,0,0,0,0,0,0,0,0,0,0,0,0,0,0,0,0,0,0,0,0,0,0,0,0,0,0,0,0,0,0,0,0,0,0,0,0,0,0,0,0,0,0,0,0,0,0,0,1,0,0,0,0,0,0,0,0,0,0,0,0,0,0,0,0,0,0,0,0,0,0,0,0,0,0,0,0,0,0,0,0,0,0,0,0,0,0,0,0,0,0,0,0,0,0,0,0,0,0,0,0,0,0,0,0,0,0,0,0,0,0,0,0,0,0,0,0,0,0,0,0,0,0,0,0,0,0,0,0,0,0,0,0,0,0,0,0,0,0,0,0,0,0,0,0,0,0,0,0,0,0,0,0,0,0,0,0,0,0,0,0,0,0,0,0,0,0,0,0,0,0,0,0,0,0,0,0,0,0,0,0,0,0,0,0,0,0,0,0,0,0,0,0,0,0,0,0,Eukaryota;Arthropoda;Malacostraca;Decapoda;Lithodidae;Paralithodes;Paralithodes camtschaticus
0,0,0,0,0,0,0,0,0,0,0,0,0,0,0,0,0,0,0,0,0,0,0,0,0,0,0,0,0,0,0,0,0,0,0,0,0,0,0,0,0,0,0,0,0,0,0,0,0,0,0,0,0,0,0,0,0,0,0,0,0,0,0,0,0,0,0,0,0,0,0,0,0,0,0,0,0,0,0,0,0,0,0,0,0,0,0,1,0,0,0,0,0,0,0,0,0,0,0,0,0,0,0,0,0,0,0,0,0,0,0,0,0,0,0,0,0,0,0,0,0,0,0,0,0,0,0,0,0,0,0,0,0,0,0,0,0,0,0,0,0,0,0,0,0,0,0,0,0,0,0,0,0,0,0,0,0,0,0,0,0,0,0,0,0,0,0,0,0,0,0,0,0,0,0,0,0,0,0,0,0,0,0,0,0,0,0,0,0,0,0,0,0,0,0,0,0,0,0,0,0,0,0,0,0,0,0,0,0,0,0,Eukaryota;Arthropoda;Hexanauplia;Calanoida;Paracalanidae;Paracalanus;Paracalanus sp. E AC-2013
0,0,0,0,0,0,0,0,0,0,1,0,0,0,0,0,0,0,0,0,0,0,0,0,0,0,0,0,0,0,0,0,0,0,0,0,0,0,0,0,0,0,0,0,0,0,0,0,0,0,0,0,0,0,0,0,0,0,0,0,0,0,0,0,0,0,0,0,0,0,0,0,0,0,0,0,0,0,0,0,0,0,0,0,0,0,0,0,0,0,0,0,0,0,0,0,0,0,0,0,0,0,0,0,0,0,0,0,0,0,0,0,0,0,0,0,0,0,0,0,0,0,0,0,0,0,0,0,0,0,0,0,0,0,0,0,0,0,0,0.1516332204237384,0,0,0,0,0,0,0,0,0.011633679872041624,0,0,0,0,0,0,0,0,0,0,0,0,0,0,0,0,0,0,0,0.06536840897734876,0.05485687334235716,0,0,0,0,0,0,0,0,0,0,0,0,0,0,0,0,0,0,0,0,0,0,0,0,0,0,0,0,0.29330304901482407,0,0,0,0,0,0,0,0,0.8260625158776059,0,0,0,Eukaryota;Cnidaria;Hydrozoa;Leptothecata;Campanulariidae;Obelia;Obelia geniculata
0,0,0,0,0,0,0,0,0,0,0,0,0.5784659238144597,0,0,0,0,0,0,0,0,0,0,0,0,1,0,0,0,0,0,0,0,0,0,0,0,0,0,0,0,0,0,0,0,0,0,0,0,0,0,0,0,0,0,0,0,0,0,0,0,0,0,0,0,0,0,0,0,0,0,0,0,0,0,0,0,0,0,0,0,0,0,0,0,0,0,0,0,0,0,0,0,0,0,0,0,0,0,0,0,0,0,0,0,0,0,0,0,0,0,0,0,0,0,0,0,0,0,0,0,0,0,0,0,0,0,0,0,0,0,0,0,0,0,0,0,0,0,0,0,0,0,0,0,0,0,0,0,0,0,0,0,0,0,0,0,0,0,0,0,0,0,0,0,0,0,0,0,0,0,0,0,0,0,0,0,0,0,0,0,0,0,0,0,0,0,0,0,0,0,0,0,0,0,0,0,0,0,0,0,0,0,0,0,0,0,0,0,0,0,Eukaryota;Arthropoda;Hexanauplia;Calanoida;Spinocalanidae;Spinocalanus;Spinocalanus aff. dispar 5 MB-2017
0,0,0,0.08227430623750716,0.13211777254025675,0,0,0,0,0,0,0,0,0,0,0,0,0,0,0,0,0,0,0,0,0,0,0,0,0,0,0,0,0,0,0,0,0,0,0,0,0,0,0,0,0,0,0,0,0,0,0,0,0,0,0,0,0,0,0,0,0,0,0,0,0,0,0,0,0,0,0,0,0,0,0,0,0,0,0,0,0,0,0,0,0,0,0,0,0,0,0,0,0,0,0,0,0,0,0,0,0,0,0,0,0,0,0,0,0,0,0,0,0,0,0.008900564070734687,0,0,0,0,0,0,0,0,0,0,0,0,0,0,0.018307697559715792,0,0,0,1,0.9669096618871378,0.9382049115180973,0.3005582859579586,0.262244567044068,0.2614880134396837,0,0,0,0,0,0,0.3191173236596954,0.3368759767720623,0.2964719893180421,0.08988135458484042,0,0.05344375083798856,0,0,0,0.07068149969524742,0,0.019177897459573188,0,0,0,0,0,0,0,0,0,0,0,0,0,0,0,0,0,0,0,0,0,0,0,0,0.039281186994260704,0.019713775483831027,0,0,0,0,0,0,0,0,0,0,0,0,0,0,0,0,0,0,0,0,0,0,0.03143706737235358,0,0,0,0,Eukaryota;Cnidaria;Anthozoa;Ceriantharia;Arachnactidae;Isarachnanthus;
0,0,0,0,0,0,0,0,0,0,0,0,0,0,0,0,0,0,0,0,0,0,0,0,0,0,0,0,0,0,0,0,0,0,0,0,0,0,0,0,0.9712038832893496,0,0,0,0,0,0,0,0,0,0,0,0,0,0,0,0,0,0,0,0,0,0,0,0,0,0,0,0,0,0,0,0,0,1,0,0,0,0,0,0,0,0,0,0,0,0,0,0,0,0.2950783775777014,0,0,0,0,0,0,0,0,0,0,0,0,0,0,0,0,0,0,0,0,0,0,0,0,0,0,0,0,0,0,0,0,0,0,0,0,0,0,0,0,0,0,0,0,0,0,0,0,0,0,0,0,0,0,0,0,0,0,0,0,0,0,0,0,0,0,0,0,0,0,0,0,0,0,0,0,0,0,0,0,0,0,0,0,0,0,0,0,0,0,0,0,0,0,0,0,0,0,0,0,0,0,0,0,0,0,0,0,0,0,0,0,0,0,0,0,0,0,0,0,Eukaryota;Chordata;Actinopteri;Pleuronectiformes;Pleuronectidae;Parophrys;Parophrys vetulus
0,0,0,0,0,0,0,0,0.5245618049006423,0,0,0,0,0,0,0,0,0,0,0,0,0,0,0,0,0,0,0,0,0,0,0,0,0,0,0,0,0,0,0,0,0,0,0,0,0,0,0,0,0,0,0,0,0,0,0,0,0,0,0,0,0,0,1,0,0,0,0,0,0,0,0,0,0,0,0,0,0,0,0,0,0,0,0,0,0,0,0,0,0,0,0,0,0,0,0,0,0,0,0,0,0,0,0,0,0,0,0,0,0,0,0,0,0,0,0,0,0,0,0,0,0,0,0,0,0,0,0,0,0,0,0,0,0,0,0,0,0,0,0,0,0,0,0,0,0,0,0,0,0,0,0,0,0,0,0,0,0,0,0,0,0,0,0,0,0,0,0,0,0,0,0,0,0,0,0,0,0,0,0,0,0,0,0,0,0,0,0,0,0,0,0,0,0,0,0,0,0,0,0,0,0,0,0,0,0,0,0,0,0,0,Eukaryota;Bacillariophyta;Bacillariophyceae;Naviculales;Pinnulariaceae;Pinnularia;Pinnularia cf. microstauron
0,0,0,0,0,0,0,0,0,0,0,0,0,0,0,0,0,0,0,0,0,0,0,0,0,0,0,0,0,0,1,0,0.4869662921348315,0,0,0,0,0,0,0,0,0,0,0,0,0,0,0,0,0,0,0,0,0,0,0,0,0,0,0,0,0,0,0,0,0,0,0,0,0,0,0,0,0,0,0,0,0,0,0,0,0,0,0,0,0,0,0,0,0,0,0,0,0,0,0,0,0,0,0,0,0,0.16445264664792425,0,0,0,0,0,0,0,0,0,0,0,0,0,0,0,0,0,0,0,0,0,0,0,0,0,0,0,0,0,0,0,0,0,0,0,0,0,0,0,0,0,0,0,0,0,0,0,0,0,0,0,0,0,0,0,0,0,0,0,0,0,0,0,0,0,0,0,0,0,0,0,0,0,0,0,0,0,0,0,0,0,0,0.08075049141536943,0,0,0,0,0,0,0,0,0,0,0,0,0,0,0,0,0,0,0,0,0,0,0,0,0,Eukaryota;NA;Chrysophyceae;Chromulinales;Chromulinaceae;Spumella;Spumella sp.
0,0,0,0,0,0,0,0,0,0,0,0,0,0,0,0,0,0,0,0,0,0,0,0,0,0,0,0,0,0,0,0,0,0,0,0,0,0,0,0,0,0,0,0,0,0,0,0,0,0,0,0,0,0,0,0,0,0,0,0,0,0,0,0,0,0,0,0,0,0,0,0,0,0,0,0,0,0,0,0,0,0,0,0,0,0,0,0,0,0,0,0,0,0,0,0,0,0,0,0,0,0,0,0,0,0,0,0,0,0,0,0,0,0,0,0,0,0,0,1,0,0,0,0,0,0,0,0,0,0,0,0,0,0,0,0,0,0,0,0,0,0,0,0,0,0,0,0,0,0,0,0,0,0,0,0,0,0,0,0,0,0,0,0,0,0,0,0,0,0,0,0,0,0,0,0,0,0,0,0,0,0,0,0,0,0,0,0,0,0,0,0,0,0,0,0,0,0,0,0,0,0,0,0,0,0,0,0,0,0,0,Eukaryota;Mollusca;Gastropoda;Neogastropoda;Nassariidae;Tritia;Tritia insculpta
0,0,0,0,0,0,0,0,0,0,0,0,0,0,0,0,0,0,0,0,0,0,0,0,0,0,0,0,0,0,0,0,0,0,0,0,0,0,0,0,0,0,0,0,0,0,0,0,0,0,0,0,0,0,1,0,0,0,0,0,0,0,0,0,0,0,0,0,0,0,0,0,0,0,0,0,0,0,0,0,0,0,0,0,0,0,0,0,0,0,0,0,0,0,0,0,0,0,0,0,0,0,0,0,0,0,0,0,0,0,0,0,0,0,0,0,0,0,0,0,0,0,0,0,0,0,0,0,0,0,0,0,0,0,0,0,0,0,0,0,0,0,0,0,0,0,0,0.09944260319373305,0,0,0,0,0,0,0,0,0,0,0,0,0,0,0,0,0,0,0,0,0,0,0,0,0,0,0,0,0,0,0,0,0,0,0,0,0,0,0,0,0,0,0,0,0,0,0,0,0,0,0,0,0,0,0,0,0,0,0,0,0,0,0,Eukaryota;Arthropoda;Malacostraca;Decapoda;Cancridae;;
0,0,0,0,0,0,0,0,0,0,0,0,0,0,0,0,0,0,0,0,0,0,0,0,0,0,0,0,0,0,0,0,0,0,0,0,0,0,0,0,0,0,0,0,0,0,0,0,0,0,0,0,0,0,0,0,0,0,0,0,0,0,0,0,0,0,0,0,0,0,0,0,0,0,0,0,0,0,0,0,0,0,0,0,0,0,0,0,0,0,0,0,0,0,0,0,0,0,0,0,0,0,0,0,0,0,0,0,0,0,0,0,0,0,0,0,0,0,0,0,0,0,0,0,0,0,0,0,0,0,0,0,0,0,0,0,0,0,0,0,0,0,0,0,0,0,0,0,0,0,0,0,0,0,0,0,0.31341656904758375,0.0930521136501167,0,0,0,0,0.43661884547454527,1,0.6415498087780004,0,0,0,0,0,0,0,0,0,0,0,0,0,0,0,0,0,0,0,0,0,0,0,0,0,0,0,0,0,0,0,0,0,0,0,0,0,0,0,0,0,0,0,0,0,0,Eukaryota;Arthropoda;Hexanauplia;Calanoida;Pontellidae;Pontellina;Pontellina plumata
0,0,0,0,0,0,0,0,0,0,0,0,0,0,0,0,0,0,0,0,0,0,0,0,0,0,0,0,0,0,0,0,0,0,0,0,0,0,0,0,0,0,0,0,0,0,0,0,0,0,0,0,0,0,0,0,0,0,0,0,0,0,0,0,0,0,0,0,0,0,0,0,0,0,0,0,0,0,0,0,0,0,0,0,0,0,0,0,0,0,0,0,0,0,0,0,0,0,0,0,0,0,0,0,0,0,0,0,0,0,0,0,0,0,0,0,0,0,0,0,0,0,0,0,0,0,0,0,0,0,0,0,0,0,0,0,0,0,0,0,0,0,0,0,0,0,0,0,0,0,0,0,0,0,0,0,0,0,0,0,0,0,0,0,0,0,0,0,1,0,0,0,0,0,0,0,0,0,0,0,0,0,0,0,0,0,0,0,0,0,0,0,0,0,0,0,0,0,0,0,0,0,0,0,0,0,0,0,0,0,0,Eukaryota;;Phaeophyceae;Ectocarpales;Chordariaceae;;Chordariaceae sp. 2 AP-2016
0,0,0,0,0,0,0,0,0,0,0,0,0,0,0,0,0,0,0,0,0,0,0,0,0,0,0,0,0,0,0,0,0,0,0,0,0,0,0,0,0,0,0,0,0,0,0,0,0,0,0,0,0,0,0,0,0,0,0,0,0,0,0,0,0,0,0,0,0,0,0,0,0,0,0,0,0,0,0,0,0,0,0,0,0,0,0,0,0,0,0,0,0,0,0,0,0,0,0,0,0,0,0,0,0,0,0,0,0,0,0,0,0,0,0,0,0,0,0,0,0,0,0,0,0,0,0,0,0,0,0,0,0,0,0,0,0,0,0,0,0,0,0,0,0,0,0,0,0,0,0,0,0,0,0,0,0,0,0,0,0,0,0,0,0,0,0,0,1,0,0,0,0,0,0,0,0,0,0,0,0,0,0,0,0,0,0,0,0,0,0,0,0,0,0,0,0,0,0,0,0,0,0,0,0,0,0,0,0,0,0,Eukaryota;Porifera;Demospongiae;Poecilosclerida;Latrunculiidae;Negombata;Negombata magnifica
0,0,0,0,0,0,0,0,0,0,0,0,0,0,0,0,0,0,0,0,0,0,0,0,0,0,0,0,0,0,0,0,0,0,0,0,0,0,0,0,0,0,0,0,0,0,0,0,0,0,0,0,0,0,0,0,0,0,0,0,0,0,0,0,0,0,0,0,0,0,0,0,0,0,0,0,0,0,0,0,0,0,0,0,0,0,0,0,0,0,0,0,0,0,0,0,0,0,0,0,0,0,0,0,0,0,0,0,0,0,0,0,0,0,0,0,0,0,0,0,0,0,0,0,0,0,0,0,0,0,0,0,0,0,0,0,0,0,0,0,0,0,0,0,0,0,0,0,0,0,0,0,0,0,0,0,0,0,0,0,0,0,0,0,0,0,0,0,0,0,0,0,0,0,0,0,0,0,0,0,0,0,1,0,0,0,0,0,0,0,0,0,0,0,0,0,0,0,0,0,0,0,0,0,0,0,0,0,0,0,0,Eukaryota;Cnidaria;Hydrozoa;Leptothecata;Plumulariidae;Plumularia;
0,0,0,0,0,0,0,0,0,0,0,1,0,0,0,0,0,0,0,0,0,0,0,0,0,0,0,0,0,0,0,0,0,0,0,0,0,0,0,0,0,0,0,0,0,0,0,0,0,0,0,0,0,0,0,0,0,0,0,0,0,0,0,0,0,0,0,0,0,0,0,0,0,0,0,0,0,0,0,0,0,0,0,0,0,0,0,0,0,0,0,0,0,0,0,0,0,0,0,0,0,0,0,0,0,0,0,0,0,0,0,0,0,0,0,0,0,0,0,0,0,0,0,0,0,0,0,0,0,0,0,0,0,0,0,0,0,0,0,0,0,0,0,0,0,0,0,0,0,0,0,0,0,0,0,0,0,0,0,0,0,0,0,0,0,0,0,0,0,0,0,0,0,0,0,0,0,0,0,0,0,0,0,0,0,0,0,0,0,0,0,0,0,0,0,0,0,0,0,0,0,0,0,0,0,0,0,0,0,0,0,Eukaryota;Chordata;Actinopteri;Scombriformes;Chiasmodontidae;Chiasmodon;Chiasmodon niger
0.017400798906864873,0.018059145272456827,0.018166375866267778,0.05774182058966248,0.05078994568408996,0.06344802495628862,0.2335111282187954,0.2743580863280323,0.31116174748799585,0.0796562161558785,0.07109301286500253,0.07347281164735332,0.0159609718529783,0.01234244871810426,0,0,0.0014964380558951228,0.002872001703545059,0.014599049628026372,0.03395584654274273,0,0,0.029421738689202462,0.01739825980660356,0.029216355937346953,0.12706068301879775,0.11598303810669787,0.02694557729282161,0.036957979385195704,0.026783573969697216,0.11125709647502309,0.1169899683739774,0.03287287688854556,0.05747516953727666,0.010381451028408829,0.00933424306403359,0.00619368584136645,0.40540794349966525,0.4264465521482943,0.004022519313938544,0,0.0029582182262969706,0.009647993010820815,0.007414675906808306,0.04788429427806991,0.037531159603721866,0.7422514463802191,0.779567538184231,0.8272063300258256,0.8747231837168582,1,0.1036167333787884,0.8431816379320113,0.9433365668243214,0.037137054039533435,0.025677654522642528,0.28097781507369274,0.29235933440366924,0.31520330957371134,0.3456076861919929,0.006329442813682031,0.013221518940953782,0.0677850528466854,0.08236302600845576,0.1837792913581392,0.043875888670064735,0.05947952617067102,0.05485416446113268,0.12996871782154984,0.14197505300399837,0.3745806965545649,0.3651326703959309,0.022362598649160428,0.014835378205784587,0.5146001536014282,0,0.5910853637572213,0.6010770522413579,0.8628795401622624,0.8739345951602683,0.8166385262094465,0.19796603204222285,0.3891103821310086,0.4142828104320409,0.5225646856464201,0,0,0,0,0.039147806245129396,0.04470532797440973,0.03927449643743451,0.3557382435991344,0.020240276662021616,0.018159291705548874,0.028719919853728876,0.06392910065964601,0.07613032451795565,0.03485831087737264,0.049260709260257884,0.13737646269176212,0.14226599841090143,0.054455530293930104,0.09080412314615197,0.04246001220845029,0.08485871240492024,0.12854851952921492,0,0,0.017053445373855548,0.0019604283183059764,0,0,0.002745415216431614,0,0.14046428039226286,0.15927740012109723,0.034836507756466226,0.16071744720313622,0.03628499090431265,0.04704976019305036,0,0,0,0.00840235902713816,0.0021989785926684493,0.0023080503173629023,0.0023422564720130966,0,0,0.1518549649368036,0.01648267194221664,0.16171839939535715,0.14338512310245463,0.281887947382327,0.3314532690816049,0.4198380084634782,0.07268053713312726,0.07382172953660839,0.09780890031632498,0.011078390691590178,0.0053918003937741266,0.005572469964440846,0.15556065065933275,0.14885310204613458,0.2015826056725555,0.18265129036586567,0.17682224234559205,0.19046599099328748,0.015313273851541142,0.013442195535541086,0.013601779252258358,0,0,0,0.013157168835836178,0.05205924245164765,0.06050095653402234,0.06499991478613444,0.010727095015657408,0.011419894714122648,0.004040133583674062,0,0,0,0.5208064298144441,0.5594399662008102,0.574602823518276,0.5996643059442195,0.5981394308383565,0.05853841675618011,0.036593256256873846,0,0,0,0.002115278703473525,0.0031667124439724048,0.002572644220562893,0.04575676217108211,0.05500569986879751,0.05528445810300609,0.8506517716632241,0.8171022616368765,0.7809677054968992,0.006895297079704821,0.005451097962755941,0.003411061565468674,0.20311956438846798,0.20998660977943864,0.2316457674648104,0.164844762925466,0.14594849362201592,0.16303040312243833,0.5938809939339661,0.6188809559777553,0.8016907211677761,0,0.001640157741362771,0,0.00859915337209133,0.014347723938983627,0.017759562101889274,0.01461161050703926,0.015987160423249235,0.6041799024943681,0.6096309985940871,0.3436765857140792,0.35998753043684123,0.40758383273999366,0.018534900083414494,0.017688876618517875,Eukaryota;Cnidaria;Hydrozoa;Siphonophorae;Diphyidae;Muggiaea;Muggiaea atlantica
0.04678865879063714,0.07128507972314944,0.025211459770210404,0.04715213774646877,0.02758950810917352,0,0.07124917832689405,0.08205610561294988,0.03844664257219608,0,0,0,0.009363738924148041,0.007151485529323099,0,0,0,0,0,0,0.029772629699397327,0,0,0.047215800206828,0.039474411479514644,0,0,0,0.038038495192680974,0.08518390817646293,0.028585669595849926,0.021448089335680244,0.07308135203923273,0.07036936418361692,0.043435631634295375,0.02960038378725152,0,0,0.014603026892286125,0.03146493502610888,0,0.04113735675205697,0,0,0,0,0.02891113611676122,0.014773907167327141,0.006272971552769966,0,0,0,0.07289269523791955,0.0623925900168994,0,0,0,0,0,0,0,0.03377022509207498,0,0,0.47295112683466256,0,0,0,0.01584001249690797,0.016912031127730553,0,0,0.022142358569350488,0.008660092391532107,0.025237011485992257,0,0.04937809914483807,0.05836409207880039,0,0.016842535187905516,0,0,0.016430217148574015,0.042827331252568955,0,0,0.013734848105017261,0,0.017292210900527502,0,0.01520408015856767,0,0.2051634891325501,0.015454952998344918,0.012893022534717568,0.07205846005259713,0.05883128988527882,0.6137175328743482,0.20206686785836922,0.2660124995738374,1,0.87402312654497,0.16104448753068243,0.19176145186154928,0.19597764979874646,0.5326516108148206,0.8231814183017957,0.03889460235567705,0.05367822074902831,0,0,0,0,0,0,0.004832519256865435,0.0020974731707880247,0,0,0,0,0.02271451817767645,0,0.006866608424577741,0,0.09214736703291501,0.07747232340906478,0.07674326176314494,0.050785792546743994,0.03055668462416668,0,0,0,0.016221293159412634,0,0.0033700508838630386,0.0010590310373027152,0,0,0,0.05006868812851404,0.02729017189091385,0.032118175903752016,0,0,0,0,0,0.0018154293319142339,0,0,0,0.06839565578442058,0.06690338169810603,0.10183612868208829,0,0.040721760504008574,0.042864993043574336,0.02735711990545226,0.06215514159975453,0.048100045690622366,0.026740760791238053,0.043293377818003964,0.010257517140951612,0,0.02243309494391662,0,0,0.0036722535090866915,0.008560384849694347,0,0.06168957491811744,0,0,0.005921046824511456,0,0,0,0,0,0,0,0.007382608302053425,5.633421769323377e-4,0,0,0,0,0,0,0.016642334373419592,0.06418846745326212,0.05291948351489351,0.021616815331590863,0,0,0.014496632469098757,0,0.020596400612713034,0,0,0,0,0,0.015165707813826394,0.04930256078447385,0,0,0,0,0,Eukaryota;Arthropoda;Hexanauplia;Calanoida;Clausocalanidae;Clausocalanus;Clausocalanus parapergens
0,0,0,0,0,0,0,0,0,0,0,0,0,0,0,0,0,0,0,0,0,0,0,0,0,0,0,0,0,0,0,0,0,0,0,0,0,0,0,0,0,0,0,0,0,0,0,0.2733231351422926,0,0,0,0,0,0,0,1,0,0,0,0,0,0,0,0,0,0,0,0,0,0,0,0,0,0,0,0,0,0,0,0,0,0,0,0,0,0,0,0,0,0,0,0,0,0,0,0,0,0,0,0,0,0,0,0,0,0,0,0,0,0,0,0,0,0,0,0,0,0,0,0,0,0,0,0,0,0,0,0,0,0,0,0,0,0,0,0,0,0.25970052891659007,0,0,0,0,0,0,0,0,0,0,0,0,0,0,0,0,0,0,0,0,0,0,0,0,0,0,0,0,0,0,0,0,0,0,0,0,0,0,0,0,0,0,0,0,0,0,0,0,0,0,0,0,0,0,0,0,0,0,0,0,0,0,0,0,0,0,0.3740954697476437,0,0,0,0,0,0,Eukaryota;Bacillariophyta;Bacillariophyceae;Bacillariales;Bacillariaceae;;
0,0,0,0,0,0,0,0,0,0,0,0,0,0,0,0,0,0,0,0,0,0,0,0,0,0,0,0,0,0,0,0,0,0,0,0,0,0,0,0,0,0,0,0,0,0,0,0,0,0,0,0,0,0,0,0,0,0,0,0,0,0,0,0,0,0,0,0,0,0,0,0,0,1,0,0,0,0,0,0,0,0,0,0,0,0,0,0,0,0,0,0,0,0,0,0,0,0,0,0,0,0,0,0,0,0,0,0,0,0,0,0,0,0,0,0,0,0,0,0,0,0,0,0,0,0,0,0,0,0,0,0,0,0,0,0,0,0,0,0,0,0,0,0,0,0,0,0,0,0,0,0,0,0,0,0,0,0,0,0,0,0,0,0,0,0,0,0,0,0,0,0,0,0,0,0,0,0,0,0,0,0,0,0,0,0,0,0,0,0,0,0,0,0,0,0,0,0,0,0,0,0,0,0,0,0,0,0,0,0,0,Eukaryota;Brachiopoda;NA;NA;NA;Phoronopsis;Phoronopsis harmeri
0,0,0,0,0,0,0,0,0,0,0,0,0,0,0,0,0,0,0,0,0,0,0,0,0,0,0,0,0,0,0,0,0,0,0,0,0,0,0,0,0,0,0,0,0,0,0,0,0,0,0,0,0,0,0,0,0,0,0,0,0,0,0,0,0,0,0,0,0,0,0,0,0,0,0,0,0,0,0,0,0,0,0,0,0,0,0,0,0,0,0,0,0,0,0,0,0,0,0,0,0,0,0,0,0,0,0,0,0,0,0,0,0,0,0,0,0,0,0,0,0,0,0,0,0,0,0,0,0,0,0,0,0,0,0,0,0,0,0,0,0,0,0,0,0,0,0,0,0,0,0,0,0,0,0,0,0,0,0,0,0.1846761661150121,0,0,0,0,0,0,0,0,0,0,0,0,0,0,0,0,0,0,0,0,0,0,0,0,0,0,0,0,0,0,0,0.11712729465572333,0,0,0,1,0,0,0,0,0,0,0,0,0,0,0,0,0,0,Eukaryota;Arthropoda;Hexanauplia;Calanoida;Paracalanidae;Parvocalanus;Parvocalanus crassirostris
0,0,0,0,0,0,0,0,0,0,0,0,0,0,0,0,0,0,0,0,0,0,0,0,0,0,0,0,0,0,0,0,0,0,0,0,0,0,0,0,0,0,0,0,0,0,0,0,0,0,0,0,0,0,0,0,0,0,0,0,0,0,0,0,0,0,0,0,0,0,0,0,0,0,0,0,0,0,0,0,0,0,0,0,0,0,0,0,0,0,0,0,0,0,0,0,0,0,0,0,0,0,0,0,0,0,0,0,0,0,0,0,0,0,0,0,0,0,0,0,0,0,0,0,0,0,0,0,0,0,0,0,0,0,0,0,0,0,0,0,0,0,0,0,0,0,0,0,0,0,0,0,0,0,0,0,0,0,0,0,0,0,0,0,0,0,0,0,0,0,0,0,0,0,0,0,0,0,0,0,0,0,0,0,0,0,0,0,0,0,0,0,0,0,0,0,0,0,0,0,0,0,0,0,1,0,0,0,0,0,0,Eukaryota;;Dinophyceae;Gymnodiniales;Gymnodiniaceae;Gymnodinium;
0,0,0,0,0,0,0,0,0,0,0,0,0,0,0,0,0,0,0,0,0,0,0,0,0,0,0,0,0,0,0,0,0,0,0,0,0,0,0,0,0,0,0,0,0,0,0,0,0,0,0,0,0,0,0,0,0,0,0,0,0,0,0,0,0,0,0,0,0,0,0,0,0,0,0,0,0,0,0,0,0,0,0,0,0,0,0,0,0,0,0,0,0,0,0,0,0,0,0,0,0,0,0,0,0,0,0,0,0,0,0,0,0,0,0,0,0,0,0,0,0,0,0,0,0,0,0,0,0,0,0,0,0,0,0,0,0,0,0,0,0,0,0,0,0,0,0,0,0,0,0,0,0,0,0,0,0,0,0,0,0,0,0,0,0,0,0,0,0,0,0,0,0,0,0,0,0,0,0,0,0,0,0,0,0,0,0,0,0,0,0,0,0,0,0,0,0,0,0,0,0,0,1,0.1983426384353383,0,0,0,0,0,0,0,Eukaryota;;Dinophyceae;Thoracosphaerales;Thoracosphaeraceae;Scrippsiella;
0,0,0,0,0,0,0,0,0,0,0,0,0,0,0,0,0,0,0,0,0,0,0,0,0,0,0,0,0,0,0,0,0,0,0,0,0,0,0,0,0,0,0,0,0,0,0,0,0,0,0,0,0,0,0,0,0,0,0,0,0,0,0,0,0,0,0,0,0,0,0,0,0,0,0,0,0,0,0,0,0,0,0,0,0,0,0,0,0,0,0,0,0,0,0,0,0,0,0,0,0,0,0,0,0,0,0,0,0,0,0,0,0,0,0,0,0,0,0,0,0,0,0,0,0,0,0,0,0,0,0,0,0,0,0,0,0,0,0,0,0,0,0,0,0,0,0,0,0,0,0,0,0,0,0,0,0,0,0,0,0,0,0,0,0,0,0,0,0,0,0,0,0,0,0,0,0,0,0,0,0,0,0,0,0,0,0,0,0,0,0.0709511697283718,0,0,0,0,0,0,0,0,0,0,0,1,0,0,0,0,0,0,0,0,Eukaryota;;Dinophyceae;Suessiales;Symbiodiniaceae;Symbiodinium;
0,0,0,0,0,0,0,0,0,1,0,0,0,0,0,0,0,0,0,0,0,0,0,0,0,0,0,0,0,0,0,0,0,0,0,0,0,0,0,0,0,0,0,0,0,0,0,0,0,0,0,0,0,0,0,0,0,0,0,0,0,0,0,0,0,0,0,0,0,0,0,0,0,0,0,0,0,0,0,0,0,0,0,0,0,0,0,0,0,0,0,0,0,0,0,0,0,0,0,0,0,0,0,0,0,0,0,0,0,0,0,0,0,0,0,0,0,0,0,0,0,0,0,0,0,0,0,0,0,0,0,0,0,0,0,0,0,0,0,0,0,0,0,0,0,0,0,0,0,0,0,0,0,0,0,0,0,0,0,0,0,0,0,0,0,0,0,0,0,0,0,0,0,0,0,0,0,0,0,0,0,0,0,0,0,0,0,0,0,0,0,0,0,0,0,0,0,0,0,0,0,0,0,0,0,0,0,0,0,0,0,Eukaryota;Mollusca;Gastropoda;Stylommatophora;Boettgerillidae;Boettgerilla;Boettgerilla pallens
0,0,0,0,0,0,0,0,0,0,0,0,0,0,0,0,0,0,0,0,0,0,0,0,0,0,0,0,0,0,0,0,0,0,1,0,0,0,0,0,0,0,0,0,0,0,0,0,0,0,0,0,0,0,0,0,0,0,0,0,0,0,0,0,0,0,0,0,0,0,0,0,0,0,0,0,0,0,0,0,0,0,0,0,0,0,0,0,0,0,0,0,0,0,0,0,0,0,0,0,0,0,0,0,0,0,0,0,0,0,0,0,0,0,0,0,0,0,0,0,0,0,0,0,0,0,0,0,0,0,0,0,0,0,0.20683448862945397,0,0,0,0,0,0,0,0,0,0,0,0,0,0,0,0,0,0,0,0,0,0,0,0,0,0,0,0,0,0,0,0,0,0,0,0,0,0,0,0,0,0,0,0,0,0,0,0,0,0,0,0,0,0,0,0,0,0,0,0,0,0,0,0,0,0,0,0,0,0,0,0,0,0,0,0,Eukaryota;Arthropoda;Insecta;Coleoptera;Zopheridae;Verodes;Verodes sp. nov. C ER-2011
0,0,0,0,0,0,0,0,0,0,0,0,0,0,0,0,0,0,0,0,0,0,0,0,0,0,0,0,0,0,0,0,0,0,1,0,0,0,0,0,0,0,0,0,0,0,0,0,0,0,0,0,0,0,0,0,0,0,0,0,0,0,0,0,0,0,0,0,0,0,0,0,0,0,0,0,0,0,0,0,0,0,0,0,0,0,0,0,0,0.7322917948087095,0,0,0,0,0,0,0,0,0,0,0,0,0,0,0,0,0,0,0,0,0,0,0,0,0,0,0,0,0,0,0,0,0,0,0,0,0,0,0,0,0,0,0,0,0,0,0,0,0,0,0,0,0,0,0,0,0,0,0,0,0,0,0,0,0,0,0,0,0,0,0,0,0,0,0,0,0,0,0,0,0,0,0,0,0,0,0.0690343791857775,0,0,0,0,0,0,0,0,0,0,0,0,0,0,0,0,0,0,0,0,0,0,0,0,0,0,0,0,0,0,0,0,0,0,Eukaryota;Arthropoda;Hexanauplia;Calanoida;Paracalanidae;Paracalanus;Paracalanus aculeatus
0,0,0,0.19617526072050617,0.15769753725151783,0.1823984762887575,0,0,0,0,0,0,0,0,0,0,0,0,0,0,0,0,0.285427610449718,0.2803493935684878,0.2804581966966515,0,0,0,0,0,0,0,0.02962568591586099,0,0,0,0,0,0,0.03279919200773277,0,0,0,0,0,0,0,0,0,0,0,0,0,0,0,0,0.0968193951704214,0.07060818227252133,0,0,0,0,0.17016366870033095,0.18325513113773434,0.03249571474450333,0,0,0,0,0,0,0,0,0,0,0,0,0,0,0.13133126742512277,0.029879155153398243,0,0,0,0,0,0,0,0,0,0,0,0,0,0,0,0.15104367978569502,0.01771787821463984,0,0,0,0,0,0,0,0.018543269591687433,0,0,0,0,0,0,0,0,0,0,0,1,0,0.7126185046191318,0.49301793545868,0,0,0,0,0.6933024631687069,0.6375634200834694,0.6789579869567742,0,0,0,0,0,0,0,0.009335356455547719,0.005151714358448494,0,0,0,0,0,0,0,0,0,0,0,0,0,0,0,0,0,0,0,0.022589578799376665,0.014984672258748489,0.005274520315522712,0,0,0,0,0,0,0,0,0,0,0,0,0.03901200011910788,0,0,0,0,0,0,0,0.024721056151809556,0.034803142113405856,0,0,0,0,0,0,0.1673289574178409,0.16582690432480982,0,0.03319259348515885,0.13196208251111152,0.13881014296475566,0,0,0,0,0,0,0,0,0,0,0,0,0,0,0,0,0,0,Eukaryota;Arthropoda;Malacostraca;Decapoda;Hippolytidae;Eualus;Eualus subtilis
0,0,0,0,0,0.4624493748899454,0,0,0,0,0,0,0,0,0,0,0,0,0,0,0,0,0,0,0,0,0,0,0,0,0,0,0,0,0,0,0,0,0,0,0,0,0,0,0,0,0,0,0,0,0,0,0,0,0,0,0,0,0,0,0,0,0,0,0,0,0,0,0,0,0,0,0,0,0,0,0,0,0,0,0,0,0,0,0,0,0,0,0,0,0,0,0,0,0,0,0,0,0,0.663409837248746,0,0,0,0,0,0,0,0,0,0,0,0,0,0,0,0,0,0,0,0,0,0,0,0,0,0,0,0,0,0,0,0,0,0,0,0,0,0,0,0,0,0,0,0,0,0,0,0,0,0,0,0,0,0,0,0,0,0,0,0,0,0,0,0,0,0,0,0,0,0,0,0,0,0,0,0,0,0,0,0,0,0,0,0,0,0,0,1,0,0,0,0,0,0,0,0,0,0,0,0,0,0,0,0,0,0,0,0,0,0,0,Eukaryota;Arthropoda;Malacostraca;Decapoda;Paguridae;Pagurus;Pagurus sp. 10BIOBC-01169
0,0,0,0,0,0,0,0,0,0,0,0,0,0,0,0,0,0,0,0,0,0,0,0,0,0,0,0,0,0,0,0,0,0,0,0,0,0,0,0,0,0,0,0,0,0,0,0,0,0,0,0,0,0,0,0,0,0,0,0,0,0,0,0,0,0,0,0,0,0,0,0,0,0,0,0,0,0,0,0,0,0,0,0,0,0,0,0,0,0,0,0,0,0,0,0,0,0,0,0,0,0,0,0,1,0,0,0,0,0,0,0,0,0,0,0,0,0,0,0,0,0,0,0,0,0,0,0,0,0,0,0,0,0,0,0,0,0,0,0,0,0,0,0,0,0,0,0,0,0,0,0,0,0,0,0,0,0,0,0,0,0,0,0,0,0,0,0,0,0,0,0,0,0,0,0,0,0,0,0,0,0,0,0,0,0,0,0,0,0,0,0,0,0,0,0,0,0,0,0,0,0,0,0,0,0,0,0,0,0,0,Eukaryota;Arthropoda;Insecta;Diptera;Ceratopogonidae;;
0,0,0,0,0,0,0,0,0,0,0,0,0,0,0,0,0,0,0,0,0,0,0,0,0,0,0,0,0,0,0,0,0,0,0,0,0,0,0,0,0,0,0,0,0,0,0,0,0,0,0,0,0,0,0,0,0,0,0,0,0,0,0,0,0,0,0,0,0,0,0,0,0,0,0,0,0,0,0,0,0,0,0,0,0,0,0,0,0,0,0,0,0,0,0,0,0,0,0,0,0,0,0,0,0,0,0,0,0,0,0,0,0,0,0,0,0,0,0,0,0,1,0,0,0,0,0,0,0,0,0,0,0,0,0,0,0,0,0,0,0,0,0,0,0,0,0,0,0,0,0,0,0,0,0,0,0,0,0,0,0,0,0,0,0,0,0,0,0,0,0,0,0,0,0,0,0,0,0,0,0,0,0,0,0,0,0,0,0,0,0,0,0,0,0,0,0,0,0,0,0,0,0,0,0,0,0,0,0,0,0,Eukaryota;Cnidaria;Anthozoa;Actiniaria;Hormathiidae;Stephanauge;Stephanauge nexilis
0,0,0,0,0,0,0,0,0,0,0,0,0,0,0,0,0,0,0,0,0,0,0,0,0,0,0,0,0,0,0,0,0,0,0,0,0,0,0,0,0,0,0,0,0,0,0,0,0,0,0,0,0,0,0,0,0,0,0,0,0,0,0,0,0,0,0,0,0,0,0,0,0,0,0,0,0,0,0,0,0,0,0,0,0,0,0,0,0,0,0,0,0,0,0,0,0,0,0,0,0,0,0,0,0,0,0,0,0,0,0,0,0,0,0,0,0,0,0,0,0,0,0,0,0,0,0,0,0,0,0,0,0,0,0,0,0,0,0,0,0,0,0,0,0,0,0,0,0,0,0,0,0,0,0,0,0,0,0,0,0,0,0,0,0,1,0,0,0,0,0,0,0,0,0,0,0,0,0,0,0,0,0,0,0,0,0,0,0,0,0,0,0,0,0,0,0,0,0,0,0,0,0,0,0,0,0,0,0,0,0,Eukaryota;Bacillariophyta;Fragilariophyceae;Fragilariales;Fragilariaceae;Grammonema;Grammonema striatula
0,0,0,0,1,0,0,0,0,0,0,0,0,0,0,0,0,0,0,0,0,0,0,0,0,0,0,0,0,0,0,0,0,0,0,0,0,0,0,0,0,0,0,0,0,0,0,0,0,0,0,0,0,0,0,0,0,0,0,0,0,0,0,0,0,0,0,0,0,0,0,0,0,0,0,0,0,0,0,0,0,0,0,0,0,0,0,0,0,0,0,0,0,0,0,0,0,0,0,0,0,0,0,0,0,0,0,0,0,0,0,0,0,0,0,0,0,0,0,0,0,0,0,0,0,0,0,0,0,0,0,0,0,0,0,0,0,0,0,0,0,0,0,0,0,0,0,0,0,0,0,0,0,0,0,0,0,0,0,0,0,0,0,0,0,0,0,0,0,0,0,0,0,0,0,0,0,0,0,0,0,0,0,0,0,0,0,0,0,0,0,0,0,0,0,0,0,0,0,0,0,0,0,0,0,0,0,0,0,0,0,Eukaryota;Arthropoda;Malacostraca;Decapoda;Hippolytidae;Spirontocaris;Spirontocaris ochotensis
0,0,0,0,0,0,0,0,0,0,0,0,0,0,0,0,0,0,0,0,0,0,0,0,0,0,0,0,1,0,0,0,0,0,0,0,0,0,0,0,0,0,0,0,0,0,0,0,0,0,0,0,0,0,0,0,0,0,0,0,0,0,0,0,0,0,0,0,0,0,0,0,0,0,0,0,0,0,0,0,0,0,0,0,0,0,0,0,0,0,0,0,0,0,0,0,0,0,0,0,0,0,0,0,0,0,0,0,0,0,0,0,0,0,0,0,0,0,0,0,0,0,0,0,0,0,0,0,0,0,0,0,0,0,0,0,0,0,0,0,0,0,0,0,0,0,0,0,0,0,0,0,0,0,0,0,0,0,0,0,0,0,0,0,0,0,0,0,0,0,0,0,0,0,0,0,0,0,0,0,0,0,0,0,0,0,0,0,0,0,0,0,0,0,0,0,0,0,0,0,0,0,0,0,0,0,0,0,0,0,0,Eukaryota;;Oomycetes;Pythiales;Pythiaceae;Pythium;Pythium iwayamai
0,0,0,0,0,0,0,0,0,0,0,0,0,0,0,0,0,0,0,0,0,0,0,0,0,0,0,0,0,0,1,0,0,0,0,0,0,0,0,0,0,0,0,0.6351512613838585,0,0,0,0,0,0,0,0,0,0,0,0,0,0,0,0,0,0,0,0,0,0,0,0,0,0,0,0,0,0,0,0,0,0,0,0,0,0,0,0,0,0,0,0,0,0,0,0,0,0,0,0,0,0,0,0,0,0,0,0,0,0,0,0,0,0,0,0,0,0,0,0,0,0,0,0,0,0,0,0,0,0,0,0,0,0,0,0,0,0,0,0,0,0,0,0,0,0,0,0,0,0,0,0,0,0,0,0,0,0,0,0,0,0,0,0,0,0,0,0,0,0,0,0,0,0,0,0,0,0,0,0,0,0,0,0,0,0,0,0,0,0,0,0,0,0,0,0,0,0,0,0,0,0,0,0,0,0,0,0,0,0,0,0,0,0,0,Eukaryota;Cnidaria;Hydrozoa;Trachymedusae;;;
0,0,0,0,0,0,0,0,0,0,0,0,0,0,0,0,0,0,0,0,0,0,0,0,0,0,0,0,0,0,1,0,0,0,0,0,0,0,0,0,0,0,0,0,0,0,0,0.46514623021196677,0,0,0,0,0,0,0,0,0,0,0,0,0,0,0,0,0,0,0,0,0,0,0,0,0,0,0,0,0,0,0,0,0,0,0,0,0,0,0,0,0,0,0,0,0,0,0,0,0,0,0,0,0,0,0,0,0,0,0,0,0,0,0,0,0,0,0,0,0,0,0,0,0,0,0,0,0,0,0,0,0,0,0,0,0,0,0,0,0,0,0,0,0,0,0,0,0,0,0,0,0,0,0,0,0,0,0,0,0,0,0,0,0,0,0,0,0,0,0,0,0,0,0,0,0,0,0,0,0,0,0,0,0,0,0,0,0,0,0,0,0,0,0,0,0,0,0,0,0,0,0,0,0,0,0,0,0,0,0,0,0,0,0,Eukaryota;Arthropoda;Malacostraca;Decapoda;Hippolytidae;Spirontocaris;Spirontocaris sica
0,0,0,0,0,0,0,0,0,0,0,0,0,0,0,0,0,0,0,0,0,0,0,0,0,0,0,0,0,0,0,0,0,0,0,0,0,0,0,0,0,0,0,0,0,0,0,0,0,0,0,0,0,0,0,0,0,0,0,0,0,0,0,0,0,0,0,0,0,0,0,0,0,0,0,0,0,0,0,0,0,0,0,0,0,0,0,0,0,0,0,0,0,1,0.3710895849145399,0,0,0,0,0,0,0,0,0,0,0,0,0,0,0,0,0,0,0,0,0,0,0,0,0,0,0,0,0,0,0,0,0,0,0,0,0,0,0,0,0,0,0,0,0,0,0,0,0,0,0,0,0,0,0,0,0,0,0,0,0,0,0,0,0,0,0,0,0,0,0,0,0,0,0,0,0,0,0,0,0,0,0,0,0,0,0,0,0,0,0,0,0,0,0,0,0,0,0,0,0,0,0,0,0,0,0,0,0,0,0,0,0,0,0,0,Eukaryota;Arthropoda;Malacostraca;Decapoda;Porcellanidae;Pachycheles;NA
0,0,0,0,0,0,0,0,0,0,0,0,0,0,0,0,0,0,0,0,0,0,0,0,0,0,0,0,0,0,0,0,0,0,0,0,0,0,0,0,0,0,0,0,0,0,0,0,0,0,0,0,0,0,0,0,0,0,0,0,0,0,0,0,0,0,0,0,0,0,0,0,0,0,0,0,0,0,0,0,0,0,0,0,0,0,0,0,0,0,0,0,0,0,0,0,0,0,0,0,0,0,1,0,0,0,0,0,0,0,0,0,0,0,0,0,0,0,0,0,0,0,0,0,0,0,0,0,0,0,0,0,0,0,0,0,0,0,0,0,0,0,0,0,0,0,0,0,0,0,0,0,0,0,0,0,0,0,0,0,0,0,0,0,0,0,0,0,0,0,0,0,0,0,0,0,0,0,0,0,0,0,0,0,0,0,0,0,0,0,0,0,0,0,0,0,0,0,0,0,0,0,0,0,0,0,0,0,0,0,0,Eukaryota;Bacillariophyta;Bacillariophyceae;Naviculales;Amphipleuraceae;Frustulia;Frustulia sp. B PU-2012
0,0,0,0,0,0,0,0,0,0,0,0,0,0,0,0,0,0,0,0,0,0,0,0,0,0,0,0,0,0,0,0,0,0,0,0,0,0,0,0,0,0,0,0,0,0,0,0,0,0,0,0,0,0,0,0,0,0,0,0,0,0,0,0,0,0,0,0,0,0,0,0,0,0,0,0,0,0,0,0,0,0,0,0,0,0,0,0,0,0,0,0,0,0,0,0,0,0,0,0,0,0,0,0,0,1,0,0,0,0,0,0,0,0,0,0,0,0,0,0,0,0,0,0,0,0,0,0,0,0,0,0,0,0,0,0,0,0,0,0,0,0,0,0,0,0,0,0,0,0,0,0,0,0,0,0,0,0,0,0,0,0,0,0,0,0,0,0,0,0,0,0,0,0,0,0,0,0,0,0,0,0,0,0,0,0,0,0,0,0,0,0,0,0,0,0,0,0,0,0,0,0,0,0,0,0,0,0,0,0,0,Eukaryota;Platyhelminthes;Rhabditophora;Polycladida;Notoplanidae;Notocomplana;
0,0,0,0,0,0,0,0,0,0,0,0,0,0,0,0,0,0,0,0,0,0,0,0,0,0,0,0,0,0,0,0,0,1,0,0,0,0,0,0,0,0,0,0,0,0,0,0,0,0,0,0,0,0,0,0,0,0,0,0,0,0,0,0,0,0,0,0,0,0,0,0,0,0,0,0,0,0,0,0,0,0,0,0,0,0,0,0,0,0,0,0,0,0,0,0,0,0,0,0,0,0,0,0,0,0,0,0,0,0,0,0,0,0,0,0,0,0,0,0.2036503044674505,0,0,0,0,0,0,0,0.053055133025284855,0,0,0,0,0,0.47420518493578956,0,0,0,0,0,0,0,0,0,0,0,0,0,0,0,0,0,0,0,0,0,0,0,0,0,0,0,0,0,0,0,0,0,0,0,0,0,0,0,0,0,0,0,0,0,0,0,0,0,0,0,0,0,0,0,0,0,0,0,0,0,0,0,0,0,0,0,0,0,0,0.48491048593350383,0,0,0,0,0,0,Eukaryota;Arthropoda;Insecta;Coleoptera;Scarabaeidae;Caccobius;Caccobius schreberi
0,0,0,0,0,0,0,0,0,0,0,0,0,0,0,0,0,0,0,0,0,0,0,0,0,0,0,0,0,0,0,0,0,0,0,0,0,0,0,0,0,0,0,0,0,0,0,0,0,0,0,0,0,0,0,0,0,0,0,0,0,0,0,0,0,0,0,0,0,0,0,0,0,0,0,0,0,0,0,0,0,0,0,0,0,0,0,0,0,0,0,0,0,0,0,0,0,0,0,0,0,0,0,0,0,0,0,0,0,0,0,0,0,0,0,0,0,0,0,0,0,0,0,0,0,0,1,0,0,0,0,0,0,0,0,0,0,0,0,0,0,0,0,0,0,0,0,0,0,0,0,0,0,0,0,0,0,0,0,0,0,0,0,0,0,0,0,0,0,0,0,0,0,0,0,0,0,0,0,0,0,0,0,0,0,0,0,0,0,0,0,0,0,0,0,0,0,0,0,0,0,0,0,0,0,0,0,0,0,0,0,Eukaryota;Arthropoda;Malacostraca;Amphipoda;Pontoporeiidae;Bathyporeia;Bathyporeia pelagica
0,0,0,0,0,0,0,0,0,0,0,0,0,0,0,0,0,0,0,0,0,0,0,0,0,0,0,0,0,0,0,0,0,0,0,0,0,0,0,0,0,0,0,0,0,0,0,0,0,0,0,0,0,0,0,0,0,0,0,0,0,0,0,0,0,0,0,0,0,0,0,0,0,0,0,0,0,0,0,0,0,0,0,0,0,0,0,0,0,0,0,0,0,0,0,0,0,0,0,0,0,0,0,0,0,0,0,0,0,0,0,0,0,0,0,0,0,0,0,0,0,0,0,0,0,0,0,0,0,0,0,0,0,0,0,1,0,0,0,0,0,0,0,0,0,0,0,0,0,0,0,0,0,0,0,0,0,0,0,0,0,0,0,0,0,0,0,0,0,0,0,0,0,0,0,0,0,0,0,0,0,0,0,0,0,0,0,0,0,0,0,0,0,0,0,0,0,0,0,0,0,0,0,0,0,0,0,0,0,0,0,Eukaryota;Echinodermata;Asteroidea;Valvatida;Poraniidae;Dermasterias;Dermasterias imbricata
0,0,0,0,0,0,0,0,0,0,0,0,0,0,0,0,0,0,0,0,0,0,0,0,0,0,0,0,0,0,0,0,0,0,0,0,0,0,0,0,0,0,0,0,0,0,0,0,0,0,0,0,0,0,0,0,0,0,0,0,0,0,0,0,0,0,0,0,0,0,0,0,0,0,0,0,0,0,0,0,0,0,0,0,0,0,0,0,0,0,0,0,0,0,0,0,0,0,0,0,0,0,0,0,0,0,0,0,0,0,0,0,0,0,0,0,0,0,0,0,0,0,0,0,0,0,0,0,0,0,0,0,0,0,0,0,0,0,0.4161795480546963,0,0,0,0,0,0,0,0,0,0,0,0,0,0,0,0,0,0,0,0,0,0,0,0,0,0,0,0,0,0,0,0,0,0,0,0,0,0,0,0,0,0,0,0,0,0,0,0,0,0,0,0,0,0,0,0,0,0,0,0,0.9651696190597066,1,0,0,0,0,0,0,0,0,0,0,Eukaryota;Arthropoda;Malacostraca;Euphausiacea;Euphausiidae;Thysanopoda;Thysanopoda orientalis
0,0,0,0,0,0,0,0,0,0,0,0,0,0,0,0,0,0,0,0,0,0,0,0,0,0,0,0,0,0,0,0,0,0,0,0,0,0,0,0,0,0,0,0,0,0,0,0,0,0,0,0,0,0,0,0,0,0,0,0,0,0,0,0,0,0,0,0,0,0,0,0,0,0,0,0,0,0,0,0,0,0,0,0,0,0,0,0,0,0,0,0,0,0,0,0,0,0,0,0,0,0,0,0,0,0,0,0,0,0,0,0,0,0,0,0,0,0,0,0,0,0,0,0,0,0,0,0,0,0,0,0,0,0,0,0,0,0,0,0,0,0,0,0,0,0,0,0,0,0,0,0,0,0,0,0,0,0,0,0,1,0,0,0,0,0,0,0,0,0,0,0,0,0,0,0,0,0,0,0,0,0,0,0,0,0,0,0,0,0,0,0,0,0,0,0,0,0,0,0,0,0,0,0,0,0,0,0,0,0,0,Eukaryota;Rhodophyta;Florideophyceae;Ceramiales;Rhodomelaceae;Herposiphonia;Herposiphonia insidiosa
0,0,0,0,0,0,0,0,0,0,0,0,0,0,0,0,0,0,0,0,0,0,0,0,0,0,0,0,0,0,0,0,0,0,0,0,0,0,0,0,0,0,0,0,0,0,0,0,0,0,0,0,0,0,0,0,0,0,0,0,0,0,0,0,0,0,0,0,0,0,0,0,0,0,0,0,0,0,0,0,0,0,0,0,0,0,0,0,0,0,0,0,0,0,0,0,0,0,0,0,0,0,0,0,0,0,0,0,0,0,0,0,0,0,0,0,0,0,0,0,0,0,0,0,0,0,0,0,0,0,0,0,0,0,0,0,0,0,0,0,0,0,0,0,0,0,0,0,0,0,0,0,0,0,0,0,0,0,0,0,0,0,0,0,0,0,0,0,0,0,0,1,0,0,0,0,0,0,0,0,0,0,0,0,0,0,0,0,0,0,0,0,0,0,0,0,0,0,0,0,0,0,0,0,0,0,0,0,0,0,0,Eukaryota;Cnidaria;Scyphozoa;Semaeostomeae;Pelagiidae;Pelagia;Pelagia sp. Plg_P5
0,0,0,0,0,0,0,0,0,0,0,0,0,0,0,0,0,0,0,0,0,0,0,0,0,0,0,0,0,0,0,0,0,0,0,0,0,0,0,0,0,0,0,0,0,0,0,0,0,0,0,0,0,0,0,0,0,0,0,0,0,0,0,0,0,0,0,0,0,0,0,0,0,0,0,0,0,0,0,0,0,0,0,0,0,0,0,0,0,0,0,0,0,0,0,0,0,0,0,0,0,0,0,0,0,0,0,0,0,0,0,0,0,0,0,0,0,0,0,0,0,0,0,0,0,0,0,0,0,0,0,0,0,0,0,0,0,0,0,0,0,0,0,0,0,0,0,0,0,0,0,0,0,0,0,0,0,0,0,0,0,0,0,0,0,0,0,0,0,0,0,0,0,0,0,0,0,0,0,0,0,0,1,0,0,0,0,0,0,0,0,0,0,0,0,0,0,0,0,0,0,0,0,0,0,0,0,0,0,0,0,Eukaryota;Bacillariophyta;Bacillariophyceae;Naviculales;Naviculaceae;Haslea;Haslea pseudostrearia
0,0,1,0,0,0,0,0,0,0,0,0,0,0,0,0,0,0,0,0,0,0,0,0,0,0,0,0,0,0,0,0,0,0,0,0,0,0,0,0,0,0,0,0,0,0,0,0,0,0,0,0,0,0,0,0,0,0,0,0,0,0,0,0,0,0,0,0,0,0,0,0,0,0,0,0,0,0,0,0,0,0,0,0,0,0,0,0,0,0,0,0,0,0,0,0,0,0,0,0,0,0,0,0,0,0,0,0,0,0,0,0,0,0,0,0,0,0,0,0,0,0,0,0,0,0,0,0,0,0,0,0,0,0,0,0,0,0,0,0,0,0,0,0,0,0,0,0,0,0,0,0,0,0,0,0,0,0,0,0,0,0,0,0,0,0,0,0,0,0,0,0,0,0,0,0,0,0,0,0,0,0,0,0,0,0,0,0,0,0,0,0,0,0,0,0,0,0,0,0,0,0,0,0,0,0,0,0,0,0,0,Eukaryota;Arthropoda;Malacostraca;Euphausiacea;Euphausiidae;Euphausia;Euphausia superba
0,0,0,0,0,0,0,0,0,0,0,1,0,0,0,0,0,0,0,0,0,0,0,0,0,0,0,0,0,0,0,0,0,0,0,0,0,0,0,0,0,0,0,0,0,0,0,0,0,0,0,0,0,0,0,0,0,0,0,0,0,0,0,0,0,0,0,0,0,0,0,0,0,0,0,0,0,0,0,0,0,0,0,0,0,0,0,0,0,0,0,0,0,0,0,0,0,0,0,0,0,0,0,0,0,0,0,0,0,0,0,0,0,0,0,0,0,0,0,0,0,0,0,0,0,0,0,0,0,0,0,0,0,0,0,0,0,0,0,0,0,0,0,0,0,0,0,0,0,0,0,0,0,0,0,0,0,0,0,0,0,0,0,0,0,0,0,0,0,0,0,0,0,0,0,0,0,0,0,0,0,0,0,0,0,0,0,0,0,0,0,0,0,0,0,0,0,0,0,0,0,0,0,0,0,0,0,0,0,0,0,Eukaryota;Mollusca;Gastropoda;Littorinimorpha;Strombidae;Lambis;
0,0,0,0,0,0,0,0,0,0,0,0,0,0,0,0,0,0,0,0,0,0,0,0,0,0,0,0,0,0,0,0,0,0,0,0,0,0,0,0,0,0,0,0,0,0,0.0035112011381671303,0,0,0,0,0.23686197399041448,0.9427590931609936,1,0.00669745851600093,0.0021136083752831283,0.016306404420227995,0.011839036932214539,0,0,0,0,0,0,0,0.031867736698188445,0.02551601776836352,0.025779747683701417,0.0023123727183995977,0,0,0,0,0,0,0,0,0,0,0,0,0,0,0,0,0,0,0.0034546714182725493,0,0,0,0,0,0,0,0,0,0,0,0,0,0,0,5.580182219470144e-4,0,0,0,0,0,0,0,0,0,0.39288404415129713,0.4294808609049004,0,0,0,0,0,0,0.36001566501728127,0,0,0,0,0,0,0,0,0,0,0,0,0,0,0,0,0,0,0,0,0,0,0,0,0,0,0,0,0,0,0,0,0,0.0456184947294526,0,0,0,0,0,0,0.0010274050366588666,0,0,0.022643253727491902,0.024222157851690292,0.0293948960532727,0.01862688286901207,0.01932348036916607,0.002188393409767456,0.0022642726588538867,0,0,0,0.005693568098235637,0.00957041277517493,0.005385824323857553,0,0,0,0.008634750715648856,0.007677581627485677,0.0037477207883692453,0,0,0,0.048096741594203726,0.028873986805496236,0,0.09223763002808212,0.0715212087825608,0.07759968940872576,0,0,0,0.00443407288141238,0,0,0,0,0.0023858566467416156,0,0,0,0,0.0039155705232686916,0.003942855431130461,0,0.003440639488231981,0,Eukaryota;Cnidaria;Hydrozoa;Anthoathecata;Porpitidae;Velella;Velella velella
0,0,0,0,0,0,0,0,0,0,0,0,0,0,0,0,0,0,0,0,0,0,0,0,1,0,0,0,0,0,0,0,0,0,0,0,0,0,0,0,0,0,0,0,0,0,0,0,0,0,0,0,0,0,0,0,0,0,0,0,0,0,0,0,0,0,0,0,0,0,0,0,0,0,0,0,0,0,0,0,0,0,0,0,0,0,0,0,0,0,0,0,0,0,0,0,0,0,0,0,0,0,0,0,0,0,0,0,0,0,0,0,0,0,0,0,0,0,0,0,0,0,0,0,0,0,0,0,0,0,0,0,0,0,0,0.08110439699224746,0,0,0,0,0,0,0,0,0,0,0,0,0,0,0,0,0,0,0,0,0,0,0,0,0,0,0,0,0,0,0,0,0,0,0,0,0,0,0,0,0,0,0,0,0,0,0,0,0,0,0,0,0,0,0,0,0,0,0,0,0,0,0,0,0,0,0,0,0,0,0,0,0,0,0,Eukaryota;Arthropoda;Malacostraca;Decapoda;Hippolytidae;Lebbeus;Lebbeus polaris
0,0,0,0,0,0,0,0,0,0,0,0,0,0,0,0,0,0,0,0,0,0,0,0,0,0,0,0,0,0,0,0,0,0,0,0,0,0,0,0,0,0,0,0,0,0,0,0,0,0,0,0,0,0,0,1,0,0,0,0,0,0,0,0,0,0,0,0,0,0,0,0,0,0,0,0,0,0,0,0,0,0,0,0,0,0,0,0,0,0,0,0,0,0,0,0,0,0,0,0,0,0,0,0,0,0,0,0,0,0,0,0,0,0,0,0,0,0,0,0,0,0,0,0,0,0,0,0,0,0,0,0,0,0,0,0,0,0,0,0,0,0,0,0,0,0,0,0,0,0,0,0,0,0,0,0,0,0,0,0,0,0,0,0,0,0,0,0,0,0,0,0,0,0,0,0,0,0,0,0,0,0,0,0,0,0,0,0,0,0,0,0,0,0,0,0,0,0,0,0,0,0,0,0,0,0,0,0,0,0,0,Eukaryota;Annelida;Polychaeta;Eunicida;Amphinomidae;Chloeia;Chloeia viridis
0,0,0,0,0,0,0,0,0,0,0,0,0,0,0,0,0,0,0,0,0,0,0,0,0,0,0,0,0,0,0,0,0,0,0,0,0,0,0,0,0,0,0,0,0,0,0,0,0,0,0,0,0,0,0,0,0,0,0,0,0,0,0,0,0,0,0,1,0,0,0,0,0,0,0,0,0,0,0,0,0,0,0,0,0,0,0,0,0,0,0,0,0,0,0,0,0,0,0,0,0,0,0,0,0,0,0,0,0,0,0,0,0,0,0,0,0,0,0,0,0,0,0,0,0,0,0,0,0,0,0,0,0,0,0,0,0,0,0,0,0,0,0,0,0,0,0,0,0,0,0,0,0,0,0,0,0,0,0,0,0,0,0,0,0,0,0,0,0,0,0,0,0,0,0,0,0,0,0,0,0,0,0,0,0,0,0,0,0,0,0,0,0,0,0,0,0,0,0,0,0,0,0,0,0,0,0,0,0,0,0,Eukaryota;Chordata;Actinopteri;Argentiniformes;Microstomatidae;Nansenia;Nansenia longicauda
0,0,0,0,0,0,0,0,0,0,0,0,0,0,0,0,0,0,0,0,0,0,0,0,0,0,0,0,0,0,0,0,0,0,0,0,0,0,0,0,0,0,0,0,0,0,0,0,0,0,0,0,0,0,0,0,0,0,0,0,0,0,0,0,0,0,0,0,0,0,0,0,0,1,0,0,0,0,0,0,0,0,0,0,0,0,0,0,0,0,0,0,0,0,0,0,0,0,0,0,0,0,0,0,0,0,0,0,0,0,0,0,0,0,0,0,0,0,0,0,0,0,0,0,0,0,0,0,0,0,0,0,0,0,0,0,0,0,0,0,0,0,0,0,0,0,0,0,0,0,0,0,0,0,0,0,0,0,0,0,0,0,0,0,0,0,0,0,0,0,0,0,0,0,0,0,0,0,0,0,0,0,0,0,0,0,0,0,0,0,0,0,0,0,0,0,0,0,0,0,0,0,0,0,0,0,0,0,0,0,0,Eukaryota;NA;Oomycetes;Pythiales;Pythiaceae;Pythium;Pythium biforme
0,0,0,0,0,0,0,0,0,0,0,0,0,0,0,0,0,0,0,0,0,0,0,0,0,0,0,0,0,0,0,0,0,0,0,0,0,0,0,0,0,0,0,0,0,0,0,0,0,0,0,0,0,0,0,0,0,0,0,0,0,0,0,0,0,0,0,0,0,0,0,0,0,0,0,0,0,0,0,0,0,0,0,0,0,0,0,0,0,0,0,0,0,0,0,0,0,0,0,0,0,0,0,0,0,0,0,0,0,0,0,0,0,0,0,0,0,0,0,0,0,0,0,0,0,0,0,0,0,0,0,0,0,0,0,0,0,0,0,0,0,0,0,0,0,0,0,0,0,0,0,0,0,0,0,0,0,0,0,0,0,0,0,0,0,0,0,0,0,0,0,0,0,0,0,0,0,0,0,0,0,0,0,0,0,0,0,0,0,0,0,0,0,0,0,0,0,0,0,0,0,0,1,0,0,0,0,0,0,0,0,Eukaryota;Annelida;Polychaeta;Phascolosomatiformes;Phascolosomatidae;Phascolosoma;Phascolosoma agassizii
0,0,0,0,0,0,0,0,0,0,0,0,0,0,0,0,0,0,0,0,0,0,0,0,0,0,0,0,0,0,0,0,0,0,0,0,0,0,0,0,0,0,0,0,0,0,0,0,0,0,0,0,0,0,0,0,0,0,0,0,0,0,0,0,0,0,0,0,0,0,0,0,0,0,0,0,0,0,0,0,0,0,0,0,0,0,0,0,0,0,0,0,0.7678518273524062,0,0,0,0,0,0,0,0,0,0,0,0,0,0,0,0,0,0,0,0,0,0,0,0,0,0,0,0,0,0,0,0,0,0,0,0,0,0,0,0,0,0,0,0,0,0,0,0,0,0,0,0,0,0,0,0.04665547974799288,0,0,0,0,0,0,0,0,0,0,0,0,0,0,0,0,0,0,0,0,0,0,0,0,0,0,0,0,0,0,0,0,0,0,0,0,0,0,0,0,0,0,0,1,0,0,0,0,0,0,0,0,0,0,0,0,0,0,0,0,0,0,Eukaryota;Porifera;Homoscleromorpha;Homosclerophorida;Plakinidae;Pseudocorticium;Pseudocorticium jarrei
0,0,0,0,0,0,0,0,0,0,0,0,0,0,0,0,0,0,0,0,0,0,0,0,0,0,0,0,0,0,0,0,0,0,0,0,0,0,0,0,0,0,0,0,0,0,0,0,0,0,0,0,0,0,0,0,0,0,0,0,0,0,0,0,0,0,0,0,0,0,0,0,0,0,0,0,0,0,0,0,0,0,0,0,0,0,0,0,0,0,0,0,0,0,0,0,0,0,0,0,0,0,0,0,0,0,0,0,0,0,0,0,0,0,0,0,0,0,0,0,0,0,0,0,0,0,0,0,0,0,0,0,0,0,0,0,0,0,0,0,0,0,0,1,0,0,0,0,0.12912726962148693,0,0,0,0,0,0,0,0,0,0,0,0,0,0,0,0,0,0,0,0,0,0,0,0,0,0,0,0,0,0,0,0,0,0,0,0,0,0,0,0,0,0,0,0,0,0,0,0,0,0,0,0,0,0,0,0,0,0,0,0,0,0,Eukaryota;Cnidaria;Hydrozoa;Anthoathecata;Zancleidae;Zanclea;Zanclea implexa
0,0,0,0,0,0,0,0,0,0,0,0,0,0,0,0,0,0,0,0,0,0,0,0,0,0,0,0,0,0,0,0,0,0,0,0,0,0,0,0,0,0,0,0,0,0,0,0,0,0,0,0,0,0,0,0,0,0,0,0,0,0,0,0,0,0,0,0,0,0,0,0,0,0,0,0,0,0,0,0,0,0,0,0,0,0,0,0,0,0,0,0,0,0,0,0,0,0,0,0,0,0,0,0,0,0,0,0,0,0,0,0,0,0,0,0,0,0,0,0,0,0,0,0,0,0,0,0,0,0,0,0,0,0,0,0,0,0,0,0,0,0,0,0,0,0,0,0,0,0,0,0,0,0,0,0,0,0,1,0,0,0,0,0,0,0,0,0,0,0,0,0,0,0,0,0,0,0,0,0,0,0,0,0,0,0,0,0,0,0,0,0,0,0,0,0,0,0,0,0,0,0,0,0,0,0,0,0,0,0,0,Eukaryota;Arthropoda;Hexanauplia;Calanoida;Clausocalanidae;Clausocalanus;Clausocalanus minor
0,0,0,0,0,0,0,0,0,0,0,0,0,0,0,0,0,0,0,0,0,0,0,0,0,0,0,0,0,0,0,0,0,0,0,0,0,0,0,0,0,0,0,0,0,0,0,0,0,0,0,0,0,0,0,0,0,0,0,0,0,0,0,0,0,1,0,0,0,0,0,0,0,0,0,0,0,0,0,0,0,0,0,0,0,0,0,0,0,0,0,0,0,0,0,0,0,0,0,0,0,0,0,0,0,0,0,0,0,0,0,0,0,0,0,0,0,0,0,0,0,0,0,0,0,0,0,0,0,0,0,0,0,0,0,0,0,0,0,0,0,0,0,0,0,0,0,0,0,0,0,0,0,0,0,0,0,0,0,0,0,0,0,0,0,0,0,0,0,0,0,0,0,0,0,0,0,0,0,0,0,0,0,0,0,0,0,0,0,0,0,0,0,0,0,0,0,0,0,0,0,0,0,0,0,0,0,0,0,0,0,Eukaryota;Arthropoda;Malacostraca;Decapoda;Oplophoridae;Acanthephyra;
0.050471346871671596,0.026337418690938506,0.05834741345950327,0,0,0,0.06055410179211304,0.052957488180745874,0,0,0,0,0.3445477836673326,0.33686089900648414,0,0,0,0,0,0,0,0,0,0.04593876422036037,0,0,0.014081297547538106,0,0,0,0,1,0.12749617284307213,0.12932485279626604,0.08556022026229303,0.08372808026588231,0,0.026829653794351642,0,0,0.041128053903139054,0,0,0,0,0.04757681415726153,0.04892031755739599,0,0,0,0,0,0,0,0.08293220354164614,0.08746101828431486,0.09610193571975263,0,0,0.009995523101267152,0.29373870058595974,0.3126757730523194,0,0,0,0,0.02926418106649318,0,0.005177807237435847,0,0,0,0,0.02615681464969407,0,0,0,0,0,0,0,0,0,0,0,0,0,0,0,0,0,0,0.09167604408143068,0.016154454206123183,0.013348309345073195,0,0,0,0.050772442263301944,0,0,0,0,0,0.040055277352630876,0,0,0.018213438796221157,0,0,0,0.009215457120826042,0.02083452490079718,0,0,0,0.0018315987532664469,0,0,0.025191956705986587,0.02351099326956513,0,0.040292842086319,0.03950438527473892,0.6547981656594444,0.10160908641436621,0.13969435198187025,0.013797274398777565,0,0.035958294994261,0,0,0,0,0,0.010771271660683765,0.007425510954691842,0,0,0,0.015233461129952549,0.049955654865124606,0.009898904312182955,0,0,0,0.15228939395907068,0.11407234797406365,0.11105849977691343,0.014356829382607338,0,0,0,0,0,0.01756225230776104,0.1942032657066344,0.13578373131324373,0.11252328524995713,0,0.005647450526277086,0,0.0858868153813422,0.29506335882500073,0,0,0,0,0,0,0.03430137106229651,0.03194164754829515,0.10526451438561661,0.09736348458574733,0.15329007456813637,0.3054068740280441,0.2381389776121695,0.004823921324055093,0,0.03167299021379187,0,0,3.539415975880641e-4,0,0,0.014524949656252917,0.004171319605839699,0,0.007542956178435518,0,0,0,0,0.12747311659287994,0.13055097723275236,0.06548993682457868,0.03301281195980585,0,0,0,0,0,0,0,0,0,0,0,0,0.021571743225086048,0.006092102023800089,Eukaryota;Arthropoda;Hexanauplia;Calanoida;Euchaetidae;Paraeuchaeta;Paraeuchaeta antarctica
0,0,0,0,0,0,0,0,0,0,0,0,0,0,0,0,0,0,0,0,0,0,0,0,0,0,0,0,0,0,0,0,0,0,0,0,0,0,0,0,0,0,0,0,0,0,0,0,0,0,0,0,0,0,0,0,0,0,0,0,0,0,0,0,0,0,0,0,0,0,0,0,0,0,0,0,0,0,0,0,0,0,0,0,0,0,0,0,0,0,0,0,0,0,0,0,0,0,0,0,0,0,0,0,0,0,0,0,0,0,0,0,0,0,0,0,0,0,0,0,0,0,0,0,0,0,0,0,0,0,0,0,0,0,0,0,0,0,0,0,0,0,0,0,0,0,0,0,0,0,0,0,0,0,0,0,0,0,0,0,0,0,0,0,0,0,0,0,0,0,0,0,1,0,0,0,0,0,0,0,0,0,0,0,0,0,0,0,0,0,0,0,0,0,0,0,0,0,0,0,0,0,0,0,0,0,0,0,0,0,0,Eukaryota;Arthropoda;Hexanauplia;Calanoida;Heterorhabdidae;Paraheterorhabdus;Paraheterorhabdus robustus
0,0,0,0,0,0,0,0,0.541321383995253,0,0,0,0,0,0,0,0,0,0,0,0,0,0,0,0,0,0,0,0,0,0,0,0,0,0,0,0,0,0,0,0,0,0,0,0,0,0,0,0,0,0,0,0,0,0,0,0,0,0,0,0,0,0,0,0,0,0,0,0,0,0,0,0,0,0,0,0,0,0,0,0,0,0,0,0,0,0,0,0,0,0,0,0,0,0,0,0,1,0,0,0,0,0,0,0,0,0,0,0,0,0,0,0,0,0,0,0,0,0,0,0,0,0,0,0,0,0,0,0,0,0,0,0,0,0,0,0,0,0,0,0,0,0,0,0,0,0,0,0,0,0,0,0,0,0,0,0,0,0,0,0,0,0,0,0,0,0,0,0,0,0,0,0,0,0,0,0,0,0,0,0,0,0,0,0,0,0,0,0,0,0,0,0,0,0,0,0,0,0,0,0,0,0,0,0,0,0,0,0,0,0,Eukaryota;Bacillariophyta;Coscinodiscophyceae;Thalassiosirales;Thalassiosiraceae;Thalassiosira;Thalassiosira pseudonana
0,0,0,0,0,0,0,0,0,0,0,0,0,0,0,0,0,0,0,0,0,0,0,0,0,0,0,0,0,0,0,0,0,0,0,0,0,0,0,0,0,0,0,0,0,0,0,0,0,0,0,0,0,0,0,0,0,0,0,0,0,0,0,0,0,0,0,0,0,0,0,0,0,0,0,0,0,0,0,0,0,0,0,0,0,0,0,0,0,0,0,0,0,0,0,0,0,1,0,0,0,0,0,0,0,0,0,0,0,0,0,0,0,0,0,0,0,0,0,0,0,0,0,0,0,0,0,0,0,0,0,0,0,0,0,0,0,0,0,0,0,0,0,0,0,0,0,0,0,0,0,0,0,0,0,0,0,0,0,0,0,0,0,0,0,0,0,0,0,0,0,0,0,0,0,0,0.07954311416583609,0,0,0,0,0,0.04003834940179322,0,0,0,0,0,0,0,0,0,0,0,0,0,0,0,0,0,0,0,0,0,0,0,0,0,0,0,0,Eukaryota;Bacillariophyta;Coscinodiscophyceae;Melosirales;Hyalodiscaceae;Podosira;Podosira stelligera
0,0,0,0,0,0,0,0,0,0,0,0,0,0,0,0,0,0,0,0,0,0,0,0,0,0,0,0,0,0,0,0,0,0,0,0,0,0,0,0,0,0,0,0,0,0,0,0,0,0,0,0,0,0,0,0,0,0,0,0,0,0,0,0,0,0,0,0,0,0,0,0,0,0,0,0,0,0,0,0,0,0,0,0,0,0,0,0,0,0,0,0,0,0,0.03831960326999279,0,0,0,0,0,0,1,0,0,0,0,0,0,0,0,0,0,0,0,0,0,0,0,0,0,0,0,0,0,0,0,0,0,0,0,0,0,0,0,0,0,0,0,0,0,0,0,0,0,0,0,0,0,0,0,0,0,0,0,0,0,0,0,0,0,0,0,0,0,0,0,0,0,0.4220225442288637,0,0,0,0,0,0,0,0,0,0,0,0,0,0,0,0,0,0,0,0,0,0,0,0,0,0,0,0,0,0,0,0,0,0,0,0,0,0,0,0,0,0,Eukaryota;;Oomycetes;Peronosporales;Peronosporaceae;;
0,0,0,0,0,0,0,0,0,0,0,0,0,0,0,0,0,0,0,0,0,0,0,0,0,0,0,0,0,0,0,0,0,0,0,0,0,0,0,0,0,0,0,0,0,0,0,0,0,0,0,0,0,0,0,0,0,0,0,0,0,0,0,0,0,0,0,0,0,0,0,0,0,0,0,0,0,0,0,0,0,0,0,0,0,0,0,0,0,0,0,0,0,0,0,0,0,0,0,0,0,0,0,0,0,0,0,0,0,0,0,0,0,0,0,0,0,0,0,0,0,0,0,0,0,0,0,0,1,0,0,0,0,0,0,0,0,0,0,0,0,0,0,0,0,0,0,0,0,0,0,0,0,0,0,0,0,0,0,0,0,0,0,0,0,0,0,0,0,0,0,0,0,0,0,0,0,0,0,0,0,0,0,0,0,0,0,0,0,0,0,0,0,0,0,0,0,0,0,0,0,0,0,0,0,0,0,0.5515191152862833,0,0,0,Eukaryota;Arthropoda;Hexanauplia;Calanoida;Spinocalanidae;Mimocalanus;Mimocalanus crassus
0,0,0,0,0,0,0,0,0,0,0,0,0,0,0,0,0,0,0,0,0,0,0,0,0,0,0,0,0,0,0,0,0,0,0,0,0,0,0,0,0,0,0,0,0,0,0,0,0,0,0,0,0,0,0,0,0,0,0,0,0,0,0,0,0,0,0,0,0,0,0,0,0,0,0,0,0,0,0,0,0,0,0,0,0,0,0,0,0,0,0,0,0,0,0,0,0,0,0,0,0,0,0,0,0,0,0,0,0,0,0,0,0,0,0,0,0,0,0,0,0,0,0,0,0,0,0,0,0,0,0,0,0,0,0,0,0,0,0,0,0,0,0,0,0,0,0,0,0,0,0,0,0,0,0,0,0,0,0,0,0,0,0,0,0,0,0,1,0,0,0,0,0,0,0,0,0,0,0,0,0,0,0,0,0,0,0,0,0,0,0,0,0,0,0,0,0,0,0,0,0,0,0,0,0,0,0,0,0,0,0,Eukaryota;Arthropoda;Insecta;Hymenoptera;Crabronidae;Tachysphex;Tachysphex fulvitarsis
0,1,0,0,0,0,0,0,0,0,0,0,0,0,0,0,0,0,0,0,0,0,0,0,0,0,0,0,0,0,0,0,0,0,0,0,0,0,0,0,0,0,0,0,0,0,0,0,0,0,0,0,0,0,0,0,0,0,0,0,0,0,0,0,0,0,0,0,0,0,0,0,0,0,0,0,0,0,0,0,0,0,0,0,0,0,0,0,0,0,0,0,0,0,0,0,0,0,0,0,0,0,0,0,0,0,0,0,0,0,0,0,0,0,0,0,0,0,0,0,0,0,0,0,0,0,0,0,0,0,0,0,0,0,0,0,0,0,0,0,0,0,0,0,0,0,0,0,0,0,0,0,0,0,0,0,0,0,0,0,0,0,0,0,0,0,0,0,0,0,0,0,0,0,0,0,0,0,0,0,0,0,0,0,0,0,0,0,0,0,0,0,0,0,0,0,0,0,0,0,0,0,0,0,0,0,0,0,0,0,0,Eukaryota;Arthropoda;Malacostraca;Decapoda;Mictyridae;Mictyris;Mictyris brevidactylus
0,0,0,0,1,0,0,0,0,0,0,0,0,0,0,0,0,0,0,0,0,0,0,0,0,0,0,0,0,0,0,0,0,0,0,0,0,0,0,0,0,0,0,0,0,0,0,0,0,0,0,0,0,0,0,0,0,0,0,0,0,0,0,0,0,0,0,0,0,0,0.30649747262005056,0,0,0,0,0,0,0,0,0,0,0,0,0,0,0,0,0,0,0,0,0,0,0,0,0,0,0,0,0,0,0,0,0,0,0,0,0,0,0,0,0,0,0,0,0,0,0,0,0,0,0,0,0,0,0,0,0,0,0,0,0,0,0,0,0,0,0,0,0,0,0,0,0,0,0,0,0,0,0,0,0,0,0,0,0,0,0,0,0,0,0,0,0,0,0,0,0,0,0,0,0,0,0,0,0,0,0,0,0,0,0,0,0,0,0,0,0,0,0,0,0,0,0,0,0,0,0,0,0,0,0,0,0,0,0,0,0,0,0,0,Eukaryota;Annelida;Clitellata;Haplotaxida;Hormogastridae;Hormogaster;Hormogaster sp. 10 DFM-2016
0,0,0,0,0,0,0,0,0,0,0,0,0,0,0,0,0,0,0,0,0,0,0,0,0,0,0,0,1,0,0,0,0,0,0,0,0,0,0,0,0,0,0,0,0,0,0,0,0,0,0,0,0,0,0,0,0,0,0,0,0,0,0,0,0,0,0,0,0,0,0,0,0,0,0,0,0,0,0,0,0,0,0,0,0,0,0,0,0,0,0,0,0,0,0,0,0,0,0,0,0,0,0,0,0,0,0,0,0,0,0,0,0,0,0,0,0,0,0,0,0,0,0,0,0,0,0,0,0,0,0,0,0,0,0,0,0,0,0,0,0,0,0,0,0,0,0,0,0,0,0,0,0,0,0,0,0,0,0,0,0,0,0,0,0,0,0,0,0,0,0,0,0,0,0,0,0,0,0,0,0,0,0,0,0,0,0,0,0,0,0,0,0,0,0,0,0,0,0,0,0,0,0,0,0,0,0,0,0,0,0,Eukaryota;Chordata;Actinopteri;Stomiiformes;Phosichthyidae;Vinciguerria;Vinciguerria poweriae
0,0,0,0,0,0,0.07047895137058365,0,0.04827014301867823,0,0,0,0,0,0,0,0,0,0,0,0,0,0,0,0,0,0,0,0,0,0,0,0,0,0,0,0,0.015223186075524375,0,0,0,0,0,0,0,0,0.08327238615431913,0.033909502564565444,0.04479348918870035,0,0,0,0,0,0,0,0.034805351132367386,0,0,0,0,0,0.04507387845350527,0.018822259364842196,0,0,0,0,0,0,0,0,0.04969241405332367,0.08127442165805804,0,0,0,0,0,0,0,0,0,0,0,0,0,0,0,0,0,0,0,0.04729687842194367,0.04195097043346536,0,0.22005099465157105,0.8099694784829933,0.019867834762943078,0.7382583960127989,0.3325193874714748,0.39648255358849405,0.5967717897231865,1,0,0.7528216729697428,0.760007790539146,0,0,0,0,0,0,0,0,0,0,0,0,0,0,0,0,0.014009279910163312,0,0,0,0,0,0,0,0,0,0,0,0.004201749615817008,0,0,0,0,0,0,0,0,0,0,0,0,0,0,0,0,0,0,0,0,0,7.081240273871199e-4,0,0,0,0,0,0,0,0,0,0,0.0033298423086123995,0,0,0,0,0,0,0,0.014629178841935162,0.010264125912599465,0,0,0,0,0.005355386584561705,0,0,0,0,0,0,0,0.009507050603490518,0,0,0,0,0,0,0,0.014006950908135783,0,0,0,0,0,0,0,0,0,0,0,0,Eukaryota;Bacillariophyta;Bacillariophyceae;Bacillariales;Bacillariaceae;Pseudo-nitzschia;Pseudo-nitzschia lineola
0,0,0,0,0,0,0,0,0,0,0,0,0,0,0,0,0,0,0,0,0,0,0,0,0,0,0,0,0,0,0,0,0,0,0,0,0,0,0,0,0,0,0,0,0,0,0,0,0,0,0,0,0,0,0,0,0,0,0,0,0,0,0,0.7236707729622773,0,0,0,0,0,0,0,0,0,0,0,0,0,0,0,0,0,0,0,0,0,0,0,0,0,0,0,0,0,0,0,0,0,0,0,0,0,0,0,0,0,0,0,0,0,0,0,0,0,0,0,0,0,1,0,0,0,0,0,0,0,0,0,0,0,0,0,0,0,0,0,0,0,0,0,0,0,0,0,0,0,0,0,0,0,0,0,0,0,0,0,0,0,0,0,0,0,0,0,0,0,0,0,0,0,0,0,0,0,0,0,0,0,0,0,0,0,0,0,0,0,0,0,0,0,0,0,0,0,0,0,0,0,0,0,0,0,0,0,0,0,0,0,0,0,0,0,Eukaryota;Cnidaria;Hydrozoa;Siphonophorae;Agalmatidae;Marrus;Marrus sp. 1 BO-2009
0,0,0,0,0,0,0,0,0,0,0,0,0,0,0,0,0,0,0,0,0,0,0,0,0,0,0,0,0,0,0,0,0,0,0,0,0,0,0,0,0,0,0,0,0,0,0,0,0,0,0,0,0,0,0,0,0,0,0,0,0,0,0,0,0,0,0,0,0,0,0,0,0,0,0,0,0,0,0,1,0,0,0,0,0,0,0,0,0,0,0,0,0,0,0,0,0,0,0,0,0,0,0,0,0,0,0,0,0,0,0,0,0,0,0,0,0,0,0,0,0,0,0,0,0,0,0,0,0,0,0,0,0,0,0,0,0,0,0,0,0,0,0,0,0,0,0,0,0,0,0,0,0,0,0,0,0,0,0,0,0,0,0,0,0,0,0,0,0,0,0,0,0,0,0,0,0,0,0,0,0,0,0,0,0,0,0,0,0,0,0,0,0,0,0,0,0,0,0,0,0,0,0,0,0,0,0,0,0,0,0,Eukaryota;Nemertea;Enopla;Monostilifera;Emplectonematidae;Emplectonema;Emplectonema sp. 1 TCH-2015
0,0,0,0,0,0,0,0,0,0,0,0,0,0,0,0,0,0,0,0,0,0,0,0,0,0,0,0,0,0,0,0,0,0,0,0,0,0,0,0,0,0,0,0,0,0,0,0,0,0,0,0,0,0,0,0,0,0,0,0,0,0,0,0,0,0,0,0,0,0,0,0,0,0,0,0,0,0,0,1,0,0,0,0,0,0,0,0,0,0,0,0,0,0,0,0,0,0,0,0,0,0,0,0,0,0,0,0,0,0,0,0,0,0,0,0,0,0,0,0,0,0,0,0,0,0,0,0,0,0,0,0,0,0,0,0,0,0,0,0,0,0,0,0,0,0,0,0,0,0,0,0,0,0,0,0,0,0,0,0,0,0,0,0,0,0,0,0,0,0,0,0,0,0,0,0,0,0,0,0,0,0,0,0,0,0,0,0,0,0,0,0,0,0,0,0,0,0,0,0,0,0,0,0,0,0,0,0,0,0,0,Eukaryota;;Phaeophyceae;Ectocarpales;Chordariaceae;Myriotrichia;Myriotrichia claviformis
0,0,0,0,0,0,0,0,0,0,0,0,0,0,0,0,0,0,0,0,0,0,0,0,0,0,0,0,0,0,0,0,0,0,0,0,0,0,0,0,0,0,0,0,0,0,0,0,0,0,0,0,0,0,0,0,0,0,0,0,0,0,0,0,0,0,0,0,0,0,0,0,0,0,0,0,0,0,0,0,0,0,0,0,0,0,0,0,0,0,0,0,0.48044484868529846,0,0,0,0,0,0,0,0,0,0,0,0,0,0,0,0,0,0,0,0,0,0,0,0,0,0,0,0,0,0,0,0,0,0,0,0,0,0,0,0,0,0,0,0,0,0,0,0,0,0,0,0,0,0,0,0,0,0,0,0,0,0,0,0,0,0,0,0,0,0,0,0,0,0,0,0,0,0,0,0,0,0,0,0,0,0,0,0,0,0,0,0,0,0,0,0,0,0,0,0,0,0,0,0,0,0,0,0,0,0,0,0,0,0,0,1,0,0,Eukaryota;Chordata;Actinopteri;Argentiniformes;Bathylagidae;;
0,0,0,0,0,0,0,0,0,0,0,0,0,0,0,0,0,0,0,0,0,0,0,0,0,0,0,0,0,0,0,0,0,0,0,0,0,0,0,0,0,0,0,0,0,0,0,0,0,0,0,0,0,0,0,0,0,0,0,0,0,0,0,0,0,0,0,0,0,0,0,0,0,0,0,0,0,0,0,0,0,0,0,0,0,0,0,0,0,0,0,0,0,1,0,0,0,0,0,0,0,0,0,0,0,0,0,0,0,0,0,0,0,0,0,0,0,0,0,0.9844970847689161,0,0,0,0,0,0,0,0,0,0,0,0,0,0,0,0,0,0,0,0,0,0,0,0,0,0,0,0,0,0,0,0,0,0,0,0,0,0,0,0,0,0,0,0,0,0,0,0,0,0,0,0,0,0,0,0,0,0,0,0,0,0,0,0,0,0,0,0,0,0,0,0,0,0,0,0,0,0,0,0,0,0,0,0,0,0,0,0,0,0,0,Eukaryota;Annelida;Polychaeta;Spionida;Spionidae;Polydora;Polydora aura
0,0,0,0,0,0,0,0,0,0,0,0,0,0,0,0,0,0,0,0,0,0,0,0,0,0,0,0,0,0,0,0,0,0,0,0,0,0,0,0,0,0,0,0,0,0,0,0,0,0,0,0,0,0,0,0,0,0,0,0,0,0,0,0,0,0,0,0,0,0,0,0,0,0,0,0,0,0,0,0,0,0,0,0,0,0,0,0,0,0,0,0,0,0,0,0,0,0,0,0,1,0,0,0,0,0,0,0,0,0,0,0,0,0,0,0,0,0,0,0,0,0,0,0,0,0,0,0,0,0,0,0,0,0,0,0,0,0,0,0,0,0,0,0,0,0,0,0,0,0,0,0,0,0,0,0,0,0,0,0,0,0,0,0,0,0,0,0,0,0,0,0,0,0,0,0,0,0,0,0,0,0,0,0,0,0,0,0,0,0,0,0,0,0,0,0,0,0,0,0,0,0,0,0,0,0,0,0,0,0,0,Eukaryota;Arthropoda;Insecta;Diptera;Ceratopogonidae;Forcipomyia;Forcipomyia sp. CW-2011
0,0,0,0,0,0,0,0,0,0,0,0,0,0,0,0,0,0,0,0,0,0,0,0,0,0,0,0,0,0,0,0,0,0,0,0,0,0,0,0,0,0,0,0,0,0,0,0,0,0,0,0,0,0,0,0,0,0,0,0,0,0,0,0,0,0,0,0,0,0,0,0,0,0,0,0,0,0,0,0,0,0,0,0,0,0,0,0,0,0,0,0,0,0,0,0,0,0,0,0,0,0,0,0,0,1,0,0,0,0,0,0,0,0,0,0,0,0,0,0,0,0,0,0,0,0,0,0,0,0,0,0,0,0,0,0,0,0,0,0,0,0,0,0,0,0,0,0,0,0,0,0,0,0,0,0,0,0,0,0,0,0,0,0,0,0,0,0,0,0,0,0,0,0,0,0,0,0,0,0,0,0,0,0,0,0,0,0,0,0,0,0,0,0,0,0,0,0,0,0,0,0,0,0,0,0,0,0,0,0,0,Eukaryota;NA;Oomycetes;Peronosporales;Peronosporaceae;Phytophthora;Phytophthora boehmeriae
0,0,0,0,0,0,0,0,0,0,0,0,0,0,0,0,0,0,0,0,0,0,0,0,0,0,0,0,0,0,0,0,0,0,0,0,0,0,0,0,0,0,0,0,0,0,0,0,0,0,0,0,0,0,0,0,0,0,0,0,0,0,0,0,0,0,0,0,0,0,0,0,0,0,0,0,0,0,0,0,0,0,0,0,0,0,0,0,0,0,0,0,0,0,0,0,0,0,0,0,0,0,0,0,0,1,0,0,0,0,0,0,0,0,0,0,0,0,0,0,0,0,0,0,0,0,0,0,0,0,0,0,0,0,0,0,0,0,0,0,0,0,0,0,0,0,0,0,0,0,0,0,0,0,0,0,0,0,0,0,0,0,0,0,0,0,0,0,0,0,0,0,0,0,0,0,0,0,0,0,0,0,0,0,0,0,0,0,0,0,0,0,0,0,0,0,0,0,0,0,0,0,0,0,0,0,0,0,0,0,0,Eukaryota;NA;Phaeophyceae;Ectocarpales;Chordariaceae;Ascocyclus;Ascocyclus orbicularis
0,0,0,0,0,0,0,0,0,0,0,0,0,0,0,0,0,0,0,0,0,0,0,0,0,0,0,0,0,0,0,0,0,0,0,0,0,0,0,0,0,0,0,0,0,0,0,0,0,0,0,0,0,0,0,0,0,0,0,0,0,0,0,0,0,0,0,0,0,0,0,0,0,0,0,0,0,0,0,0,0,0,0,0,0,0,0,0,0,0,0,0,0,0,0,0,0,0,0,0,0,0,0,0,0,0,0,0,0,0,0,0,0,0,0,0,0,0,0,0,0,0,0,0,0,0,0,0,0,0,0,0,0,0,0,0,0,0,0,0,0,0,0,0,0,0,0,1,0,0,0,0,0,0,0,0,0,0,0,0,0,0,0,0,0,0,0,0,0,0,0,0,0,0,0,0,0,0,0,0,0,0,0,0,0,0,0,0,0,0,0,0,0,0,0,0,0,0,0,0,0,0,0,0,0,0,0,0,0,0,0,Eukaryota;;Dinophyceae;Prorocentrales;Prorocentraceae;Prorocentrum;Prorocentrum minimum
0,0,0,0,0,0,0,0,0,0,0,0,0,0,0,0,0,0,0,0,0,0,0,0,0,0,0,0,0,0,0,0,0,0,0,0,0,0,0,0,0,0,0,0,0,0,0,0,0,0,0,0,0,0,0,0,0,0,0,0,0,0,0,0,0,0,0,0,0,0,0,0,0,0,0,0,0,0,0,0,0,0,0,0,0,0,0,0,0,0,0,0,0,0,0,0,0,0,0,0,0,0,0,0,0,0,0,0,0,0,0,0,0,0,0,0,0,0,0,0,0,0,0,0,0,0,0,0,0,0,0,0,0,0,0,0,0,0,0,0,0,0,0,0,0,0,0,0,0,0,0,0,0,0,0,0,0,1,0,0,0,0,0,0,0,0,0,0,0,0,0,0,0,0,0,0,0,0,0,0,0,0,0,0,0,0,0,0,0,0,0,0,0,0,0,0,0,0,0,0,0,0,0,0,0,0,0,0,0,0,0,Eukaryota;Nemertea;Palaeonemertea;NA;Carinomidae;Carinoma;Carinoma mutabilis
0,0.003921241302984801,0,0,0,0,0,0.006307652010805936,0,0,0,0,0,0,0,0,0,0,0,0,0,0,0,0,0,0,0,0,0,0,0,0.008037482753122412,0,0,0.0042462054149648735,0,0,0,0,0,0,0,0,0,0,0.013945570616192567,0.03951294233373455,0.026297860635837497,0,0,0,0,0,0,0.11159498701965917,0.0041432415109991525,0,0,0,0,0,0,0.02575718305823906,0.046096547965610885,0,0,0,0,0,0,0,0,0,0,0,0,0,0,0,0,0,0,0,0,0,0,0,0,0,0,0,0,0,0.049700074910032206,0.04015181951787785,0,0.03919379238734011,0.27980400756034784,0,0.19790571876405785,1,0.8528887704509097,0.09130351579784171,0.11941370097275736,0.01700736627435128,0.3466448833519397,0.35338530865876683,0.004745482323139566,0,0.05713000035417587,0,0,0,0,0,0,0,0,0,0,0,0,0,0,0,0.02486261878204862,0.013359891312155186,0.01969075240732326,0,0,0,0,0,0,0.005855078170799187,0.001122575035618514,0,0,0,0,0,0,0,0.007902856265617896,0,0,0,5.934382894441582e-4,0,0,0,0,0,0,0,0,0,0,0,0,0,0,0,0,0,0.006725283950060303,0,0.014774848956162556,0.010397537655817577,0.00744239504365145,0,0,0.02011276719517313,0.014158827937078011,0.0155320213802402,0,0,0,0,0,0,0,0,0,0,0,0,0,0,0,0,0,0,0,0,0,0,0,0,0,0,0,0,0,0,0,0,0,0,0,0,Eukaryota;Arthropoda;Hexanauplia;Calanoida;Calocalanidae;Calocalanus;Calocalanus tenuis
0,0,0,0,0,0,0,0,0,0,0,0,0,0,0,0,0,0,0,0,0,0,0,0,0,0,0,0,0,0,0,0,0,0,0,0,0,0,0,0,0,0,0,0,0,0,0,0,0,0,0,0,0,0,0,0,0,0,0,0,0,0,0,0,0,0,0,0,0,0,0,0,0,0,0,0,0,0,0,0,0,0,0,0,0,0,0,0,0,0,0,0,0,0,0,0,0,0,0,0,0,0,0,0,0,0,0,0,0,0,0,0,0,0,0,0,0,0,0,0,0,0,0,0,0,0,0,0,0,0,0,0,0,0,0,0,0,0,0,0,0,0,0,0,0,0,0,0,0,0,0,0,1,0,0,0,0,0.1255979310146097,0,0,0,0,0,0,0,0,0,0,0,0,0,0,0,0,0,0,0,0,0,0,0,0,0,0,0,0,0,0,0,0,0,0,0,0,0,0,0,0,0,0,0,0,0,0,0,0,0,0,0,0,0,Eukaryota;Annelida;Polychaeta;Spionida;Spionidae;Laonice;Laonice weddellia
0,0,0,0,0,0,0,0,0,0,0,0,0,0,0,0,0,0,0,0,0,0,0,0,0,0,0,0,0,0,0,0,0,0,0,0,0,0,0,0,0,0,0,0,0,0,0,0,0,0,0,0,0,0,0,0,0,0,0,0,0,0,0,0,0,0,0,0,0,0,0,0,0,0,0,0,0,0,0,0,0,0,0,0,0,0,0,0,0,0,0,0,0,0,0,0,0,0,0,0,0,0,0,0,0,0,0,0,0,0,0,0,0,0,0,0,0,0,0,0,0,0,0,0,0,0,0,0,0,0,0,0,0,0,0,0,0,0,0,0,0,0,0,0,0,0,0,0,0,0,0,0,0,0,0,0,0,0,0,0,1,0,0,0,0,0,0,0,0,0,0,0,0,0,0,0,0,0,0,0,0,0,0,0,0,0,0,0,0,0,0,0,0,0,0,0,0,0,0,0,0,0,0,0,0,0,0,0,0,0,0,Eukaryota;Mucoromycota;Mucoromycetes;Mucorales;Lichtheimiaceae;Lichtheimia;Lichtheimia ramosa
0,0,0,0,0,0,0,0,0,0,0,0,0,0,0,0,0,0,0,0,0,0,0,0,0,0,0,0,0,0,0,0,0,0,0,0,0,0,0,0,0,0,0,0,0,0,0,0,0,0,0,0,0,0,0,0,0,0,0,0,0,0,0,0,0,0,0,0,0,0,0,0,0,0,0,0,0,0,0,0,0,0,0,0,0,0,0,0,0,0,0,0,0,0,0,0,0,0,0,0,0,0,0,0,0,0,0,0,0,0,0,0,0,0,0,0,0,0,0,0,0,0,0,0,0,0,0,0,0,0,0,0,0,0,0,0,0,0,0,0,0,0,0,0,0,0,0,0,0,0,0,0,0,0,0,0,0,0,0,0,0,0,0,0,0,0,0,0,0,0,0,0,0,0,0,0,1,0,0,0,0,0,0,0,0,0,0,0,0,0,0,0,0,0,0,0,0,0,0,0,0,0,0,0,0,0,0,0,0,0,0,Eukaryota;Echinodermata;Holothuroidea;Dendrochirotida;Cucumariidae;;
0,0.1001990860142075,0.0702306877501443,0,0,0,0,0,0,0,0,0,0,0,0,0,0,0,0,0,0,0,0,0,0,0.9920261613582404,1,0,0,0,0,0,0,0,0,0,0,0,0,0,0,0,0,0,0,0,0,0,0,0,0,0,0,0,0,0,0,0,0,0,0,0,0,0,0,0,0,0,0,0,0,0,0,0,0,0,0,0,0,0,0,0,0,0,0,0,0,0,0,0,0,0,0,0,0,0,0,0,0,0,0,0,0,0,0,0,0,0,0,0,0,0,0,0,0,0,0,0,0,0,0,0,0,0,0,0,0,0,0,0,0,0,0,0,0,0,0,0,0,0,0,0,0,0,0,0,0,0,0,0,0,0,0,0,0,0,0,0,0,0,0,0,0,0,0,0,0,0,0,0,0,0,0,0,0,0,0,0,0,0,0,0,0,0,0,0,0,0,0,0,0,0,0,0,0,0,0,0,0,0,0,0,0,0,0,0,0,0,0,0,0,Eukaryota;Cnidaria;Scyphozoa;Coronatae;Periphyllidae;Periphylla;Periphylla periphylla
0,0,0,0,0,0,0,0,0,0,0,0,0,0,0,0,0,0,0,0,0,0,0,0,0,0,0,0,0,0,0,0,0,0,0,0,0,0,0,0,0,0,0,1,0,0,0,0,0,0,0,0,0,0,0,0,0,0,0,0,0,0,0,0,0,0,0,0,0,0,0,0,0,0,0,0,0,0,0,0,0,0,0,0,0,0,0,0,0,0,0,0,0,0,0,0,0,0,0,0,0,0,0,0,0,0,0,0,0,0,0,0,0,0,0,0,0,0,0,0,0,0,0,0,0,0,0,0,0,0,0,0,0,0,0,0,0,0,0,0,0,0,0,0,0,0,0,0,0,0,0,0,0,0,0,0,0,0,0,0,0,0,0,0,0,0,0,0,0,0,0,0,0,0,0,0,0,0,0,0,0,0,0,0,0,0,0,0,0,0,0,0,0,0,0,0,0,0,0,0,0,0,0,0,0,0,0,0,0,0,0,Eukaryota;Cnidaria;Hydrozoa;Siphonophorae;Agalmatidae;Marrus;Marrus sp. 2 BO-2009
0,0,0,0,0,0,0,0,0,0,0,0,0,0,0,0,0,0,0,0,0,0,0,0,0,0,0,0,0,0,0,0,0,0,0,0,0,0,0,0,0,0,0,0,0,0,0,0,0,0,0,0,0,0,0,0,0,0,0,0,0,0,0,0,0,0,0,0,0,0,0,0,0,1,0,0,0,0,0,0,0,0,0,0,0,0,0,0,0,0,0,0,0,0,0,0,0,0,0,0,0,0,0,0.07802367328621115,0,0,0,0,0,0,0,0,0,0,0,0,0,0,0,0,0,0,0,0,0,0,0,0,0,0,0,0,0,0,0,0,0,0,0,0,0,0,0,0,0,0,0,0,0,0,0,0,0,0,0,0,0,0,0,0,0,0,0,0,0,0,0,0,0,0,0,0,0,0,0,0,0,0,0,0,0,0,0,0,0,0,0,0,0,0,0,0,0,0,0,0,0,0,0,0,0,0,0,0,0,0,0,0,0,0,0,Eukaryota;Bacillariophyta;Bacillariophyceae;Naviculales;Naviculaceae;Haslea;Haslea ostrearia
0,0,0,0,0,0,0,0,0,0,0,0,0,0,0,0,0,0,0,0,0,0,0,0,0,0,0,0,0,0,0,0,0,0,0,0,0,0,0,0,0,0,0,0,0,0,0,0,0,0,0,0,0,0,0,0,0,0,0,0,0,0,0,0,0,0,0,0,0,0,0,0,0,0,0,0,0,0,0,0,0,0,0,0,0,0,0,0,0,0,0,0,0,0,0,0,0,0,0,0,0,0,0,0,0,0,0,0,0,0,0,0,0,0,0,0,0,0,0,0,0,0,0,0,0,0,0,0,0,0,0,0,0,0,0,0,0,0,0,0,0,0,0,0,0,0,0,0,0,0,0,0,0,0,0,0,0,0,0,0,0,0,0,0,0,0,0,0,0,0,0,0,0,0,0,0,0,0,0,0,0,0,0,0,0,0,0,0,0,0,0,0,0,0,0,0,0,0,0,0,0,0,0,0,1,0,0,0,0,0,0,Eukaryota;Rhodophyta;Florideophyceae;Nemaliales;Galaxauraceae;Dichotomaria;Dichotomaria marginata
0,0,0,0,0,0,0,0,0,0,0,0,0,1,0,0,0,0,0,0,0,0,0,0,0,0,0,0,0,0,0,0,0,0,0,0,0,0,0,0,0,0,0,0,0,0,0,0,0,0,0,0,0,0,0,0,0,0,0,0,0,0,0,0,0,0,0,0,0,0,0,0,0,0,0,0,0,0,0,0,0,0,0,0,0,0,0,0,0,0,0,0,0,0,0,0,0,0,0,0,0,0,0,0,0,0,0,0,0,0,0,0,0,0,0,0,0,0,0,0,0,0,0,0,0,0,0,0,0,0,0,0,0,0,0,0,0,0,0,0,0,0,0,0,0,0,0,0,0,0,0,0,0,0,0,0,0,0,0,0,0,0,0,0,0,0,0,0,0,0,0,0,0,0,0,0,0,0,0,0,0,0,0,0,0,0,0,0,0,0,0,0,0,0,0,0,0,0,0,0,0,0,0,0,0,0,0,0,0,0,0,Eukaryota;Arthropoda;Ostracoda;Halocyprida;Halocyprididae;Orthoconchoecia;Orthoconchoecia secernenda
0,0,0,0,0,0,0,0,0,0,0,0,0,0,0,0,0,0,0,0,0,0,0,0,0,0,0,0,0,0,0,0,0,0,0,0,0,0,0,0,0,0,0,0,0,0,0,0,0,0,0,0,0,0,0,0,0,0,0,0,0,0,0,0,0,0,0,0,0,0,0,0,0,0,0,0,0,0,0,0,0,0,0,0,0,0,0,0,0,0,0,0,0,0,0,0,0,0,0,0,0,0,0,0,0,0,0,0,0,0,0,0,0,0,0,0,0,0,0,0,0,0,0,0,0,0,0,0.11967492274871087,0,0,0,0,0,0,0,0,0,0,0,0,1,0,0,0,0,0,0,0,0,0,0,0,0,0,0,0,0,0,0,0,0,0,0,0,0,0,0,0,0,0,0,0,0,0,0,0,0,0,0,0,0,0,0,0,0,0,0,0,0,0,0,0,0,0,0,0,0,0,0,0,0,0,0,0,0,0,0,0,0,0,0,Eukaryota;Arthropoda;Malacostraca;Decapoda;Alpheidae;Alpheus;Alpheus bellimanus
0,0,0,0,0,0,0,0,0,0,0,0,0,0,0,0,0,0,0.02535172659805715,0.05678153171854134,0,0,0,0,0,0.0021561403275877525,9.659872162312316e-4,0,0,0,0,0,0,0,0,0,0,0.002208640431928204,0.001389377802778131,0,0,0,0.008377027521049733,0,0,0,0,8.199542682142138e-4,0,0,0,0,0,0.017544848103486655,0,0,0.0012624247213597298,0,0.0025697692210178056,0,0,0,0,0.001024053116587762,0,0,0.0012045264170410554,0,0,0.002502987995488284,0,0.06436323176520409,0,0,0,0,0,0.004954096086947806,0,8.797773762467869e-4,0,0,0,0,0,0,0.001016381760034239,0,0,8.771799279714859e-4,0,0.0058667910602511145,0,7.979092310811949e-4,0,9.410014913755608e-4,0,0.0024257393676414374,0.002161878413687784,0,0,0,0,0,0.0018318807024997321,0.0013539962594746897,0.001734938110579126,0.018072475559088107,0.012288993938680114,0,0.006808695635278963,0,0,0,0,0,0.0034257830785337333,0,0,0,0,0,0,0,0.011388074877892196,0,0.0011668874661542304,3.837174415133711e-4,0,0,0,0,0,0,0,8.3128167188453275e-05,0,0,5.853600225324432e-4,0,0,0,0,0,3.1369936214571535e-4,0,0,7.324148464570593e-4,3.761580679557188e-4,0,0,0,0,0,0,0,0,0,0,0.002069772325044245,0.0017433863942006578,0,0.03314192498906303,0.048959273836914355,0.03993185499185328,0,0,0.0018755950640145507,4.5291260307592e-4,0,0,0,0.013539791194136806,0,0.014459239027764954,0,0,0,0,0.12786033941301264,0,0,2.5494682594319614e-4,0,0.07743127582781328,0.06755741650844835,0.05022029864644388,0,0,0,0,0,0,0.014396841508955911,0.005757358915399689,0.00393107498488093,0.7423457468121414,0.8174298119946022,0.7092322832186174,0,0,0,0,3.305026945297894e-4,0,0,0,0,0,1,0.9628937019014416,Eukaryota;Cnidaria;Hydrozoa;;;;
0,0,0,0,0,0,0,0,0,0,0,0,0,0,0,0,0,0,0,0,0,0,0,0,0,0,0,0,0,0,0,0,0,0,0,0,0,0,0,0,0,0,0,0,0,0,0,0,0,0,0,0,0,0,0,0,0,0,0,0,0,0,0,0,0,0,0,0,0,0,0,0,0,0,0,0,0,0,0,0,0,0,0,0,0,0,0,0,0,0,0,0,0,0,0,0,0,0,0,0,0,0,0,0,0,0,0,0,0,0,0,0,0,0,0,0,0,0,0,0,0,0,0,0,0,0,0,0,0,0,0,0,0,0,0,0,0,0,0,0,0,0,0,0,0,0,0,0,0,0,0,0,0,0,0,1,0,0,0,0,0,0,0,0,0,0,0,0,0,0,0,0,0,0,0,0,0,0,0,0,0,0,0,0,0,0,0,0,0,0,0,0,0,0,0,0,0,0,0,0,0,0,0,0,0,0.9421262080727686,0,0,0,0,0,Eukaryota;;Phaeophyceae;Ectocarpales;Scytosiphonaceae;Scytosiphon;
0,0,0,0,0,0,0,0,0,0,0,0,0,0,0,0,0,0,0,0,0,0,0,0,0,0,0,0,0,0,0,0,0,0,0,0,0,0,0,0,0,0,0,0,0,0,0,0,0,0,0,0,0,0,0,0,0,0,0,0,0,0,0,0,0,0,0,0,0,0,0,0,0,0,0,0,0,0,0,0,0,0,0,0,0,0,0,0,0,0,0,0,0,0,0,0,0,0,0,0,0,0,0,0,0,0,0,0,0,0,0,0,0,0,0,0,0,0,0,0,0,0,0,0,0,0,0,0,0,0,0,0,0,0,0,0,0,0,0,0,0,0,0,0,0,0,0,0,0,0,0,0,0,0,0,0,0,0,0,0,0,1,0,0,0,0,0,0,0,0,0,0,0,0,0,0,0,0,0,0,0,0,0,0,0,0,0,0,0,0,0,0,0,0,0,0,0,0,0,0,0,0,0,0,0,0,0,0,0,0,0,Eukaryota;Arthropoda;Insecta;Diptera;Ceratopogonidae;Culicoides;Culicoides imicola
0,0,0,0,0,0,0,0,0,0,0,0,0,0,0,0,0,0,0,0,0,0,0,0,0,0,0,0,0,0,0,0,0,0,0,0,0,0,0,0,0,0,0,0,0,0,0,0,0,0,0,0,0,0,0,0,0,0,0,0,0,0,0.9948030773933868,0,0,0,0,0,0,0,0,0,0,0,0,0,0,0,0,0,0,0,0,0,0,0,0,0,0,0,0,0,0,0,0,0,0,0,0,0,0,0,0,0,0,0,0,0,0,0,0,0,0,0,0,0,0,0,0,0.09679338351331478,0,0,0,0,0,0,0,0,0,0,0,0,0,0,0,0,0,0,0,0,0,0,0,0,0,0,0,0,0,0,0,0,0,0,0,0,0,0,0,0,0,0,0,0,0,0,0,0.22825578676642508,0,0,0,1,0,0,0,0,0,0,0,0,0,0,0,0,0,0.07275742246816282,0,0,0.5100796795402099,0,0,0,0,0,0,0,0,0,0,0,0,0,0,0,0,0,0,0,0,0,0,Eukaryota;;Oomycetes;Peronosporales;Peronosporaceae;Phytophthora;
1,0,0,0,0,0,0,0,0,0,0,0,0,0,0,0,0,0,0,0,0,0,0,0,0,0,0,0,0,0,0,0,0,0,0,0,0,0,0,0,0,0,0,0,0,0,0,0,0,0,0,0,0,0,0,0,0,0,0,0,0,0,0,0,0,0,0,0,0,0,0,0,0,0,0,0,0,0,0,0,0,0,0,0,0,0,0,0,0,0,0,0,0,0,0,0,0,0,0,0,0,0,0,0,0,0,0,0,0,0,0,0,0,0,0,0,0,0,0,0,0,0,0,0,0,0,0,0,0,0,0,0,0,0,0,0,0,0,0,0,0,0,0,0,0,0,0,0,0,0,0,0,0,0,0,0,0,0,0,0,0,0,0,0,0,0,0,0,0,0,0,0,0,0,0,0,0,0,0,0,0,0,0,0,0,0,0,0,0,0,0,0,0,0,0,0,0,0,0,0,0,0,0,0,0,0,0,0,0,0,0,Eukaryota;Annelida;Polychaeta;Terebellida;;;
0,0,0,0,0,0,1,0.36543626359229664,0,0,0,0,0,0,0,0,0,0,0,0,0,0,0,0,0,0,0,0,0,0,0,0,0,0,0,0,0,0,0,0,0,0,0,0,0,0,0,0,0,0,0,0,0,0,0,0,0,0,0,0,0,0,0,0,0,0,0,0,0,0,0,0,0,0,0,0,0,0,0,0,0,0,0,0,0,0,0,0,0,0,0,0,0,0,0,0,0,0,0,0,0,0,0,0,0,0,0,0,0,0,0,0,0,0,0,0,0,0,0,0,0,0,0,0,0,0,0,0,0,0,0,0,0,0,0,0,0,0,0,0,0,0,0,0,0,0,0,0,0,0,0,0,0,0,0,0,0,0,0,0,0,0,0,0,0,0,0,0,0,0,0,0,0,0,0,0,0,0,0,0,0,0,0,0,0,0,0,0,0,0,0,0,0,0,0,0,0,0,0,0,0,0,0,0,0,0,0,0,0,0,0,Eukaryota;Arthropoda;Malacostraca;Decapoda;Pasiphaeidae;Pasiphaea;Pasiphaea pacifica
0,0,0,0,0,0,0,0,0,0,0,0,0,0,0,0,0,0,0,0,0,0,0,0,0,0,0,0,0,0,0,0,0,0,0,0,0,0,0,0,0,0,0,0,0,0,0,0,0,0,0,0,0,0,0.8529270456857188,0.4037547398673384,0,0,0,0,0,0,0,0,0,0,0,0,0,0,0,0,0,0,0,0,0,0,0,0,0,0,0,0,0,0,0,0,0,0,0,0,0,0,0,0,0,0,0,1,0,0,0,0,0,0,0,0,0,0,0,0,0,0,0,0,0,0,0,0,0,0,0,0,0,0,0,0,0,0,0,0,0,0,0,0,0,0,0,0,0,0,0,0,0,0,0,0,0,0,0,0,0,0,0,0,0,0,0,0,0,0,0,0,0,0,0,0,0,0,0,0,0,0,0,0,0.19043753394526625,0,0,0,0,0,0,0,0,0,0,0,0,0,0,0,0,0,0,0,0,0,0,0,0,0,0,0,0,0,0,0,0,0,0,Eukaryota;Rhodophyta;Florideophyceae;Rhodymeniales;Lomentariaceae;Lomentaria;Lomentaria articulata
0,0,0,0,0,0,0,0,0,0,0,0,0,0,0,0,0,0,0,0,0,0,0,0,0,0,0,0,0,0,0,0,0,0,0,0,0,0,0,0,0,0,0,0,0,0,0,0,0,0,0,0,0,0,0,0,0,0,0,0,0,0,0,0,0,1,0,0,0,0,0,0,0,0,0,0,0,0,0,0,0,0,0,0,0,0,0,0,0,0,0,0,0,0,0,0,0,0,0,0,0,0,0,0,0,0,0,0,0,0,0,0,0,0,0,0,0,0,0,0,0,0,0,0,0,0,0,0,0,0,0,0,0,0,0,0,0,0,0,0,0,0,0,0,0,0,0,0,0,0,0,0,0,0,0,0,0,0,0,0,0,0,0,0,0,0,0,0,0,0,0,0,0,0,0,0,0,0,0,0,0,0,0,0,0,0,0,0,0,0,0,0,0,0,0,0,0,0,0,0,0,0,0,0,0,0,0,0,0,0,0,Eukaryota;Arthropoda;Hexanauplia;Calanoida;Spinocalanidae;Foxtonia;Foxtonia barbatula
0,0,0,0,0,0,0,0,0,0,0,0,0,0,0,0,0,0,0,0,0,0,0,0,0,0,0,0,0,0,0,0,0,0,0,0,0,0,0,0,0,0,0,0,0,0,0,0,0,0,0,0,0,0,0,0,0,0,0,0,0,0,0,0,0,1,0,0,0,0,0,0,0,0,0,0,0,0,0,0,0,0,0,0,0,0,0,0,0,0,0,0,0,0,0,0,0,0,0,0,0,0,0,0,0,0,0,0,0,0,0,0,0,0,0,0,0,0,0,0,0,0,0,0,0,0,0,0,0,0,0,0,0,0,0,0,0,0,0,0,0,0,0,0,0,0,0,0,0,0,0,0,0,0,0,0,0,0,0,0,0,0,0,0,0,0,0,0,0,0,0,0,0,0,0,0,0,0,0,0,0,0,0,0,0,0,0,0,0,0,0,0,0,0,0,0,0,0,0,0,0,0,0,0,0,0,0,0,0,0,0,Eukaryota;Arthropoda;Hexanauplia;Calanoida;Aetideidae;Pseudochirella;Pseudochirella obtusa
0,0,0,0,0,0,0,0,0,0,0,0,0,0,0,0,0,0,0,0,0,0,0,0,0,0,0,0,0,0,0,0,0,0,0,0,0,0,0,0,0,0,0,0,0,0,0,0,0,0,0,0,0,0,0,0,0,0,0,0,0,0,0,0,0,0,0,0,0,0,0,0,0,0,0,0,0,0,0,0,0,0,0,0,0,0,0,0,0,0,0,0,0,0,0,0,0,0,0,0,0,1,0,0,0,0,0,0,0,0,0,0,0,0,0,0,0,0,0,0,0,0,0,0,0,0,0,0,0,0,0,0,0,0,0,0,0,0,0,0,0,0,0,0,0,0,0,0,0,0,0,0,0,0,0,0,0,0,0,0,0,0,0,0,0,0,0,0,0,0,0,0,0,0,0,0,0,0,0,0,0,0,0,0,0,0,0,0,0,0,0,0,0,0,0,0,0,0,0,0,0,0,0,0,0,0,0,0,0,0,0,Eukaryota;Annelida;Polychaeta;Phyllodocida;Phyllodocidae;Phyllodoce;Phyllodoce sp. CMC01
0,0,0,0,0,0,0,0,0,0,0,0,0,0,0,0,0,0,0,0,0,0,0,0,0,0,0,0,0,0,0,0,0,0,0,0,0,0,0,0,0,0,0,0,0,0,0,0,0,0,0,0,0,0,0,0,0,0,0,0,0,0,0.4441458195343149,0,0,0,0,0,0,0,0,0,0,0,0,0,0,0,0,0,0,0,0,0,0,0,0,0,0,0,0,0,0,0,0,0,0,0,0,0,0,0,0,0,0,0,0,0,0,0,0,0,0,0,0,0,0,0,0,0,0,0,0,0,0,0,0,0,0,0,0,0,0,0,0,0,0,0,0,0,0.4645669291338583,0,0,0,0,0,0,0,0,0,0,0,1,0,0,0,0,0,0,0,0,0,0,0,0,0,0,0,0.049217049602384835,0,0,0,0,0,0,0,0,0,0,0,0,0,0,0,0,0,0,0,0,0,0,0,0,0,0,0,0,0,0,0,0,0,0,0,0,0,0,0,0,0,0,Eukaryota;Ascomycota;Sordariomycetes;;;;
0,0,0,0,0,0,0,0,0,0,0,0,0.3467245059396353,0,0,0,0,0,0,0,0,0,0,0,0,0,0,0,0,0,0,0,0,0,0,0,0,0,0,0,0,0,0,0,0,0.2755942056480026,0,0,0,0,0,0,0,0,0,0,0,0,0,0,0,0,0,0,0,0,0,1,0,0,0,0,0,0,0,0,0,0,0,0,0,0,0,0.1275557811044067,0,0,0,0.07896851975887474,0.07683640045487346,0.4007581692575639,0.4091243967370414,0,0,0,0,0,0,0,0,0.05290294183005418,0,0.019612476869650446,0.03547913445975448,0.06970739074208578,0,0.03338485780245918,0,0,0,0,0,0,0,0,0,0.08126589869038343,0,0,0,0,0,0,0,0,0,0,0,0,0,0.21734878738590016,0,0,0,0,0,7.234068227673737e-4,0,0,0,0,0,0,0,0,0,0,0,0,0,0.12856208200058156,0.07794765424447786,0.11211704437592122,0,0,0,0.020219901673082054,0,0,0,0,0,0,0,0,0,0,0,0.004080500965999286,0.004335522917083612,0,0,0,0,0,0.034316927873327165,0,0.4218783045611756,0.5086458314250645,0,0,0,0,0,0,0,0,0,0,0,0,0,0,0,0,0,0,0,0,0,0,0,0,0,0,0,0,0,0,0,0,0,Eukaryota;Mollusca;Cephalopoda;;;;
0,0,0,0,0,0,0,0,0,0,0,0,0,0,0,0,0,0,0,0,0,0,0,0,0,0,0,0,0,0,0,0,0,0,0,0,0,0,0,0,0,0,0,0,0,0,0,0,0,0,0,0,0,0,0,0,0,0,0,0,0,0,0,0,0,0,0,0,0,0,0,0,0,0,0,0,0,0,0,0,0,0,0,0,0,0,0,0,0,0,0,0,0,0,0,0,0,0,0,0,0,0,0,0,0,0,0,0,0,0,0,0,0,0,0,0,0,0,0,0,0,0,0,0,0,0,0,0,0,0,0,0,0,0,0,0,0,0,0,0,0,0,0,0,0,0,0,0,0,0,0,0,0,0,0,0,1,0,0,0,0,0,0,0,0,0,0,0,0,0,0,0,0,0,0,0,0,0,0,0,0,0,0,0,0,0,0,0,0,0,0,0,0,0,0,0,0,0,0,0,0,0,0,0,0,0,0,0,0,0,0,Eukaryota;Mollusca;Gastropoda;Littorinimorpha;Naticidae;Neverita;Neverita didyma
0,0,0,0,0,0,0,0,0,0,0,0,0,0,0,0,0,0,0,0,0,0,0,0,0,0,0,0,0,0,0,0,0,0,0,0,0,0,0,0,0,0,0,0,0,0,0,0,0,0,0,0,0,0,0,0,0,0,0,0,0,0,0,0,0,0,0,0,0,0,0,0,0,0,0,0,0,0,0,0,0,0,0,0,0,0,0,0,0,0,0,0,0,0,0,0,0,0,0,0,0,0,0,0,0,0,0,0,0,0,0,0,0,0,0,0,0,0,0,0,0,0,0,0,0,0,0,0,0,0,0,0,0,0,0,0,0,0,0,0,0,0,0,0,0,0,0,0,0,0,0,0,0,0,0,0,0,0,0,0,0,0,1,0,0,0,0,0,0,0,0,0,0,0,0,0,0,0,0,0,0,0,0,0,0,0,0,0,0,0,0,0,0,0,0,0,0,0,0,0,0,0,0,0,0,0,0,0,0,0,0,Eukaryota;Cnidaria;Hydrozoa;Siphonophorae;Forskaliidae;Forskalia;Forskalia edwardsi
0,0,0,0,0,0,0,1,0,0,0,0,0,0,0,0,0,0,0,0,0,0,0,0,0,0,0,0,0,0,0,0,0,0,0,0,0,0,0,0,0,0,0,0,0,0,0,0,0,0,0,0,0,0,0,0,0,0,0,0,0,0,0,0,0,0,0,0,0,0,0,0,0,0,0,0,0,0,0,0,0,0,0,0,0,0,0,0,0,0,0,0,0,0,0,0,0,0,0,0,0,0,0,0,0,0,0,0,0,0,0,0,0,0,0,0,0,0,0,0,0,0,0,0,0,0,0,0,0,0,0,0,0,0,0,0,0,0,0,0,0,0,0,0,0,0,0,0,0,0,0,0,0,0,0,0,0,0,0,0,0,0,0,0,0,0,0,0,0,0,0,0,0,0,0,0,0,0,0,0,0,0,0,0,0,0,0,0.38925341674032776,0,0,0,0,0,0,0,0,0,0,0,0,0,0,0,0,0,0,0,0,0,0,0,Eukaryota;;Oomycetes;Peronosporales;Peronosporaceae;Phytophthora;Phytophthora himalsilva
0,0,0,0,0,0,0,0,0,0,0,0,0,0,0,0,0,0,0,0,0,0,0,0,0,0,0,0,1,0.6809026616332967,0,0,0,0,0,0,0,0,0,0,0,0,0,0,0,0,0,0,0,0,0,0,0,0,0,0,0,0,0,0,0,0,0,0,0,0,0,0,0,0,0,0,0,0,0,0,0,0,0,0,0,0,0,0,0,0,0,0,0,0,0,0,0,0,0,0,0,0,0,0,0,0,0,0,0,0,0,0,0,0,0,0,0,0,0,0,0,0,0,0,0,0,0,0,0,0,0,0,0,0,0,0,0,0,0,0,0,0,0,0,0,0,0,0,0,0,0,0,0,0,0,0,0,0,0,0,0,0,0,0,0,0,0,0,0,0,0,0,0,0,0,0,0,0,0,0,0,0,0,0,0,0,0,0,0,0,0,0,0,0,0,0,0,0,0,0,0,0,0,0,0,0,0,0,0,0,0,0,0,0,0,Eukaryota;Annelida;Polychaeta;Phyllodocida;Phyllodocidae;Phyllodoce;Phyllodoce medipapillata
0,0,0,0,0,0,0,0,0,0,0,0,0,0,0,0,0,0,0,0,0,0,0,0,0,0,0,0,0,0,1,0,0,0,0,0,0,0,0,0,0,0,0,0,0,0,0,0,0,0,0,0,0,0,0,0,0,0,0,0,0,0,0,0,0,0,0,0,0,0,0,0,0,0,0,0,0,0,0,0,0,0,0,0,0,0,0,0,0,0,0,0,0,0,0,0,0,0,0,0,0,0,0,0,0,0,0,0,0,0,0,0,0,0,0,0,0,0,0,0,0,0,0,0,0,0,0,0,0,0,0,0,0,0,0,0,0,0,0,0,0,0,0,0,0,0,0,0,0,0,0,0,0,0,0,0,0,0,0,0,0,0,0,0,0,0,0,0,0,0,0,0,0,0,0,0,0,0,0,0,0,0,0,0,0,0,0,0,0,0,0,0,0,0,0,0,0,0,0,0,0,0,0,0,0,0,0,0,0,0,0,Eukaryota;Chordata;Mammalia;Carnivora;Canidae;Canis;Canis lupus
0,0,0,0,0,0,0,0,0,0,0,0,0,0,0,0,0,0,0,0,0,0,0,0,0,0,0,0,0,0,0,0,0,0,0,0,0,0,0,0,0,0,0,0,0,0,0,0,0,0,0,0,0,0,0,0,0,0,0,0,0,0,0,0,0,0,0,0,1,0,0,0,0,0,0,0,0,0,0,0,0,0,0,0,0,0,0,0,0,0,0,0,0,0,0,0,0,0,0,0,0,0,0.19235700282286117,0,0,0,0,0,0,0,0,0,0,0,0,0,0,0,0,0,0,0,0,0,0,0,0,0,0,0,0,0,0,0,0,0,0,0,0,0,0,0,0,0,0,0,0,0,0,0,0,0,0,0,0,0,0,0,0,0,0,0,0,0,0,0,0,0,0,0,0,0,0,0,0,0,0,0,0,0,0,0,0,0,0,0,0,0,0,0,0,0,0,0,0,0,0,0,0,0,0,0,0,0,0,0,0,0,0,0,0,Eukaryota;;Phaeophyceae;Ectocarpales;Chordariaceae;;Chordariaceae sp. 10 AP-2014
0,0,0,0,0,0,0,0,0,0,0,0,0,0,0,0,0,0,0,0,0,0,0,0,0,0,0,0,0,0,0,0,0,0,0,0,0,0,0,0,0,0,0,0,0,0,0,0,0,0,0,0,0,0,0,0,0,0,0,0,0,0,0,0,0,0,0,0,0,0,0,0,0,0,0,0,0,0,0,1,0,0,0,0,0,0,0,0,0,0,0,0,0,0,0,0,0,0,0,0,0,0,0,0,0,0,0,0,0,0,0,0,0,0,0,0,0,0,0,0,0,0,0,0,0,0,0,0,0,0,0,0,0,0,0,0,0,0,0,0,0,0,0,0,0,0,0,0,0,0,0,0,0,0,0,0,0,0,0,0,0,0,0,0,0,0,0,0,0,0,0,0,0,0,0,0,0,0,0,0,0,0,0,0,0,0,0,0,0,0,0,0,0,0,0,0,0,0,0,0,0,0,0,0,0,0,0,0,0,0,0,Eukaryota;Chordata;Actinopteri;Perciformes;Cottidae;Scorpaenichthys;Scorpaenichthys marmoratus
0,0,0,0,0,0,0,0,0,0,0,0,0,0,0,0,0,0,0,0,0,0,0,0,0,0,0,0,0,0,0,0,0,0,0,0,0,0,0,0,0,0,0,0,0,0,0,0,0,0,0,0,0,0,0,0,0,0,0,0,0,0,0,0,0,0,0,0,0,0,0,0,0,0,0,0,0,0,0,0,0,0,0,0,0,0,0,0,0,0,0,0,1,0,0,0,0,0,0,0,0,0,0,0,0,0,0.7846877534468776,0,0,0,0,0,0,0,0,0,0,0,0,0,0,0,0,0,0,0,0,0,0,0,0,0,0,0,0,0,0,0,0,0,0,0,0,0,0,0,0,0,0,0,0,0,0,0,0,0,0,0,0,0,0,0,0,0,0,0,0,0,0,0,0,0,0,0,0,0,0,0,0,0,0,0,0,0,0,0,0,0,0,0,0,0,0,0,0,0,0,0,0,0,0,0,0,0,0,0,0,0,0,0,0,Eukaryota;NA;Phaeophyceae;Laminariales;Agaraceae;Neoagarum;Neoagarum fimbriatum
0,0,0,0,0,0,0,0,0,0,0,0,0,0,0,0,0,0,0,0,0,0,0,0,0,0,0,0,0,0,0,0,0,0,0,0,0,0,0,0,0,0,0,0,0,0,0,0,0,0,0,0,0,0,0,0,0,0,0,0,0,0,0,0,0,0,0,0,0,0,0,0,0,0,0,0,0,0,0,0,0,0,0,0,0,0,0,0,0,0,0,0,1,0,0,0,0,0,0,0,0,0,0,0,0,0,0,0,0,0,0,0,0,0,0,0,0,0,0,0,0,0,0,0,0,0,0,0,0,0,0,0,0,0,0,0,0,0,0,0,0,0,0,0,0,0,0,0,0,0,0,0,0,0,0,0,0,0,0,0,0,0,0,0,0,0,0,0,0,0,0,0,0,0,0,0,0,0,0,0,0,0,0,0,0,0,0,0,0,0,0,0,0,0,0,0,0,0,0,0,0,0,0,0,0,0,0,0,0,0,0,Eukaryota;Arthropoda;Malacostraca;Amphipoda;Hyperiidae;Hyperoche;Hyperoche medusarum
0,0,0,0,0,0,0,0,0,0,0,0,0,0,0,0,0,0,0,0,0,0,0,0,0,0,0,0,0,0,0,0,0,0,0,0,0,0,0,0,0,0,0,0,0,0,0,0,0,0,0,0,0,0,0,0,0,0,0,0,0,0,0,0,0,0,0,0,0,0,0,0,0,0,0,0,0,0,0,0,0,0,0,0,0,0,0,0,0,0,0,0,0,0,0,0,0,0,0,0,0,0,1,0,0,0,0,0,0,0,0,0,0,0,0,0,0,0,0,0,0,0,0,0,0,0,0,0,0,0,0,0,0,0,0,0,0,0,0,0,0,0,0,0,0,0,0,0,0,0,0,0,0,0,0,0,0,0,0,0,0,0,0,0,0,0,0,0,0,0,0,0,0,0,0,0,0,0,0,0,0,0,0,0,0,0,0,0,0,0,0,0,0,0,0,0,0,0,0,0,0,0,0,0,0,0,0,0,0,0,0,Eukaryota;Arthropoda;Insecta;Hymenoptera;Tenthredinidae;Nematus;Nematus flavescens
0,0,0,0,0,0,0.040719579090629954,0,0.022310660055427107,0,0,0,0,0,0,0,0,0,0,0,0,0,0,0.0366668694981948,0.019591578426205424,0,0,0,0,0.05644643903233285,0,0.026967128873939976,0,0,0,0,0.024919757036495314,0.014072439327975956,0.00786886691844475,0,0,0,0,0,0,0,0.022451824397641554,0.03831205290153506,0.02957676607666843,0,0,0,0,0,0,0,0,0,0,0,0,0,1,0.5219835748175571,0.0806306833704094,0,0,0,0.013579075369230191,0,0,0,0.0793441368663116,0.05553142296410801,0,0,0,0,0,0,0,0,0,0,0,0,0,0,0,0,0,0,0.1352392370872609,0.02067456745363705,0.0058693788614868625,0,0.018492451137794057,0.03434598606771271,0,0.16969081171135408,0.06251871388618135,0.020057857363705012,0.08995832143566668,0.050463975840532554,0.031125066406590705,0.05367936242253182,0,0,0,0,0,0,0,0.015188167050491544,0,0.06752675444973143,0.0316463597783564,0,0,0.0825840609553047,0.0933690893437108,0,0,0.012950294411849318,0,0.29659853151463295,0.1422322833691192,0.19330778154600373,0,0,0.09373400117674927,0,0,0,0,0.010239984772695054,0,0,0,0,0.12348355990188199,0.131011366670481,0.10384161600770334,0.18693380963034295,0.1519048340632984,0.08594943316377293,0.07780267209584787,0.08536785196547174,0.11937878037652205,0,0,0,0,0,0,0,0,0.022583552254528107,0.008808904810303577,0,0.012959397428438402,0,0,0,0,0.04653923490935178,0,0.034523457728244965,0.03155087162298436,0.029706293835144976,0,0,0.013803089889220833,0.05344344965799677,0.027917457521427044,0,0.034423032305620826,0,0.04317035149432679,0.07667455796982553,0.029984734932926593,0.03549442997685186,0.0256810493318492,0.024436413390748115,0.013563063025709494,0.007618490881256036,0,0.06178400811908666,0.027694526284895073,0,0.06528522996225933,0.025941052075072697,0.029354456217933995,0,0.04347643097643098,0,0,0,0.02158023577179992,0.44400698293165614,0.467711394705496,0.3516660384847109,0.3249456436927669,0.22111014548731814,0.10725839945788795,0.08265218032131051,0,0.03781795500238927,0,0,0,Eukaryota;NA;Haptophyceae;Isochrysidales;Noelaerhabdaceae;Emiliania;Emiliania huxleyi
0,0,0,0,0,0,0,0,0,0,0,0,0,0,0,0,0,0,0,0,0,0,0,0,0,0,0,0,0,0,0,0,0,0,0,0,0,0,0,0,0,0,0,0,0,0,0,0,0,0,0,0,0,0,0,0,0,0,0,0,0,0,0,0,0,0,0,0,0,0,0,0,0,0,0,0,0,0,0,0,0,0,0,0,0,0,0,0,0,0,0,0,0,0,0,0,0,0,0,0,0,0,0,0,0,0,0,0,0,0,0,0,0,0,0,0,0,0,0,0,0,0,0,0,0,0,0,0,0,0,0,0,0,0,0,0,0,0,0,0,0,0,0,0,0,0,0,0,0,0,0,0,0,0,0,0,0,0,0,0,1,0,0,0,0,0,0,0,0,0,0,0,0,0,0,0,0,0,0,0,0,0,0,0,0,0,0,0,0,0,0,0,0,0,0,0,0,0,0,0,0,0,0,0,0,0,0,0,0,0,0,Eukaryota;NA;Phaeophyceae;Ectocarpales;Ectocarpaceae;NA;Ectocarpaceae sp. 1 AP-2014
0,0,0,0,0,0,0,0,0,0,0,0,0,0,0,0,0,0,0,0,0,0,0,0,0,0,0,0,0,0,0,0,0,0,0,0,0,0,0,0,0,0,0,0,0,0,0,0,0,0,0,0,0,0,0,0,0,0,0,0,0,0,0,0,0,0,0,0,0,0,0,0,0,0,0,0,0,0,0,0,0,0,0,0,0,0,0,0,0,0,0,0,0,0,0,0,0,1,0,0,0,0,0,0,0,0,0,0,0,0,0,0,0,0,0,0,0,0,0,0,0,0,0,0,0,0,0,0,0,0,0,0,0,0,0,0,0,0,0,0,0,0,0,0,0,0,0,0,0,0,0,0,0,0,0,0,0,0,0,0,0,0,0,0,0,0,0,0,0.2987378506480125,0,0,0,0,0,0,0,0,0,0,0,0,0,0,0,0,0,0,0,0,0,0,0,0,0,0,0,0,0,0,0,0,0,0,0,0,0,0,0,0,0,0,Eukaryota;Bacillariophyta;Coscinodiscophyceae;Melosirales;Melosiraceae;Melosira;Melosira ambiqua
0,0,0,0,0,0,0,0,0,0,0,0,0,0,0,0,0,0,0,0,0,0,0,0,0,0,0,0,0,0,0,0,0,0,0,0,0,0,0,0,0,0,0,0,0,0,0,0,0,0,0,0,0,0,0,0,0,0,0,0,0,0,0,0,0,0,0,0,0,0,0,0,0,0,0,0,0,0,0,0,0,0,0,0,0,0,0,0,0,0,0,0,0,0,0,0,0,0,0,0,0,0,0,0,0,0,0,0,0,0,0,0,0,0,0,0,0,0,0,0,0,0,0,0,0,0,0,0,0,0,0,0,0,0,0,0,0,0,0,0,0,0,0,0,0,0,0,0,0,0,0,0,0,0,0,0,0,0,0,0,0,0,0,0,0,0,0,0,1,0,0,0,0,0,0,0,0,0,0,0,0,0,0,0,0,0,0,0,0,0,0,0,0,0,0,0,0,0,0,0,0,0,0,0,0,0,0,0,0,0,0,Eukaryota;Annelida;Polychaeta;Phyllodocida;Pholoidae;Pholoe;
0,0,0,0,0,0,0,0,0,0,0,0,0,0,0,0,0,0,0,0,0,0,0,0,0,0,0,0,0,0,0,0,0,0,0,0,0,0,0,0,0,0,0,0,0,0,0,0,0,0,0,0,0,0,0,0,0,0,0,0,0,0,0,0,0,0,0,0,0,0,0,0,0,0,0,0,0,0,0,0,0,0,0,0,0,0,0,0,0,0,0,0,0,0,0,0,0,0,0,0,0,0,0,0,0,0,0,0,0,0,0,0,0,0,0,0,0,0,0,0,0,0,0,0,0,0,0,0,0,0,0,0,0,0,0,0,0,0,0,0,0,0,0,0,0,0,0,0,0,0,0,0,0,0,0,0,0,0,0,0,0,0,0,0,0,0,0,0,0,0,0,0,0,0,0,0,0,0,0,0,0,0,1,0,0,0,0,0,0,0,0,0,0,0,0,0,0,0,0,0,0,0,0,0,0,0,0,0,0,0,0,Bacteria;Proteobacteria;Alphaproteobacteria;Pelagibacterales;Pelagibacteraceae;Candidatus Pelagibacter;Candidatus Pelagibacter ubique
0,0,0,0,0,0,0,0,0,0,0,0,0,0,0,0,0,0,0,0,0,0,0,0,0,0,0,0,0,0,0,0,0,0,0,0,0,0,0,0,0,0,0,0,0,0,0,0,0,0,0,0,0,0,0,0,0,0,0,0,0,0,0,0,0,0,0,0,0,0,0,0,0,0,0,0,0,0,0,0,0,0,0,0,0,0,0,0,0,0,0,0,0,0,0,0,0,0,0,0,0,0,0,0,0,0,0,0,0,0,0,0,0,0,0,0,0,0,0,0,0,0,0,0,0,0,0,0,0,0,0,0,0,0,0,0,0,0,0,0,0,0,0,0,0,0,0,0,0,0,0,0,0,0,0,0,0,0,0,0,0,0,0,0,0,0,0,0,0,0,0,0,0,0,0,0,0.7774214934177592,1,0,0,0,0,0,0,0,0,0,0,0,0,0,0,0,0,0,0,0,0,0,0,0,0,0,0,0,0,0,0,0,0,0,Eukaryota;Arthropoda;Insecta;Ephemeroptera;Ephemerellidae;Ephemerella;Ephemerella tibialis
0,0,0,0,0,0,0,0,0,0,0,0,0,0,0,0,0,0,0,0,0,0,0,0,0,0,0,0,0,0,0,0,0,0,0,0,0,0,0,0,0,0,0,0,0,0,0,0,0,0,0,0,0,0,0,0,0,0,0,0,0,0,0,0,0,0,0,0,0,0,0,0,0,0,0,0,0,0,0,0,0,0,0,0,0,0,0,0,0,0,0,0,0,0,0,0,0,0,0,0,0,0,0,0,0,0,0,0,0,0,0,0,0,0,0,0,0,0,0,0,0,0,0,0,0,0,0,0,0,0,0,0,0,0,0,0,0,0,0,0,0,0,0,0,0,0,0,0,0,0,0,0,0,0,0,0,0,0,0,0,0,0,0,0,0,0,0,0,0,0,0,0,0,0,0,0,0,0,0,0,0,0,0,0,0,1,0,0,0,0,0,0,0,0,0,0,0,0,0,0,0,0,0,0,0,0,0,0,0,0,0,Eukaryota;Mollusca;Gastropoda;Ellobiida;Ellobiidae;Carychium;Carychium tridentatum
0,0,0,0,0,0,0,0,1,0,0,0,0,0,0,0,0,0,0,0,0,0,0,0,0,0,0,0,0,0,0,0,0,0,0,0,0,0,0,0,0,0,0,0,0,0,0,0,0,0,0,0,0,0,0,0,0,0,0,0,0,0,0,0,0,0,0,0,0,0,0,0,0,0,0,0,0,0,0,0,0,0,0,0,0,0,0,0,0,0,0,0,0,0,0,0,0,0,0,0,0,0,0,0,0,0,0,0,0,0,0,0,0,0,0,0,0,0,0,0,0,0,0,0,0,0,0,0,0,0,0,0,0,0,0,0,0,0,0,0,0,0,0,0,0,0,0,0,0,0,0,0,0,0,0,0,0,0,0,0,0,0,0,0,0,0,0,0,0,0,0,0,0,0,0,0,0,0,0,0,0,0,0,0,0,0,0,0,0,0,0,0,0,0,0,0,0,0,0,0,0,0,0,0,0,0,0,0,0,0,0,Eukaryota;;Phaeophyceae;Laminariales;Laminariaceae;Laminaria;Laminaria ephemera
0,0,0,0,0,0,0,0,0,0,0,0,0,0,0,0,0,0,0,0,0,0,0,0,0,0,0,0,0,0,0,0,0,0,0,0,0,0,0,0,0,0,0,0,0,0,0,0,0,0,0,0,0,1,0,0,0,0,0,0,0,0,0,0,0,0,0,0,0,0,0,0,0,0,0,0,0,0,0,0,0,0,0,0,0,0,0,0,0,0,0,0,0,0,0,0,0,0,0,0,0,0,0,0,0,0,0,0,0,0,0,0,0,0,0,0,0,0,0,0,0,0,0,0,0,0,0,0,0,0,0,0,0,0,0,0,0,0,0,0,0,0,0,0,0,0,0,0,0,0,0,0,0,0,0,0,0,0,0,0,0,0,0,0,0,0,0,0,0,0,0,0,0,0,0,0,0,0,0,0,0,0,0,0,0,0,0,0,0,0,0,0,0,0,0,0,0,0,0,0,0,0,0,0,0,0,0,0,0,0,0,Eukaryota;Echinodermata;Ophiuroidea;Ophiurida;Ophiuridae;Ophiocten;
0,0,0,0,0,0,0,0,0,0,0,0,0,0,0,0,0,0,0,0,0,0,0,0,0,0,0,0,0,0,0,0,0,0,0,0,0,0,0,0,0,0,0,0,0,0,0.202162019061066,0,0,0,0,0,0,0,0,0,0,0,0,0,0,0,0,0,0,0,0,0,0,0,0,0,0,0,1,0,0,0,0,0,0,0,0,0,0,0,0,0,0,0,0,0,0,0,0,0,0,0,0,0,0,0,0,0,0,0,0,0,0,0,0,0,0,0,0,0,0.017809499228817357,0,0,0,0,0,0,0,0,0,0,0,0,0,0,0,0,0,0,0,0,0,0,0,0,0,0,0,0,0,0,0,0,0,0,0,0,0,0,0,0,0,0,0,0,0,0,0,0,0,0,0,0,0,0,0,0,0,0,0,0,0,0,0,0,0,0,0,0,0,0,0,0,0,0,0,0,0,0,0,0,0,0,0,0,0,0,0,0,0,0,0,0,0,0,Eukaryota;Ctenophora;Tentaculata;Platyctenida;Coeloplanidae;Coeloplana;Coeloplana loyai
0,0,0,0,0,0,0,0,0,0,0,0,0,0,0,0,0,0,0,0,0,0,0,0,0,0,0,0,0,0,0,0,0,0,0,0,0,0,0,0,0,0,0,0,0,0,0,0,0,0,0,0,0,0,0,0,0,0,0,0,0,0,0,0,0,0,0,0,0,0,0,0,0,0,0,0,0,0,0,0,0,0,0,0,0,0,0,0,0,0,0,0,0,0,0,0,0,0,0,0,0,0,0.2049707652770831,1,0,0,0,0,0,0,0,0,0,0,0,0,0,0,0,0,0,0,0,0,0,0,0,0,0,0,0,0,0,0,0,0,0,0,0,0,0,0,0,0,0,0,0,0,0,0,0,0,0,0,0,0,0,0,0,0,0,0,0,0,0,0,0,0,0,0,0,0,0,0,0,0,0.6029549052238503,0,0,0,0,0,0,0,0,0,0,0,0,0,0,0,0,0,0,0,0,0,0,0,0,0,0,0,0,0,0,0,0,0,0,Eukaryota;NA;Dictyochophyceae;Florenciellales;NA;Florenciella;Florenciella parvula
